relative_path,class_folder_raw,normalized_class,group_id,sha256
1. Tea algal leaf spot/tea_algal_leaf_spot_00001.jpg,1. Tea algal leaf spot,tea_algal_leaf_spot,G00044,2e689ef2757f55461ce6701f9c26e8c993aa6e97548082aab0513db5aa4bc832
1. Tea algal leaf spot/tea_algal_leaf_spot_00002.jpg,1. Tea algal leaf spot,tea_algal_leaf_spot,G00045,2ca979af9953ccf0872646a2cc6e66fa5409b4089295616da473f31f0351b3e4
1. Tea algal leaf spot/tea_algal_leaf_spot_00003.jpg,1. Tea algal leaf spot,tea_algal_leaf_spot,G00046,d3ce85f9ddba3b11fe1848badf3698de2949081a681dbd5f2393c2650319d937
1. Tea algal leaf spot/tea_algal_leaf_spot_00005.jpg,1. Tea algal leaf spot,tea_algal_leaf_spot,G00048,72bf05944d04d4601e118126a7b37ab7d7610e0d2957ad19cc7af3a20022a131
1. Tea algal leaf spot/tea_algal_leaf_spot_00006.jpg,1. Tea algal leaf spot,tea_algal_leaf_spot,G00049,aeae41c29b6224388d7fb3cdae5ace81ebc523f22370cc7503675a0dfafba5e6
1. Tea algal leaf spot/tea_algal_leaf_spot_00007.jpg,1. Tea algal leaf spot,tea_algal_leaf_spot,G00050,ecbc8f0f48ad8f37cd74f1146716761095d5534f48064b7ecdebd2e96918b10e
1. Tea algal leaf spot/tea_algal_leaf_spot_00008.jpg,1. Tea algal leaf spot,tea_algal_leaf_spot,G00051,42f72e312a10eecb24150fa85378e748a978b75b78c3499682e5199e93fe252b
1. Tea algal leaf spot/tea_algal_leaf_spot_00009.jpg,1. Tea algal leaf spot,tea_algal_leaf_spot,G00052,8ecb3d2268a554a025377c79f36cf19af605b7acb721ed2ff6fde67e7437f9fc
1. Tea algal leaf spot/tea_algal_leaf_spot_00010.jpg,1. Tea algal leaf spot,tea_algal_leaf_spot,G00053,17d5705b9fe34bf00ba491ce6f1c807060fd7e0b2dd855db993201522a8d20a2
1. Tea algal leaf spot/tea_algal_leaf_spot_00011.jpg,1. Tea algal leaf spot,tea_algal_leaf_spot,G00054,04da42a3be8a0eb81f5f81aae342a812134d5dafec1154f42e4518b5329ef0b4
1. Tea algal leaf spot/tea_algal_leaf_spot_00012.jpg,1. Tea algal leaf spot,tea_algal_leaf_spot,G00055,5ed1719f0fce149c090c1f5cff3eb28323a70cdfeb1d846e6a6a990746c76619
1. Tea algal leaf spot/tea_algal_leaf_spot_00015.jpg,1. Tea algal leaf spot,tea_algal_leaf_spot,G00058,3d7f28062d6eed0b12391aba156dfe92dd43fe376b803e9fb3f28edb132699ad
1. Tea algal leaf spot/tea_algal_leaf_spot_00018.jpg,1. Tea algal leaf spot,tea_algal_leaf_spot,G00061,bbb609f340fb2ab5675bf638a2c2fefd3ed6581960e4ad479fbdc26a7fcf4164
1. Tea algal leaf spot/tea_algal_leaf_spot_00019.jpg,1. Tea algal leaf spot,tea_algal_leaf_spot,G00062,ccfb3cf1713bab1a61162936c4892bf1def8189cbf68efeaab950200ac89b966
1. Tea algal leaf spot/tea_algal_leaf_spot_00020.jpg,1. Tea algal leaf spot,tea_algal_leaf_spot,G00063,790b648f5cce42be57d10531e295c52f4cbc4a6c6c32b98abd000c028e345a19
1. Tea algal leaf spot/tea_algal_leaf_spot_00021.jpg,1. Tea algal leaf spot,tea_algal_leaf_spot,G00064,bba4fa256a54be5d827ccf76628c38aad956dc4249fb9a78e9ffdf24d58d8e2c
1. Tea algal leaf spot/tea_algal_leaf_spot_00022.jpg,1. Tea algal leaf spot,tea_algal_leaf_spot,G00065,1bb07013ca92ed2afa6217d4bd46e5f7a6c2cdb486e9de56ac6c12001fcc2007
1. Tea algal leaf spot/tea_algal_leaf_spot_00025.jpg,1. Tea algal leaf spot,tea_algal_leaf_spot,G00068,ae0c8c5f64082a266d504aee6cdecfcf5e863ccf9a9057560e97fa09f08c6d7c
1. Tea algal leaf spot/tea_algal_leaf_spot_00026.jpg,1. Tea algal leaf spot,tea_algal_leaf_spot,G00069,fad32900d30e76cb22b2b0accf1b07a85b52c9a0d32d1d771218dd3d6e6174d7
1. Tea algal leaf spot/tea_algal_leaf_spot_00027.jpg,1. Tea algal leaf spot,tea_algal_leaf_spot,G00070,18c255f772653280c2666610027e89bc8cfd3ad6e29a635c990bd7c9e41ee398
1. Tea algal leaf spot/tea_algal_leaf_spot_00028.jpg,1. Tea algal leaf spot,tea_algal_leaf_spot,G00071,7a68f4711d61e1d6a0950c81a6f5ad28e8c46d9fef1fef610f43f77da6deb93f
1. Tea algal leaf spot/tea_algal_leaf_spot_00030.jpg,1. Tea algal leaf spot,tea_algal_leaf_spot,G00073,92d9d513d0eaed32cf71ccceae81c5b12bb00e22a610952b32ca8d144243b96c
1. Tea algal leaf spot/tea_algal_leaf_spot_00031.jpg,1. Tea algal leaf spot,tea_algal_leaf_spot,G00074,92e99db5baf7448f5a71520a8453c911aa33e54c389fe9c8c355f835fe5eded1
1. Tea algal leaf spot/tea_algal_leaf_spot_00032.jpg,1. Tea algal leaf spot,tea_algal_leaf_spot,G00075,989a2fb0dcd978deff396aa4ec411e96a92d59be7be7b4e9a30c7d441119f744
1. Tea algal leaf spot/tea_algal_leaf_spot_00033.jpg,1. Tea algal leaf spot,tea_algal_leaf_spot,G00076,9b21843a7ff7cd05c97baf8903cbd151f04a39eeb775bc6892b79bd84f5be5ed
1. Tea algal leaf spot/tea_algal_leaf_spot_00035.jpg,1. Tea algal leaf spot,tea_algal_leaf_spot,G00078,9b816fbb749cff7186a3dd5966ad6a9b6f7f7181d6918c470feacd7bc7018316
1. Tea algal leaf spot/tea_algal_leaf_spot_00038.jpg,1. Tea algal leaf spot,tea_algal_leaf_spot,G00081,ffc2671f0f360cace18170a13fbadef903fd1795d6a4165a0ea0cdfcde525602
1. Tea algal leaf spot/tea_algal_leaf_spot_00039.jpg,1. Tea algal leaf spot,tea_algal_leaf_spot,G00082,7628cc99438c0d0d3075c65f99bbc7ede259fa63f29d2a72ae6a735407fd7f4f
1. Tea algal leaf spot/tea_algal_leaf_spot_00040.jpg,1. Tea algal leaf spot,tea_algal_leaf_spot,G00083,b469c9cf2903930723a5aa2b16fb68366c2058b8c662a9db5ac0bf16c8509be7
1. Tea algal leaf spot/tea_algal_leaf_spot_00042.jpg,1. Tea algal leaf spot,tea_algal_leaf_spot,G00085,e341023290cbaef0a4e681a8dc64162886c5a921b826bc5af4dd23e9baeb3463
1. Tea algal leaf spot/tea_algal_leaf_spot_00043.jpg,1. Tea algal leaf spot,tea_algal_leaf_spot,G00086,d302da8fa91af090ddba8262fb034fbfe0d32f425fe5bea5715002a4f66a5d7b
1. Tea algal leaf spot/tea_algal_leaf_spot_00044.jpg,1. Tea algal leaf spot,tea_algal_leaf_spot,G00087,b6c47db228220a28fbf5c2febb130abd3e48b2318be84fe9286067529f45e6d0
1. Tea algal leaf spot/tea_algal_leaf_spot_00046.jpg,1. Tea algal leaf spot,tea_algal_leaf_spot,G00089,eb381f0f3cac53230d7e39f744e31e851c9f57c4441116364d4487c2fd054ca0
1. Tea algal leaf spot/tea_algal_leaf_spot_00047.jpg,1. Tea algal leaf spot,tea_algal_leaf_spot,G00090,659310ad7e412b58e48366c0eafcf1e37ce1dfc4117b8718ba0082b06815d9ff
1. Tea algal leaf spot/tea_algal_leaf_spot_00049.jpg,1. Tea algal leaf spot,tea_algal_leaf_spot,G00092,94799e9900e5c4fce2650bab1b01dd9b0187244102a7559ed784e41887fbe1df
1. Tea algal leaf spot/tea_algal_leaf_spot_00051.jpg,1. Tea algal leaf spot,tea_algal_leaf_spot,G00094,ec13527ba92c82ac9450fda23e36ea513a7c3b0f5634716668401bc5ef120dfe
1. Tea algal leaf spot/tea_algal_leaf_spot_00054.jpg,1. Tea algal leaf spot,tea_algal_leaf_spot,G00097,4ac6b7b034e65f8d2a79f0a00e80547b726c50b4ddbfd43e3adddfa738fa555c
1. Tea algal leaf spot/tea_algal_leaf_spot_00055.jpg,1. Tea algal leaf spot,tea_algal_leaf_spot,G00098,e52378d404437d6a7179ee967d2de437fd67a32498d4d4eba594f919f535017e
1. Tea algal leaf spot/tea_algal_leaf_spot_00056.jpg,1. Tea algal leaf spot,tea_algal_leaf_spot,G00099,800e9d8b1dd01d43b1ccfec6599176fae821591baaa8072eae8e1a6a98c2f170
1. Tea algal leaf spot/tea_algal_leaf_spot_00057.jpg,1. Tea algal leaf spot,tea_algal_leaf_spot,G00100,b8e951982b9bdf728f1a585df9042eeb8feaea311efe61e2ecf8e6c45ebfcffb
1. Tea algal leaf spot/tea_algal_leaf_spot_00059.jpg,1. Tea algal leaf spot,tea_algal_leaf_spot,G00102,d07eb295b011aab9877a396ff0578515bae15c91e1afab7764b23e244eb446ec
1. Tea algal leaf spot/tea_algal_leaf_spot_00060.jpg,1. Tea algal leaf spot,tea_algal_leaf_spot,G00103,da1fee65ad2df8c5a2de6d07188aafbe490952a09085eb33b29ee38b3d51fcad
1. Tea algal leaf spot/tea_algal_leaf_spot_00061.jpg,1. Tea algal leaf spot,tea_algal_leaf_spot,G00104,65a814af7f8d9dd937c62de4385b923a7eee85dddd847bed9dba4e68ff2028fe
1. Tea algal leaf spot/tea_algal_leaf_spot_00062.jpg,1. Tea algal leaf spot,tea_algal_leaf_spot,G00105,f939b519324133834fac1486598453cfd6015670c7b8b7fa440bd8c5aa7b855b
1. Tea algal leaf spot/tea_algal_leaf_spot_00063.jpg,1. Tea algal leaf spot,tea_algal_leaf_spot,G00106,5521cab5e92426b06ec7570ce56bf9509d1eefbcdad202cce54b00ddaab73d2e
1. Tea algal leaf spot/tea_algal_leaf_spot_00065.jpg,1. Tea algal leaf spot,tea_algal_leaf_spot,G00108,ae51270e016d6437c85e60c03410ad636eddd379b0796fc66f83828eb16dd51f
1. Tea algal leaf spot/tea_algal_leaf_spot_00066.jpg,1. Tea algal leaf spot,tea_algal_leaf_spot,G00109,46a4152b9a007fcb267c8887b7dfffe69605297cb1cc05d598f135d118d81ef2
1. Tea algal leaf spot/tea_algal_leaf_spot_00067.jpg,1. Tea algal leaf spot,tea_algal_leaf_spot,G00110,d3aeca57348dbce32d74f5cb32a51c520d8ef8df968d259836e415db98d4cc62
1. Tea algal leaf spot/tea_algal_leaf_spot_00068.jpg,1. Tea algal leaf spot,tea_algal_leaf_spot,G00111,ef298b6fdbbe8f23066def25287dd4d819806a7e41a6abd5cdebed39add8fbe4
1. Tea algal leaf spot/tea_algal_leaf_spot_00069.jpg,1. Tea algal leaf spot,tea_algal_leaf_spot,G00112,79066d8b724804b06fa771dad7945dc24f55f621bf077b3bb70e9a558e517c40
1. Tea algal leaf spot/tea_algal_leaf_spot_00070.jpg,1. Tea algal leaf spot,tea_algal_leaf_spot,G00113,fd8d151598a379c7438b610bb3ced97437e1bd68f193c8ac39b8761c2acd6b2f
1. Tea algal leaf spot/tea_algal_leaf_spot_00073.jpg,1. Tea algal leaf spot,tea_algal_leaf_spot,G00116,85f3180f4a7a967f9668057b720e16bb5eb050662dfb6981bcda24a07fadd7cd
1. Tea algal leaf spot/tea_algal_leaf_spot_00075.jpg,1. Tea algal leaf spot,tea_algal_leaf_spot,G00118,7e8b6774c947a1300544f7d5a3abb2d3db1efaadd4e9505c3cc5585caeb6fb04
1. Tea algal leaf spot/tea_algal_leaf_spot_00076.jpg,1. Tea algal leaf spot,tea_algal_leaf_spot,G00119,7a97d41057746a0002a751e2dea4501b698eab51641d4f6ab4cd96a189c54ae3
1. Tea algal leaf spot/tea_algal_leaf_spot_00077.jpg,1. Tea algal leaf spot,tea_algal_leaf_spot,G00120,a8b19990b205b92ddf846a727bfc8237112f3d2c4e271d6862e785d93e1914ac
1. Tea algal leaf spot/tea_algal_leaf_spot_00078.jpg,1. Tea algal leaf spot,tea_algal_leaf_spot,G00121,586c6dd257fdc5fe07eaf01c490f4fc075e7faf63467136b95c25ac62031f6e2
1. Tea algal leaf spot/tea_algal_leaf_spot_00079.jpg,1. Tea algal leaf spot,tea_algal_leaf_spot,G00122,0f08b3c24fbe58a6c8a09efd49047838a7afb045c864951d2c1e862fa7c41f79
1. Tea algal leaf spot/tea_algal_leaf_spot_00081.jpg,1. Tea algal leaf spot,tea_algal_leaf_spot,G00124,cb6a9bfa74b9c032446fa005ba414376405ae00a570e6adaa877223241487ba1
1. Tea algal leaf spot/tea_algal_leaf_spot_00083.jpg,1. Tea algal leaf spot,tea_algal_leaf_spot,G00126,756ec87de98b0dc33c5b2a96b2d15b0792a181c7c412be9807e4ad7fe4c78a94
1. Tea algal leaf spot/tea_algal_leaf_spot_00085.jpg,1. Tea algal leaf spot,tea_algal_leaf_spot,G00128,7189ce96e71bc9cccad74b47cb134e7120f6b9e3676df43b8f2a23a99e77f359
1. Tea algal leaf spot/tea_algal_leaf_spot_00086.jpg,1. Tea algal leaf spot,tea_algal_leaf_spot,G00129,fd62184fa3b839c7a660d2f5fd0a15504ae6e39b417b879c4e672e49b0cefc39
1. Tea algal leaf spot/tea_algal_leaf_spot_00087.jpg,1. Tea algal leaf spot,tea_algal_leaf_spot,G00130,7106587ac905e362ebff84489df694ac4ec534d8b0ddfd48b26929f1a4323dce
1. Tea algal leaf spot/tea_algal_leaf_spot_00089.jpg,1. Tea algal leaf spot,tea_algal_leaf_spot,G00132,85b46876f825f00e9687b18d91c1824b72813f5ca45ce17406772dc8661c2b0a
1. Tea algal leaf spot/tea_algal_leaf_spot_00090.jpg,1. Tea algal leaf spot,tea_algal_leaf_spot,G00133,72d4b8b236b3538d63318eb348fcce0f29e82a29977dada4df67e18d7bb0051e
1. Tea algal leaf spot/tea_algal_leaf_spot_00091.jpg,1. Tea algal leaf spot,tea_algal_leaf_spot,G00134,ecffe2076bcb433e8ce4b9d83c5f0a0026577e246f666a50f5710480ed5569dc
1. Tea algal leaf spot/tea_algal_leaf_spot_00092.jpg,1. Tea algal leaf spot,tea_algal_leaf_spot,G00135,895f4eb2f6415e8d07391cc4672a0b7ec1a3a362b45629459e6e3a44bf57b8ab
1. Tea algal leaf spot/tea_algal_leaf_spot_00093.jpg,1. Tea algal leaf spot,tea_algal_leaf_spot,G00136,ac7c9f3d87fddf85f751eafb53216b45dfc6a9dce75e83836eab68ef3a6a74b3
1. Tea algal leaf spot/tea_algal_leaf_spot_00094.jpg,1. Tea algal leaf spot,tea_algal_leaf_spot,G00137,4d6402c101b3e1ab1a39f8cb9724c0a35513caafb7c36dd9ec458125ec774905
1. Tea algal leaf spot/tea_algal_leaf_spot_00095.jpg,1. Tea algal leaf spot,tea_algal_leaf_spot,G00138,4d31e1e9a85921a74ce5dfde0f96130ec61b8a899a02c7def0c2c2efa95cc13e
1. Tea algal leaf spot/tea_algal_leaf_spot_00096.jpg,1. Tea algal leaf spot,tea_algal_leaf_spot,G00139,b6089f809f597ce54a5bc3ff00252cb906a3d2a0a665a2c894ef52f2a9f626f5
1. Tea algal leaf spot/tea_algal_leaf_spot_00097.jpg,1. Tea algal leaf spot,tea_algal_leaf_spot,G00140,0552eaf033cd33d6a24080e8b0bb707082c073e2ac35a8005bdbda4979d3d26b
1. Tea algal leaf spot/tea_algal_leaf_spot_00098.jpg,1. Tea algal leaf spot,tea_algal_leaf_spot,G00141,a4ec96a56280ad7a5bfc01924eb5c93e40371ff62d86811ae3b57a92c5bceef8
1. Tea algal leaf spot/tea_algal_leaf_spot_00100.jpg,1. Tea algal leaf spot,tea_algal_leaf_spot,G00143,451a0f6cd1244b2229bd2118416343abcf818c39b8ca03816da92850bf5dc139
1. Tea algal leaf spot/tea_algal_leaf_spot_00101.jpg,1. Tea algal leaf spot,tea_algal_leaf_spot,G00144,9dca547d9e156e51611cf0dcec5fb9d6873f48b0a74124b6e9b1a17e36e9b2f3
1. Tea algal leaf spot/tea_algal_leaf_spot_00103.jpg,1. Tea algal leaf spot,tea_algal_leaf_spot,G00146,0a5161904649579522fd6bc71c2941eea54ad1cd1d6fdaa4fe3ff41e6512b02f
1. Tea algal leaf spot/tea_algal_leaf_spot_00104.jpg,1. Tea algal leaf spot,tea_algal_leaf_spot,G00147,75182d7062099c4e60e4c2396b9c4de00a9a19141e79963f0399679642db6bee
1. Tea algal leaf spot/tea_algal_leaf_spot_00105.jpg,1. Tea algal leaf spot,tea_algal_leaf_spot,G00148,670a597850ec51d709fb49447c802752a0f8b91bcc61e643cfd59bba22767d05
1. Tea algal leaf spot/tea_algal_leaf_spot_00106.jpg,1. Tea algal leaf spot,tea_algal_leaf_spot,G00149,b70ee9b072b23981c20ceee36a72e6ed749d5e2cb5ab75da94ea0e44e44e6d71
1. Tea algal leaf spot/tea_algal_leaf_spot_00107.jpg,1. Tea algal leaf spot,tea_algal_leaf_spot,G00150,4f12713f09d70290928e4cc6a3568bcf626f65b12bf1b0b64579b620c133cb3d
1. Tea algal leaf spot/tea_algal_leaf_spot_00110.jpg,1. Tea algal leaf spot,tea_algal_leaf_spot,G00153,c857bb3682b00506d4b549251dcadb5a9a614adf76223355ed75c3fef09d1447
1. Tea algal leaf spot/tea_algal_leaf_spot_00114.jpg,1. Tea algal leaf spot,tea_algal_leaf_spot,G00157,3c1b472ee4821a8ef064e9d1ea8447975015e5d157f321c6bbc63db58d3b2d40
1. Tea algal leaf spot/tea_algal_leaf_spot_00116.jpg,1. Tea algal leaf spot,tea_algal_leaf_spot,G00159,13ab3f4267d279c56ac227daf917245ce5da09159b8c2cc5c709c5e659487138
1. Tea algal leaf spot/tea_algal_leaf_spot_00119.jpg,1. Tea algal leaf spot,tea_algal_leaf_spot,G00162,8ba974335bd8bf17174a130437c4e08cad8dda0bc753b4a5542c3f3bb7669430
1. Tea algal leaf spot/tea_algal_leaf_spot_00121.jpg,1. Tea algal leaf spot,tea_algal_leaf_spot,G00164,aa21f82a117d4a91df9f22b3df7e42fea97cd729c0586fd4b271e3e5e339e7dd
1. Tea algal leaf spot/tea_algal_leaf_spot_00122.jpg,1. Tea algal leaf spot,tea_algal_leaf_spot,G00165,42b50724f97848c9b8dd326e438cdba3bd026963be8dd9b92f60f3a1497e2e52
1. Tea algal leaf spot/tea_algal_leaf_spot_00123.jpg,1. Tea algal leaf spot,tea_algal_leaf_spot,G00166,9fb3dd268567085345b6a89860bc415dceeb520ba5ea8e2db29af11be242414d
1. Tea algal leaf spot/tea_algal_leaf_spot_00124.jpg,1. Tea algal leaf spot,tea_algal_leaf_spot,G00167,3cdeea45884a3df40f4620898f1acda1fda26f1c44f215af06cc4fc455359797
1. Tea algal leaf spot/tea_algal_leaf_spot_00125.jpg,1. Tea algal leaf spot,tea_algal_leaf_spot,G00168,3a033c1cf1ad17c880aff87f5974a6970fa5c5b0938e9acf07533c6bbb92b656
1. Tea algal leaf spot/tea_algal_leaf_spot_00128.jpg,1. Tea algal leaf spot,tea_algal_leaf_spot,G00171,ae235e95f65956db0273cf9048f621638753842921ff45da83f69ade5a4d5986
1. Tea algal leaf spot/tea_algal_leaf_spot_00129.jpg,1. Tea algal leaf spot,tea_algal_leaf_spot,G00172,8bfc1b61ec9c37d757357c372f927e27b70b3f26d542fda100b473494da8e63d
1. Tea algal leaf spot/tea_algal_leaf_spot_00130.jpg,1. Tea algal leaf spot,tea_algal_leaf_spot,G00173,910737cb93b1ce631d264ad495144a9288526fefe779d8eb5b8460da12f905c5
1. Tea algal leaf spot/tea_algal_leaf_spot_00131.jpg,1. Tea algal leaf spot,tea_algal_leaf_spot,G00174,9b238b14df228bbfa9d8ccca185a6773934edd4cbfa5c0af405f64c74706fbea
1. Tea algal leaf spot/tea_algal_leaf_spot_00132.jpg,1. Tea algal leaf spot,tea_algal_leaf_spot,G00175,e1cbec762911f004c82837ee90dac5cc4552fb61ba0cc7cc95dd946537de7312
1. Tea algal leaf spot/tea_algal_leaf_spot_00133.jpg,1. Tea algal leaf spot,tea_algal_leaf_spot,G00176,99452c1d552c14fbe5620b1c811fd2d168fae06b1d80b6088ddbf4caba63b0b5
1. Tea algal leaf spot/tea_algal_leaf_spot_00134.jpg,1. Tea algal leaf spot,tea_algal_leaf_spot,G00177,40e81338a0c4e02f2a071c1ee86f7c20809400f5889138d6b859afdf362a56fd
1. Tea algal leaf spot/tea_algal_leaf_spot_00140.jpg,1. Tea algal leaf spot,tea_algal_leaf_spot,G00181,706417154e5ea57dd007708cade5c6227e6a2870b6d0f78514e6dcb9d833b771
1. Tea algal leaf spot/tea_algal_leaf_spot_00142.jpg,1. Tea algal leaf spot,tea_algal_leaf_spot,G00183,03286a3b7c4b0cebba91fc41208cc67be8b371b3b9ed856c73a9e9b741aa1461
1. Tea algal leaf spot/tea_algal_leaf_spot_00144.jpg,1. Tea algal leaf spot,tea_algal_leaf_spot,G00002,7ae5237a826b664b27bcd208a312475636f677d08ac23376005c66858a5f7042
1. Tea algal leaf spot/tea_algal_leaf_spot_00145.jpg,1. Tea algal leaf spot,tea_algal_leaf_spot,G00002,8556dff98df8a1330568651cbfd544c969454f2b93d31e9bfa8593e80885edd0
1. Tea algal leaf spot/tea_algal_leaf_spot_00146.jpg,1. Tea algal leaf spot,tea_algal_leaf_spot,G00185,e584d6494e0b705234375f4cd9e78a5f7af54cc5767123c57fcb252e9145eab6
1. Tea algal leaf spot/tea_algal_leaf_spot_00147.jpg,1. Tea algal leaf spot,tea_algal_leaf_spot,G00186,e82d884fe275ee5350cb0e549a3b82e7fa058a4e512d813bfccf5a799fa7c98c
1. Tea algal leaf spot/tea_algal_leaf_spot_00148.jpg,1. Tea algal leaf spot,tea_algal_leaf_spot,G00187,574736cc9cbc259449090e7610cf5dd5d25e13f2201f4100ad863f74657348e0
1. Tea algal leaf spot/tea_algal_leaf_spot_00150.jpg,1. Tea algal leaf spot,tea_algal_leaf_spot,G00189,be35e0a9c17792995909daae6f2bc95c32ed45b699462b5e9d36a04e58167d7e
1. Tea algal leaf spot/tea_algal_leaf_spot_00152.jpg,1. Tea algal leaf spot,tea_algal_leaf_spot,G00191,4e29d5ebc7d3074ca1ae05396f9486f62dea26e9a8431248baef8f8a73af07d1
1. Tea algal leaf spot/tea_algal_leaf_spot_00153.jpg,1. Tea algal leaf spot,tea_algal_leaf_spot,G00192,1733cb56e2024917f0ffe4d4ca9d44985c7055d12672321c04e26dd1ba827a1c
1. Tea algal leaf spot/tea_algal_leaf_spot_00154.jpg,1. Tea algal leaf spot,tea_algal_leaf_spot,G00193,55451296b6f94cedcd7aa2c91c51c39cca2a4ef7eba05d68254cc67ad8866e13
1. Tea algal leaf spot/tea_algal_leaf_spot_00155.jpg,1. Tea algal leaf spot,tea_algal_leaf_spot,G00194,8805f7287652b58548aff9f9031a128077e69dc02232458b650c3e2adb49c491
1. Tea algal leaf spot/tea_algal_leaf_spot_00156.jpg,1. Tea algal leaf spot,tea_algal_leaf_spot,G00195,9589b108eedfb5aaa8c2043b734b6ed6c763e0bcf324e697703d41590dd60253
1. Tea algal leaf spot/tea_algal_leaf_spot_00157.jpg,1. Tea algal leaf spot,tea_algal_leaf_spot,G00196,901b138a7bc3390bff55d03149a758137ee68b6ef3decf50f6e91146b863163c
1. Tea algal leaf spot/tea_algal_leaf_spot_00158.jpg,1. Tea algal leaf spot,tea_algal_leaf_spot,G00197,0216c23da0ccfadd670f5e1dccfcf91f2db677d705b3bbad45f5a11a33d9fa84
1. Tea algal leaf spot/tea_algal_leaf_spot_00159.jpg,1. Tea algal leaf spot,tea_algal_leaf_spot,G00198,b7cc01c8282ee05821271ef921becf584db34baafd65030cf017aff37b705449
1. Tea algal leaf spot/tea_algal_leaf_spot_00160.jpg,1. Tea algal leaf spot,tea_algal_leaf_spot,G00199,80933abb256de1909f59ec612122ab2f718a0083c41632e5512d90362930416a
1. Tea algal leaf spot/tea_algal_leaf_spot_00161.jpg,1. Tea algal leaf spot,tea_algal_leaf_spot,G00200,ad47b203b9fdcf99a5151e29819fc4be49cf495723d02f6201649d49663bbceb
1. Tea algal leaf spot/tea_algal_leaf_spot_00163.jpg,1. Tea algal leaf spot,tea_algal_leaf_spot,G00202,a870bf5fa69d3f8efffc885932fea65bf048f092eb59140f2efed1587c4a0fe9
1. Tea algal leaf spot/tea_algal_leaf_spot_00164.jpg,1. Tea algal leaf spot,tea_algal_leaf_spot,G00203,4673c36be1c900033e6176ce6062ecc12dc272f64e53020b6b268bcc0a41e246
1. Tea algal leaf spot/tea_algal_leaf_spot_00165.jpg,1. Tea algal leaf spot,tea_algal_leaf_spot,G00204,ca2b27b948c33d77920f5a890d22b54786825bda69ea528f29c9807b7219b1c4
1. Tea algal leaf spot/tea_algal_leaf_spot_00166.jpg,1. Tea algal leaf spot,tea_algal_leaf_spot,G00205,f6343aac0b8acb4e2aec1166cd05a250e196f0c686c9702afe882efbe8ecfc29
1. Tea algal leaf spot/tea_algal_leaf_spot_00168.jpg,1. Tea algal leaf spot,tea_algal_leaf_spot,G00207,ed4d13426396851312254c10894cf8ab91150c5817e4a0d6736912dc57f7fc87
1. Tea algal leaf spot/tea_algal_leaf_spot_00169.jpg,1. Tea algal leaf spot,tea_algal_leaf_spot,G00208,2bb7de7cd2b69bcc9fa8c07f0ec479c0217e7728fc71d8bf1f6760ef9fc726b9
1. Tea algal leaf spot/tea_algal_leaf_spot_00170.jpg,1. Tea algal leaf spot,tea_algal_leaf_spot,G00209,06c0ae8492a823b5403791edc3ca3ebe2d414d21e33acaf835ca3aecc42389d2
1. Tea algal leaf spot/tea_algal_leaf_spot_00171.jpg,1. Tea algal leaf spot,tea_algal_leaf_spot,G00210,a0d3b2422ae2a44841c33ec7b06a0deb598361b2d6f991fafad3c282492f7f4c
1. Tea algal leaf spot/tea_algal_leaf_spot_00172.jpg,1. Tea algal leaf spot,tea_algal_leaf_spot,G00211,e9a7c7012065316884da4c57dcbf9cb4da62c39d9fb7c133accaea97bca74896
1. Tea algal leaf spot/tea_algal_leaf_spot_00174.jpg,1. Tea algal leaf spot,tea_algal_leaf_spot,G00213,de87a60529ba8bca027a817598e30dca949084d2a7fdf27ba672fe380bf694e4
1. Tea algal leaf spot/tea_algal_leaf_spot_00176.jpg,1. Tea algal leaf spot,tea_algal_leaf_spot,G00215,5e6086bb0e68f3a563245c0be5e3db65837154d0210b61737ebd55b0c7b47540
1. Tea algal leaf spot/tea_algal_leaf_spot_00178.jpg,1. Tea algal leaf spot,tea_algal_leaf_spot,G00217,3228faca9aab65cf5b1d2462e4b70331ed91f2bf7411e14bb5860839ae6708cf
1. Tea algal leaf spot/tea_algal_leaf_spot_00179.jpg,1. Tea algal leaf spot,tea_algal_leaf_spot,G00218,01f5c34925ea9f89559f6da86151e2cff32810e59387073bf31d7d61ad260dcc
1. Tea algal leaf spot/tea_algal_leaf_spot_00180.jpg,1. Tea algal leaf spot,tea_algal_leaf_spot,G00219,3353d754431089eeb00d7d921cb2c865901be8ee47fa5a813982557b2fd22a6e
1. Tea algal leaf spot/tea_algal_leaf_spot_00181.jpg,1. Tea algal leaf spot,tea_algal_leaf_spot,G00220,86aabde5191155b1c4489e3bf2c667caca919be8857412694ac0f64025412a17
1. Tea algal leaf spot/tea_algal_leaf_spot_00183.jpg,1. Tea algal leaf spot,tea_algal_leaf_spot,G00222,9ae59117045d657a39339869e79a0779e30c25ecae971b170831c734b1fa79f1
1. Tea algal leaf spot/tea_algal_leaf_spot_00185.jpg,1. Tea algal leaf spot,tea_algal_leaf_spot,G00224,58ab235f65b87b2c6d0a9efccf0da303dbe1b1714808ed7ca69421993b668924
1. Tea algal leaf spot/tea_algal_leaf_spot_00188.jpg,1. Tea algal leaf spot,tea_algal_leaf_spot,G00227,96cbfa858ac310d7f3fe543fa1b67af711dfd595f44361a3d552010d1a087096
1. Tea algal leaf spot/tea_algal_leaf_spot_00189.jpg,1. Tea algal leaf spot,tea_algal_leaf_spot,G00228,b9ccb42761686306d7a90ca5ee168feb4a839ff148ada13cfe2023465724ec67
1. Tea algal leaf spot/tea_algal_leaf_spot_00191.jpg,1. Tea algal leaf spot,tea_algal_leaf_spot,G00230,767ac504b16469706346fe0f7c8a3b5f859525bbabc3210ae13447e16501c328
1. Tea algal leaf spot/tea_algal_leaf_spot_00192.jpg,1. Tea algal leaf spot,tea_algal_leaf_spot,G00231,58e0d58dbce20201ba288b883db37b6fae1d92e8c16426941016001cee5c4208
1. Tea algal leaf spot/tea_algal_leaf_spot_00193.jpg,1. Tea algal leaf spot,tea_algal_leaf_spot,G00232,628477625ed213a012723d607e8dc834d86151750b8f9fd140852f56865a36f9
1. Tea algal leaf spot/tea_algal_leaf_spot_00196.jpg,1. Tea algal leaf spot,tea_algal_leaf_spot,G00235,75e37c848f9fa8e3e9a5e8603e80f5fee2c9c0d5201a53e64aaa89abdbf50acc
1. Tea algal leaf spot/tea_algal_leaf_spot_00197.jpg,1. Tea algal leaf spot,tea_algal_leaf_spot,G00236,3bbc8cc0d61de3d22176d16518336c2c11c7626757a8c173f4513d1e76072c15
1. Tea algal leaf spot/tea_algal_leaf_spot_00198.jpg,1. Tea algal leaf spot,tea_algal_leaf_spot,G00237,34f34a5752a43a1446d32faa8b9d67f5407813e166943d67670854223feca094
1. Tea algal leaf spot/tea_algal_leaf_spot_00199.jpg,1. Tea algal leaf spot,tea_algal_leaf_spot,G00238,993aa1b3d27afa07ef8ef3f103a5964bc89f87cc065a6307d37345eafa6ab527
1. Tea algal leaf spot/tea_algal_leaf_spot_00200.jpg,1. Tea algal leaf spot,tea_algal_leaf_spot,G00239,445fe2a3a9492b72dc6901733c6a8d17b9f8b0bb463140046af91c388624b2b4
1. Tea algal leaf spot/tea_algal_leaf_spot_00201.jpg,1. Tea algal leaf spot,tea_algal_leaf_spot,G00240,cd41daefd03393ce318083c989bdac5c39d62ce7df6266d575de26a3d145c52b
1. Tea algal leaf spot/tea_algal_leaf_spot_00202.jpg,1. Tea algal leaf spot,tea_algal_leaf_spot,G00241,3038677517a045aa4f03d680f00628c25c4a7c8c6ae9e8460f77aaf9f6a46bc3
1. Tea algal leaf spot/tea_algal_leaf_spot_00204.jpg,1. Tea algal leaf spot,tea_algal_leaf_spot,G00243,c8dd4b0394d1af6d7c71b3eded91050129cbe9d19bd33810df7d5169cbed09cf
1. Tea algal leaf spot/tea_algal_leaf_spot_00207.jpg,1. Tea algal leaf spot,tea_algal_leaf_spot,G00246,8a73d163f9876ed5bf74b0a21a7a594a8ae58bd02de291bedd5379588e92a4dc
1. Tea algal leaf spot/tea_algal_leaf_spot_00208.jpg,1. Tea algal leaf spot,tea_algal_leaf_spot,G00247,2cb491bb0fee042ed517d4f5f9cc76b12189cde173e0586af67a4d0997bfbc0b
1. Tea algal leaf spot/tea_algal_leaf_spot_00209.jpg,1. Tea algal leaf spot,tea_algal_leaf_spot,G00248,fbeea600d2483e6a60467bc9023ee27c158b77dfcdde2c3d179c89855b4b01f5
1. Tea algal leaf spot/tea_algal_leaf_spot_00210.jpg,1. Tea algal leaf spot,tea_algal_leaf_spot,G00249,3ce6d9f7db37d1f69de60364bfc893beab2f598f861160ab8ef44136fbc689cd
1. Tea algal leaf spot/tea_algal_leaf_spot_00211.jpg,1. Tea algal leaf spot,tea_algal_leaf_spot,G00250,40e68ed8de2e9834e0a4d75cadfdd32eff32bd1eb9ea8b8f140326b969599e81
1. Tea algal leaf spot/tea_algal_leaf_spot_00212.jpg,1. Tea algal leaf spot,tea_algal_leaf_spot,G00251,042759fbae22b99ea856f3e7f643980a47c162b1e6e0abde56c6a8dcd8162129
1. Tea algal leaf spot/tea_algal_leaf_spot_00213.jpg,1. Tea algal leaf spot,tea_algal_leaf_spot,G00252,ac4a3423d6dfbeaf8b5543cf569d39adab212e00266e1f933cc9bc8f0ef01c71
1. Tea algal leaf spot/tea_algal_leaf_spot_00214.jpg,1. Tea algal leaf spot,tea_algal_leaf_spot,G00253,91512064aa3d814d3efce5453cbec398eb4ebb8e3ffb2753b4b9f1ae4c771ce9
1. Tea algal leaf spot/tea_algal_leaf_spot_00216.jpg,1. Tea algal leaf spot,tea_algal_leaf_spot,G00255,04c511694c31137afa551320ae235a1893b6981617da59a3e83d19b4118528a0
1. Tea algal leaf spot/tea_algal_leaf_spot_00218.jpg,1. Tea algal leaf spot,tea_algal_leaf_spot,G00257,34d052ac6e24d51ac30c496cb3372a0156f978472b69929a1642e0f233f18960
1. Tea algal leaf spot/tea_algal_leaf_spot_00219.jpg,1. Tea algal leaf spot,tea_algal_leaf_spot,G00258,250facf68311c94277c6c5239c99754a9e6e9540fe035cf47cd6f46b5c53fe1f
1. Tea algal leaf spot/tea_algal_leaf_spot_00221.jpg,1. Tea algal leaf spot,tea_algal_leaf_spot,G00260,765be5e8570dc547feeefe972f478794553f71d9216d4b7248b980716dcd9cc1
1. Tea algal leaf spot/tea_algal_leaf_spot_00222.jpg,1. Tea algal leaf spot,tea_algal_leaf_spot,G00261,83570fa3ab65322154b068e54e77d845e9d5119f7e140aaf85ca67dbec8f8a2f
1. Tea algal leaf spot/tea_algal_leaf_spot_00223.jpg,1. Tea algal leaf spot,tea_algal_leaf_spot,G00262,6f49593989423302d822f551f7fbe3ac541479df2fc38bc148af54dd7537ab78
1. Tea algal leaf spot/tea_algal_leaf_spot_00224.jpg,1. Tea algal leaf spot,tea_algal_leaf_spot,G00263,de408c0676c0038ed0d02dc24670742282101a5cc3b27887aa50f3f7aae4ea08
1. Tea algal leaf spot/tea_algal_leaf_spot_00225.jpg,1. Tea algal leaf spot,tea_algal_leaf_spot,G00264,51e3e7621876c175da3645692c15e6d2ffbec39af2f27e16979bf3443f30de32
1. Tea algal leaf spot/tea_algal_leaf_spot_00226.jpg,1. Tea algal leaf spot,tea_algal_leaf_spot,G00265,bc0ebae00db653934c0a24ad1413f8fc309272c921e58ce8536df6f8ca1fdab6
1. Tea algal leaf spot/tea_algal_leaf_spot_00227.jpg,1. Tea algal leaf spot,tea_algal_leaf_spot,G00266,3c612f3079aabf0c4b80967dd55b49b93292600a8226f852c54f0e0cbccf784f
1. Tea algal leaf spot/tea_algal_leaf_spot_00228.jpg,1. Tea algal leaf spot,tea_algal_leaf_spot,G00267,b0e2752c81ceecfe6888cac20eb2b7d31459d62e90818ea8fa6a7af79c163ca4
1. Tea algal leaf spot/tea_algal_leaf_spot_00229.jpg,1. Tea algal leaf spot,tea_algal_leaf_spot,G00268,088da14cf47149f507f2a5babcd9826c693f9c48314e71b7688235dfc6747c90
1. Tea algal leaf spot/tea_algal_leaf_spot_00231.jpg,1. Tea algal leaf spot,tea_algal_leaf_spot,G00270,32a10185a80a53189b84c8b4a2809a723594c6bf2e07332f956e4f98300bd4ee
1. Tea algal leaf spot/tea_algal_leaf_spot_00232.jpg,1. Tea algal leaf spot,tea_algal_leaf_spot,G00271,026cd0a6c5981ebcb82904c7f283b5f643c145602b1e45d491300379b4e602dc
1. Tea algal leaf spot/tea_algal_leaf_spot_00234.jpg,1. Tea algal leaf spot,tea_algal_leaf_spot,G00273,cec89a9b1794fd8dc99582b4b0400624acc137e8fd429f1f252f656f35a22e15
1. Tea algal leaf spot/tea_algal_leaf_spot_00238.jpg,1. Tea algal leaf spot,tea_algal_leaf_spot,G00277,5187fd29859932f8f0f41ded9ae50316caf12cb99515ff985e8f8c5837210bf6
1. Tea algal leaf spot/tea_algal_leaf_spot_00239.jpg,1. Tea algal leaf spot,tea_algal_leaf_spot,G00278,1cfd758f6380f4bfd3401f3446af598716819f78fcb64468f1b26ba253b68d0d
1. Tea algal leaf spot/tea_algal_leaf_spot_00240.jpg,1. Tea algal leaf spot,tea_algal_leaf_spot,G00279,fc7ebdf20c0d629911adaac94d2d680a8cdcddc2761d3a8e939e1180bbb8cdf4
1. Tea algal leaf spot/tea_algal_leaf_spot_00241.jpg,1. Tea algal leaf spot,tea_algal_leaf_spot,G00280,90fe49a4770f3dbd5e68410d91519cb725af1b51d98e4f1b485c5f1d3d6d3c9d
1. Tea algal leaf spot/tea_algal_leaf_spot_00242.jpg,1. Tea algal leaf spot,tea_algal_leaf_spot,G00281,a8fea5bf819aea0d9a23046fb60d2ef71d2f59f66571e61456f70872842ff277
1. Tea algal leaf spot/tea_algal_leaf_spot_00243.jpg,1. Tea algal leaf spot,tea_algal_leaf_spot,G00282,b1db8f6d89e824104bf025d318d1ca639beb8abbd1161daf4bc4fe556f6a5d1e
1. Tea algal leaf spot/tea_algal_leaf_spot_00244.jpg,1. Tea algal leaf spot,tea_algal_leaf_spot,G00283,dfe40fc881c98203cae8ad4419f869af291bda73969881c9185b1104fef01db1
1. Tea algal leaf spot/tea_algal_leaf_spot_00245.jpg,1. Tea algal leaf spot,tea_algal_leaf_spot,G00284,adc457eb390d8c19371767953ab8e04b84065d2038e445aec47ef664d94ca4e8
1. Tea algal leaf spot/tea_algal_leaf_spot_00246.jpg,1. Tea algal leaf spot,tea_algal_leaf_spot,G00285,1abc4d3b2c785319e083adfc7b2f40e146e597f12bf654523029e2908be874d5
1. Tea algal leaf spot/tea_algal_leaf_spot_00247.jpg,1. Tea algal leaf spot,tea_algal_leaf_spot,G00286,1c5ed20121fb114e387a18dede0ddad65cbf8bae92a0eef7e72816ebe138e1cd
1. Tea algal leaf spot/tea_algal_leaf_spot_00248.jpg,1. Tea algal leaf spot,tea_algal_leaf_spot,G00287,86b3d368aa070a14bf0c6f0ac25be47968ca796e4f9a2c50c766f900ec6cb4eb
1. Tea algal leaf spot/tea_algal_leaf_spot_00249.jpg,1. Tea algal leaf spot,tea_algal_leaf_spot,G00288,558cc744ada4ca001a08983dd0f54e860b95c54c5c40a36594478b7a4c00fc4c
1. Tea algal leaf spot/tea_algal_leaf_spot_00250.jpg,1. Tea algal leaf spot,tea_algal_leaf_spot,G00289,626ec453028a9540b0591f053392c8d08668bb754c9c0b1e58459cb9fbeef7d8
1. Tea algal leaf spot/tea_algal_leaf_spot_00251.jpg,1. Tea algal leaf spot,tea_algal_leaf_spot,G00290,2a653ab7c995ea0bc4fea35e6af28c9e91d7215085da4db10158512f16fdfa35
1. Tea algal leaf spot/tea_algal_leaf_spot_00252.jpg,1. Tea algal leaf spot,tea_algal_leaf_spot,G00291,f846170acb3c466e667b4ec3c8abebf22a739ef9a9151c43f94d0cce2f8838fb
1. Tea algal leaf spot/tea_algal_leaf_spot_00253.jpg,1. Tea algal leaf spot,tea_algal_leaf_spot,G00292,5b1843a7cc4b0a865cf6960e942948f0b8eeec5a7191a79affa2f0003d337392
1. Tea algal leaf spot/tea_algal_leaf_spot_00254.jpg,1. Tea algal leaf spot,tea_algal_leaf_spot,G00293,a8d5c5a1d0ed0941a7cd809f597264ab69c9d0ab06c7746313ddf889af8717fa
1. Tea algal leaf spot/tea_algal_leaf_spot_00255.jpg,1. Tea algal leaf spot,tea_algal_leaf_spot,G00294,c58233271c7c143b1e37af8a445ddaf12486c5c5165acb1407cd22d35cb9dd0b
1. Tea algal leaf spot/tea_algal_leaf_spot_00257.jpg,1. Tea algal leaf spot,tea_algal_leaf_spot,G00296,fabee3848c062187e7b18c9fc037d9862234747e861a452fec53938fe63533f0
1. Tea algal leaf spot/tea_algal_leaf_spot_00258.jpg,1. Tea algal leaf spot,tea_algal_leaf_spot,G00297,ac3b599ff7568f9bbc684aad6339440fed3dd6dba6135d93fc79d93bce5a8dc1
1. Tea algal leaf spot/tea_algal_leaf_spot_00260.jpg,1. Tea algal leaf spot,tea_algal_leaf_spot,G00299,f6719dbd13c54d37a16082161b601d9a8b1bf1d9f927895d094c1d2bc4a8dc62
1. Tea algal leaf spot/tea_algal_leaf_spot_00262.jpg,1. Tea algal leaf spot,tea_algal_leaf_spot,G00301,50b1a72a2f796927e78bd9baa87fc8faab5879f455cd789ecc801be871e2952c
1. Tea algal leaf spot/tea_algal_leaf_spot_00263.jpg,1. Tea algal leaf spot,tea_algal_leaf_spot,G00302,4eb610b9c4d8c6500e56b17452603d681ef892f68f5984c283f1b850188629c7
1. Tea algal leaf spot/tea_algal_leaf_spot_00264.jpg,1. Tea algal leaf spot,tea_algal_leaf_spot,G00303,1dc4b032e8d7a216bf677f3f060fc07f5be03089a7d42977fcf586e3ebded207
1. Tea algal leaf spot/tea_algal_leaf_spot_00265.jpg,1. Tea algal leaf spot,tea_algal_leaf_spot,G00304,78ac474599b25bfd0a40f2a92524ee973471580bdeb36242913334fd3bbe9a53
1. Tea algal leaf spot/tea_algal_leaf_spot_00266.jpg,1. Tea algal leaf spot,tea_algal_leaf_spot,G00305,e35cad6a8c7ca9403f680992d29497dd2a32efea795bc836b1b5f7e8416108d5
1. Tea algal leaf spot/tea_algal_leaf_spot_00267.jpg,1. Tea algal leaf spot,tea_algal_leaf_spot,G00306,97d739ad3bc422aaec80e88980de18a8e85c9d484893f85ce8816bf94ccf63d1
1. Tea algal leaf spot/tea_algal_leaf_spot_00268.jpg,1. Tea algal leaf spot,tea_algal_leaf_spot,G00307,89b343137321e11b3e7e03de6bb024aecf9b9d25620d11cfffb3797259db082e
1. Tea algal leaf spot/tea_algal_leaf_spot_00269.jpg,1. Tea algal leaf spot,tea_algal_leaf_spot,G00308,def2bf79da43394a4544bb58eb98fb3313872e7fc4607f91d78e1b8a7563da9f
1. Tea algal leaf spot/tea_algal_leaf_spot_00270.jpg,1. Tea algal leaf spot,tea_algal_leaf_spot,G00309,882f27374ecc8c48f6db25c0f9b2c0da903ea57b85cf4f83684f3ee8c8e41f16
1. Tea algal leaf spot/tea_algal_leaf_spot_00271.jpg,1. Tea algal leaf spot,tea_algal_leaf_spot,G00310,610b346be23d5d0d5ad9efd200f7b22a62ace28779c71c5ebd398a5701a32c59
1. Tea algal leaf spot/tea_algal_leaf_spot_00272.jpg,1. Tea algal leaf spot,tea_algal_leaf_spot,G00311,dcf77f76938ef7a1297d160050ca9b7c689cc0ee1e2663d20248c1208efa57cb
1. Tea algal leaf spot/tea_algal_leaf_spot_00273.jpg,1. Tea algal leaf spot,tea_algal_leaf_spot,G00312,9e346c11cfbfec84a965bd1d1b70b5a827ffe8c7971cccb9a72f6080e3f4c287
1. Tea algal leaf spot/tea_algal_leaf_spot_00277.jpg,1. Tea algal leaf spot,tea_algal_leaf_spot,G00316,7fc1912cf15fc70838996778c16f19b9c2d213d94a2a864bd1d255c04bdc35b8
1. Tea algal leaf spot/tea_algal_leaf_spot_00278.jpg,1. Tea algal leaf spot,tea_algal_leaf_spot,G00317,df313aa7e1b93df3294e3ddb1b6577610610f332903ad0bdbd789a20ab5bcb6e
1. Tea algal leaf spot/tea_algal_leaf_spot_00279.jpg,1. Tea algal leaf spot,tea_algal_leaf_spot,G00318,f1ce7fcb34939f8c7ba898894e1888abd5327b2a51bcf5ce2ef45b2e8b249208
1. Tea algal leaf spot/tea_algal_leaf_spot_00281.jpg,1. Tea algal leaf spot,tea_algal_leaf_spot,G00320,145f917b2ae589c52e0034dde8afb1b9c7ea8524d6b2a7b32afe4fe6606f6f00
1. Tea algal leaf spot/tea_algal_leaf_spot_00282.jpg,1. Tea algal leaf spot,tea_algal_leaf_spot,G00321,2b9943e51b2659708d0404550ea9f7af511758abe9949448dee386967ab7b2e4
1. Tea algal leaf spot/tea_algal_leaf_spot_00284.jpg,1. Tea algal leaf spot,tea_algal_leaf_spot,G00323,1f5b2da04813b9a5f5c5b0da0de069bb96ea41dfa81a0d164ab1e277f7ddd97c
1. Tea algal leaf spot/tea_algal_leaf_spot_00285.jpg,1. Tea algal leaf spot,tea_algal_leaf_spot,G00324,15c5f18072880936966d490bc6aef6f1f2bda189be840ac73c4640db0638c28f
1. Tea algal leaf spot/tea_algal_leaf_spot_00287.jpg,1. Tea algal leaf spot,tea_algal_leaf_spot,G00326,dcef63304f7aa6e7faa0fdeec6dcb467cec7000c41b46d60871ac3f26dd01df6
1. Tea algal leaf spot/tea_algal_leaf_spot_00289.jpg,1. Tea algal leaf spot,tea_algal_leaf_spot,G00328,1a72dad49eea885264d57b514b8787c189d7b559ad15dd39e49e0353ee6e2ae4
1. Tea algal leaf spot/tea_algal_leaf_spot_00290.jpg,1. Tea algal leaf spot,tea_algal_leaf_spot,G00329,ab1fbd99a44341899918a0df5c0d281d32816b0134cd72403be09b6d1ecffee2
1. Tea algal leaf spot/tea_algal_leaf_spot_00292.jpg,1. Tea algal leaf spot,tea_algal_leaf_spot,G00331,d8d7ec06fd45646fbe2023bb58286aa6bb804e66893040797b0b2e3b64d28a32
1. Tea algal leaf spot/tea_algal_leaf_spot_00293.jpg,1. Tea algal leaf spot,tea_algal_leaf_spot,G00332,1ed53221a28f6449343e4846cf069828129d3854540bffafccbe661864bb4f21
1. Tea algal leaf spot/tea_algal_leaf_spot_00294.jpg,1. Tea algal leaf spot,tea_algal_leaf_spot,G00333,421bd82cd025d9527897bd33448637c201d10133e8c605dbf92f34b0c6712343
1. Tea algal leaf spot/tea_algal_leaf_spot_00295.jpg,1. Tea algal leaf spot,tea_algal_leaf_spot,G00334,d5af38d280de87a5c50b7e688322353bc21ddb8fe089af501a06c1b03cdade5e
1. Tea algal leaf spot/tea_algal_leaf_spot_00297.jpg,1. Tea algal leaf spot,tea_algal_leaf_spot,G00336,b06e6060e5557a517d025ada3480cc573b3f6c95043229d79bf8ef1cc1551923
1. Tea algal leaf spot/tea_algal_leaf_spot_00298.jpg,1. Tea algal leaf spot,tea_algal_leaf_spot,G00337,b729f85332d9832a9c51ae11fb77f7e67f15414901a224eed583cfdede46a732
1. Tea algal leaf spot/tea_algal_leaf_spot_00299.jpg,1. Tea algal leaf spot,tea_algal_leaf_spot,G00338,7dc0c5ff9a8aa827b95c31abdc6a5aeca4df087ef8938ddb9eb6bc8ecd8eab82
1. Tea algal leaf spot/tea_algal_leaf_spot_00301.jpg,1. Tea algal leaf spot,tea_algal_leaf_spot,G00340,1f25a51ddc198fd524dfb6ea36dcde7804a1521601d7c7183e6d5f671bc937df
1. Tea algal leaf spot/tea_algal_leaf_spot_00304.jpg,1. Tea algal leaf spot,tea_algal_leaf_spot,G00343,53e2d292416ee7373c142875699b679719e9a13cfe8565ef95da0bf90c21220e
1. Tea algal leaf spot/tea_algal_leaf_spot_00305.jpg,1. Tea algal leaf spot,tea_algal_leaf_spot,G00344,532baafc842826c27c0c8d08de4164568d4dfcedcf8ff5fb6bf2df13a1be91e5
1. Tea algal leaf spot/tea_algal_leaf_spot_00306.jpg,1. Tea algal leaf spot,tea_algal_leaf_spot,G00345,d4256f3c47a7c0d9609041e571873d2ec394f5dd33bab97b9f03804ca4256f96
1. Tea algal leaf spot/tea_algal_leaf_spot_00307.jpg,1. Tea algal leaf spot,tea_algal_leaf_spot,G00346,ef29fe3035333053340f98442283cc6c078ff1d1195e3eebd933398026bc50dd
1. Tea algal leaf spot/tea_algal_leaf_spot_00308.jpg,1. Tea algal leaf spot,tea_algal_leaf_spot,G00347,272d8f3816c14d3be9d805429f48b8d9cf4cf170203c7a116813174d16cb65d0
1. Tea algal leaf spot/tea_algal_leaf_spot_00311.jpg,1. Tea algal leaf spot,tea_algal_leaf_spot,G00350,bffec56e354fe48fd2fdc0c646a9067c945b41c05a1e1220e91e0098d4eca6b8
1. Tea algal leaf spot/tea_algal_leaf_spot_00313.jpg,1. Tea algal leaf spot,tea_algal_leaf_spot,G00352,5a987ad5b0fa29311644e972545815ca37c6fdadc6864a8ba6420ddb5bf9c53a
1. Tea algal leaf spot/tea_algal_leaf_spot_00315.jpg,1. Tea algal leaf spot,tea_algal_leaf_spot,G00354,6cd44480168fc328ed543b39127ecd7fd149da7292e3c2a1b39da1cbc8e7ab0d
1. Tea algal leaf spot/tea_algal_leaf_spot_00316.jpg,1. Tea algal leaf spot,tea_algal_leaf_spot,G00355,bcdf7496dd38f47c074478498191713f4f843c4cb6f7f77a83c9c546a0b183fd
1. Tea algal leaf spot/tea_algal_leaf_spot_00319.jpg,1. Tea algal leaf spot,tea_algal_leaf_spot,G00358,5d2e3549bfa2044d5304e289f3ac9a3c0e2a8d49353ef6662e5e633116ba030e
1. Tea algal leaf spot/tea_algal_leaf_spot_00320.jpg,1. Tea algal leaf spot,tea_algal_leaf_spot,G00359,a4fc618a81d45be2162f87287c4610b14e1d143bb5c9feb3c3b414e3ccb72b7f
1. Tea algal leaf spot/tea_algal_leaf_spot_00321.jpg,1. Tea algal leaf spot,tea_algal_leaf_spot,G00360,8125497e0ecf9320bf7905363678b62d07d14832496aeae4e32a8374f788159d
1. Tea algal leaf spot/tea_algal_leaf_spot_00324.jpg,1. Tea algal leaf spot,tea_algal_leaf_spot,G00363,4e151c15f004e9a4762732fed02f0e51c677d07c8ae8c8798ea0eaa0805ec93b
1. Tea algal leaf spot/tea_algal_leaf_spot_00325.jpg,1. Tea algal leaf spot,tea_algal_leaf_spot,G00364,ff3c4ab8c8f3eda32cce8155f5d6c60bea95dcd1fb451d3704767709c288d9b5
1. Tea algal leaf spot/tea_algal_leaf_spot_00327.jpg,1. Tea algal leaf spot,tea_algal_leaf_spot,G00366,d1d48ce3b7c5a3d7942d9e298ac60429e243a55612981c791ad790b5c6f6d842
1. Tea algal leaf spot/tea_algal_leaf_spot_00329.jpg,1. Tea algal leaf spot,tea_algal_leaf_spot,G00368,2cf60a565728bffd89122084e89deb61cbe9cc5590c655d606826826e30fdddf
1. Tea algal leaf spot/tea_algal_leaf_spot_00330.jpg,1. Tea algal leaf spot,tea_algal_leaf_spot,G00369,1d2e0e28905d8f1ecd03a5d69f2b8eaf63528c22bd16a8226a07300106256726
1. Tea algal leaf spot/tea_algal_leaf_spot_00331.jpg,1. Tea algal leaf spot,tea_algal_leaf_spot,G00370,8f1a9ff3ed7a562665bcd11a54a7ff06054acd0998b8f5b9e53f3e187d4557b3
1. Tea algal leaf spot/tea_algal_leaf_spot_00334.jpg,1. Tea algal leaf spot,tea_algal_leaf_spot,G00373,af9d484a275620c13e7f850eb8ed7795ee85d424344ccd81aaf7344b818240bb
1. Tea algal leaf spot/tea_algal_leaf_spot_00335.jpg,1. Tea algal leaf spot,tea_algal_leaf_spot,G00374,525e941ab51eb1dce520b8d7090aa8cc1ca8395285a20d35f3ed8d01894367f1
1. Tea algal leaf spot/tea_algal_leaf_spot_00336.jpg,1. Tea algal leaf spot,tea_algal_leaf_spot,G00375,ec8b0d01f6dd9cd5e5fb8791ce393fe658d1fd1817e27313209e445c128c3885
1. Tea algal leaf spot/tea_algal_leaf_spot_00337.jpg,1. Tea algal leaf spot,tea_algal_leaf_spot,G00376,5f77c8857808a63543573fc0bb026c091c430f5c3a6a019710273248e1e0682c
1. Tea algal leaf spot/tea_algal_leaf_spot_00338.jpg,1. Tea algal leaf spot,tea_algal_leaf_spot,G00377,fbcea7a472a4a5997c5b137f73a8a01c362eb50685f6d4780ab191abbd45ad9a
1. Tea algal leaf spot/tea_algal_leaf_spot_00341.jpg,1. Tea algal leaf spot,tea_algal_leaf_spot,G00380,c4e9870ebed6168a331fc7141301ce6388d312c4c7421903003f89c7fd848007
1. Tea algal leaf spot/tea_algal_leaf_spot_00343.jpg,1. Tea algal leaf spot,tea_algal_leaf_spot,G00382,8759fc8b35672e063af4162d6c21c1631e692e1f07f2b4e031594f0dd5cb5a75
1. Tea algal leaf spot/tea_algal_leaf_spot_00344.jpg,1. Tea algal leaf spot,tea_algal_leaf_spot,G00383,cebb202597ee88dba62e4bb0b230e63250349a0a10f1e61010c37ec9eb1a31ed
1. Tea algal leaf spot/tea_algal_leaf_spot_00346.jpg,1. Tea algal leaf spot,tea_algal_leaf_spot,G00385,a5c6f65fc9869e5d3cde56943c995712472168172ae54d990468fd519c03cdd8
1. Tea algal leaf spot/tea_algal_leaf_spot_00348.jpg,1. Tea algal leaf spot,tea_algal_leaf_spot,G00387,f9fbd4cb11235341d945219a3fff63898addefb776aad6cda6665db7ac0ca79b
1. Tea algal leaf spot/tea_algal_leaf_spot_00349.jpg,1. Tea algal leaf spot,tea_algal_leaf_spot,G00388,e1a6a96712165a8f6234d9dfef814a863cbf4f35dc2b9b9cceab3d4d8a06d4ab
1. Tea algal leaf spot/tea_algal_leaf_spot_00350.jpg,1. Tea algal leaf spot,tea_algal_leaf_spot,G00389,da183e70bb589901b8a8eeeb1044975361a81a6e36189bb7ffd5da825c368139
1. Tea algal leaf spot/tea_algal_leaf_spot_00351.jpg,1. Tea algal leaf spot,tea_algal_leaf_spot,G00390,e5da0e457624d3c293e6a5a56fb803b4cef85002f81cc55809098d969438a32c
1. Tea algal leaf spot/tea_algal_leaf_spot_00352.jpg,1. Tea algal leaf spot,tea_algal_leaf_spot,G00391,554e177800525ee961cb2b44402dba089849607ee919e18f2de29f909da05003
1. Tea algal leaf spot/tea_algal_leaf_spot_00353.jpg,1. Tea algal leaf spot,tea_algal_leaf_spot,G00392,518858569abb7d938e1f1bf4ac939b3f60878fd0058e05a0796532ab3428e331
1. Tea algal leaf spot/tea_algal_leaf_spot_00354.jpg,1. Tea algal leaf spot,tea_algal_leaf_spot,G00393,c67ed22a32fbc38b90ce16699d1368cc6cc95d36a92621aaa03ef3ba3bdc72e3
1. Tea algal leaf spot/tea_algal_leaf_spot_00355.jpg,1. Tea algal leaf spot,tea_algal_leaf_spot,G00394,55329e53b39d2e61a4665440f61e49192d1e7d3f7b648c79d5dac38bb5baf534
1. Tea algal leaf spot/tea_algal_leaf_spot_00357.jpg,1. Tea algal leaf spot,tea_algal_leaf_spot,G00396,1946ca1fccde142f9f7d33f8a8be77a29cca9d4af2d0e1554deaa0b1df4bb9f7
1. Tea algal leaf spot/tea_algal_leaf_spot_00359.jpg,1. Tea algal leaf spot,tea_algal_leaf_spot,G00398,28a4e91bf68b991e69363a40927366a7c842af66bd3d0cf483198ea2244ffa78
1. Tea algal leaf spot/tea_algal_leaf_spot_00362.jpg,1. Tea algal leaf spot,tea_algal_leaf_spot,G00401,a8edbd5d1141e28977ac65c750c2a56d04b7450a4056cafe2e4943e460298ed6
1. Tea algal leaf spot/tea_algal_leaf_spot_00363.jpg,1. Tea algal leaf spot,tea_algal_leaf_spot,G00402,8649d87a1e36578c8766b983c055370d5e47641cb6b7d35fbbca5c5d7e8b6091
1. Tea algal leaf spot/tea_algal_leaf_spot_00364.jpg,1. Tea algal leaf spot,tea_algal_leaf_spot,G00403,e7d1b5cbb2f6a25a431563eb2b8d912b90f0bd2162e016a8e824733496093aa0
1. Tea algal leaf spot/tea_algal_leaf_spot_00365.jpg,1. Tea algal leaf spot,tea_algal_leaf_spot,G00404,99a8f33ea9621959747480181ee3d3a21ad6ea8c41b61965c6d5558c215204bd
1. Tea algal leaf spot/tea_algal_leaf_spot_00366.jpg,1. Tea algal leaf spot,tea_algal_leaf_spot,G00405,d03708017756ddd3bf2d27e5273dec75146994669a802ca6b47a333cd7f67137
1. Tea algal leaf spot/tea_algal_leaf_spot_00368.jpg,1. Tea algal leaf spot,tea_algal_leaf_spot,G00407,2cf15d5e4d88c98c8757c0bc0f9c24418cfdd4710781f7cfebdf91409e6152c7
1. Tea algal leaf spot/tea_algal_leaf_spot_00369.jpg,1. Tea algal leaf spot,tea_algal_leaf_spot,G00408,b8e998d1105d45d1c9e5ef6796033ac6e95392a6086f4660ed6b62db585c244a
1. Tea algal leaf spot/tea_algal_leaf_spot_00370.jpg,1. Tea algal leaf spot,tea_algal_leaf_spot,G00409,451f756ceb28f92ec3ed582ec627f25e735a0610e99a884c7ddda3e11f5e5fc2
1. Tea algal leaf spot/tea_algal_leaf_spot_00371.jpg,1. Tea algal leaf spot,tea_algal_leaf_spot,G00410,a671670a8a579cf704b23775f35ea7ebf4aa3346be4966b6f2a1b2a517e39fe4
1. Tea algal leaf spot/tea_algal_leaf_spot_00373.jpg,1. Tea algal leaf spot,tea_algal_leaf_spot,G00412,49bb342c00c8f746d6ffa270526356026ef13e9a1e8417911af49ac0a077909f
1. Tea algal leaf spot/tea_algal_leaf_spot_00374.jpg,1. Tea algal leaf spot,tea_algal_leaf_spot,G00413,242c6a80d55d6b058b80400782a33de22c31c459e5e13e72a15c4e068195a33d
1. Tea algal leaf spot/tea_algal_leaf_spot_00375.jpg,1. Tea algal leaf spot,tea_algal_leaf_spot,G00414,5d20fdaa62a023ac5d5f59be18236b84d408f8a2e45fbc6e7d3f8e755f9c63a3
1. Tea algal leaf spot/tea_algal_leaf_spot_00376.jpg,1. Tea algal leaf spot,tea_algal_leaf_spot,G00415,29d505dd30282a1cbe0e7ae94f83f466ed71ba894c6efe066fa44167e5aef9a2
1. Tea algal leaf spot/tea_algal_leaf_spot_00377.jpg,1. Tea algal leaf spot,tea_algal_leaf_spot,G00416,abbd93e531b0b1c0b644afe709d82c54130c45da696dab855586c6e875d3a87c
1. Tea algal leaf spot/tea_algal_leaf_spot_00379.jpg,1. Tea algal leaf spot,tea_algal_leaf_spot,G00418,f936a328de468c5becfafd6225b63a0636e5d3fb8a5a5d31334a775af97faf1d
1. Tea algal leaf spot/tea_algal_leaf_spot_00381.jpg,1. Tea algal leaf spot,tea_algal_leaf_spot,G00420,7e8c8e9ddd82af71e65a0e84c2ae7dcf5b3d55a4a792399b9b3b6c85db2e5693
1. Tea algal leaf spot/tea_algal_leaf_spot_00382.jpg,1. Tea algal leaf spot,tea_algal_leaf_spot,G00421,1709729e4c6183a4dba54792ffdf5adeb05b6c5fc989bb7d58e608128dbf7f61
1. Tea algal leaf spot/tea_algal_leaf_spot_00383.jpg,1. Tea algal leaf spot,tea_algal_leaf_spot,G00422,456ac1a61ae514f6879a881a9d9c83af2fb6df7e902906093e47d53e7d300bc6
1. Tea algal leaf spot/tea_algal_leaf_spot_00385.jpg,1. Tea algal leaf spot,tea_algal_leaf_spot,G00424,36e9de9db8c90caddae1a7cbd39b63c8ca0ad2a8e6ab8486e840e69704d7e5d8
1. Tea algal leaf spot/tea_algal_leaf_spot_00386.jpg,1. Tea algal leaf spot,tea_algal_leaf_spot,G00425,f42ac3eb3049a51a1709896509df50d8ed1504c0123dca616bbcfac2ce1d127b
1. Tea algal leaf spot/tea_algal_leaf_spot_00388.jpg,1. Tea algal leaf spot,tea_algal_leaf_spot,G00427,456f01a4f9619d43a24d25eeaf8c87a15dc9b0b89131365b8863314bfca2aa31
1. Tea algal leaf spot/tea_algal_leaf_spot_00389.jpg,1. Tea algal leaf spot,tea_algal_leaf_spot,G00428,e2e79338dd2666f7c657ec30d70cb368b1043e22ef34b47dd11c79f8876189c8
1. Tea algal leaf spot/tea_algal_leaf_spot_00390.jpg,1. Tea algal leaf spot,tea_algal_leaf_spot,G00429,6f50abbce7bace79d3b3e9fd2dc3dd56cdd1b1895d3307a299a92e1bc6fc6c2f
1. Tea algal leaf spot/tea_algal_leaf_spot_00391.jpg,1. Tea algal leaf spot,tea_algal_leaf_spot,G00430,631685bd849204e019043d10e54dd0df5140a360c946f0c455f828a08047dfc1
1. Tea algal leaf spot/tea_algal_leaf_spot_00393.jpg,1. Tea algal leaf spot,tea_algal_leaf_spot,G00432,fe887602fa8591fa3a182da99bd1c5f1994f200a0f45f8c96048c9771ec6f20e
1. Tea algal leaf spot/tea_algal_leaf_spot_00395.jpg,1. Tea algal leaf spot,tea_algal_leaf_spot,G00434,84198f34d3cb84a42d876f770d47e02e18b8de59f82983ca3f758f9360582bf1
1. Tea algal leaf spot/tea_algal_leaf_spot_00396.jpg,1. Tea algal leaf spot,tea_algal_leaf_spot,G00435,0d4547da9d08ac5c654c61d20bc252d5147de11147b152ef332a050d62b06a0d
1. Tea algal leaf spot/tea_algal_leaf_spot_00397.jpg,1. Tea algal leaf spot,tea_algal_leaf_spot,G00436,1a51483814d9397d03b780bea572ec2a7b28e0b6bada9a53220e30aed8bfaca5
1. Tea algal leaf spot/tea_algal_leaf_spot_00399.jpg,1. Tea algal leaf spot,tea_algal_leaf_spot,G00438,31e99f351ab9e90f8b4bfd0b2eb4e67060eed6414cbfbf402b171c7d997d64cd
1. Tea algal leaf spot/tea_algal_leaf_spot_00401.jpg,1. Tea algal leaf spot,tea_algal_leaf_spot,G00440,df33440eedebf492339d240ea20d60e1d9a0a850b345ebe634a110cf07fab61d
1. Tea algal leaf spot/tea_algal_leaf_spot_00404.jpg,1. Tea algal leaf spot,tea_algal_leaf_spot,G00443,1205f5f1ded0f6c86a23164c25f4dcd332226513acd203b82707df8979b11342
1. Tea algal leaf spot/tea_algal_leaf_spot_00405.jpg,1. Tea algal leaf spot,tea_algal_leaf_spot,G00444,e48a4b7cbdc1aa0e426deed1cc553acb6e699e491c4369cecac5b82611331f88
1. Tea algal leaf spot/tea_algal_leaf_spot_00407.jpg,1. Tea algal leaf spot,tea_algal_leaf_spot,G00446,aab035392416420cd9c71ed5a46ba74b6e4a9e52c4a32bbf16581b76d8901219
1. Tea algal leaf spot/tea_algal_leaf_spot_00408.jpg,1. Tea algal leaf spot,tea_algal_leaf_spot,G00447,b2a5769967b61d8c7bc0fc79c8950ba08d227dde6656103ab9fe9aff009af508
1. Tea algal leaf spot/tea_algal_leaf_spot_00412.jpg,1. Tea algal leaf spot,tea_algal_leaf_spot,G00451,45ccbbf482d797bd6f7678f4306eb2eb1e866c859f35e9303bae9d844921c2a5
1. Tea algal leaf spot/tea_algal_leaf_spot_00414.jpg,1. Tea algal leaf spot,tea_algal_leaf_spot,G00453,8fab406352e706605e9500f42426a57d8bb5fc0437deddc4633e873f1af61bfc
1. Tea algal leaf spot/tea_algal_leaf_spot_00416.jpg,1. Tea algal leaf spot,tea_algal_leaf_spot,G00455,aadf5359284d79f72f028e762e646ff7a989339dfc8c07532362f8dfa06839e1
1. Tea algal leaf spot/tea_algal_leaf_spot_00417.jpg,1. Tea algal leaf spot,tea_algal_leaf_spot,G00456,b4f25e7a7f7012e042d215fc51e97f97766a00f020ad0a01d5bd4e31d3ec2325
1. Tea algal leaf spot/tea_algal_leaf_spot_00418.jpg,1. Tea algal leaf spot,tea_algal_leaf_spot,G00457,98d231b5abaed0001e5f216020dea677cdb08d215e75c1b133a3c6b62a21309a
2. Brown Blight/brown_blight_00002.jpg,2. Brown Blight,brown_blight,G00459,4146819e291575c844359a076e64b964118688f01ccdab7748542d51ac379b18
2. Brown Blight/brown_blight_00003.jpg,2. Brown Blight,brown_blight,G00460,40fcffc1ecf59205cbe08769abb4d924d8eb8389904f2d27ba985477f9d366f8
2. Brown Blight/brown_blight_00004.jpg,2. Brown Blight,brown_blight,G00461,d16578fa141e9ca9bd3c69eadd42344abd42e73745d948b93d14881101d35b41
2. Brown Blight/brown_blight_00006.jpg,2. Brown Blight,brown_blight,G00463,47993fec8e5fd96bd0f3f6f69ea296482538fad451334e2169c98d529229d281
2. Brown Blight/brown_blight_00007.jpg,2. Brown Blight,brown_blight,G00464,a24a67351401c62fe6981848906363179e08d8156960f1696548a3f49086291d
2. Brown Blight/brown_blight_00008.jpg,2. Brown Blight,brown_blight,G00465,bd5413f1f8efc884720a6fcbe82bde09d86145649b9611b7b91a882bb90a7201
2. Brown Blight/brown_blight_00009.jpg,2. Brown Blight,brown_blight,G00466,5cb549d3d8559ec749735b55fc9953128e7a36946fed7c74647988d0a990238b
2. Brown Blight/brown_blight_00010.jpg,2. Brown Blight,brown_blight,G00467,3cf211171fe0c3ad01a613c2c90e646f88e758a0e5539fd51e4153224853aee6
2. Brown Blight/brown_blight_00011.jpg,2. Brown Blight,brown_blight,G00468,c27afecdc5578516fe3302bf88a2aa83d69b88540704b24451aad1d7856f58d0
2. Brown Blight/brown_blight_00012.jpg,2. Brown Blight,brown_blight,G00469,7631f4c9c431a701e9032366837ac032b2246f2eb7b8f594136e3680fea7e8eb
2. Brown Blight/brown_blight_00014.jpg,2. Brown Blight,brown_blight,G00471,9af2f12a6615fa9bd56ed62e19c1cc1a7d34715f16388dd35963c031e2193650
2. Brown Blight/brown_blight_00016.jpg,2. Brown Blight,brown_blight,G00473,a8028cb7f9d296a8ca8ae92abd97a9c4aee3c6be078a3223d599c9d545a60a98
2. Brown Blight/brown_blight_00017.jpg,2. Brown Blight,brown_blight,G00474,ec6e117c208bf808fc6203076a5eef058940bc689482afc141e5959c90e5ee08
2. Brown Blight/brown_blight_00018.jpg,2. Brown Blight,brown_blight,G00475,0b499a399ea583599756321a1ab0c9cdf204ec00dda569b569cdb0716fa4019f
2. Brown Blight/brown_blight_00024.jpg,2. Brown Blight,brown_blight,G00481,d1b56941d450e9400f030d779cf9ea2e54c3932b87b2ace219c029705cba9c44
2. Brown Blight/brown_blight_00025.jpg,2. Brown Blight,brown_blight,G00482,8abc06aa3ed99829bf602e4514ab3e8c060a5f809c07ec70ecf691952a7be938
2. Brown Blight/brown_blight_00026.jpg,2. Brown Blight,brown_blight,G00483,1f783e64e335e625ce27f553b107cd04e302a7de5c4a8b28b2650d6f684aef19
2. Brown Blight/brown_blight_00027.jpg,2. Brown Blight,brown_blight,G00484,fb2a4024bc6fe701922d5c9f5377ce08c6acddd3738e754e2b9d54e5060714f3
2. Brown Blight/brown_blight_00028.jpg,2. Brown Blight,brown_blight,G00485,981d889bfd978bd34793707e4a3b77a09b9c7c6fa7171daf118789ebf550bf5d
2. Brown Blight/brown_blight_00029.jpg,2. Brown Blight,brown_blight,G00486,de494feb325e83c7db230be45ce0c3f212c184c931db3e33ad1074db56efe9ab
2. Brown Blight/brown_blight_00030.jpg,2. Brown Blight,brown_blight,G00487,0848eb25b8589eae61e519b86a7f3ccb3dc8e56cb8aa89c8682ce76df46cfb9a
2. Brown Blight/brown_blight_00031.jpg,2. Brown Blight,brown_blight,G00488,af18cf3af133a40a31a5e2201c3874b44eb007c4741ece6984142d9f627dfd10
2. Brown Blight/brown_blight_00032.jpg,2. Brown Blight,brown_blight,G00489,26ca52aaaaad28a5abe41376abe57bcb3f63fc2764994b09669c0408f9e60ec8
2. Brown Blight/brown_blight_00033.jpg,2. Brown Blight,brown_blight,G00490,d94cc0ad1bbcab315bac0aeb0ad0340646379a128e14b7b89377d358d9a9af68
2. Brown Blight/brown_blight_00034.jpg,2. Brown Blight,brown_blight,G00491,be728e4d46d98fb9226aeac68618fbf68c842829fd3e0d5fd980e8f0ef29fcea
2. Brown Blight/brown_blight_00035.jpg,2. Brown Blight,brown_blight,G00492,6bef7784955a5220d61b4791f4172bfa0ded0d39d8dfbb16704b99ae3ad0b55d
2. Brown Blight/brown_blight_00037.jpg,2. Brown Blight,brown_blight,G00494,6fae6725c3532136ce4eb0b00dfb63dee1d9445d7ded2b7ab2b17b6fec14815c
2. Brown Blight/brown_blight_00038.jpg,2. Brown Blight,brown_blight,G00495,f56adb88b02a58cf763b9734a63ce7980481df22380cf6025d2ed36ca4f51d6e
2. Brown Blight/brown_blight_00040.jpg,2. Brown Blight,brown_blight,G00497,b51ac8cd42347989bd12607daf5aecb707e259dc9ff8a578327b59a3bf804856
2. Brown Blight/brown_blight_00041.jpg,2. Brown Blight,brown_blight,G00498,0a80e483d16d96d517b7b5f875f46fb4dd97058ae3f2b2109af9b30d27c46f63
2. Brown Blight/brown_blight_00042.jpg,2. Brown Blight,brown_blight,G00499,0237d750af1561b3ac522343add33c8d7692b6fd846f2cec2bdbc00f96b9ee79
2. Brown Blight/brown_blight_00043.jpg,2. Brown Blight,brown_blight,G00500,39229e31d60d78968e3e4035cfb737e5afbd102b0a116a5d66fcc6ac9088be84
2. Brown Blight/brown_blight_00044.jpg,2. Brown Blight,brown_blight,G00501,c73fb4b65231e2a6197b73f857f1af2cf35d4f6fc37af365352112aa55f3f2e9
2. Brown Blight/brown_blight_00045.jpg,2. Brown Blight,brown_blight,G00502,634fca7150e3ca6de41dd86798083d947eb81b63ba40384e77e8e5eb9e98d44e
2. Brown Blight/brown_blight_00046.jpg,2. Brown Blight,brown_blight,G00503,50c8342b831718bf1c8154d2b1116bab7d7a27efb6330fe4ff6b2b10b8b5d76d
2. Brown Blight/brown_blight_00047.jpg,2. Brown Blight,brown_blight,G00504,23cdbf9a2ad209c64733262e889f0e2489f9c99ba92961092a28c21366cb9b2d
2. Brown Blight/brown_blight_00048.jpg,2. Brown Blight,brown_blight,G00505,8cfa622e70afc2ab7aa4a12c4602f86ec332b67cdcc61f762013d861ccc924bd
2. Brown Blight/brown_blight_00049.jpg,2. Brown Blight,brown_blight,G00506,129d176645b2ebb9245aca7ddfc1c9d613a5a04f11aed5de81651e2c50180f25
2. Brown Blight/brown_blight_00050.jpg,2. Brown Blight,brown_blight,G00507,7a9256f9aa226ab2e4dc6cca69c29262ec1f39a715c10d671a9cdd2eea498bd4
2. Brown Blight/brown_blight_00051.jpg,2. Brown Blight,brown_blight,G00508,1dffad8e90a0b59e4a3a74cef820f8688ef4bad89b2298fa03ced86286189d86
2. Brown Blight/brown_blight_00052.jpg,2. Brown Blight,brown_blight,G00509,bd4a1e5c3babb51867b6e5266bc3cba59620813c908055f2490e6d46abdec33d
2. Brown Blight/brown_blight_00054.jpg,2. Brown Blight,brown_blight,G00511,9f240ccc66efe172bd91d2f1312e9d7280b7b2a91eff2400e5e518bec0a09535
2. Brown Blight/brown_blight_00055.jpg,2. Brown Blight,brown_blight,G00512,911477339ecdcacb9d7ef661d1f87d3bc45d4b3863eab8e1815f509dbb07c79a
2. Brown Blight/brown_blight_00057.jpg,2. Brown Blight,brown_blight,G00514,9400244b861d83edaeb6e8b79f51e55b82a7d96a74d8193c89207792d3fc8db1
2. Brown Blight/brown_blight_00059.jpg,2. Brown Blight,brown_blight,G00516,cb70dac0f0302a4b5e13ad607e9854a338101377b00e4efaac272514232f5870
2. Brown Blight/brown_blight_00061.jpg,2. Brown Blight,brown_blight,G00518,36ef3d4729c8b7875794749d9be35537b758834ccd8f9d6f5fa9533cff6bde1e
2. Brown Blight/brown_blight_00062.jpg,2. Brown Blight,brown_blight,G00519,7de35850acc1a7377817c49286ec297ea32f992d09ec804fc21f06116740e2e6
2. Brown Blight/brown_blight_00063.jpg,2. Brown Blight,brown_blight,G00520,59b35e9cf7a88214c40b3b94a3ccbf35f52dbd586c8ecf25ae7a84f01d388fef
2. Brown Blight/brown_blight_00065.jpg,2. Brown Blight,brown_blight,G00522,2f59e492ed30711f8dfc90243ebbc964cb9d1227d9f87b2292240341b9cfbcfd
2. Brown Blight/brown_blight_00067.jpg,2. Brown Blight,brown_blight,G00524,d446f63aa4af8d2f3a7f2482c450060ed35581a0cf8ee544f9978c1b689d7144
2. Brown Blight/brown_blight_00068.jpg,2. Brown Blight,brown_blight,G00525,ae7c6f1c45ab28c08ba436ca135e4bf6fd774e4e1f5cfe3a034392a7e382d0c7
2. Brown Blight/brown_blight_00069.jpg,2. Brown Blight,brown_blight,G00526,5de2116cc896faef3ace1af719729e13b9bf1b58222930404399e2d0cb256eca
2. Brown Blight/brown_blight_00070.jpg,2. Brown Blight,brown_blight,G00527,98933524c5202c426d33cb31a99f8b6f9b3551a3bc0ae06d25a65c5e02960ef4
2. Brown Blight/brown_blight_00071.jpg,2. Brown Blight,brown_blight,G00528,146f6fbb4bc40da001943e28b2dd44322c2b187a9418151fd2873dad535db53b
2. Brown Blight/brown_blight_00072.jpg,2. Brown Blight,brown_blight,G00529,663aaad06877bc96c49e67f89d5151474b6eadd34831931e1f43815889d55cc2
2. Brown Blight/brown_blight_00073.jpg,2. Brown Blight,brown_blight,G00530,2028167abba681f56904ab83bfc619d97483b3f8d655be9b509805de32facae7
2. Brown Blight/brown_blight_00074.jpg,2. Brown Blight,brown_blight,G00531,5fbfbc8a3d85ea5367094df1b1410427dd1392949534a532baae3b417801ad3a
2. Brown Blight/brown_blight_00075.jpg,2. Brown Blight,brown_blight,G00532,651640f23e950e5949522eebd13c9e15bee8f0e490781f970e59b13d5ca4340f
2. Brown Blight/brown_blight_00078.jpg,2. Brown Blight,brown_blight,G00535,0a5bab26cc98897aabf956fac4ccbb4f2b3c720d8ad3efa58d096901c68e938e
2. Brown Blight/brown_blight_00079.jpg,2. Brown Blight,brown_blight,G00536,c9fd7f64ce590e5ab2de0b9dc23a887e8b9c344cb043083c80aaf30b819cf443
2. Brown Blight/brown_blight_00081.jpg,2. Brown Blight,brown_blight,G00538,4a4d011c05e12bd77d2768b405751542a6fc2c8c0713da22ebf5c33234e9abc7
2. Brown Blight/brown_blight_00083.jpg,2. Brown Blight,brown_blight,G00540,74ab44b020f4a9aa0fc09f30c633b72dd9268c149364c8be6f2751f86e52ba84
2. Brown Blight/brown_blight_00085.jpg,2. Brown Blight,brown_blight,G00542,786228c32d301d711d2e718d2aae07fc78bce0a5f48c3a286697343edb32363b
2. Brown Blight/brown_blight_00086.jpg,2. Brown Blight,brown_blight,G00543,7b79737a34b082bbbb40d9bfc93b19894a158e2f289edb5239ea83f854d30469
2. Brown Blight/brown_blight_00087.jpg,2. Brown Blight,brown_blight,G00544,772dd06e2e4e777f177179afb92f5dfd1d253f5ec8e5cad39f938bdf7cf8f020
2. Brown Blight/brown_blight_00088.jpg,2. Brown Blight,brown_blight,G00545,f180fc3f9084b541f876297cbe1c783aeeb9382eb799f02fc28fc2de74c56036
2. Brown Blight/brown_blight_00089.jpg,2. Brown Blight,brown_blight,G00546,0bd60dfb47d532f002b1b54de82fe84b10e9502b9ae5172bab381cd2a7185fd9
2. Brown Blight/brown_blight_00090.jpg,2. Brown Blight,brown_blight,G00547,c1eed156726da1c284f420b5d6232fd9d364e8b281c80c25c7685cdb18613779
2. Brown Blight/brown_blight_00093.jpg,2. Brown Blight,brown_blight,G00550,a25dc7d2ceea763c9c83b5cf1f282e1eef6b3329daf374c82b5f19170fc11d16
2. Brown Blight/brown_blight_00094.jpg,2. Brown Blight,brown_blight,G00003,0b54c9d4a86aff6ec6e2fa82818f3200b43ea924a348aabf2d03052475ff06c1
2. Brown Blight/brown_blight_00095.jpg,2. Brown Blight,brown_blight,G00003,b41d9215eae463c9fcf2dd30671011d3aefbddee34276bed9bc34efdc6d0a63f
2. Brown Blight/brown_blight_00096.jpg,2. Brown Blight,brown_blight,G00004,6ab1a1752c2e49f86151c108231101229231fbc9a1f4d0319d223f331bbf7e33
2. Brown Blight/brown_blight_00097.jpg,2. Brown Blight,brown_blight,G00004,9bbe030c027b4353661c61f547b8a6cc04ddfe60b2e2588db23d47bf17d1196e
2. Brown Blight/brown_blight_00100.jpg,2. Brown Blight,brown_blight,G00553,d2c6ced5165fd06c8050fcf55d2bd8f5cc1a87adacf808973cc8508ba60dfaf4
2. Brown Blight/brown_blight_00102.jpg,2. Brown Blight,brown_blight,G00555,8e11762fa545b5fb3f377d7e3380e344ff33fd7f337f591cd186fba3958dfe2a
2. Brown Blight/brown_blight_00104.jpg,2. Brown Blight,brown_blight,G00557,54a813ecb2fdbbc8f56a2a26d1f305a7d7b2f44dc1a78458b21c8e0ec791bd0d
2. Brown Blight/brown_blight_00105.jpg,2. Brown Blight,brown_blight,G00558,9c469cd7de1cb8022c543e7f6017012b4f60eca5be77b90ed787d06aadd58dac
2. Brown Blight/brown_blight_00106.jpg,2. Brown Blight,brown_blight,G00559,95f318b8e7cc30651b73ee10828225de05f8f78468db7a44b724296fe6c6e6dd
2. Brown Blight/brown_blight_00107.jpg,2. Brown Blight,brown_blight,G00560,518f29a99b347d4e0cb684f336c444a35bdf9f4b530fa8eaaa24f7ef42c51213
2. Brown Blight/brown_blight_00109.jpg,2. Brown Blight,brown_blight,G00005,74d3add31e8368d9b1cce41c961f61d0ced419c94cb3302a0cab8d8a13a52826
2. Brown Blight/brown_blight_00110.jpg,2. Brown Blight,brown_blight,G00561,7e0ffbbf02cfd5bad45aae2402741e44a0ef7938d6a122e67d37b6c984c23102
2. Brown Blight/brown_blight_00111.jpg,2. Brown Blight,brown_blight,G00562,4ed4d99b4646e7185b60de1e132b274581e110abc571e8886acf93567aee0a3e
2. Brown Blight/brown_blight_00112.jpg,2. Brown Blight,brown_blight,G00563,614b934ba3f742f5a1dc23324d18bfac4ce5db70623745264f03d44359bda5fd
2. Brown Blight/brown_blight_00113.jpg,2. Brown Blight,brown_blight,G00564,d457fc119f6d721b7259bd9248d980f5d995f8a584d6be114c92d951581ac4fd
2. Brown Blight/brown_blight_00116.jpg,2. Brown Blight,brown_blight,G00567,dd9961bfa680c95b791a8d3eb04a83d54e0c5fe32c0403fb71b7c2f1bfd96ce7
2. Brown Blight/brown_blight_00118.jpg,2. Brown Blight,brown_blight,G00006,6892c9e37ddf50efa5c832c042d4aa71b92368037b3ca6ca7eef9b811a4ac489
2. Brown Blight/brown_blight_00119.jpg,2. Brown Blight,brown_blight,G00006,b1d5fbb1213f541676b0032d8acda19d936e04068d923f47319d3c5801020004
2. Brown Blight/brown_blight_00120.jpg,2. Brown Blight,brown_blight,G00569,7f0b00c87291dc3ee3f331f45c095f84be8e4929c43331f07f7f7cca831d6bc4
2. Brown Blight/brown_blight_00121.jpg,2. Brown Blight,brown_blight,G00007,c7bd917dc9436d3195bcf96d5513752bdd3ae2871bee13b6ccef7af60c96db77
2. Brown Blight/brown_blight_00123.jpg,2. Brown Blight,brown_blight,G00570,7779603766b6d63dcbf0bb068510e5dbf18e62a8a461f1e318df02d9cd3e7c96
2. Brown Blight/brown_blight_00124.jpg,2. Brown Blight,brown_blight,G00571,4dd775e9a6dac36d04ef63def160a17a0d5369025cac25205e122d8b5e6ac68a
2. Brown Blight/brown_blight_00125.jpg,2. Brown Blight,brown_blight,G00572,d05b58a5d0576780dc57f3d67da3d568e61d60cf160b6ce2781dcdbe32800600
2. Brown Blight/brown_blight_00126.jpg,2. Brown Blight,brown_blight,G00573,779702d39eff6bece664d646029af029a4787b63356640eaab8d4ff33d6e2236
2. Brown Blight/brown_blight_00127.jpg,2. Brown Blight,brown_blight,G00574,3db9292182d86b3a76f2ae9cc03b59f8d1c0f2e24cd02cb96c26bd92986a6b94
2. Brown Blight/brown_blight_00129.jpg,2. Brown Blight,brown_blight,G00576,be800ee50437f316b95eff83a66291b905c598f13b3267fbf27d46f37b2d112f
2. Brown Blight/brown_blight_00130.jpg,2. Brown Blight,brown_blight,G00577,67c835fb55ff289414006e534961c304244abb5c06c50e1f95ea7e24dc42036b
2. Brown Blight/brown_blight_00132.jpg,2. Brown Blight,brown_blight,G00579,3ee4ba40de8779e8e909fa4a82c9344df9f4efd2c146b17285263ffc39cc3d9e
2. Brown Blight/brown_blight_00133.jpg,2. Brown Blight,brown_blight,G00580,edd59e1bbd10cb839a1f6cccd006c5dc0d908aab43846d3263b3a630b6efb4f7
2. Brown Blight/brown_blight_00135.jpg,2. Brown Blight,brown_blight,G00582,b1c76408254a4403d1adc4abc799e7062af72c1598d07f45a26545b00867146c
2. Brown Blight/brown_blight_00138.jpg,2. Brown Blight,brown_blight,G00585,ee5648813656d4c3c937abd01d9406b7397bedfbfb99726b3d3026a49d733059
2. Brown Blight/brown_blight_00139.jpg,2. Brown Blight,brown_blight,G00586,c512c6913b3222623ee010dee4b9d0df9073ad49f39fb9c5f0d7f42ca5350788
2. Brown Blight/brown_blight_00140.jpg,2. Brown Blight,brown_blight,G00587,6ea7c4e4d4bb6448b92936e9403c37576c070ca203d2a2c44ea876bbce7755d0
2. Brown Blight/brown_blight_00141.jpg,2. Brown Blight,brown_blight,G00588,871aa1272b3323e210b00fbfd9006cc3eaba2a90f4d46f31c9b3349f59f18f3a
2. Brown Blight/brown_blight_00142.jpg,2. Brown Blight,brown_blight,G00589,200a7ffaae9b723020f527a0fa3460917e3ba7bf6aafa7d4517ee65b23ccb029
2. Brown Blight/brown_blight_00144.jpg,2. Brown Blight,brown_blight,G00591,b64e739120cad35ae330bd481f39eef4802153aae06659250399e8631fb0f846
2. Brown Blight/brown_blight_00145.jpg,2. Brown Blight,brown_blight,G00592,8456436257544fae27d13e7b9ced7bfe99b98f95b67b0cb013af1c7f87e8a1eb
2. Brown Blight/brown_blight_00146.jpg,2. Brown Blight,brown_blight,G00593,573f39bdce1f01a93b6f346bcccdd01c5f6a726f26938448ff91562444b2f0ba
2. Brown Blight/brown_blight_00147.jpg,2. Brown Blight,brown_blight,G00594,cc673443f26fc3a7c6759a9bb532b2f5d6b402041cde66ec373dfce27dd55d6e
2. Brown Blight/brown_blight_00148.jpg,2. Brown Blight,brown_blight,G00595,617dee00245b2614e0ab5a2e153a5087679efc5168fde3c0a06f3de1172b9f10
2. Brown Blight/brown_blight_00149.jpg,2. Brown Blight,brown_blight,G00596,b9e28aa7c2ac6926e61d28b75deddaafeedb392b2a98354f84e10fd87ef12601
2. Brown Blight/brown_blight_00150.jpg,2. Brown Blight,brown_blight,G00597,b5c6b546fbd621ca2ebea3663689115c2b46d33ae5d14cdfb854cb7de5174325
2. Brown Blight/brown_blight_00151.jpg,2. Brown Blight,brown_blight,G00598,57a338ce51833249be52480c71d10eec9c922b24fcde911042f1e7071b135f96
2. Brown Blight/brown_blight_00153.jpg,2. Brown Blight,brown_blight,G00600,27f73ba7bc00db52dfe6aabaa1c9271e6f64b3424c8312de1358c2826c8e4e11
2. Brown Blight/brown_blight_00155.jpg,2. Brown Blight,brown_blight,G00602,41969a397347607d163a0a4ac2512392e27441703d57901d97a8d62bafb342b2
2. Brown Blight/brown_blight_00156.jpg,2. Brown Blight,brown_blight,G00603,2a8a3cdcad75f93738225f3a654db24079473d00ba25b679c9614621120b8fd1
2. Brown Blight/brown_blight_00160.jpg,2. Brown Blight,brown_blight,G00607,09b5fd887873763e54c0c67d3ac5acd948b9699745f2742599e6f1c5893143bf
2. Brown Blight/brown_blight_00162.jpg,2. Brown Blight,brown_blight,G00609,9e8f819e0b35ea7daa560f97c45eb8f9ac213b4da20bc8013b7ecb152feadac4
2. Brown Blight/brown_blight_00163.jpg,2. Brown Blight,brown_blight,G00610,189a938cc8bc89de8e1380af1ef4d559e8b333a1d10cb63de507ee1c0dade59b
2. Brown Blight/brown_blight_00164.jpg,2. Brown Blight,brown_blight,G00611,881b4a797b8624f614281513bc4604c29efb42c9d86b09c226372cb101ee3032
2. Brown Blight/brown_blight_00165.jpg,2. Brown Blight,brown_blight,G00612,7b47393ca5958ec4ec0fd4daca571a46a7f5ae9d7129818824212820f4e58199
2. Brown Blight/brown_blight_00166.jpg,2. Brown Blight,brown_blight,G00613,87907513c344c0dec82524cb224e8b070df7aac0e5c777984257801148f50e60
2. Brown Blight/brown_blight_00167.jpg,2. Brown Blight,brown_blight,G00614,2cf38f118a1720a2bfb172e99f92c4f2a61e2812c2cdf4aa94f5fda99f1472c7
2. Brown Blight/brown_blight_00172.jpg,2. Brown Blight,brown_blight,G00617,0d116293fe7c62ae527017b8ae62a013da7807c70374a2ed96d61dc1e9a1fa7c
2. Brown Blight/brown_blight_00173.jpg,2. Brown Blight,brown_blight,G00618,4814370d18d83f96846e73c15074bd27387d8a1148c049ff6e71a468bc22a382
2. Brown Blight/brown_blight_00174.jpg,2. Brown Blight,brown_blight,G00619,2de4e8f5c04f0eddeefb70e1675db3216809605242a8b298c97996fdfa998273
2. Brown Blight/brown_blight_00175.jpg,2. Brown Blight,brown_blight,G00620,e818b4493d4135a20e5e7255f042f920d4179a162561da5bb9f304a9244a6243
2. Brown Blight/brown_blight_00176.jpg,2. Brown Blight,brown_blight,G00621,e1b17efda1faffcde4ddb332000da3242e5dfdabfac6e2897bd3aab636842073
2. Brown Blight/brown_blight_00178.jpg,2. Brown Blight,brown_blight,G00623,bff85ed8f914a24a659308eca41ccb06685186944bcb73c0a2967932b437aeba
2. Brown Blight/brown_blight_00179.jpg,2. Brown Blight,brown_blight,G00624,d5870e0cddd325e948f090545f56b174361dfbdecc350e0b5f5f682843814d44
2. Brown Blight/brown_blight_00181.jpg,2. Brown Blight,brown_blight,G00626,9ab26803379709f428d7aa797630cd240c8b5cb00919534edd74621f9df5a28b
2. Brown Blight/brown_blight_00183.jpg,2. Brown Blight,brown_blight,G00628,1ee52a670e9775420eaf6512da101bb56029b541aa81f47058529deb37e5f8ff
2. Brown Blight/brown_blight_00185.jpg,2. Brown Blight,brown_blight,G00630,9e2680fc52b625161c73477957fcd62cf908a408da1fcb38a5347b521dbf4de1
2. Brown Blight/brown_blight_00186.jpg,2. Brown Blight,brown_blight,G00631,13be84d9e1417b3d513b716b23368805ca42dacd70abbaa5fd9579ae31f8844e
2. Brown Blight/brown_blight_00188.jpg,2. Brown Blight,brown_blight,G00633,ed7fb0267d9548a3bcd4de49af4ee3b7a32001b3c490323445f082b7af2a8d25
2. Brown Blight/brown_blight_00189.jpg,2. Brown Blight,brown_blight,G00634,e445b7125278dad25d9510e946409e8b4cea6f8a2710e7b4e6420ef6051192a5
2. Brown Blight/brown_blight_00191.jpg,2. Brown Blight,brown_blight,G00636,e6d3b301afeb5c4661411b51d7be5f200028f7521dcf170599f4b2cafe4536f6
2. Brown Blight/brown_blight_00192.jpg,2. Brown Blight,brown_blight,G00637,3eb7a3a099f4cf3a577fca387dae81eebf411fdc56f1cd9e36b0d8d8c0d7c0ba
2. Brown Blight/brown_blight_00193.jpg,2. Brown Blight,brown_blight,G00638,3b84157ffdc687de130927cd65009a7951558275f814d1346565fa13ff6e282b
2. Brown Blight/brown_blight_00194.jpg,2. Brown Blight,brown_blight,G00639,5e5f17e6df5c55383041004e50f84495c14f002709c9449a61737bf514357215
2. Brown Blight/brown_blight_00195.jpg,2. Brown Blight,brown_blight,G00640,a2c6baaf64eb22a75d15a47bc0bc3b79d299810d4ac17d9a8ecee3a959e8dd05
2. Brown Blight/brown_blight_00197.jpg,2. Brown Blight,brown_blight,G00642,b644c789d126bf774d86fe99dd7292c7c1cacd0d7220ed887fd0553044ebaa6f
2. Brown Blight/brown_blight_00199.jpg,2. Brown Blight,brown_blight,G00644,32b8232b477cc614b73adeb2e6683e02d47e51a94b50d416d029d02f9b707d64
2. Brown Blight/brown_blight_00200.jpg,2. Brown Blight,brown_blight,G00645,49583a7904e283ed86bc4cd08c4c24bb2145bb064e96e5277f3c2607f8804f4c
2. Brown Blight/brown_blight_00201.jpg,2. Brown Blight,brown_blight,G00646,047f4f2699824bf5331cae71dafcdb52f1298407d3e154fb7d8067bbe28a602f
2. Brown Blight/brown_blight_00202.jpg,2. Brown Blight,brown_blight,G00647,7334e53caa51446ad4ebb339746ad77a9fbd38645d1d729714546a63f814970c
2. Brown Blight/brown_blight_00203.jpg,2. Brown Blight,brown_blight,G00648,95e2883181113cff81aadbb3343d97fc554b8104de66f086f0a7b52d245e06d5
2. Brown Blight/brown_blight_00204.jpg,2. Brown Blight,brown_blight,G00649,531d7885c9887295550b35a8305d4b3a87f382ba06d2e3ffe566d7d06a0343b9
2. Brown Blight/brown_blight_00206.jpg,2. Brown Blight,brown_blight,G00651,2fad1a504a7bca8e60bf7048742dd58b1d9748ae89b578d0126dbfc7d1d6e546
2. Brown Blight/brown_blight_00208.jpg,2. Brown Blight,brown_blight,G00653,007af09a18c9e1bbc7739c3bb163b7f661df664a9cf94e5cae43cd051c29883e
2. Brown Blight/brown_blight_00213.jpg,2. Brown Blight,brown_blight,G00658,7a1652f0be4af82f4e05473e0f07d26e98bf4d1ee503cbdd7f2ef382f622e5fe
2. Brown Blight/brown_blight_00214.jpg,2. Brown Blight,brown_blight,G00659,c3cb4c40b87cb06abfa8695685b28350b5bab7c89bc91ec2a36089c1e740efb2
2. Brown Blight/brown_blight_00215.jpg,2. Brown Blight,brown_blight,G00660,d173ea44d51041158894e247474ee6c108b0ca2acff85070f0719c8f33dc0525
2. Brown Blight/brown_blight_00216.jpg,2. Brown Blight,brown_blight,G00661,e504f1ecd41d50d8bddca9b872439dc33752b1d8fba40fe4bf517ac11c54b453
2. Brown Blight/brown_blight_00217.jpg,2. Brown Blight,brown_blight,G00662,a6aecb5ea5897d54fe244d08865fce90f022c31d2e48d1b799865525b859a05e
2. Brown Blight/brown_blight_00218.jpg,2. Brown Blight,brown_blight,G00663,c382407ecb7f412a2f2875785a073c15e0baacb6ea6da5ee22b11d29ebcc074d
2. Brown Blight/brown_blight_00220.jpg,2. Brown Blight,brown_blight,G00665,3fa9ed3c87d701730293cfac83e8aae3eb1f687e78b92829448d6823284bb5ee
2. Brown Blight/brown_blight_00222.jpg,2. Brown Blight,brown_blight,G00667,9fa82d87fbb03f02e5210cce28e1c5d012ddc4c79d4f9f5eb5b478bc21033981
2. Brown Blight/brown_blight_00225.jpg,2. Brown Blight,brown_blight,G00670,ea8edf1eee05b88c554837f771845293170e005bc0d17081d227f7e3e4cef2fb
2. Brown Blight/brown_blight_00226.jpg,2. Brown Blight,brown_blight,G00671,55c53d6aebbb8db5285d39e70a067c36845b48b6f3e50a308907de5e7defd32d
2. Brown Blight/brown_blight_00227.jpg,2. Brown Blight,brown_blight,G00672,d681d936a4f70a64dbcc19c9a5ed673ef5381c888130a174806205d6194a69c9
2. Brown Blight/brown_blight_00228.jpg,2. Brown Blight,brown_blight,G00673,7009d571de4336b60814de93af1ba3d31b2057cd59b681144bf3fde5836b6f8e
2. Brown Blight/brown_blight_00229.jpg,2. Brown Blight,brown_blight,G00674,094d6ea79b170e070b262f20200109fe4ecb3d475747fac609383b5761bc32ee
2. Brown Blight/brown_blight_00230.jpg,2. Brown Blight,brown_blight,G00675,2f9a4ba10a03571d7160a040a17bed1b00f6f1f7593d3f962b98f21431766fd4
2. Brown Blight/brown_blight_00231.jpg,2. Brown Blight,brown_blight,G00676,7b2c50801eb2d3925589ca48045740fe99382112437377e7d3ef6d4dcc9e219b
2. Brown Blight/brown_blight_00232.jpg,2. Brown Blight,brown_blight,G00677,a742e411bbc4825eef446656d3b9c5580ff1b78bd80dea95d6af0b0c888d0ec2
2. Brown Blight/brown_blight_00233.jpg,2. Brown Blight,brown_blight,G00678,0f3a47ac8734e8cfe0d7b434f21c405088431e766f4c86ffe2769308107dde38
2. Brown Blight/brown_blight_00234.jpg,2. Brown Blight,brown_blight,G00679,40ca0c4aa9e5b33b87ad77d4c8c7cb2ca058792e2bd177b758ea42bda06ddad9
2. Brown Blight/brown_blight_00235.jpg,2. Brown Blight,brown_blight,G00680,8a4bfe66bb30d18eee84b88d38a6a1d0eb30210db9eb6f6bff27ca7cce0e9aaf
2. Brown Blight/brown_blight_00237.jpg,2. Brown Blight,brown_blight,G00682,0f3189ccfe489abd88189bfc3311703edbb4c493fed4fa97912c5f32aed6a635
2. Brown Blight/brown_blight_00238.jpg,2. Brown Blight,brown_blight,G00683,8bdeced6e0d953e100b220be940b086b48ffa317d023f9059e431c8c15ea2503
2. Brown Blight/brown_blight_00239.jpg,2. Brown Blight,brown_blight,G00684,bec7e720fddd892a4fa9b9046bd2ae9316a6170163bfabf854ec4b16adaef544
2. Brown Blight/brown_blight_00240.jpg,2. Brown Blight,brown_blight,G00685,c63a48466c2f57a222fe287f2635b7a3e8097cc4f0b2be8b5a55b61f79489138
2. Brown Blight/brown_blight_00242.jpg,2. Brown Blight,brown_blight,G00687,96159a68cc16cccde9dda0a8695306826ec3af2d9acac6746a21d570feffb1b2
2. Brown Blight/brown_blight_00243.jpg,2. Brown Blight,brown_blight,G00688,a1b808732a2b4c421aded82cb90a9cd5bb0071df73a6367c90ea7cb496168f40
2. Brown Blight/brown_blight_00244.jpg,2. Brown Blight,brown_blight,G00689,a0a20f46e35a77bc9b69c8e4e561a4b33ea5b6203c74f870b0a5b3fd8d899713
2. Brown Blight/brown_blight_00245.jpg,2. Brown Blight,brown_blight,G00690,3ae1279423cfa55c1bcf694cce96ac35017b55d03a1f57966cee90397c955d0b
2. Brown Blight/brown_blight_00246.jpg,2. Brown Blight,brown_blight,G00691,3fabee11917f1e061e1bdbd117415592eb12ad83d92bcb01d93dba0359c5b17c
2. Brown Blight/brown_blight_00247.jpg,2. Brown Blight,brown_blight,G00692,0483580a4c2b8bf99c8333fdbff43ed4bea987df2664e8b1438798cc810b5768
2. Brown Blight/brown_blight_00248.jpg,2. Brown Blight,brown_blight,G00693,f7837a2a968ea2dcee7a8f63e5c2e5f76c98cb8231b5822630fa8d29791c7973
2. Brown Blight/brown_blight_00249.jpg,2. Brown Blight,brown_blight,G00694,20b3ef45f5019e781d91fc65d7aa1b1e374da4a9644775dd965f108ae6c1e5db
2. Brown Blight/brown_blight_00250.jpg,2. Brown Blight,brown_blight,G00695,637f5f33a35b015f45c92abc678d585406706b8cb8324db0c0643a693c5b23e7
2. Brown Blight/brown_blight_00251.jpg,2. Brown Blight,brown_blight,G00696,e522bc618a47d085d662362cf720dd597f3a6f4474b287c359a35470d3b6e30c
2. Brown Blight/brown_blight_00252.jpg,2. Brown Blight,brown_blight,G00697,1b389ce95a7f4f896cfc6a41bf7df8965fefc1d7194e626050e523f158438d56
2. Brown Blight/brown_blight_00253.jpg,2. Brown Blight,brown_blight,G00009,4d92223ca8422df482d2a54b7e6a5b9b5b6ec465a2a6d4392336315443af8fce
2. Brown Blight/brown_blight_00254.jpg,2. Brown Blight,brown_blight,G00009,51046e2fbe07d11ff023c38373758b91de92f4e773070ca89bf524f97e38e1f8
2. Brown Blight/brown_blight_00255.jpg,2. Brown Blight,brown_blight,G00698,8c5528eb37edd2e4ec1dc67899f735d2ddd22eb026da205fc5a49e11fa89ff11
2. Brown Blight/brown_blight_00256.jpg,2. Brown Blight,brown_blight,G00699,0a8526e283072f5bec1d15ec0f688c95921c1ba6857ad58b029f40496dfb4bf2
2. Brown Blight/brown_blight_00257.jpg,2. Brown Blight,brown_blight,G00700,456f82fee0f77639dff15606d63e5670a779fd47ec50e9919be4f401335a6e39
2. Brown Blight/brown_blight_00258.jpg,2. Brown Blight,brown_blight,G00701,df18dc34e42d516f32d385736cbe158d4f40231cea76965eeb3426b1b6d0140e
2. Brown Blight/brown_blight_00259.jpg,2. Brown Blight,brown_blight,G00702,45462f0f983c3bc7aa45585197ba858b8d3b9e959aa227d171e8da89dab1b7e8
2. Brown Blight/brown_blight_00263.jpg,2. Brown Blight,brown_blight,G00706,29374518a9d92cb04a1e06afd3f1ee857e69391f6695647a2884a306bf443823
2. Brown Blight/brown_blight_00264.jpg,2. Brown Blight,brown_blight,G00707,f70750c3ff8757c410ce811f57af8aa432618229c874c962e2979618a7ad8cc5
2. Brown Blight/brown_blight_00265.jpg,2. Brown Blight,brown_blight,G00708,62ee3b7718573a758046d7def77671e2872d841acbc81623f9a9e1eead5d22c0
2. Brown Blight/brown_blight_00266.jpg,2. Brown Blight,brown_blight,G00709,559c36e44c83989973e0bffe23330275c95f6e67f06982b9d7649a300dab828c
2. Brown Blight/brown_blight_00268.jpg,2. Brown Blight,brown_blight,G00711,e396a828a6184ce878740ebf4b175458f1d9110daa47148726a56cae60d47021
2. Brown Blight/brown_blight_00269.jpg,2. Brown Blight,brown_blight,G00712,0fd8090434f8c071f18c46850cf537811621aacee06760b5df8895f6ee2d9b04
2. Brown Blight/brown_blight_00270.jpg,2. Brown Blight,brown_blight,G00010,eaf1d8133e345e921e0c1955012f34774228424e988e3f5e89d4f32ed3410f8d
2. Brown Blight/brown_blight_00271.jpg,2. Brown Blight,brown_blight,G00010,15b2c1db577a22fcbbf118684fd5260610fd164ccc2fdbbcda97aa691585a9da
2. Brown Blight/brown_blight_00272.jpg,2. Brown Blight,brown_blight,G00713,c5569d441b761cb082437e4e104aa63e5f58f467cd487633694e1d2c4935564c
2. Brown Blight/brown_blight_00273.jpg,2. Brown Blight,brown_blight,G00714,c14b23f343794b16af7af666ccf932e277520f133fe311c0ca9eb13e7b5831c9
2. Brown Blight/brown_blight_00274.jpg,2. Brown Blight,brown_blight,G00715,f2e136f88c106eab19e8507efc53cf0bd3d53a246a3e571038c4ab15a54714e7
2. Brown Blight/brown_blight_00277.jpg,2. Brown Blight,brown_blight,G00718,b0b1df13058dd51a6ebdc759d05f5c01900f3e2f62f4fe094c2ce811da3cce6c
2. Brown Blight/brown_blight_00278.jpg,2. Brown Blight,brown_blight,G00719,00a922d04bf4254e339fe50e984887ab606cd554ac0d0c6252ff44eb586527c1
2. Brown Blight/brown_blight_00279.jpg,2. Brown Blight,brown_blight,G00720,b5e1ac73d15eb3e275ef15c67cd3c435ae03e8c4da61a54028b1f9e26f47f1d7
2. Brown Blight/brown_blight_00281.jpg,2. Brown Blight,brown_blight,G00722,ddbcafb633ce5eff2a1eadfc019d40a3c5c099e868da691a7a72ee9b61282946
2. Brown Blight/brown_blight_00282.jpg,2. Brown Blight,brown_blight,G00723,2aa7633017092fd35dcc5a14a5ef739f977697bfb0ffb2b5979043a20a0495cf
2. Brown Blight/brown_blight_00285.jpg,2. Brown Blight,brown_blight,G00011,777b1176d5aca71e198cebb99329db186a53830f42103b2b6eb7ce6deb682af6
2. Brown Blight/brown_blight_00286.jpg,2. Brown Blight,brown_blight,G00725,37a2826b11c22bb51df4b8fcd3a4187ba8737d2485f0b62cd31c81ff4e20efae
2. Brown Blight/brown_blight_00289.jpg,2. Brown Blight,brown_blight,G00728,67f44464b98613e27e8053e811abf5d6fb2042af6025cb17a2283bd8c7b66bd7
2. Brown Blight/brown_blight_00290.jpg,2. Brown Blight,brown_blight,G00729,270f18f04523c9198fb961efdf4aad67952f03591ac7fb712984d2a31a5a2e4b
2. Brown Blight/brown_blight_00291.jpg,2. Brown Blight,brown_blight,G00730,a352df52181c5565afde482c561db268f0957a47a72e3bc047a26a7ccd72fe57
2. Brown Blight/brown_blight_00292.jpg,2. Brown Blight,brown_blight,G00731,5edaca4c0b7e07897a8dac171327ed09946482d736f427150400a49894e809aa
2. Brown Blight/brown_blight_00293.jpg,2. Brown Blight,brown_blight,G00732,cfa2a277fff835cffdf6e97e8f7efeea384b88ca5ab92ff4da81c569e048d9c0
2. Brown Blight/brown_blight_00294.jpg,2. Brown Blight,brown_blight,G00733,c49fccc8877132ef42daa0c83bd10231b8c8e6cd1904881d85f074c203075044
2. Brown Blight/brown_blight_00295.jpg,2. Brown Blight,brown_blight,G00734,9c0c14543e482b64bd5144119fe008b65a40f71a6b3725e51e66a72aba033874
2. Brown Blight/brown_blight_00297.jpg,2. Brown Blight,brown_blight,G00736,75fbed9c11579eccab4c5d6a39f4fdf2305bce29a6d0dafdb1804f7321f4d0b7
2. Brown Blight/brown_blight_00300.jpg,2. Brown Blight,brown_blight,G00739,61fe4da66da763bbad30e6fb8b683585f84102940e0e696710d6f6d46060f10f
2. Brown Blight/brown_blight_00301.jpg,2. Brown Blight,brown_blight,G00740,9faa0c3d6d54a322d1dac070734906ac54de67cba3623bff7a0466292e245720
2. Brown Blight/brown_blight_00302.jpg,2. Brown Blight,brown_blight,G00741,66418111e6992148074446ee4ff274a17ae82c2d21930d230e19de51845d9fab
2. Brown Blight/brown_blight_00303.jpg,2. Brown Blight,brown_blight,G00742,b9c6f62b96be6b782d57fdc13645a84a14c1c63320f4d4ab6d83805854950b65
2. Brown Blight/brown_blight_00304.jpg,2. Brown Blight,brown_blight,G00743,ba595d7048d8b16722d217a2f8ecc65cc5a063fcf4c4431690573114d0f35bf4
2. Brown Blight/brown_blight_00305.jpg,2. Brown Blight,brown_blight,G00744,114d648b17b48f7822c1c968cee43a363303626974e79f022eec7ac3aaeef08f
2. Brown Blight/brown_blight_00307.jpg,2. Brown Blight,brown_blight,G00746,fef27429449cf1653a27774b271ae84d9be338750f0e2df91da6b021ffc192b1
2. Brown Blight/brown_blight_00308.jpg,2. Brown Blight,brown_blight,G00747,8fafc3e9bb5ece09fe818ba7de72993e543681c4d30d01f6cf85f0a0b93a3188
2. Brown Blight/brown_blight_00309.jpg,2. Brown Blight,brown_blight,G00748,4aff4d2b0398ce5a47294d7a0d67e77d95a589c0bccc1f4c4bb1c8397e708a53
2. Brown Blight/brown_blight_00310.jpg,2. Brown Blight,brown_blight,G00749,519ea20c918ab7741eeaeaf9942b9b8347966f9b9e643a3cf68a235d758ba867
2. Brown Blight/brown_blight_00312.jpg,2. Brown Blight,brown_blight,G00751,01419f59804a9092de9253b2fad47e3b86be40aaeb3f8ea745a0bf602d1c2c6c
2. Brown Blight/brown_blight_00313.jpg,2. Brown Blight,brown_blight,G00752,d63e25fb1baff052ad7969b87f385c0324ea936acc2e204a494ad4870aa5b981
2. Brown Blight/brown_blight_00314.jpg,2. Brown Blight,brown_blight,G00753,8e9ca4040f356e3b5018456ace3cc6f0c618be23b64412046dcf07f3bdc642ac
2. Brown Blight/brown_blight_00315.jpg,2. Brown Blight,brown_blight,G00754,148a460c771ade7a66888309b8d3da26affb4974a4946e3ee2bb8a6443f306f7
2. Brown Blight/brown_blight_00316.jpg,2. Brown Blight,brown_blight,G00755,6203edba0978d61a1ea91d3775920b1a05ae04fca8ce6ead7b265571d836b7a6
2. Brown Blight/brown_blight_00317.jpg,2. Brown Blight,brown_blight,G00756,658514f5f207d4b6d38f9627c328a7ab2002a473b85f6ff233abf714b684cc10
2. Brown Blight/brown_blight_00319.jpg,2. Brown Blight,brown_blight,G00758,22baa38064188eb617a26b80dab8ac67f53dc854c936e90934e5a6d96ab97f98
2. Brown Blight/brown_blight_00321.jpg,2. Brown Blight,brown_blight,G00760,ea98032082f2becf5d01643c50def7b53f90a1c478d7ddddf8670ff74b6c4a6d
2. Brown Blight/brown_blight_00322.jpg,2. Brown Blight,brown_blight,G00761,4f5c04744f069b1527ab2b19be9434bc7cd2b97f25719db17481cf1f14512c3f
2. Brown Blight/brown_blight_00323.jpg,2. Brown Blight,brown_blight,G00762,0c6803a815bc0bb434797afccbe726b05c993e756615e1d9d907483cdb03bc01
2. Brown Blight/brown_blight_00324.jpg,2. Brown Blight,brown_blight,G00763,67bee53091edd4a3bf8d15e55a35cdefc3f2d133ffbd5fa5c69824c482815965
2. Brown Blight/brown_blight_00325.jpg,2. Brown Blight,brown_blight,G00764,8f288bd02816eae477500e50df9fec21a3e2af04f933440778f613d63cb04176
2. Brown Blight/brown_blight_00326.jpg,2. Brown Blight,brown_blight,G00765,73ed436387952e1878558ef3d412d65932d03cc3e8b9d3a39bb5147a6239af33
2. Brown Blight/brown_blight_00327.jpg,2. Brown Blight,brown_blight,G00766,ad384be1cc82c931dfbd5dda5e6cdd805da4b2cf3386a57bc97d7b28bb34c8b9
2. Brown Blight/brown_blight_00328.jpg,2. Brown Blight,brown_blight,G00767,ad110198de7d5b20ee69e68e4ebdba6076d34e6851fff522c42036828113150d
2. Brown Blight/brown_blight_00330.jpg,2. Brown Blight,brown_blight,G00769,a6bc9a12108cc1b71a9a9dfc66b03448ccb626a819ef16e30c4562b4dd469eb8
2. Brown Blight/brown_blight_00331.jpg,2. Brown Blight,brown_blight,G00770,5c21cf69a0da145d914d5f79dcf4c0e584504ec109d8fca0e913bdbe29c3c9cc
2. Brown Blight/brown_blight_00332.jpg,2. Brown Blight,brown_blight,G00771,355c7e74ff30b96ab5833c06f8f6261b466568234f99428230379e0d89de0419
2. Brown Blight/brown_blight_00333.jpg,2. Brown Blight,brown_blight,G00772,4da5a898fd99c545287b6f0b957238362d22fa75e64c31c1355c090b96ee4771
2. Brown Blight/brown_blight_00334.jpg,2. Brown Blight,brown_blight,G00773,dd838b6240fcf7269ce496eb677bac60713faa3351434e145b64a91dd095d7b8
2. Brown Blight/brown_blight_00335.jpg,2. Brown Blight,brown_blight,G00774,333742448c0531bc40aae8bf0534415e1cba086a17cfb62646ebffb553bbc3a1
2. Brown Blight/brown_blight_00336.jpg,2. Brown Blight,brown_blight,G00775,d88b45d2d029bc1099fbdfcd3397843220609169e73fb51844201f07bc8c7d09
2. Brown Blight/brown_blight_00337.jpg,2. Brown Blight,brown_blight,G00776,1294e22721a6a3c4845a2388a084adf2e4fca5a56cf8473e461a1a0120b881a0
2. Brown Blight/brown_blight_00339.jpg,2. Brown Blight,brown_blight,G00778,f1fa175ca30158547e930ebde68ff49d010ad082cff4661579b2f2f110d8056c
2. Brown Blight/brown_blight_00345.jpg,2. Brown Blight,brown_blight,G00784,991c3b236e1e52b131afa38e79f1f4346f6cba991b3d79e1a86d5b64a9bf2674
2. Brown Blight/brown_blight_00346.jpg,2. Brown Blight,brown_blight,G00785,c0b247edf0199ab8200362b7b6b5b7f92063257a817bc76314a1e847726c088b
2. Brown Blight/brown_blight_00347.jpg,2. Brown Blight,brown_blight,G00786,bfd54e006c46e4104206a24f9cd97c8eeac2526cf3d28ddfc4957ff2abb7ebe9
2. Brown Blight/brown_blight_00349.jpg,2. Brown Blight,brown_blight,G00788,5dfde26980db4902834c69a8f049c1d71032c856f41283620c17c2abd6d2c9d7
2. Brown Blight/brown_blight_00351.jpg,2. Brown Blight,brown_blight,G00790,1935e0a59d486858be3c1572eb66e3e6a9879a353efac3b6c862c13d49ef116a
2. Brown Blight/brown_blight_00353.jpg,2. Brown Blight,brown_blight,G00792,d6d022b0c66a8505d48c6a8e055e150c984dc8aee391615ae89b5bc64d121c45
2. Brown Blight/brown_blight_00355.jpg,2. Brown Blight,brown_blight,G00794,87e06a2329e4ee3b22659b0e8e081a213affe881ff94c5469aa3a63009476fa0
2. Brown Blight/brown_blight_00356.jpg,2. Brown Blight,brown_blight,G00795,1b9d58b3bb436b21de524d90af1a293e948ce1077f2fe301a3926001f277187e
2. Brown Blight/brown_blight_00358.jpg,2. Brown Blight,brown_blight,G00797,192a07b87c96d9d6a9f2a2db5948ec06d147a30da78662a9d1b6ca2d242dc1ce
2. Brown Blight/brown_blight_00359.jpg,2. Brown Blight,brown_blight,G00798,8453710241ab703a48936946f4d113fc6ca3cbc075c1ce1312d3b817cfd5db94
2. Brown Blight/brown_blight_00361.jpg,2. Brown Blight,brown_blight,G00800,012c24b13993dd07ed181e5cfc393c79221c0d1cca98ff95bf3b8c88d267d4f3
2. Brown Blight/brown_blight_00364.jpg,2. Brown Blight,brown_blight,G00803,ff84f2900425a38b7fe86dc4d60a9377c0f72f83be1a62e678a9f561325bfb97
2. Brown Blight/brown_blight_00365.jpg,2. Brown Blight,brown_blight,G00804,68000e0a4906010a048e8718d4a075cabe59c8948585e7cf1275e4d7ddcc5dbe
2. Brown Blight/brown_blight_00366.jpg,2. Brown Blight,brown_blight,G00805,d95ffa41b1c1bbd0d500b22fa7cddd0fe4613e690fa5b7919be22de35be80bfd
2. Brown Blight/brown_blight_00367.jpg,2. Brown Blight,brown_blight,G00806,6d2c012ed90672e8560ee406c19448b14279fb329d917190a14c61c8527df9a0
2. Brown Blight/brown_blight_00368.jpg,2. Brown Blight,brown_blight,G00807,42944870732dd1333053169e79cc152392616be0655ea4a6df30839215838dd9
2. Brown Blight/brown_blight_00370.jpg,2. Brown Blight,brown_blight,G00809,993aafe953a72e152b94e2f15a1ce23af713cd44b0ad99e6ac2d6334cc407e22
2. Brown Blight/brown_blight_00371.jpg,2. Brown Blight,brown_blight,G00810,fa9fa7ea9f9abdf1c7b07f9379c382dcbd85c68b8df6771dd5f6c1f7daf7474c
2. Brown Blight/brown_blight_00372.jpg,2. Brown Blight,brown_blight,G00811,d9072a4bc56d41d9e9f570f9c5d65e038ff0601743a12d2b10c3e50161cc57e6
2. Brown Blight/brown_blight_00373.jpg,2. Brown Blight,brown_blight,G00812,836613d9d764443aef064b928decb9ea7db6b0b02e7856fb187f2b99545f1b30
2. Brown Blight/brown_blight_00375.jpg,2. Brown Blight,brown_blight,G00814,8d1abe861f2da95937a64f8dee761c1d89b7e88c5f259421362c9ebd6564ff8a
2. Brown Blight/brown_blight_00376.jpg,2. Brown Blight,brown_blight,G00815,b2fd56e2a95779ca1a8ad548626e30eda0cc8311f4a51705666dfac17c9946ac
2. Brown Blight/brown_blight_00379.jpg,2. Brown Blight,brown_blight,G00818,ba5df8d33f6cc5cdd598a275fb4e9a0063c1541062031c53e457f2bd26b63a6d
2. Brown Blight/brown_blight_00380.jpg,2. Brown Blight,brown_blight,G00819,447d8ee2fa76d764e4273084c0d693c157864e4522ff4de3d89793f6e9925777
2. Brown Blight/brown_blight_00381.jpg,2. Brown Blight,brown_blight,G00820,9494f3a49b08648f3a49642960306c568cd4ec8ed93bc85f594e97e329c77134
2. Brown Blight/brown_blight_00382.jpg,2. Brown Blight,brown_blight,G00821,5e20012091f9ec8e5ee54454b8af19604eaa4a96f07b472a220cc591266acbe0
2. Brown Blight/brown_blight_00383.jpg,2. Brown Blight,brown_blight,G00822,e5bf16bdb0709dd72a864f64d798d7e76676f5066faf0cdb5c6a2f8c365c3ccb
2. Brown Blight/brown_blight_00385.jpg,2. Brown Blight,brown_blight,G00824,450c36b6ada85e875262479849f0a58fa6669095dd0db9391e4893b2c6ebac9c
2. Brown Blight/brown_blight_00386.jpg,2. Brown Blight,brown_blight,G00825,4fec3d4202fea8299be2c8ae7138684d0c00ce541590c80e9d4d2c1a72a629d0
2. Brown Blight/brown_blight_00387.jpg,2. Brown Blight,brown_blight,G00826,22c3fc9c1147e17339f68b83691cb141213ece77ae1c073287bba2b4907c1503
2. Brown Blight/brown_blight_00388.jpg,2. Brown Blight,brown_blight,G00827,27f448682464cda5718658839d1f545c53379f6a8a795f9a8fa0be89bb763cbc
2. Brown Blight/brown_blight_00389.jpg,2. Brown Blight,brown_blight,G00828,6ea0e60891ec071fd7a77cc3c7039775a228b6c02af0143425228e829cfeac09
2. Brown Blight/brown_blight_00390.jpg,2. Brown Blight,brown_blight,G00829,ed027b82b95b856291d00f25c7ab1b81b0d3a1027bf1bf7827f41e4373d0beb8
2. Brown Blight/brown_blight_00391.jpg,2. Brown Blight,brown_blight,G00830,83bf2e11a88bc712548365e9cd19bf2c19de10dc0dfacf3508bc97d55dfaae96
2. Brown Blight/brown_blight_00392.jpg,2. Brown Blight,brown_blight,G00831,f0abd5ceaed242c10879382be75ded4391708c655ccfbeffcabd2454cc3e6583
2. Brown Blight/brown_blight_00393.jpg,2. Brown Blight,brown_blight,G00832,3a50b25cf95ea258d99af3fa7aa24b410f07cfb15b8cd667efd90832aa5c5ab7
2. Brown Blight/brown_blight_00397.jpg,2. Brown Blight,brown_blight,G00836,22ff1fde9a82112cf1d851a85f246f39b16e2ebecb109bb2264363df20442d61
2. Brown Blight/brown_blight_00398.jpg,2. Brown Blight,brown_blight,G00837,db01f0673954cb35ed5f976b1447a9869c6a5d395be275fad5d5113dc9d3aaa7
2. Brown Blight/brown_blight_00399.jpg,2. Brown Blight,brown_blight,G00838,7a9feaf0638987f66d5e492675a1463dfe389ab2e99bb331545eb00324c38c2d
2. Brown Blight/brown_blight_00402.jpg,2. Brown Blight,brown_blight,G00841,7310e0d6a567ec49a7d006766884a2b8854fd7e75448f4ce6c91c84e200d5c38
2. Brown Blight/brown_blight_00403.jpg,2. Brown Blight,brown_blight,G00842,8488e9b4e0ee491ce82586746571467ab4964cef8473c226ae07fd6cdc607d47
2. Brown Blight/brown_blight_00405.jpg,2. Brown Blight,brown_blight,G00844,1dea695929a9f7c32dffeea06197412a205721c1584815690e1f2474f34c3fcc
2. Brown Blight/brown_blight_00407.jpg,2. Brown Blight,brown_blight,G00846,210160ed38d3435df3584687fd95a61334c2ba21fb99436145b38575d1dc59bd
2. Brown Blight/brown_blight_00409.jpg,2. Brown Blight,brown_blight,G00848,20e68b0677afe73095580f617c9de41923ea30d8878052f305104568f0828073
2. Brown Blight/brown_blight_00412.jpg,2. Brown Blight,brown_blight,G00851,7b965f3ca937c55fcaff7edcc90673cbbb6c17f77be8d658a0ec6fa58d4401a2
2. Brown Blight/brown_blight_00413.jpg,2. Brown Blight,brown_blight,G00852,dd10daa152485859849793c5fe312de267afe3ab4e005915b59f7ccea9e44708
2. Brown Blight/brown_blight_00414.jpg,2. Brown Blight,brown_blight,G00853,00267b4bd62f103bd429aa7288da12b427c90683669277f0050cdc248be5a472
2. Brown Blight/brown_blight_00415.jpg,2. Brown Blight,brown_blight,G00854,4be1db0bbd7c6ebf3e60c27b0660a085c204abf235e007ef07b436af8a7e398f
2. Brown Blight/brown_blight_00422.jpg,2. Brown Blight,brown_blight,G00861,306b2727912ea2263d16dc39caa754c4a0500d25e20a91fce6479cb2a28120d4
2. Brown Blight/brown_blight_00423.jpg,2. Brown Blight,brown_blight,G00862,f40e2cf1cd46dfa1c6ef352bac30a1ff6ac13cd537ecb652c91c58cd90209497
2. Brown Blight/brown_blight_00424.jpg,2. Brown Blight,brown_blight,G00863,c23161d0115fd274db6bfa245aa34cb59f31a0d8358190528cfa8be70b249398
2. Brown Blight/brown_blight_00425.jpg,2. Brown Blight,brown_blight,G00864,a18ebb373b50757137fa44047748e0f3c89672f81121576a41b2302c3958a179
2. Brown Blight/brown_blight_00430.jpg,2. Brown Blight,brown_blight,G00869,aa34c42afdce9874bc6f764a589fe122bb9deafd31645c5f5683e04bf7ce0bf2
2. Brown Blight/brown_blight_00431.jpg,2. Brown Blight,brown_blight,G00870,f9c7f0edf7611d8abe91406b685a1176842da745bbb0655295e0bbd28a56d138
2. Brown Blight/brown_blight_00432.jpg,2. Brown Blight,brown_blight,G00871,db67f9fdc807fb1139f295acbc370f572d79f490657be06ea7563c4a8c6b6d0b
2. Brown Blight/brown_blight_00433.jpg,2. Brown Blight,brown_blight,G00872,18bd47973bf3f0f3e4501872dad6c517a5c1eef48faaa5090421803154755d1a
2. Brown Blight/brown_blight_00434.jpg,2. Brown Blight,brown_blight,G00873,011d6acf99233f4ba2be42c7c2b7e21026195b0ec2677c0e050857901ddf793f
2. Brown Blight/brown_blight_00436.jpg,2. Brown Blight,brown_blight,G00875,052c5d15c4a3f3ff1673b723432d0a6c710363ec23b4c31013cb44cd2d4cb73e
2. Brown Blight/brown_blight_00438.jpg,2. Brown Blight,brown_blight,G00877,349b45d8bb0e68c1fce60b798dd12af62c115ebe9f532b288152ddb360318734
2. Brown Blight/brown_blight_00439.jpg,2. Brown Blight,brown_blight,G00878,d382006494e671812c8b9a96c674038edb10594e31683225ce477afdc3f1073a
2. Brown Blight/brown_blight_00440.jpg,2. Brown Blight,brown_blight,G00879,217ae0ed9e23507a172c516dd5ebb1d677a8b6513d91939807f49a26185e77a2
2. Brown Blight/brown_blight_00442.jpg,2. Brown Blight,brown_blight,G00881,104c9dea7ede1c316a31de28548a5aca6c631be8e9f43ee31b17f3271b8d83af
2. Brown Blight/brown_blight_00444.jpg,2. Brown Blight,brown_blight,G00883,ab9f782181cc068dea491461f0c5830a543ca7d488079fb8ab241adfbcf2e1df
2. Brown Blight/brown_blight_00445.jpg,2. Brown Blight,brown_blight,G00884,bedf8d93d9f4e759ac4b9e506f3ce0efb8dab25b32539db3b6f23e5e12e7400b
2. Brown Blight/brown_blight_00446.jpg,2. Brown Blight,brown_blight,G00885,c6ab65a23a7d82561b2eda54d09885f7828d77eaa68627e52cb3c682941b91ae
2. Brown Blight/brown_blight_00447.jpg,2. Brown Blight,brown_blight,G00886,633ab358457b43f7b0ea33024d5309b87eec14e80d88ae00eba5b30b8f7c1b95
2. Brown Blight/brown_blight_00449.jpg,2. Brown Blight,brown_blight,G00888,21cf5cf109283537ca658af448d7579f7a897c0bd5b71a18ab09267198cabbcf
2. Brown Blight/brown_blight_00450.jpg,2. Brown Blight,brown_blight,G00889,1f268a58d3bdace54295578a5cdca534e3dd5e9273874818c96f13cabd8682c0
2. Brown Blight/brown_blight_00454.jpg,2. Brown Blight,brown_blight,G00893,9078fc8862c832f0c14e33e9bc6388ff41635f76891f5c16bc08a72ecec45412
2. Brown Blight/brown_blight_00456.jpg,2. Brown Blight,brown_blight,G00895,7cfe6941665f60d0f6f08bd6a0f2469ac9dbef46128d0aba226863ebc451f035
2. Brown Blight/brown_blight_00458.jpg,2. Brown Blight,brown_blight,G00897,8a2bcd94618b4bac9b5ab74a995209158106fade49fb1f44b24c0a7fa97c8937
2. Brown Blight/brown_blight_00459.jpg,2. Brown Blight,brown_blight,G00898,deec173c742234d03c5fa51829018ca2f7645dfbe85dd2e33a2a50202177704b
2. Brown Blight/brown_blight_00462.jpg,2. Brown Blight,brown_blight,G00901,3078b2e0ee07dbe6931ba73b57ddd1778587482d9b8a576ae070b79a9857c3ae
2. Brown Blight/brown_blight_00464.jpg,2. Brown Blight,brown_blight,G00903,aaac1731d6b41609cb750041f2398d743d75412193e75a1d3682516a81f7ed82
2. Brown Blight/brown_blight_00465.jpg,2. Brown Blight,brown_blight,G00904,d78d100c10ecd7a88111ab6bd99af77b97375eb5604224d06ba22e8443b9925a
2. Brown Blight/brown_blight_00466.jpg,2. Brown Blight,brown_blight,G00905,11913e42acb63fc0cac466632ccbe4aa7af0d324ee57c954e9051acd2f1522b3
2. Brown Blight/brown_blight_00468.jpg,2. Brown Blight,brown_blight,G00907,1b4f91aa8188ae7b10471f6d6140f28b6f55cf30f8fd8e760b8cbcf4cf425751
2. Brown Blight/brown_blight_00469.jpg,2. Brown Blight,brown_blight,G00908,f76a9c32f796eb0a9bcacb6a0d776b71fca22fd99e09fea28e659bbadcceba94
2. Brown Blight/brown_blight_00470.jpg,2. Brown Blight,brown_blight,G00909,ff494cba1716dcb1f3625fd711b34444935366ee261194cebd448073e6548335
2. Brown Blight/brown_blight_00471.jpg,2. Brown Blight,brown_blight,G00910,15a02ac77275ade1213c1d8481261af92d19b6f6e89e3c5631e34bc36c640f00
2. Brown Blight/brown_blight_00474.jpg,2. Brown Blight,brown_blight,G00911,2759c638e1fedc7955b2a06b8cfcb0f7746b7831aff2a02a8a9c4b0d8abcb228
2. Brown Blight/brown_blight_00475.jpg,2. Brown Blight,brown_blight,G00912,70caa621a3b48e7a8e891d7fd1b7fd825d34c461fa7eb656a8656d7baad5f061
2. Brown Blight/brown_blight_00476.jpg,2. Brown Blight,brown_blight,G00913,68ba0cd130bf92a1dce58ca132e7e27d4b2b938064b3a48d28ee04992f65db69
2. Brown Blight/brown_blight_00477.jpg,2. Brown Blight,brown_blight,G00914,faa48492f210c757ee6812dc4092fcf48a6a090578dd58a12ce46fb380d1e59b
2. Brown Blight/brown_blight_00479.jpg,2. Brown Blight,brown_blight,G00916,b7314cc4651743f70d9b5a51f4d491895e1c0ec708a415cab89155e5f59e9175
2. Brown Blight/brown_blight_00481.jpg,2. Brown Blight,brown_blight,G00918,71292bcd7e183df8b62554ff55b53e3898f675d74dbe2b77df9acd393db09319
2. Brown Blight/brown_blight_00485.jpg,2. Brown Blight,brown_blight,G00922,7d9956d2bf29d937886841fdf3f43cc8750610de757db5e28f9732b43a8095dc
2. Brown Blight/brown_blight_00488.jpg,2. Brown Blight,brown_blight,G00925,ebda76f708e192c71648ca3af86458826380ecba9f654d59b19cf6a828a2db9e
2. Brown Blight/brown_blight_00489.jpg,2. Brown Blight,brown_blight,G00926,0c996dd921e915cc664e2890642056c008043ed652f1a117b96d13328bed0a05
2. Brown Blight/brown_blight_00490.jpg,2. Brown Blight,brown_blight,G00927,82e8d7d160db777403b078a3a0788100adaf26869328afb4a5dda83edd3be34b
2. Brown Blight/brown_blight_00491.jpg,2. Brown Blight,brown_blight,G00928,fc6bae789ea5667113584cad3422cbc59c3172cbeea49e45b191e420b830ecaa
2. Brown Blight/brown_blight_00492.jpg,2. Brown Blight,brown_blight,G00929,2a0157e31ddf0ff6a043b298255f8443ba76426b458dc3f6b3dcb488d3514b63
2. Brown Blight/brown_blight_00493.jpg,2. Brown Blight,brown_blight,G00930,e2f05b756657d32e385784fde5ee03cf7aa9de2a0adaa187848b192cf036e8e7
2. Brown Blight/brown_blight_00494.jpg,2. Brown Blight,brown_blight,G00931,70643cb94c08504645b5aa43e022697373ea8acd2fba8b4ebffeba4e9981b323
2. Brown Blight/brown_blight_00495.jpg,2. Brown Blight,brown_blight,G00932,3836f2145143e733da1fd95aeba691be06981230120c4eaaae80eaadfa146709
2. Brown Blight/brown_blight_00496.jpg,2. Brown Blight,brown_blight,G00933,ed47b9c2e61d01b06f802b7b7daa7eccd39fc6911f5faa1f7e1123d7c189a431
2. Brown Blight/brown_blight_00497.jpg,2. Brown Blight,brown_blight,G00934,1e22b665dcca1ff150ddc6e34bfdbc78ac14758179558d8866ffb9531863e24c
2. Brown Blight/brown_blight_00499.jpg,2. Brown Blight,brown_blight,G00936,b4ac9003faecd63a832336c18c9021d7eaad78163767056118d3ec0037630a7f
2. Brown Blight/brown_blight_00500.jpg,2. Brown Blight,brown_blight,G00937,d3ccf769bea7dd4739a3980582a601e6aa4b5c354c2511492979fb85f99cec4c
2. Brown Blight/brown_blight_00501.jpg,2. Brown Blight,brown_blight,G00938,65dbf2938131dfd4d7ca5466da0f024e8323dff3e5557974ea18a84cd6438181
2. Brown Blight/brown_blight_00502.jpg,2. Brown Blight,brown_blight,G00939,34ced58cd5897cb38cca1a6676cb8b941ff42ef7d662302fa39ed5383d1c4725
2. Brown Blight/brown_blight_00503.jpg,2. Brown Blight,brown_blight,G00940,bd2dbc66f6fae77d55ef5f239c886306250372cfcecf714617b1438438e577a8
2. Brown Blight/brown_blight_00504.jpg,2. Brown Blight,brown_blight,G00941,4213984ddf948583de0a31ae52e0e12a1b244944a1eb1c8cea2cd44b4fad3759
2. Brown Blight/brown_blight_00505.jpg,2. Brown Blight,brown_blight,G00942,cb9493004bc6154ac2cb17a32da6beecca5c9fa34d81d977c74a0ba6dc39ef78
3. Gray Blight/gray_blight_00001.jpg,3. Gray Blight,gray_blight,G00944,80ee1827b34ee251636b29f3503f022501c9584e80208b620a0688ed26417297
3. Gray Blight/gray_blight_00004.jpg,3. Gray Blight,gray_blight,G00947,e228523b8d3660bfe6d5a5cbc299d970c767c37d8013ad4a9044d567f102576f
3. Gray Blight/gray_blight_00005.jpg,3. Gray Blight,gray_blight,G00948,07cb3967d9db5399e7d45631b26b59ba951e2a18ff8ca3f9dc174150556e98fb
3. Gray Blight/gray_blight_00006.jpg,3. Gray Blight,gray_blight,G00949,f5cac9ce765df843fb00b9653398a03a1a5a4301e2e58aa7c6dd8918b8a37a24
3. Gray Blight/gray_blight_00007.jpg,3. Gray Blight,gray_blight,G00950,dea73f1ad87d5946fd6790287fd75da71c4913688126a7ab1444c8713130deae
3. Gray Blight/gray_blight_00008.jpg,3. Gray Blight,gray_blight,G00951,278292a5c94cb6b0be14b516e271cd400841d6decfe60d7dd381d2a9c1bd4cd7
3. Gray Blight/gray_blight_00009.jpg,3. Gray Blight,gray_blight,G00952,782b979f07ddca38ca667d31387cf0d0741fefa82df03b440a49917df5c4298e
3. Gray Blight/gray_blight_00010.jpg,3. Gray Blight,gray_blight,G00953,b8d3d3512b050eb5e12028e0527a37c96fbef669677d24c5bf4c09004c999acc
3. Gray Blight/gray_blight_00011.jpg,3. Gray Blight,gray_blight,G00954,aa67eb47d49f00b92da0c627671dc8f8dff539f2627f2109d7adbcde6a746f95
3. Gray Blight/gray_blight_00012.jpg,3. Gray Blight,gray_blight,G00955,5272a0e1408ffdd31854c14e02de7dd4cc75ef8985d720e8cb4527f0ad6f5162
3. Gray Blight/gray_blight_00013.jpg,3. Gray Blight,gray_blight,G00956,77561197d1eb3a269b3a07e931cefa7a9baa7c80365c44bc50c5e4cbf5d92736
3. Gray Blight/gray_blight_00014.jpg,3. Gray Blight,gray_blight,G00957,ef8ff16db36a9954c9246edf9c161dbd201a6f9e8e6b414eb65d349dc3c2ef5a
3. Gray Blight/gray_blight_00017.jpg,3. Gray Blight,gray_blight,G00960,1b1728dd0f5956dda52ff810d66f3cbd7c080995cd6c323acbca8feb78e91239
3. Gray Blight/gray_blight_00018.jpg,3. Gray Blight,gray_blight,G00961,29977c2a09c3726b60e80cf5f911c8a1ad6e7708a66b3b7fc433e09f5f688548
3. Gray Blight/gray_blight_00019.jpg,3. Gray Blight,gray_blight,G00962,d649889d308268ddceb3ec72a98e50b848e81783ce0f25fa8516fa91b762a65e
3. Gray Blight/gray_blight_00020.jpg,3. Gray Blight,gray_blight,G00963,10ba34f4cf08422ac04682a7cf35a223615ea9346ed95c2945376f7ac897039c
3. Gray Blight/gray_blight_00021.jpg,3. Gray Blight,gray_blight,G00964,802dcaeeab4fa775e05acb19f26a8dc9593a0e289b077a68a120ebe0316425a6
3. Gray Blight/gray_blight_00023.jpg,3. Gray Blight,gray_blight,G00966,f9b1a28abfb3c843a22953ef69456695dff1b5541796b13ecea3795086a18706
3. Gray Blight/gray_blight_00024.jpg,3. Gray Blight,gray_blight,G00967,d9f96fad793a72c43ff80bfe4b5ea83bb9dfe76c5da845f52eed41c99302c742
3. Gray Blight/gray_blight_00025.jpg,3. Gray Blight,gray_blight,G00968,c4f8362d3ba607d71c510ed0076265301bcc074d97af3e8017d9bcbc7a5eecbf
3. Gray Blight/gray_blight_00026.jpg,3. Gray Blight,gray_blight,G00969,1fc6800c4f1f72d305b2b86d79c6b0062b7d4148f75301b43df72c6ec211fad8
3. Gray Blight/gray_blight_00028.jpg,3. Gray Blight,gray_blight,G00971,6ae39007cc7ab83b28c2ac6afaba346a5014a2cb29e38ad01aeaec79cbf01063
3. Gray Blight/gray_blight_00029.jpg,3. Gray Blight,gray_blight,G00972,e655f5f327d32711ac04ec6c460426c7d54859b7966ba0733716d9ded4d0cd35
3. Gray Blight/gray_blight_00031.jpg,3. Gray Blight,gray_blight,G00974,e232b5a4bdf584cf89559fa44163e493972e153040b5f363eac91caf50cfb5d9
3. Gray Blight/gray_blight_00032.jpg,3. Gray Blight,gray_blight,G00975,072f909dee9b37cc7d162ad2bd58ce083e1147132822e44ea5fdc8db9292ddf8
3. Gray Blight/gray_blight_00033.jpg,3. Gray Blight,gray_blight,G00976,23bb777aa9f67bfd52b8256bb96abd14a45a650f62ba315c113225189867b343
3. Gray Blight/gray_blight_00035.jpg,3. Gray Blight,gray_blight,G00978,5cacf78001ccbf211468673e4cb24224a9aa393a96cfacdc5e3f2ee3eb2a8bd7
3. Gray Blight/gray_blight_00036.jpg,3. Gray Blight,gray_blight,G00979,58f76b17c9a12ea776974ba12f85662ad6927ac73fe2c4647cc262b97d9fd62c
3. Gray Blight/gray_blight_00037.jpg,3. Gray Blight,gray_blight,G00980,4f39d0018a952fb98a4c3130f995d341e39286dffee5b5db8c9bd952d16051b0
3. Gray Blight/gray_blight_00039.jpg,3. Gray Blight,gray_blight,G00982,f0ee1b30c738d732a407f47e072e78471732f351fbcca10363853c30a1f2554b
3. Gray Blight/gray_blight_00040.jpg,3. Gray Blight,gray_blight,G00983,1f6488ee54eff8402e18b692edf3559396671be5bc4030b9a72cdc7e105ccc9b
3. Gray Blight/gray_blight_00043.jpg,3. Gray Blight,gray_blight,G00986,e244bc95a076512380158e676f55b2ac4ca6c45e8e454fd6dfb35664e2a3d9a5
3. Gray Blight/gray_blight_00044.jpg,3. Gray Blight,gray_blight,G00987,21fd899d734a3023bf1ed234bf66b0f24e0879066e8f5b6867062ef230dcc608
3. Gray Blight/gray_blight_00046.jpg,3. Gray Blight,gray_blight,G00989,4f46f14500a366bac1ededb5c80371e72bb0a7fcf4064766a545c813aec2d9d8
3. Gray Blight/gray_blight_00047.jpg,3. Gray Blight,gray_blight,G00990,342723af07446f853154ac0a28785626242ba6fa038b6a57efcb8aad242623f2
3. Gray Blight/gray_blight_00048.jpg,3. Gray Blight,gray_blight,G00991,dc3e021f235ad2006b63185b5b13562ded044c04355d9644941143abd36122ac
3. Gray Blight/gray_blight_00049.jpg,3. Gray Blight,gray_blight,G00992,37f8a68aa0910105ef65fda4959da6f33903a48a0017ee8b8036fc481149b5c8
3. Gray Blight/gray_blight_00050.jpg,3. Gray Blight,gray_blight,G00993,e3e0099f50553b7ff99fce0082a71ea4d6ae486dea507be91e7f3144156e6ca3
3. Gray Blight/gray_blight_00051.jpg,3. Gray Blight,gray_blight,G00994,b201724e51a7783d411f1d0ddf1838f8c93a9da785b5e4fc80d80b7b1d9fcc3e
3. Gray Blight/gray_blight_00052.jpg,3. Gray Blight,gray_blight,G00995,2498a2506c2e3a26604c05c1940320bf677f6f86e87b9ac0decfc5e536a1a759
3. Gray Blight/gray_blight_00054.jpg,3. Gray Blight,gray_blight,G00997,548c3e03b6cc35594f8adbcc96138913885cb81f7e289cfc2d1ba8a45ab1c88d
3. Gray Blight/gray_blight_00057.jpg,3. Gray Blight,gray_blight,G01000,ed2339cbd4c48153eafbee8ef036efbb2e43afc2b8846bba4718477e3fcf07a3
3. Gray Blight/gray_blight_00058.jpg,3. Gray Blight,gray_blight,G01001,d41cf3c78e141e26a5301bd1c1d1297e16ad398a8bbe76d514dd17594b9fc844
3. Gray Blight/gray_blight_00059.jpg,3. Gray Blight,gray_blight,G01002,e1c7bd196097ac57e84c7b83f95ea42d7261bcacd4d613df9948235206a4a3e8
3. Gray Blight/gray_blight_00060.jpg,3. Gray Blight,gray_blight,G01003,190197ac28589e9415441409fa84edb629ca8ef4c00bbb1b6d0700d161de3670
3. Gray Blight/gray_blight_00061.jpg,3. Gray Blight,gray_blight,G01004,a70b1650b4fc1b25918abfac7e22cc678efd35b1ce6934bf63dc8c2d86a0b2e6
3. Gray Blight/gray_blight_00063.jpg,3. Gray Blight,gray_blight,G01006,3c625f1122bd02711be0779482f5c22d0ac2a0d7db4ccdc58c874c33719ee3b4
3. Gray Blight/gray_blight_00064.jpg,3. Gray Blight,gray_blight,G01007,a685bbe3432ecea9455f1ff7554d69359baa9e9c546445516464b0a79bcd78fc
3. Gray Blight/gray_blight_00065.jpg,3. Gray Blight,gray_blight,G01008,c0f6edc87466b1a80fb6c2c0c1951aa120a6fa1bfbe257bb2a085b67a0ce4fa5
3. Gray Blight/gray_blight_00066.jpg,3. Gray Blight,gray_blight,G01009,ddd32894123b2c9944f35e8434bbd7c22d7e49cdc0139809e8851b4c02e6272b
3. Gray Blight/gray_blight_00068.jpg,3. Gray Blight,gray_blight,G01011,7d8ec0c1318404630ec96e85732f569753b2a1a6fb38f5d565a4ad51b990bc2d
3. Gray Blight/gray_blight_00069.jpg,3. Gray Blight,gray_blight,G01012,b8718a70f6a780d29cb2c3c375957d8f73dc923b12504b2551aece5abe1a0e02
3. Gray Blight/gray_blight_00070.jpg,3. Gray Blight,gray_blight,G01013,8853707807985a8c9f8458d3bc50b9d66a9db3c454609d2db6ad4e756ea5d2f7
3. Gray Blight/gray_blight_00071.jpg,3. Gray Blight,gray_blight,G01014,441b9ffc10f733fe275033613c3ab6119d64ea546efb6b41c9ec2cad516ad006
3. Gray Blight/gray_blight_00075.jpg,3. Gray Blight,gray_blight,G01018,e7bf07a07e4cfca8ecff6b92fcc9393c9fa8cc99cc2512581a75e4d0f9a55790
3. Gray Blight/gray_blight_00078.jpg,3. Gray Blight,gray_blight,G01021,802c47a38b682fecc7279c7f1a157f55d7951d9057fe703be25a7a2e98f92226
3. Gray Blight/gray_blight_00079.jpg,3. Gray Blight,gray_blight,G01022,910e96b889b83c6cc78e59a357fe2ba7144d7b66b3f33cc996a8c2f6e2bd760a
3. Gray Blight/gray_blight_00080.jpg,3. Gray Blight,gray_blight,G01023,334597df63702438cff35e0dff11bc045420d0983e153259907302a4dfcc6d74
3. Gray Blight/gray_blight_00081.jpg,3. Gray Blight,gray_blight,G01024,c32ad77aff46cae415fac137ebc0b2dfe73e7bca4d7325681c92b95ec3090d6e
3. Gray Blight/gray_blight_00082.jpg,3. Gray Blight,gray_blight,G01025,717fbdbf8035cadc808d1c8a586ab4dbfe5be0cb5a3b8de71679d8cca81e4dd3
3. Gray Blight/gray_blight_00085.jpg,3. Gray Blight,gray_blight,G01028,d92142b2ff3f90701d483e03ebe77e013792dd8edf3a821a6c831a1a0e7ef614
3. Gray Blight/gray_blight_00086.jpg,3. Gray Blight,gray_blight,G01029,67758c9c3598f65e4f4dc160596cc41b032a05e03967344486f711cbbe95dbd8
3. Gray Blight/gray_blight_00087.jpg,3. Gray Blight,gray_blight,G01030,680062d4bb94f71206e488e03c5fee6b230054f4551542cc193cbbcc8640bc1d
3. Gray Blight/gray_blight_00089.jpg,3. Gray Blight,gray_blight,G01032,244902db3e9c631dae52ba38d20245e22db3660d61454ac5d48a449b49dff1ba
3. Gray Blight/gray_blight_00090.jpg,3. Gray Blight,gray_blight,G01033,63a34cc4946c7ca72c5ad0a06847874d30b733a3a12eb8801bac1eb4e6e0ab46
3. Gray Blight/gray_blight_00092.jpg,3. Gray Blight,gray_blight,G01035,eddebf4677667e451cd964e20e02d81cbac0d6fc6df64e7c609e84ba2cb1cd6c
3. Gray Blight/gray_blight_00093.jpg,3. Gray Blight,gray_blight,G01036,f39817bcee655bea5bb694cfcd605491f4cc65427e72b3b6087c67758d00632f
3. Gray Blight/gray_blight_00095.jpg,3. Gray Blight,gray_blight,G01038,7b9bcfea27f1f353194c52669dddf5b6cf1a0557b9fe6c2e6f6e4cc93fb686ae
3. Gray Blight/gray_blight_00097.jpg,3. Gray Blight,gray_blight,G01040,c9448351bb10c23b1fd2f23cff3373a193e6e0f7de95ec3e19ee4541e5fa27e7
3. Gray Blight/gray_blight_00098.jpg,3. Gray Blight,gray_blight,G01041,30de0c788336c6a31c16dd3a9d0240b1a2c90220b99d74b584b8acbce4da90af
3. Gray Blight/gray_blight_00099.jpg,3. Gray Blight,gray_blight,G01042,d040f70aded0636138ad600186bec3120ed1acba6a1b1497989b324a4cd656ec
3. Gray Blight/gray_blight_00100.jpg,3. Gray Blight,gray_blight,G01043,67143eae2ea42b81c20970050bf59d512ba32f5b9e2bf66c6faead9ed8f5bfd2
3. Gray Blight/gray_blight_00101.jpg,3. Gray Blight,gray_blight,G01044,09afb2768cdd7e6f791e30a2b77cb061861cc93fdddd79b2943465c2f0224452
3. Gray Blight/gray_blight_00104.jpg,3. Gray Blight,gray_blight,G01047,fd7a9cb86fc5cb9141a59770b6ca602b5f7aa920803c85e81fd5f2c180fc3fcf
3. Gray Blight/gray_blight_00105.jpg,3. Gray Blight,gray_blight,G01048,333430b36ad679f10c1f8e92540105249df143e2b23c8686acfd5116987d1633
3. Gray Blight/gray_blight_00106.jpg,3. Gray Blight,gray_blight,G01049,a36e481ed98071fe5cb5dda51c9978529c666bc1feea4fa93f69471358284551
3. Gray Blight/gray_blight_00107.jpg,3. Gray Blight,gray_blight,G01050,f12f454cd1ed5337a81308317eacc0133fa1d3720fa19fafd6dbb0732409ce2e
3. Gray Blight/gray_blight_00109.jpg,3. Gray Blight,gray_blight,G01052,d7f623d797aad808f78cfa4d987f7f7ce54f417b3dc279f4d11d95c37aa3d794
3. Gray Blight/gray_blight_00110.jpg,3. Gray Blight,gray_blight,G01053,7c05c16732fa91b49bd85b138679537e9893b8d5291dd2eab3602b9dce720ae9
3. Gray Blight/gray_blight_00111.jpg,3. Gray Blight,gray_blight,G01054,fb07afa8ca4867e2d850c9c30f7e2356b0f726cdcd4964bc058fb8f6f8659752
3. Gray Blight/gray_blight_00112.jpg,3. Gray Blight,gray_blight,G01055,85ca249f6ad80f974ceba084eb5cd4256e6605bf1657f3ac5cc203faca14f058
3. Gray Blight/gray_blight_00113.jpg,3. Gray Blight,gray_blight,G01056,02ad406bf245d37512b921383db9698e4b6d5563ff9bfa0db95394d39682cfbb
3. Gray Blight/gray_blight_00114.jpg,3. Gray Blight,gray_blight,G01057,4f59ddaf7d41875fd6c96884cb2791a10be4b25d9c9777ff52529059b6b30740
3. Gray Blight/gray_blight_00115.jpg,3. Gray Blight,gray_blight,G01058,4fda7c0c8c1f5beedf4221580904530ef6e87e137636def6b40762e0c720a7b7
3. Gray Blight/gray_blight_00116.jpg,3. Gray Blight,gray_blight,G01059,d77aa9bf99f2a9f11ff39da94a2d27101e36a2183f52261fc5299fc2156f9b50
3. Gray Blight/gray_blight_00120.jpg,3. Gray Blight,gray_blight,G01063,b3adb6bce236b89f0f95d9fa8e09689021f038be8a2f4324e39fe9e841217b51
3. Gray Blight/gray_blight_00123.jpg,3. Gray Blight,gray_blight,G01066,2fc32f03a69e16cc12b87082f3860a79e73b58441d8f8d9b4de61734d74ab3e3
3. Gray Blight/gray_blight_00124.jpg,3. Gray Blight,gray_blight,G01067,a710f9fc3a14f6fff471b54bcfe4b6581e74abdf2b2138c0e6300849e297baec
3. Gray Blight/gray_blight_00126.jpg,3. Gray Blight,gray_blight,G01069,9589ce92d09afcb4192944015c978cd9883e5ea47ea1d42c16d320389eee8390
3. Gray Blight/gray_blight_00127.jpg,3. Gray Blight,gray_blight,G01070,4aecfaaceff18b076e20a6fe3fd8011f41afae7615c45ec91c4f36b7ce8c3dc3
3. Gray Blight/gray_blight_00129.jpg,3. Gray Blight,gray_blight,G01072,f0cd440edc66c63cfd65960d34c063cc0dee51097ed97ae23ffaba5ebe4f5e76
3. Gray Blight/gray_blight_00131.jpg,3. Gray Blight,gray_blight,G01074,151641ecbe07214d6acbc39d665bb9acce91a809a23ce95b6d4ac2aeeee681ab
3. Gray Blight/gray_blight_00132.jpg,3. Gray Blight,gray_blight,G01075,0e311996d25f10760b9b162db20559a40550f10fb9c18e8a3afcba4c66f43cce
3. Gray Blight/gray_blight_00133.jpg,3. Gray Blight,gray_blight,G01076,16f6f61e21cc51644bca9040d16de3580d74dd2b71c34d0d63c4e3e2fe395fde
3. Gray Blight/gray_blight_00134.jpg,3. Gray Blight,gray_blight,G01077,cc1db439eb1107aab7c68cd4c73d4419596d0831ea0335f866acd06465e64bac
3. Gray Blight/gray_blight_00136.jpg,3. Gray Blight,gray_blight,G01079,1c7fa87dbd273e80ba97160db68b091226e0d32b9ae9484c0d0a55ec9604697c
3. Gray Blight/gray_blight_00137.jpg,3. Gray Blight,gray_blight,G01080,3abeb58100f9826e7c469a14e8f6d5c96ec0aa9103b4986c537246f1fdc99977
3. Gray Blight/gray_blight_00138.jpg,3. Gray Blight,gray_blight,G01081,e53930a9e0c501037239a33f7cc8509b9ff96c0060d6cb2538dc435f03244d77
3. Gray Blight/gray_blight_00139.jpg,3. Gray Blight,gray_blight,G01082,3b9b5aecc4b55c0b914e5cdca145c1adcb78e914d06a73ab950a56992b2808b2
3. Gray Blight/gray_blight_00141.jpg,3. Gray Blight,gray_blight,G01084,5acc5def7d45d49a2899813a39466ef423a1689a7b205e02b7f4497fb5f8c865
3. Gray Blight/gray_blight_00142.jpg,3. Gray Blight,gray_blight,G01085,bf5d6f769e53d859b3a1fa3bc82fa70a9e2956c4008440763bd1635468a73749
3. Gray Blight/gray_blight_00143.jpg,3. Gray Blight,gray_blight,G01086,c61989f59237f72a15cd492e025cdc7276fbb8fde3cd0eb641eaa6d48a18305b
3. Gray Blight/gray_blight_00144.jpg,3. Gray Blight,gray_blight,G01087,86c5d9487a410a3f06db9d7f608c3dd42a3a81da0a94f97457ec0c91373cf9d7
3. Gray Blight/gray_blight_00145.jpg,3. Gray Blight,gray_blight,G01088,4d77b97a5289ce2514881729c9d403ca0886257efe33aa733075843392f97364
3. Gray Blight/gray_blight_00147.jpg,3. Gray Blight,gray_blight,G01090,9e2f4959b706fe90fbeff97893e469d948b1f0960825a7574db8278242597c6b
3. Gray Blight/gray_blight_00148.jpg,3. Gray Blight,gray_blight,G01091,787b43c8f67cc0a55f24a21ca2321b9a405d0ba4cbe7d224722c240a8536be80
3. Gray Blight/gray_blight_00150.jpg,3. Gray Blight,gray_blight,G01093,3ff27860e23bdc8bc843dfa50174924351dfaf55426dab188131a08bae110059
3. Gray Blight/gray_blight_00151.jpg,3. Gray Blight,gray_blight,G01094,f6b6dbe1abc973998d7be6611ca0d175806fd251c97c16cd87ffb33e6e8fe076
3. Gray Blight/gray_blight_00152.jpg,3. Gray Blight,gray_blight,G01095,475b059265cd9b4bf7f79825524a49212c3af9ba51dbb67be52d25eaddeb5f64
3. Gray Blight/gray_blight_00154.jpg,3. Gray Blight,gray_blight,G01097,207bec3a2244f1e54a6eb2424e4b68d8a1d335ba6ea55e8a0a07862e7d063e77
3. Gray Blight/gray_blight_00155.jpg,3. Gray Blight,gray_blight,G01098,426d32f54e6519849279590e579c4695c750deafe6377751bd62802b3da5a564
3. Gray Blight/gray_blight_00157.jpg,3. Gray Blight,gray_blight,G01100,16592f4d18160345715eee2ad98e36a19bcf4ad670070642879faccb3bd8bca2
3. Gray Blight/gray_blight_00159.jpg,3. Gray Blight,gray_blight,G01102,5091eba0f89666b737121e21f4638721b6e0b28f99f3b7a2e3d8b78fc42af1fd
3. Gray Blight/gray_blight_00160.jpg,3. Gray Blight,gray_blight,G01103,bd22aae7513c3d631cf023305f77b43769703ac2bf8340c4502bf1a5a0d2e3cf
3. Gray Blight/gray_blight_00162.jpg,3. Gray Blight,gray_blight,G01105,c63a739d23dc7b1ce7d11cbdbaa5b3c371b8a29aa6f7c5d26776de0a58965d87
3. Gray Blight/gray_blight_00164.jpg,3. Gray Blight,gray_blight,G01107,bbe3c16203368495695c1640c4facac5958c0c87312af2d34f41e7bbc5b00755
3. Gray Blight/gray_blight_00166.jpg,3. Gray Blight,gray_blight,G01109,6591ed65d6b6a87e44763760b09badb9df06ffdb7a54cb3627e1674d33d4a1f4
3. Gray Blight/gray_blight_00167.jpg,3. Gray Blight,gray_blight,G01110,5973e241ba79b1fe1e1a46a6ea7c4a6b4e4fb02b0c61d7f1db4b01004131cc2c
3. Gray Blight/gray_blight_00168.jpg,3. Gray Blight,gray_blight,G01111,93ba9e5625b9e7d100084286d39bae6ec2d8e3cd73dcf691c29f2e1e6d6c6e12
3. Gray Blight/gray_blight_00169.jpg,3. Gray Blight,gray_blight,G01112,4c24843fb611853848e6efcdff97c51cbaa37b27696d3df5f72bc861d0718e06
3. Gray Blight/gray_blight_00171.jpg,3. Gray Blight,gray_blight,G01114,12fa7efc32b3a721cdb660a84f982864a79c5a3c5ccb27104849004dcd9fff5a
3. Gray Blight/gray_blight_00172.jpg,3. Gray Blight,gray_blight,G01115,702fc5b8772913ea51a3f95ef840300cfe439775469fc1ed398a7bef5208eae3
3. Gray Blight/gray_blight_00173.jpg,3. Gray Blight,gray_blight,G01116,458c995b20a33fd0073e738a75597afd9bd9f6a73ebaef54bbdf97e9008e956b
3. Gray Blight/gray_blight_00174.jpg,3. Gray Blight,gray_blight,G01117,edc70250864315f5f540cc6d147c87099cf173308bedff9d3b9dea01606e5523
3. Gray Blight/gray_blight_00175.jpg,3. Gray Blight,gray_blight,G01118,9ef0c11f9b9860203c1990b85739b01b7375a0d5355e8ca3ac964aea1dd4d13c
3. Gray Blight/gray_blight_00176.jpg,3. Gray Blight,gray_blight,G01119,c76636dc3b43aa24eb4894cb8f838d248e8b4c535465eaad69a3544e95c5e949
3. Gray Blight/gray_blight_00177.jpg,3. Gray Blight,gray_blight,G01120,836fe8956100b76882ad1fa02fe4a6f673da584e3cddeb18ba7be839c683c952
3. Gray Blight/gray_blight_00179.jpg,3. Gray Blight,gray_blight,G01122,27971dfdcb43b6c51388dab00232b4984e7126b83035edc4041b6077e04ceee2
3. Gray Blight/gray_blight_00181.jpg,3. Gray Blight,gray_blight,G01124,c23bdcd2c6fb4fd91cfc148c72835e66975a3f373b3637c4aabac64daf9c6539
3. Gray Blight/gray_blight_00182.jpg,3. Gray Blight,gray_blight,G01125,e43ecd5d7547736084a00a5b644b6c82bebe156dc95b7392cc92eca58ae09b0b
3. Gray Blight/gray_blight_00183.jpg,3. Gray Blight,gray_blight,G01126,4d2e333208fc892041ff78f04581e27ce5a6abcbd52dc1cb24054db85ac6eb5a
3. Gray Blight/gray_blight_00184.jpg,3. Gray Blight,gray_blight,G01127,009f5a39cd13b2b723b3678db7ae08f1293ad2cbd51d04e28c324c8ae5d8a443
3. Gray Blight/gray_blight_00185.jpg,3. Gray Blight,gray_blight,G01128,f349e42d5382a94c4ad64b1343c900837aa4d77b74b4014044252e7fee560f71
3. Gray Blight/gray_blight_00187.jpg,3. Gray Blight,gray_blight,G01130,891fa69db077136625a8d96aab7c4531292f8f283c911ebac5ffa4c4342a6c3a
3. Gray Blight/gray_blight_00188.jpg,3. Gray Blight,gray_blight,G01131,3089dee33b2a51f6400f09271b55b420f4235fe543b832eb56532e41ca58b1f0
3. Gray Blight/gray_blight_00190.jpg,3. Gray Blight,gray_blight,G01133,2ae88eb83c3adf1aa0e19cc9eb6b789da7c3b4e286efe87f12e96f38fde2fbd5
3. Gray Blight/gray_blight_00191.jpg,3. Gray Blight,gray_blight,G01134,cd7eb999cda337a150af79258d2a3bb751f6e5cf9837854aa88595647250d4de
3. Gray Blight/gray_blight_00192.jpg,3. Gray Blight,gray_blight,G01135,10e79d59dee12413395122dc97e3b405994106b8a0a4c91f28b95e963595be97
3. Gray Blight/gray_blight_00195.jpg,3. Gray Blight,gray_blight,G01138,c401b9dbcbd2c75fcec2b1457ae0338f9670ae4fd8592a401231b6761deb5a7c
3. Gray Blight/gray_blight_00197.jpg,3. Gray Blight,gray_blight,G01140,cbba09b3032738be6ae27991f01f7c52a4f8701fb0b9e97eaec82f58e25169eb
3. Gray Blight/gray_blight_00198.jpg,3. Gray Blight,gray_blight,G01141,46b5b1fcf4a93eb2122e89a29229618b48b7da6bdf65d1af8a0083e5edb20b89
3. Gray Blight/gray_blight_00199.jpg,3. Gray Blight,gray_blight,G01142,02887dbec7dedb928f16929ebe8ea87cfcab2ea06cc83d155beb6e976b76f467
3. Gray Blight/gray_blight_00200.jpg,3. Gray Blight,gray_blight,G01143,1950a8cbb0c594c5d4c281486f2a92dd915e2bcdac88e8049f26b23f3c089a11
3. Gray Blight/gray_blight_00201.jpg,3. Gray Blight,gray_blight,G01144,55a8eabf0d9fb56d0fec1b82248d9330df497eb770085aab296937b660afb5fd
3. Gray Blight/gray_blight_00202.jpg,3. Gray Blight,gray_blight,G01145,4f87b32d8901d8a2493a99fd082de9ac6b47a6a8d68843f8c16659bc6963a56b
3. Gray Blight/gray_blight_00204.jpg,3. Gray Blight,gray_blight,G01147,c77a309fd54cb1fb65951ff7e89bf3d8603057278944059f5027ea1dd251a225
3. Gray Blight/gray_blight_00205.jpg,3. Gray Blight,gray_blight,G01148,57bd3b69511b048670168752423970473a5b1afc3a6e540385e0c37ba99ce93e
3. Gray Blight/gray_blight_00206.jpg,3. Gray Blight,gray_blight,G01149,c0729cc9ed29ab38ce6d1e0cde8ad578d9fc79156bbe94084fdf9a17d476dead
3. Gray Blight/gray_blight_00207.jpg,3. Gray Blight,gray_blight,G01150,53b332615df3b45b564ac49fe3f4a88f56478b60411a60fb302fe868494f4400
3. Gray Blight/gray_blight_00208.jpg,3. Gray Blight,gray_blight,G01151,f55bba68bef0881dbf15f86ac5be3bcc4df8f091fb4167cbfb96e3549965af01
3. Gray Blight/gray_blight_00210.jpg,3. Gray Blight,gray_blight,G01153,ef1e4286c374df74992c8f493ba7f972563f3891e399c3033092860f1a193288
3. Gray Blight/gray_blight_00211.jpg,3. Gray Blight,gray_blight,G01154,c1161daef115c3c341253e587f7303541a28db88aec45c1e490a9562e82cb8e1
3. Gray Blight/gray_blight_00212.jpg,3. Gray Blight,gray_blight,G01155,5d31ccc9954a89fd97d91eaf35f2239ab31e137b0960956e387ebf207b9afe5d
3. Gray Blight/gray_blight_00214.jpg,3. Gray Blight,gray_blight,G01157,3148067f721a1eee77ae897f926cc531a9468486ccb3564ef277788b99ac4e45
3. Gray Blight/gray_blight_00215.jpg,3. Gray Blight,gray_blight,G01158,f07454a6b58fddeaf2a0ebaf4b90044ba393507e25603230cea707bf7364f9e9
3. Gray Blight/gray_blight_00216.jpg,3. Gray Blight,gray_blight,G01159,b819d26a7473ee769801f238b862a8f7f34d1e5639c56e4442b83eea5efdb009
3. Gray Blight/gray_blight_00218.jpg,3. Gray Blight,gray_blight,G01161,305e2f521e405f96ad8152329779ead98f7ca7d7a5840b6b5adf98fcaba0fa72
3. Gray Blight/gray_blight_00219.jpg,3. Gray Blight,gray_blight,G01162,2c20327e89808718d7b3c7ec9471d424fc26ba2600b24b04557baf91d8121033
3. Gray Blight/gray_blight_00220.jpg,3. Gray Blight,gray_blight,G01163,7ca41e5fc34e571200251f8273ad4df0ef523bc6ae1ebbfcf5c4f11560bd5a91
3. Gray Blight/gray_blight_00221.jpg,3. Gray Blight,gray_blight,G01164,baedbe0269b0eb514cae7a0d4acde515791dbd8494ce98d8d895fc6db11f2dd0
3. Gray Blight/gray_blight_00222.jpg,3. Gray Blight,gray_blight,G01165,07dd314fc3dad8561030264508178bc14919243853a3801f0a652a55fab0fa3c
3. Gray Blight/gray_blight_00223.jpg,3. Gray Blight,gray_blight,G01166,cc0e2ecb9fe2ff414c5a7a162b8c33195aff62132a9fbe3940052e7741e25222
3. Gray Blight/gray_blight_00224.jpg,3. Gray Blight,gray_blight,G01167,562982c9d0568c591530708d926051d12f790409410a33fae70c25e7a27b2ae4
3. Gray Blight/gray_blight_00225.jpg,3. Gray Blight,gray_blight,G01168,fbe985a6a419471113cdd2780098738e7a14d26ee51dc984ab588db7430c804c
3. Gray Blight/gray_blight_00226.jpg,3. Gray Blight,gray_blight,G01169,b43120e662337effdb3d31a82f7869598f948b7c78c158871907c91b55f211f8
3. Gray Blight/gray_blight_00227.jpg,3. Gray Blight,gray_blight,G01170,b72bd39c40d7fb938e580b278e5a0f13a77c3bbdee20b7decaf2c7ffdd26519f
3. Gray Blight/gray_blight_00228.jpg,3. Gray Blight,gray_blight,G01171,fa71ce6206f857cb05d14e180bbf1dbe43912890ae1421bb262dafdfc3c929eb
3. Gray Blight/gray_blight_00229.jpg,3. Gray Blight,gray_blight,G01172,eefc90bdff6faa0757f79c42771c816ad96b4d9709a0f0efbcff4ecede550151
3. Gray Blight/gray_blight_00230.jpg,3. Gray Blight,gray_blight,G01173,8aa31dd195c85f6e5060df0743ccbfc75363299399fadc305d310cf6efbd87ae
3. Gray Blight/gray_blight_00233.jpg,3. Gray Blight,gray_blight,G01176,0f8e6b65c0b6247aa6613334a1d8efc063448e1e355bddfa50fe0d24b5d89e2e
3. Gray Blight/gray_blight_00234.jpg,3. Gray Blight,gray_blight,G01177,3ec4285bfc24b1cc57acd5a65d26f8c888455b331c34a47ef523efe04175d4e6
3. Gray Blight/gray_blight_00236.jpg,3. Gray Blight,gray_blight,G01179,0d67c5767ebc7fef35642db2d2aaf9b3b7522ccca5c81e8fd4de50230028fe1d
3. Gray Blight/gray_blight_00237.jpg,3. Gray Blight,gray_blight,G01180,fd99fa2720bae904cb60e815f832f787fb70da8178629bd09314283487eecb1c
3. Gray Blight/gray_blight_00239.jpg,3. Gray Blight,gray_blight,G01182,6fb93bee32633fbd76e8c154af6c64155d2a2d7b1d7dac570cd9870adc78b136
3. Gray Blight/gray_blight_00241.jpg,3. Gray Blight,gray_blight,G01184,0051d4e0d9c0a01eb19f976fdca24d9e0c4055432f1a2a9736851c2a2177266c
3. Gray Blight/gray_blight_00242.jpg,3. Gray Blight,gray_blight,G01185,bc4b3493f4f7d8835a9df4d43f6bbf0ffedcd49e33ef7e61e22d44c19739014a
3. Gray Blight/gray_blight_00243.jpg,3. Gray Blight,gray_blight,G01186,78dbebef2e2bdfa04550779de4e8ab0455362d4d84da9a0c312d83f1346311a3
3. Gray Blight/gray_blight_00244.jpg,3. Gray Blight,gray_blight,G01187,f3de6bf105c73e07e42a134e2f48acea6b49592e39fd4149a195bca60478a45d
3. Gray Blight/gray_blight_00247.jpg,3. Gray Blight,gray_blight,G01190,c8bba3a4971f1c04df9e191139bb37fd89ff189b438f41b73ff805f7c6f53f82
3. Gray Blight/gray_blight_00248.jpg,3. Gray Blight,gray_blight,G01191,c6d08edf886b7cc6dd6062563520b4be6f2d5775e5b7ea77a18f934820838e51
3. Gray Blight/gray_blight_00249.jpg,3. Gray Blight,gray_blight,G01192,f2e1a331090e6ebec87513b2153d94969d3b5b15e170b6161265ddcfdaff5c03
3. Gray Blight/gray_blight_00251.jpg,3. Gray Blight,gray_blight,G01194,a29cce2a9b1729147a17ebb210bdf9583e2e91144cc7eac4fbeb1cab4d5ee7a7
3. Gray Blight/gray_blight_00252.jpg,3. Gray Blight,gray_blight,G01195,db2229c37ca46c6c64300f7dd77c0a1280c9550fb600f0f574686fa67c642e3d
3. Gray Blight/gray_blight_00253.jpg,3. Gray Blight,gray_blight,G01196,db83d234234bf8d589e46bd8e72ac1ae97efd48008d3668cea6cbf249a506aee
3. Gray Blight/gray_blight_00254.jpg,3. Gray Blight,gray_blight,G01197,4a2d50c3ca095c7aca76cadd7e5c8eebe9baf83a05e45ae9ee4b7cb05075d13f
3. Gray Blight/gray_blight_00256.jpg,3. Gray Blight,gray_blight,G01199,8165d3125c581170aa89fe59e664bfdd2cc27852bf8f510e455223cd4471c26c
3. Gray Blight/gray_blight_00258.jpg,3. Gray Blight,gray_blight,G01201,faa45b5a1c4227859cb2e425168db6d3d964b4fa2c02f38d40f27b9cb3a962ce
3. Gray Blight/gray_blight_00260.jpg,3. Gray Blight,gray_blight,G01203,b310cf8541103012025815a5b17061055591e4eb05b0cf77239b6aab2c63f7f0
3. Gray Blight/gray_blight_00261.jpg,3. Gray Blight,gray_blight,G01204,c57497f99df49658d8e117f3a1c829c862845c092fbc9dc4b6dd52b54302a8da
3. Gray Blight/gray_blight_00262.jpg,3. Gray Blight,gray_blight,G01205,98aaaf1ab54d3908db31b19fe0e2110dc88778466b7478e4330fa75ec3970302
3. Gray Blight/gray_blight_00263.jpg,3. Gray Blight,gray_blight,G01206,a22c8a8f74eb60dd29dcdffc11c7a724ed6c57b17a7307da6f1b190849a0fefb
3. Gray Blight/gray_blight_00264.jpg,3. Gray Blight,gray_blight,G01207,b2d4dff9c652b89190f7555c37c4927b7182eaed61f82376116eecf40b422037
3. Gray Blight/gray_blight_00265.jpg,3. Gray Blight,gray_blight,G01208,736fd77fb2d5eea086ca039c38a69c402f7e42a2215a6730057b638c7e510411
3. Gray Blight/gray_blight_00266.jpg,3. Gray Blight,gray_blight,G01209,a9874e3cc038623de7c0bdf81b47d484cafcf18bcd4f0da71541b27a73071002
3. Gray Blight/gray_blight_00267.jpg,3. Gray Blight,gray_blight,G01210,22afef6583b907d63ac3663025167791614c4b6b4f580510174e4361f3d483e4
3. Gray Blight/gray_blight_00268.jpg,3. Gray Blight,gray_blight,G01211,058caf0dfdb6dcbb637abab7a7eddbd5e3d2c2fbc8ae5194a25dac67011a718b
3. Gray Blight/gray_blight_00269.jpg,3. Gray Blight,gray_blight,G01212,de3899a6d60ac4a1b85e18dbb8e006898091b5fb7bf153bdfed2a0b290bfec09
3. Gray Blight/gray_blight_00270.jpg,3. Gray Blight,gray_blight,G01213,3c9a313e0439246d42d40808e6672969b4f2c2d7aab0ce1ee4fa1bb84c2dfeef
3. Gray Blight/gray_blight_00272.jpg,3. Gray Blight,gray_blight,G01215,010a217c2e714f8ecaaf75f7f02a11a73142596278b64c2b47d3a58e42370959
3. Gray Blight/gray_blight_00275.jpg,3. Gray Blight,gray_blight,G01218,352bf021779bc592f4d81366d710dc478aa6b00c2154475d597671efc652f1dc
3. Gray Blight/gray_blight_00277.jpg,3. Gray Blight,gray_blight,G01220,a4f1e204d95531b2634fe9076eaed4ed8153749b1efcb7278307784db2d7e62f
3. Gray Blight/gray_blight_00278.jpg,3. Gray Blight,gray_blight,G01221,c97fb2ae302341ece41839d0c8fc69c86983dfb679b7be282950d6ddc479f1c5
3. Gray Blight/gray_blight_00281.jpg,3. Gray Blight,gray_blight,G01224,e3560ed53bd6f30b1b05462750edba62d08d8b855ea078547061ce6c64319e6b
3. Gray Blight/gray_blight_00282.jpg,3. Gray Blight,gray_blight,G01225,c27ed4c2692d4635080913b512265a0e9fefa5e93236b5e641504ffc1e99549c
3. Gray Blight/gray_blight_00284.jpg,3. Gray Blight,gray_blight,G01227,22e082e7c2c4bbb20f78a725da345e092a410b54b25fb72c64a2f39944aac76e
3. Gray Blight/gray_blight_00286.jpg,3. Gray Blight,gray_blight,G01229,f17ac7e059b87e9252df9fa1d03bc9840d5074f1fec76527205e257e5dd02120
3. Gray Blight/gray_blight_00287.jpg,3. Gray Blight,gray_blight,G01230,37d9e850904e2d7ee397e016c6b67707ea5b2784c105fd2f70bc31d494f0d434
3. Gray Blight/gray_blight_00288.jpg,3. Gray Blight,gray_blight,G01231,5b36ec98f94fc515c3354198a265d1ce2c4dd11309d196f3974f1bd38746f66d
3. Gray Blight/gray_blight_00289.jpg,3. Gray Blight,gray_blight,G01232,ea60a5ce4930216de099ab66dd58e0e903a0e613c63481a9a426f537e4e73364
3. Gray Blight/gray_blight_00291.jpg,3. Gray Blight,gray_blight,G01234,911bedded1b56a3c32134bea75217a645787a2781b9f43477014e6f5f8ef5733
3. Gray Blight/gray_blight_00292.jpg,3. Gray Blight,gray_blight,G01235,725b3203cc56d86549d90837c3e26a0bfd415215c12e7da08a506387871e8462
3. Gray Blight/gray_blight_00293.jpg,3. Gray Blight,gray_blight,G00013,2f3b072c5c6ec1d968a351c333650dcee6e7729e4a51e8cc5a90be69509bc7dc
3. Gray Blight/gray_blight_00294.jpg,3. Gray Blight,gray_blight,G00013,82996d1c453fee7627695b7e259ab61488476f6b1b33a04d8c3bd01dffa6b61f
3. Gray Blight/gray_blight_00297.jpg,3. Gray Blight,gray_blight,G01236,b117b0754501df1d12e268b145551b27e95056482759166a1ba43c95c9848343
3. Gray Blight/gray_blight_00298.jpg,3. Gray Blight,gray_blight,G01237,d7ef73ceb868b811a20983a7922f39c71c8d455928cec301dbfa1f5ec8c3a80b
3. Gray Blight/gray_blight_00300.jpg,3. Gray Blight,gray_blight,G01239,14393c862b992e90a64b037667b52cacdcc2dc3264444d20f03a7c05d2f05563
3. Gray Blight/gray_blight_00301.jpg,3. Gray Blight,gray_blight,G01240,dc42bc5ab56de6c5d793389525a28e79e1c4b667ed20101e0ebaa758ee8604c3
3. Gray Blight/gray_blight_00302.jpg,3. Gray Blight,gray_blight,G01241,a7f8bba70264ed40524e409f13a1eaff68c694fb3136e5452b997b6ae142a6bd
3. Gray Blight/gray_blight_00303.jpg,3. Gray Blight,gray_blight,G01242,ff47a36830d66aba5aabfe2eebca35972cde053107317a74380b843faad033e7
3. Gray Blight/gray_blight_00304.jpg,3. Gray Blight,gray_blight,G01243,535a91e4365cf7013bf7cd3b9acca0e5f3a7c9c8f8caeb2266188cb300baeec9
3. Gray Blight/gray_blight_00307.jpg,3. Gray Blight,gray_blight,G01246,a76025ac297aed871c80aff138d531373d494f1bc49031b529f9ee1b3cbd2ae5
3. Gray Blight/gray_blight_00308.jpg,3. Gray Blight,gray_blight,G01247,004cfe882b8a09b8cba4d20d804136d2effc0cec4a5e0656de0ef902ddf18138
3. Gray Blight/gray_blight_00309.jpg,3. Gray Blight,gray_blight,G01248,d3525264651d8f143252c7bf306f1b3a020d37eac5c14e7258a87f05fab9fb09
3. Gray Blight/gray_blight_00310.jpg,3. Gray Blight,gray_blight,G01249,bb0712f10830eb6000a564c219d3c6d90874fcb34d36674862554b889cf76728
3. Gray Blight/gray_blight_00311.jpg,3. Gray Blight,gray_blight,G01250,cfa78b7b9fd545d319a7be36779d86c4c7f9bc13fb76276e655d50e4310de72c
3. Gray Blight/gray_blight_00314.jpg,3. Gray Blight,gray_blight,G01253,24679ecd03aecde9f0907125a82fe1339d0ee4db3864b2ff04d7c73aeaed044a
3. Gray Blight/gray_blight_00316.jpg,3. Gray Blight,gray_blight,G01255,ff1a5f191781a24f401c8c64737e78260ead128337e44c4a3e0c648c00093ad7
3. Gray Blight/gray_blight_00317.jpg,3. Gray Blight,gray_blight,G01256,4da2597e29dbe9044023bee70da3b7b1d4733b65df2609aa490d9fe5262914c0
3. Gray Blight/gray_blight_00318.jpg,3. Gray Blight,gray_blight,G01257,8d20c591ac2bf089eb503585109c120a8504711f1e9534e6c1eac97ec23850ff
3. Gray Blight/gray_blight_00320.jpg,3. Gray Blight,gray_blight,G01259,a388461d55997bb03aeb497e00e5eac374885d7c368d9b8041e51e242c6cc2aa
3. Gray Blight/gray_blight_00321.jpg,3. Gray Blight,gray_blight,G01260,25fe351da7eaa4760de0cc28b8c6bd2c4cfcfe9a65c8756f5360f2542d2f79ec
3. Gray Blight/gray_blight_00322.jpg,3. Gray Blight,gray_blight,G01261,e5f4136033bb6d6eb44e817cd785b6b54579d93eedc9b4b31fd851f80259a98b
3. Gray Blight/gray_blight_00324.jpg,3. Gray Blight,gray_blight,G01263,127ea871a42f87665a65f8606da06db0dec8122ff4824a148eadfbdd1a613b6d
3. Gray Blight/gray_blight_00325.jpg,3. Gray Blight,gray_blight,G01264,94a291fd06f7d65986a5761ef29a80fd450b7445d1c057600c9869ad44ec3f18
3. Gray Blight/gray_blight_00327.jpg,3. Gray Blight,gray_blight,G01266,535862e4878ccc45adfce1a378dfb32e6196596d4a454a683dba9cceb6f1fd01
3. Gray Blight/gray_blight_00328.jpg,3. Gray Blight,gray_blight,G01267,a37c3590e7b8a8716f39dac4528b8713da2cc12eeb036b3d908293d4cb8c0a79
3. Gray Blight/gray_blight_00333.jpg,3. Gray Blight,gray_blight,G01272,bfb908ec44520994b2b0d4e0c2332bc852d7c24591705351578cdb67c1728d4d
3. Gray Blight/gray_blight_00334.jpg,3. Gray Blight,gray_blight,G01273,9cf8c2cc399b1b3f09a9e8d5ec8a776e1f75319c7e40bbc8bafde61868d14778
3. Gray Blight/gray_blight_00335.jpg,3. Gray Blight,gray_blight,G01274,0b7869edb6faf755bc49398db1f61c2d5c434e205bd1f71fd3d2bd3f3bcaf85a
3. Gray Blight/gray_blight_00336.jpg,3. Gray Blight,gray_blight,G01275,8cc3a99119084aad269c73a6d50dcf32e1694a99ac2d45fec75a49a6e49f6dc4
3. Gray Blight/gray_blight_00337.jpg,3. Gray Blight,gray_blight,G01276,d6a47ff920ac20fc04be0235f814daaa95e880090835c8bf2eb04e92f40b2193
3. Gray Blight/gray_blight_00339.jpg,3. Gray Blight,gray_blight,G01278,836170bbcab6ebfcbd730b6effd425fe9ac741ca261e0b9e990f1f178185a453
3. Gray Blight/gray_blight_00343.jpg,3. Gray Blight,gray_blight,G01282,2f33aa5efaec3a2689161be2582b2c29fca71afeeed165cc7c5c26c98d931a1a
3. Gray Blight/gray_blight_00344.jpg,3. Gray Blight,gray_blight,G01283,8c5e8e536a8e056c182038fa98969522e353415f48a6a1ae3123e1fc210d3ff2
3. Gray Blight/gray_blight_00345.jpg,3. Gray Blight,gray_blight,G01284,8606e50222904d997d6f5c48b5d65ed3465b64eb3a78bc4dbec058b1937f9e3f
3. Gray Blight/gray_blight_00346.jpg,3. Gray Blight,gray_blight,G01285,ec6f13f5c0ac3127478f7b998ab740b958b7f581a68329ae6bf8c33e2814e7a8
3. Gray Blight/gray_blight_00347.jpg,3. Gray Blight,gray_blight,G01286,9e525b958841e3bb7d3547ca5f1a9d9d932854fba31905c93318c3183c2e05e9
3. Gray Blight/gray_blight_00348.jpg,3. Gray Blight,gray_blight,G01287,e1167c3f862cbcd0bb2de88651a9a179eeef9610b6d7cfb9b8de3fd024096f53
3. Gray Blight/gray_blight_00350.jpg,3. Gray Blight,gray_blight,G01289,efc9b66f6cc4198fe43fbc71ede1a7dfb33abe0641588bba461c42731ceb7829
3. Gray Blight/gray_blight_00351.jpg,3. Gray Blight,gray_blight,G01290,c3baf440b993989ccf75626ab8503d4924acd30fde22f62a03bef82ba02e9ad2
3. Gray Blight/gray_blight_00352.jpg,3. Gray Blight,gray_blight,G01291,cfbf055d778e8abed50415219531b1c845f1bc4a5dbb98f813107ed26026abfc
3. Gray Blight/gray_blight_00353.jpg,3. Gray Blight,gray_blight,G01292,18a2f68f02b70fc64e32c7c11ac577454242c5a7381414f91e3e7f6b9ab3a1bf
3. Gray Blight/gray_blight_00355.jpg,3. Gray Blight,gray_blight,G01294,10d8e6a551323be88c8d0e4e2c0882e964b6c13e3ad59434b0adcbd251367cac
3. Gray Blight/gray_blight_00356.jpg,3. Gray Blight,gray_blight,G01295,c62d03d5c511639dd6c0ca2f614a28c4e319e0047a22e049348c5b983768a031
3. Gray Blight/gray_blight_00358.jpg,3. Gray Blight,gray_blight,G01297,1d2870c3b9585f93958d4a3d03e25a368853cf87d1ed06151e3c31529d098ca1
3. Gray Blight/gray_blight_00359.jpg,3. Gray Blight,gray_blight,G01298,03c36702059c2fbf64748dfeabe1f719be40a8635f2384483c9b691e11bc2400
3. Gray Blight/gray_blight_00360.jpg,3. Gray Blight,gray_blight,G00015,81075e4ed52981d1ebdc1d9a76002345998d48cece46fcc6f6ded09cea3bb390
3. Gray Blight/gray_blight_00361.jpg,3. Gray Blight,gray_blight,G00015,e968fb5da9be9578963b43352195a4ec92ccda5aca88d5fe235c1a3ea07006ea
3. Gray Blight/gray_blight_00362.jpg,3. Gray Blight,gray_blight,G01299,0552f34fe1cd0bc1fcc238524fd21ada48129bf0286140b8865d8edb7a9f8096
3. Gray Blight/gray_blight_00363.jpg,3. Gray Blight,gray_blight,G00016,a956bdc284ab4f54e534082d233d15f1288b7d71dcaad56c53979cd30a7d4287
3. Gray Blight/gray_blight_00364.jpg,3. Gray Blight,gray_blight,G00016,ba06235efcfbc2d05eebbe4954b6e0dfab8e97a2f063872b7144bbc05dcf9071
3. Gray Blight/gray_blight_00365.jpg,3. Gray Blight,gray_blight,G01300,83b7d14bce441dfcbdb707f564ca12e839b4e2c82db802bbaeebcf74e3aeebb2
3. Gray Blight/gray_blight_00366.jpg,3. Gray Blight,gray_blight,G01301,038c2657d5251080e8808ce4696e488e310a6eebe097a0f23f0988aea77fadc5
3. Gray Blight/gray_blight_00367.jpg,3. Gray Blight,gray_blight,G01302,c93481d83a5ae79c67de843267a22eedaa0ce9b8d54c9300112c2c7271c111ee
3. Gray Blight/gray_blight_00368.jpg,3. Gray Blight,gray_blight,G01303,bc7de1c7b31e2e96bda4ce2097f3c03d06c295ae6260c30e930bd250986feb9d
3. Gray Blight/gray_blight_00369.jpg,3. Gray Blight,gray_blight,G01304,b2c17175545a6ee150c45fa3e35842a2c019798360f414df937d712bd8fc4856
3. Gray Blight/gray_blight_00370.jpg,3. Gray Blight,gray_blight,G01305,7183808991a6b6429b621b20ed6146e575f01492de01ef66c3c40fa5b899642e
3. Gray Blight/gray_blight_00372.jpg,3. Gray Blight,gray_blight,G01307,2af03699ae7518972e5cdcf57fa00c8421a20a819092da83ab59148b928d03ce
3. Gray Blight/gray_blight_00373.jpg,3. Gray Blight,gray_blight,G01308,5d1cd9a81f84a12c8082709dbafb819b882168e7ea8ec676cdbc19592b3b2e15
3. Gray Blight/gray_blight_00374.jpg,3. Gray Blight,gray_blight,G01309,d4e41f90c030df91a3f6de880fdcf5f58659c928c190496fba194c7b943a5639
3. Gray Blight/gray_blight_00375.jpg,3. Gray Blight,gray_blight,G01310,d6b1c33e45e58f61c18fc4fc7e68edc1ba667b992a828f7bc7a73817d54d36fd
3. Gray Blight/gray_blight_00376.jpg,3. Gray Blight,gray_blight,G01311,7304fe39837655957d531325360c1883b5c4a7f2b3838ea603e215111c1cc578
3. Gray Blight/gray_blight_00377.jpg,3. Gray Blight,gray_blight,G01312,c9259ae02d48c1d709a524747d0401e12b4cf027e419e5167c639aaa17963cf1
3. Gray Blight/gray_blight_00378.jpg,3. Gray Blight,gray_blight,G01313,0480367f8e99cbe89099f4b1914eebd3efaecd88c1afc05c896004bfe6231a71
3. Gray Blight/gray_blight_00379.jpg,3. Gray Blight,gray_blight,G01314,4633d61f8e4a8be7374e2ce0b3b97d7ae8ed1ce8025870060bae872916e07b6d
3. Gray Blight/gray_blight_00380.jpg,3. Gray Blight,gray_blight,G01315,5398250eb663a0ecff3e7625214c64fd2aa1ff7e69b07f03d71b8daa65e9d605
3. Gray Blight/gray_blight_00381.jpg,3. Gray Blight,gray_blight,G01316,6a123561235c9bbec029224139dffc83762313010c737505599995ea7cec9322
3. Gray Blight/gray_blight_00382.jpg,3. Gray Blight,gray_blight,G01317,07d77b4bce122fb056698207e803ccffce1f31621d8b469ac71bc1719d2e04aa
3. Gray Blight/gray_blight_00383.jpg,3. Gray Blight,gray_blight,G01318,4243e29d5e8d857656dc54401b808ed593493fe9c615a3f27432b33e485ccd49
3. Gray Blight/gray_blight_00384.jpg,3. Gray Blight,gray_blight,G01319,8a6150221d4bece0a314e422fa3d66effda592b5e05e5e309fa503c238131488
3. Gray Blight/gray_blight_00385.jpg,3. Gray Blight,gray_blight,G01320,c318794a458cb70b78ea6abfef0009d4e49ec7c8d9d4296e1569540bde5248f3
3. Gray Blight/gray_blight_00386.jpg,3. Gray Blight,gray_blight,G01321,5318df41902b10dc5ac1d908feebaefcc36bec2671d0a96352a7a452b5f6a6e3
3. Gray Blight/gray_blight_00388.jpg,3. Gray Blight,gray_blight,G01323,073e5891543c2d397ec0b1db323786afcc3e7f52168d86e1bd355b6357c50268
3. Gray Blight/gray_blight_00389.jpg,3. Gray Blight,gray_blight,G01324,510ca2e8eb08c7ecd426fd9f68ffba185dbecc1dcf8259a57fe1437c2348133b
3. Gray Blight/gray_blight_00392.jpg,3. Gray Blight,gray_blight,G01327,4b00493e26ca44caa6bd7ebf4285ad01f8ebc3067b404833539b50b3f56078ca
3. Gray Blight/gray_blight_00394.jpg,3. Gray Blight,gray_blight,G01329,e4922f1e9ba43ff045c439acf0e1463f83bb5f25c35992dabfd78357a79da5dc
3. Gray Blight/gray_blight_00395.jpg,3. Gray Blight,gray_blight,G01330,d076a635da9e9cbea1529153246619aacba1c1aacf2677529ab223003a17cf0e
3. Gray Blight/gray_blight_00397.jpg,3. Gray Blight,gray_blight,G01332,3ed166066654e9f141be6e1ae798777fd59bc58e460bae7e798ec97ddaf82092
3. Gray Blight/gray_blight_00398.jpg,3. Gray Blight,gray_blight,G01333,5eda247ea330433f2003ac4d66d99c37c7fe69a7a6deda2033fde2d2f9b75aab
3. Gray Blight/gray_blight_00399.jpg,3. Gray Blight,gray_blight,G01334,b8469b14d82f128b1d467f62676ef57701b5ebce27e17bbd7f1280c54e1a029f
3. Gray Blight/gray_blight_00400.jpg,3. Gray Blight,gray_blight,G01335,4be55dd9aed2354c043d80efcf37ead22e183b8ef6984f5894d54a6346a43349
3. Gray Blight/gray_blight_00401.jpg,3. Gray Blight,gray_blight,G01336,4b05c5ebea9248f58c2824f1af93199fecbb4773becabd576cf947fddc6635e4
3. Gray Blight/gray_blight_00402.jpg,3. Gray Blight,gray_blight,G01337,14c10b5bae809119f997c3e53220b73dddcdfb3c36dfc5ed5d46dea3cb0c3b92
3. Gray Blight/gray_blight_00403.jpg,3. Gray Blight,gray_blight,G01338,c173f1eff70157905d8b2823610252d991bc4d41f8c7315f1a13588c9dcdb14c
3. Gray Blight/gray_blight_00404.jpg,3. Gray Blight,gray_blight,G01339,1daccef26ebe4c1a8124fc0bf23e1839a2b0b25d76f45a01b97c6778ea7a5aa9
3. Gray Blight/gray_blight_00405.jpg,3. Gray Blight,gray_blight,G01340,66b477cb935de05058fb29921bb6bc15e6be9c65dfd1c13ddc4d134ce870af76
3. Gray Blight/gray_blight_00406.jpg,3. Gray Blight,gray_blight,G01341,8469d0714ff16557270c8ec23c251bdb058b8c4b71ef48cacf3d30479c10cbd7
3. Gray Blight/gray_blight_00407.jpg,3. Gray Blight,gray_blight,G01342,07c16367351efbfb1bbd3a18331a5617b234121af528ff12614d8a7f297a61e1
3. Gray Blight/gray_blight_00408.jpg,3. Gray Blight,gray_blight,G01343,617bf28409ad0bc7533b48ded2b242eae05fc6a18d49db880dd6d8f83d66a95c
3. Gray Blight/gray_blight_00409.jpg,3. Gray Blight,gray_blight,G01344,673e1bb9e71205c9d1cd3edfc8d90fa025334b2387e621cee9836505df480968
3. Gray Blight/gray_blight_00410.jpg,3. Gray Blight,gray_blight,G01345,034bd0fb097b3e2c71e32ef90de9dbc68af673f650771aeff962261aaec6546f
3. Gray Blight/gray_blight_00412.jpg,3. Gray Blight,gray_blight,G01347,2f66a77d21ca7b24c3a066480849a9a048e78428c4f72259cf4a7e6b99c946ef
3. Gray Blight/gray_blight_00415.jpg,3. Gray Blight,gray_blight,G01350,936d309b5540fc642edceb2b9e3ac72d31052e6d52fb7f5b41a37177e0891ca0
3. Gray Blight/gray_blight_00416.jpg,3. Gray Blight,gray_blight,G01351,8c57bddec9d8127136af051aa9b4322f15674283d43ec7ed3ca01ed197f3e7db
3. Gray Blight/gray_blight_00417.jpg,3. Gray Blight,gray_blight,G01352,3e075fa6bce2ed3b3bf30f3b3029ed35d771f1c5e60979d406bc03969d398839
3. Gray Blight/gray_blight_00420.jpg,3. Gray Blight,gray_blight,G01355,3b0ef2a7fd8247aa6b4841973fd0f77e6053edc32cbc9703c0d51231ee2493ac
3. Gray Blight/gray_blight_00423.jpg,3. Gray Blight,gray_blight,G01358,3bc4f4d7d591c8f9e08b2990727d3f5ff0e42789ca8f2d0e7cd07b18ad8a1aa3
3. Gray Blight/gray_blight_00428.jpg,3. Gray Blight,gray_blight,G01363,4ffdfa6268b41a3ca49525f2f99bc1c88e5a4e95987b0ecc35a4c86c2c6dd663
3. Gray Blight/gray_blight_00429.jpg,3. Gray Blight,gray_blight,G01364,8e89a74af2528c84a30b450b7c9c3a76ad75e2785ee6c2f366d58938d6427ec9
3. Gray Blight/gray_blight_00430.jpg,3. Gray Blight,gray_blight,G01365,147a3b4a9207b1cc69ef5e1d5a92156ea440122db68af2eed15d83bf05edc2a5
3. Gray Blight/gray_blight_00431.jpg,3. Gray Blight,gray_blight,G01366,4eb0dfbd3c799dafd2f75b840fc2621dc793a6f05e070d07cb3d6a6231718210
3. Gray Blight/gray_blight_00432.jpg,3. Gray Blight,gray_blight,G01367,359c707a943da2cf1fa7da6366fe73f4829bf75668e4435b428a17f14ec2d50f
3. Gray Blight/gray_blight_00433.jpg,3. Gray Blight,gray_blight,G01368,8c9f26e76232bd75ac76cdd86b000bb687ee88b618d4002f48b588c80b56221b
3. Gray Blight/gray_blight_00434.jpg,3. Gray Blight,gray_blight,G01369,05f0281da348276f58bd92086798ca9987a4e7c391ca93f7de7f1d766f8c0d16
3. Gray Blight/gray_blight_00435.jpg,3. Gray Blight,gray_blight,G01370,6fbfbcc878fa52662f43f7f741a4fb37b4fdd96164d206505cb8bb1b528af11f
3. Gray Blight/gray_blight_00437.jpg,3. Gray Blight,gray_blight,G01372,e69538cebe9e0de3f77d84c4f90e164114b1a6044b5c7329124ebd2df3a590b6
3. Gray Blight/gray_blight_00438.jpg,3. Gray Blight,gray_blight,G01373,68c9df3fc9f3f47ad1ba8b4e4aa7a975b5d331d1d8e6b111c94b224440ca97ba
3. Gray Blight/gray_blight_00439.jpg,3. Gray Blight,gray_blight,G01374,75dbbf2f01256386e37a8b3dd715d625f24fe9829b91982c0c15a78b5322db82
3. Gray Blight/gray_blight_00441.jpg,3. Gray Blight,gray_blight,G01376,c4eacd87e5d27e2c481919eca8ca52eba4fe809a19ad5cd971ec9af0efbe4c38
3. Gray Blight/gray_blight_00442.jpg,3. Gray Blight,gray_blight,G01377,7fb08b79919f70a558f53c319daf696a71c0ffc268756b53b7c30cffb627c12b
3. Gray Blight/gray_blight_00444.jpg,3. Gray Blight,gray_blight,G01379,cfd405e6254f0bfdcd535c6fa355cc46ad9a9a7c46ccb7029ff81cbdffae3a8a
3. Gray Blight/gray_blight_00445.jpg,3. Gray Blight,gray_blight,G01380,b7a7a605c735bd65a644225325727cd94bb591a6ab8fffbe1fbafbde4189c13f
3. Gray Blight/gray_blight_00446.jpg,3. Gray Blight,gray_blight,G01381,21ce10de252f00424f224c893b45305c3235329d03ede3cd5a422768e98d88be
3. Gray Blight/gray_blight_00448.jpg,3. Gray Blight,gray_blight,G01383,0551132d4d9e2212229f55747ae0349d2b373d8ffa67a4fe96cc2f2231a5c6e2
3. Gray Blight/gray_blight_00455.jpg,3. Gray Blight,gray_blight,G01390,c69c764f1465f79e9551d8f431d576fad602158368d5e36cd109105491a49f9e
3. Gray Blight/gray_blight_00456.jpg,3. Gray Blight,gray_blight,G01391,110186f845e44c26252b0b2b8558a063796fbe1e06eb758311050d99cfdb371c
3. Gray Blight/gray_blight_00457.jpg,3. Gray Blight,gray_blight,G01392,a8f5e65f1f2cc95edfe36eb3dad3225b2a485cc007d2b1484ae15b12f472abc8
3. Gray Blight/gray_blight_00459.jpg,3. Gray Blight,gray_blight,G01394,2d6f1dfe78b621463a856e2247ad454e561e0d3750ee412c87d29bf02c11b5cf
3. Gray Blight/gray_blight_00460.jpg,3. Gray Blight,gray_blight,G01395,879052db602bb69a06303d320ae5c6f434494e035f0488391530a616b604b139
3. Gray Blight/gray_blight_00461.jpg,3. Gray Blight,gray_blight,G01396,25e34b289b545a8db3a4a6918cf5516fb338461474df861417c445edc9118c13
3. Gray Blight/gray_blight_00463.jpg,3. Gray Blight,gray_blight,G01398,457d6a9566afc218dd18c63b0aa1092e1fe6ab81d221895dbd967cd77a6d9bf8
3. Gray Blight/gray_blight_00464.jpg,3. Gray Blight,gray_blight,G01399,147062277bd3f4f2e0843feb3af93d8aaceea8c36dd1e915264418bcf2672de0
3. Gray Blight/gray_blight_00469.jpg,3. Gray Blight,gray_blight,G01404,adde25dd6be67d57e45b4fd4fb16a5b98cadc51347244dff768db849b5abea70
3. Gray Blight/gray_blight_00470.jpg,3. Gray Blight,gray_blight,G01405,97ba9f805f62d52321a4b2710784e3a54554875b0e4d918f3011d0ad72a322e6
3. Gray Blight/gray_blight_00471.jpg,3. Gray Blight,gray_blight,G01406,0ae8686d0cd5188d7c3a9576a54edf2ac54fb0497e9a78a075b67a3ef2f77e0d
3. Gray Blight/gray_blight_00472.jpg,3. Gray Blight,gray_blight,G01407,32320982f91a97d406d80a4334063ce02c8ed0a0e686978474b5d4f559bc920b
3. Gray Blight/gray_blight_00475.jpg,3. Gray Blight,gray_blight,G01410,2c12a5c272d553224a3b9f344dfb29c8a7896fc255cb369d5afbc568a0527994
3. Gray Blight/gray_blight_00476.jpg,3. Gray Blight,gray_blight,G01411,d58c0b63de1b8b2cacedbc100243a8f346c1a15f18903af6fbdbeee3beb9875a
3. Gray Blight/gray_blight_00477.jpg,3. Gray Blight,gray_blight,G01412,8f11df1216712ec478c76462ef65b2bd23ff26ee19929091ce17e752dce2ec53
3. Gray Blight/gray_blight_00478.jpg,3. Gray Blight,gray_blight,G01413,943b9990ccc833210a6b5ab6421762a06b43ed2a2fda236bcbb1c4c5bb2a007d
3. Gray Blight/gray_blight_00479.jpg,3. Gray Blight,gray_blight,G01414,cfecdf9c0f78407cc6ca7b50c8d9e484bbdaaa4ea7fa0392931e5c5e779c1cf4
3. Gray Blight/gray_blight_00483.jpg,3. Gray Blight,gray_blight,G01418,e49f05b59934d8f623cf69a0f47513467ac5f93ecf09006e9c6aa0605075172d
3. Gray Blight/gray_blight_00486.jpg,3. Gray Blight,gray_blight,G01421,f1dafd234e8f6eb456fc13604faab4365aa39b3fd6a0be12ec45f7195c674332
3. Gray Blight/gray_blight_00487.jpg,3. Gray Blight,gray_blight,G01422,2366df197bb7e09825d4bd212628c9a703980c4caea1f545a33a8d05d6d98ff2
3. Gray Blight/gray_blight_00488.jpg,3. Gray Blight,gray_blight,G01423,463ccfbafa8993dfd46fa37a38aa75594d1852f0bea913794328f61e519c5d8c
3. Gray Blight/gray_blight_00489.jpg,3. Gray Blight,gray_blight,G01424,9310643dbe43a2c24b985717d22863f5d0c663d101bcc22250967f7b588c7e9a
3. Gray Blight/gray_blight_00492.jpg,3. Gray Blight,gray_blight,G01427,5c69b85963bc5b8536277cffe99f767a2729b8f34fb85ccb6034b875daf33ca0
3. Gray Blight/gray_blight_00493.jpg,3. Gray Blight,gray_blight,G00017,48f88f505040d54e9134b64258bdc7a854051208b3fb1af6b1881a93f7778942
3. Gray Blight/gray_blight_00494.jpg,3. Gray Blight,gray_blight,G00017,48f88f505040d54e9134b64258bdc7a854051208b3fb1af6b1881a93f7778942
3. Gray Blight/gray_blight_00498.jpg,3. Gray Blight,gray_blight,G01431,7a6a7060b4b7217c75bf47e813b55ed80b12909ca0093f0e00685f1576265d62
3. Gray Blight/gray_blight_00499.jpg,3. Gray Blight,gray_blight,G01432,7580063eb0b01ddf0881f0bce563e37094463cc4f20aaba143db901104856e45
3. Gray Blight/gray_blight_00500.jpg,3. Gray Blight,gray_blight,G01433,9591beeba62d9276b8b699c354401a1d64e346461ceee053c108da7da66123f8
3. Gray Blight/gray_blight_00501.jpg,3. Gray Blight,gray_blight,G01434,5f775e8dd169ed7f9ee4867fe191117c2d6c8f532435c3a1d924ad81ba2fa2ed
3. Gray Blight/gray_blight_00503.jpg,3. Gray Blight,gray_blight,G01436,601a16f5c864fb8a1503c5e854cbacdeb68f73e2258337cf7d293ed08d19d04e
3. Gray Blight/gray_blight_00505.jpg,3. Gray Blight,gray_blight,G01438,ff8e8c8baff5231ea817f2d9395b5cab5e4b040bf77192e0f69cf11f744b708d
3. Gray Blight/gray_blight_00507.jpg,3. Gray Blight,gray_blight,G01440,5ba53fd424f7fa05d1d7299d6d24666f64c3d10ac92dbc7d4677fb2266227536
3. Gray Blight/gray_blight_00509.jpg,3. Gray Blight,gray_blight,G01442,4d76a586c290c6a59b31879fb8e155fb513988ad4128868d5d7a652293cda896
3. Gray Blight/gray_blight_00510.jpg,3. Gray Blight,gray_blight,G01443,a89d82c847f235cb40761448d85305d2917a361c1a71671fce746d7d43c028d5
3. Gray Blight/gray_blight_00512.jpg,3. Gray Blight,gray_blight,G01445,a8c2f71f5425cf52f060bc4a45d7d7bfb41ce29b797e4d5d27d1b2826cf4bc7f
3. Gray Blight/gray_blight_00514.jpg,3. Gray Blight,gray_blight,G01447,41cfec2bba665d62c2dba7ef07c10b0bf618a7477712c5a5f1a205116b82c1ab
3. Gray Blight/gray_blight_00516.jpg,3. Gray Blight,gray_blight,G01449,08786f98b958678b5921abd273a7eca9490f3f70511324285bb1eb2e7d1bcc06
3. Gray Blight/gray_blight_00517.jpg,3. Gray Blight,gray_blight,G01450,f37af59ef057b9d7dfff3893c6ddcfb51ee29db266b08ef9e7bb592b53d02d40
3. Gray Blight/gray_blight_00518.jpg,3. Gray Blight,gray_blight,G01451,d960858804db076c8f3911152ead3a2fde7a78c6b628ea9cc47610cc38ed1cd9
3. Gray Blight/gray_blight_00519.jpg,3. Gray Blight,gray_blight,G01452,fa5ad5ba87cfafd51f8f2b2151874556801f3bbbf518b964a276b8c328d8b256
3. Gray Blight/gray_blight_00523.jpg,3. Gray Blight,gray_blight,G01456,a578d2b702167c9568c93b15dc4c090bd1a19a621c4e97cd70e549ddd97d620c
3. Gray Blight/gray_blight_00524.jpg,3. Gray Blight,gray_blight,G01457,323e466a972aa999f477d2c7522a83856ded6a7b7a2153b75cee5c03c86642aa
3. Gray Blight/gray_blight_00525.jpg,3. Gray Blight,gray_blight,G01458,1e5a134ab9c63716ecc6f13b71104990c370dc285e59b3142acb789d4f013d9a
3. Gray Blight/gray_blight_00526.jpg,3. Gray Blight,gray_blight,G01459,352d19fe4dc6330df72c516819eb15100ad8f8b7834e48700e8e1f01aabdf331
3. Gray Blight/gray_blight_00528.jpg,3. Gray Blight,gray_blight,G01461,914fd920369fa77c5fdc9827366cb4fd3676656de49048e9d03182021a460aae
3. Gray Blight/gray_blight_00529.jpg,3. Gray Blight,gray_blight,G01462,0a78fce2fcd1a13b7cf3bb1828bb60b59c86864bc1d1828fe8270db6942a7189
3. Gray Blight/gray_blight_00530.jpg,3. Gray Blight,gray_blight,G01463,cfc75ab6927dc86fa0ba4b1608eec97ed83a31b19feae9b3520acec86ed47705
3. Gray Blight/gray_blight_00533.jpg,3. Gray Blight,gray_blight,G01466,8143fc70b1fa6cd9e793a7e4bcb86ec082cd14aba4927eb92e872ec99e33f762
3. Gray Blight/gray_blight_00534.jpg,3. Gray Blight,gray_blight,G01467,5fca79a745afd4e74379f1f4545627a700e50b806c86e305d38af794beb7f147
3. Gray Blight/gray_blight_00535.jpg,3. Gray Blight,gray_blight,G01468,899d5e0682afc7c3f3d1ebbc6b1cdd1423cad4fae1208a260defb4837004fb87
3. Gray Blight/gray_blight_00537.jpg,3. Gray Blight,gray_blight,G01470,85d710745fe2754a8c71c52e6d51b708b669b98c8ee858362013384d2a8427f7
3. Gray Blight/gray_blight_00538.jpg,3. Gray Blight,gray_blight,G01471,56931d67a7ca87e1c106f6649011563991076cb2ef831119d254d8e94dba8bbf
3. Gray Blight/gray_blight_00540.jpg,3. Gray Blight,gray_blight,G01473,c55987f71b263f9c30f8c7a9742e8abee967f51205f695ab0d21f21349485e7a
3. Gray Blight/gray_blight_00541.jpg,3. Gray Blight,gray_blight,G01474,9becca817ba1c958d7856ff2954f4bd3be394c231b902dce12bbeff4cab060b8
3. Gray Blight/gray_blight_00542.jpg,3. Gray Blight,gray_blight,G01475,bf356fd14c23151c7d8d077de2461ac1b8208ca5e2e0a52328b9ad077d10e8ac
3. Gray Blight/gray_blight_00543.jpg,3. Gray Blight,gray_blight,G01476,960b1fe386a6a56037a70df212196970e2afd1caf6d57fd4956ac8fc972197d1
3. Gray Blight/gray_blight_00544.jpg,3. Gray Blight,gray_blight,G01477,32084aa428b2a1508e5df00a2eb7abced116ac8d3dfde34a2609b6db6776ceed
3. Gray Blight/gray_blight_00545.jpg,3. Gray Blight,gray_blight,G01478,aed87d46611180a2f488097a08ed972c99af01454461767627cad7bd573969c0
3. Gray Blight/gray_blight_00546.jpg,3. Gray Blight,gray_blight,G01479,1885713562668862cafe7c086c0c1e9ddaa7f92d358283303c7952f5afaaa9a0
3. Gray Blight/gray_blight_00547.jpg,3. Gray Blight,gray_blight,G01480,db05f90727e01304eb8ecd3cc8ea59fe39b65fa3a11b2d091844a734dc713559
3. Gray Blight/gray_blight_00548.jpg,3. Gray Blight,gray_blight,G01481,ebe567b3c02d6de2a9aa26491a65db96e2eb1b367dfa46907441b0f1845c9cc9
3. Gray Blight/gray_blight_00549.jpg,3. Gray Blight,gray_blight,G01482,0b52883fac6c91adb88beecf18756e301834071db0224a8f8fe45cd5b33777b3
3. Gray Blight/gray_blight_00550.jpg,3. Gray Blight,gray_blight,G01483,a8ca43f331ba2cc8607e581041652f40235445dfcf7574fe9fc06dffb613cee3
3. Gray Blight/gray_blight_00551.jpg,3. Gray Blight,gray_blight,G01484,9c5bd4b5b92b0d007d3916e1513b329ad52c506dceb6f681fc84aeac57d9f90a
3. Gray Blight/gray_blight_00554.jpg,3. Gray Blight,gray_blight,G01487,23319dda9b288cbe854cbbb2530696d65d8f4b0af043c8ff30000dfa9e2d1a6a
3. Gray Blight/gray_blight_00555.jpg,3. Gray Blight,gray_blight,G01488,d1561295c0074a4855a15b0ba406e41c1f08d07845e5ddc8b12d1a5e42fa0020
3. Gray Blight/gray_blight_00559.jpg,3. Gray Blight,gray_blight,G01492,ed70a3ef348bf1d129f65cbfac3eb8f7224bbf3a8e88deaf440bc5a45a3d8630
3. Gray Blight/gray_blight_00560.jpg,3. Gray Blight,gray_blight,G01493,272e6cad38c4aa2ec283eb6ec0a3ef7659145b74835243d74ea94a8ff402c119
3. Gray Blight/gray_blight_00561.jpg,3. Gray Blight,gray_blight,G01494,bb545c4c5540219aee90b75c8a120ddc9e50b58c31620860b9cd03e064916da4
3. Gray Blight/gray_blight_00562.jpg,3. Gray Blight,gray_blight,G01495,3be6d6780d508c248e7a81dbd51ffc1451954f79c480bd4ef0a31721ddb761e9
3. Gray Blight/gray_blight_00567.jpg,3. Gray Blight,gray_blight,G01500,155568fdbc4e2e7b97394dfa682309dbe04b62d16b956d26b70603c4097d928c
3. Gray Blight/gray_blight_00568.jpg,3. Gray Blight,gray_blight,G01501,309089c0d56c97ffa0943f4a2cd5017438fd513e1b0e65c182ea5683124df995
3. Gray Blight/gray_blight_00569.jpg,3. Gray Blight,gray_blight,G01502,0cba431ae2a0a280657100b614cf6cbd20b67aa447e31c9f0cc65e6d7feb2853
3. Gray Blight/gray_blight_00570.jpg,3. Gray Blight,gray_blight,G01503,e0d5be8cd1841e6b656bbcdeffb15c4028907db423d818afd5b88f375c8c49ca
3. Gray Blight/gray_blight_00571.jpg,3. Gray Blight,gray_blight,G01504,32cf3aa8deb817da479cef44a36188079ca7fc10fe605f1b6df5ad00ea03b2b8
3. Gray Blight/gray_blight_00573.jpg,3. Gray Blight,gray_blight,G01506,6a8aae306c495171aa4632ed7173949a71411994b1239a7e002faa7dafc72f19
3. Gray Blight/gray_blight_00574.jpg,3. Gray Blight,gray_blight,G01507,9f277c10838a0a8deea0bb1b3890520d99d6955055b08b664dee4c390c73093e
3. Gray Blight/gray_blight_00575.jpg,3. Gray Blight,gray_blight,G01508,dc7dbea902ba4c8540bd58598743dca55c2922edd90b8074d41a59c05f00f968
3. Gray Blight/gray_blight_00576.jpg,3. Gray Blight,gray_blight,G01509,8f04f47f9e395a1e85f3afd380e08f3c70348a8d204fdf411ba93d8e3646544c
3. Gray Blight/gray_blight_00578.jpg,3. Gray Blight,gray_blight,G01511,9c8c19c0a91e2325230968cc7276c4e664c9852f343af2c2bfb6e29616ccf3e6
3. Gray Blight/gray_blight_00579.jpg,3. Gray Blight,gray_blight,G01512,b30038db0e3b62793f59f2bc2a7887874c58dc27b4f3387a11d736215eb2bd52
3. Gray Blight/gray_blight_00580.jpg,3. Gray Blight,gray_blight,G01513,728624659fff7e47ebfee6c925ef5948eca2cfc8da5df8be1c99b151550daa6f
3. Gray Blight/gray_blight_00581.jpg,3. Gray Blight,gray_blight,G01514,92699cd09492039386247fd08f706b18b7f27d2073da0be614884c72d6f8bf8e
3. Gray Blight/gray_blight_00582.jpg,3. Gray Blight,gray_blight,G01515,36a582e367897baf09f45df63ea405e522bb5ce828429a602a06b705b78cddb9
3. Gray Blight/gray_blight_00584.jpg,3. Gray Blight,gray_blight,G01517,5fbeb22ec001ff724488af5ae0a4957d479b1b2cc8bcdd91a945917f145e4655
3. Gray Blight/gray_blight_00585.jpg,3. Gray Blight,gray_blight,G01518,bcd6bbf7de6a7183785362c65aa0e62f779a0794881064c8ee25a31e70657304
3. Gray Blight/gray_blight_00587.jpg,3. Gray Blight,gray_blight,G01520,7618e4fc523c48df3e57ca4f51c8a2ffe8179223a29ccc958769a799af28aaeb
3. Gray Blight/gray_blight_00588.jpg,3. Gray Blight,gray_blight,G01521,eae1d708ddb2d3dd0cf72de47a70dd81e4cfacdef6fb9d376eac86ea813b87d3
3. Gray Blight/gray_blight_00589.jpg,3. Gray Blight,gray_blight,G01522,4dbdde8fde6a9c08524ef04e4bf7dba762e93c25f5e64a384abd3d02c87e30bb
3. Gray Blight/gray_blight_00592.jpg,3. Gray Blight,gray_blight,G01525,961d65a56b92a41a1efecc7bae8a362f433d9919d8f09a03539508ab5b8e73a0
3. Gray Blight/gray_blight_00593.jpg,3. Gray Blight,gray_blight,G01526,ecc90b45f8d485438544116e178ffad4e5eea5c7f4a1e76c82367d65c9d144da
3. Gray Blight/gray_blight_00595.jpg,3. Gray Blight,gray_blight,G01528,4b128656a9e93aeaaf39f25eebc4b4c326db7ef55f95a5ce82487afb2681963b
3. Gray Blight/gray_blight_00596.jpg,3. Gray Blight,gray_blight,G01529,e85c62b00f2102b72209e434ce7976be22f7928e9a53a6a5c3d5cb7bc755e9f8
3. Gray Blight/gray_blight_00597.jpg,3. Gray Blight,gray_blight,G01530,369497cec091ec70d9cc056433a103bc5acc907db051451f09886521302302ba
3. Gray Blight/gray_blight_00598.jpg,3. Gray Blight,gray_blight,G01531,927b10080544857dc7ffb2ccc6ea42fd7341fee92c77f57fa70e9b21847c513b
3. Gray Blight/gray_blight_00599.jpg,3. Gray Blight,gray_blight,G01532,b49f4b0db69ea37c4876864cc9607f1cbccd74e9dcd0aa33f40f59ad32634d24
3. Gray Blight/gray_blight_00601.jpg,3. Gray Blight,gray_blight,G01534,fae45766b8dedc02dd0024a6794781524958b13cf47d5ad3df2a7c8aa48c13b8
3. Gray Blight/gray_blight_00606.jpg,3. Gray Blight,gray_blight,G01539,f493a4cd63c3441b4ca1b526e5e591776661d9772d35335b2e2ebb929428119c
3. Gray Blight/gray_blight_00607.jpg,3. Gray Blight,gray_blight,G01540,7854c0cef38fa69dd426b2ed7642ffe7647bbd5fae11997f8a8c6271d2eecc63
3. Gray Blight/gray_blight_00608.jpg,3. Gray Blight,gray_blight,G01541,36275971fc3429a32a0ab183b019512d3869d69b9f94b0a2447e1b73871ac392
3. Gray Blight/gray_blight_00612.jpg,3. Gray Blight,gray_blight,G01545,9cb310989f95a56e2cba02d09055e97211cbccc4a0774d95be0a1b7e2e8d8ebf
3. Gray Blight/gray_blight_00615.jpg,3. Gray Blight,gray_blight,G01548,3112a1d36b48b80b0500a7924362a46da7f2d4c97b027293b22653cb43ddfe9d
3. Gray Blight/gray_blight_00616.jpg,3. Gray Blight,gray_blight,G01549,6a316fe8852cd34ed171e1e922be532791863c06fd7ae293b3304b91aab2e17f
3. Gray Blight/gray_blight_00617.jpg,3. Gray Blight,gray_blight,G01550,2c1d861ba9a76e90b5b9058e528ad23a081572a14af518a72a21ccd38e619937
3. Gray Blight/gray_blight_00618.jpg,3. Gray Blight,gray_blight,G01551,f82ac00bb186ccc07b606e58c2cc15eba4025d0ac5b187a2be569c5884c54af2
3. Gray Blight/gray_blight_00620.jpg,3. Gray Blight,gray_blight,G01553,82021a6038f5b34ee555e7f41bf8f9dcd9c357d5ffbd07c6b9845e3ba86f78b9
3. Gray Blight/gray_blight_00622.jpg,3. Gray Blight,gray_blight,G01555,0613f71d088dd756525680d8915b7d4a523d9050c18ad059558e914ed815ef32
3. Gray Blight/gray_blight_00623.jpg,3. Gray Blight,gray_blight,G01556,c5672aa336c5ef9833db442822723fe2d453fec9084a52a5b81a059567cf11e7
3. Gray Blight/gray_blight_00626.jpg,3. Gray Blight,gray_blight,G01559,49c8f97316a6e76bba0523e30eaed63d6f2e6bc520f590fffc8d6efb4349844f
3. Gray Blight/gray_blight_00627.jpg,3. Gray Blight,gray_blight,G01560,622bab255f8d3da18c334c006fdbc6ce829f0a2ba44337626b743535bbd35eea
3. Gray Blight/gray_blight_00628.jpg,3. Gray Blight,gray_blight,G01561,b6e1d173f4daa6748fdbec608face8dbbefbd348ab45a259c8cc076baefabc92
3. Gray Blight/gray_blight_00629.jpg,3. Gray Blight,gray_blight,G01562,f8720edbd6b0e7bf1cc2acb49c0bdc0eb83ea2eea12bddc48f5f3f3d5c1702b0
3. Gray Blight/gray_blight_00630.jpg,3. Gray Blight,gray_blight,G01563,2adb1921bdd0beb5ec510da4502aa6a340328d39864d1510c2aad0e5ddf07070
3. Gray Blight/gray_blight_00631.jpg,3. Gray Blight,gray_blight,G01564,db6778650d8b1c441a9f75500ed0d6e55efdaa8877a5f5a89ccfa9101b579541
3. Gray Blight/gray_blight_00632.jpg,3. Gray Blight,gray_blight,G01565,a3cf059971fd41ef3987ddda47c62872a4286b4f9ff5f03219edb2ec290a5a84
3. Gray Blight/gray_blight_00633.jpg,3. Gray Blight,gray_blight,G01566,c4a426e6933e2ebb943f79ffdeee5035d08c66dcf71c83e3b522cacaff20c09f
3. Gray Blight/gray_blight_00635.jpg,3. Gray Blight,gray_blight,G01568,ea939577703ad753e7ffc907ed3a7cf4e71c978bfa213799c0eb6df0ef4665f5
3. Gray Blight/gray_blight_00637.jpg,3. Gray Blight,gray_blight,G01570,e5c3c618a398e8e022d2c7501b2e9519d75b2bb84b9a967a680d69f33b38810c
3. Gray Blight/gray_blight_00639.jpg,3. Gray Blight,gray_blight,G01572,269eb0e646f64987de928b92133cba7498ae2f8cb5966d95210e51ba7c9c1e56
3. Gray Blight/gray_blight_00640.jpg,3. Gray Blight,gray_blight,G01573,d3c5d2671823464166ced29583e219bffb122f4e8f929c8aa840f7fb102c71b7
3. Gray Blight/gray_blight_00642.jpg,3. Gray Blight,gray_blight,G01575,23e1a553278bd820cad604d4f964f813bb9134ef391ab0f0a6e6b9ee0face15f
3. Gray Blight/gray_blight_00643.jpg,3. Gray Blight,gray_blight,G01576,01dd98f3fd31e1dd8f56f27a1062eb33ce3cf260d168ad150870be6b19ebbda4
3. Gray Blight/gray_blight_00644.jpg,3. Gray Blight,gray_blight,G01577,e306f2ebef0497adbc0bae2ab27d97bb83c714c007f36c356117a9656291c706
3. Gray Blight/gray_blight_00647.jpg,3. Gray Blight,gray_blight,G01580,2845e27819fec8de36eb65d8d7d01be17230f6f914e60b92e4d7c635eb6527ed
3. Gray Blight/gray_blight_00648.jpg,3. Gray Blight,gray_blight,G01581,af244dd892204f939952a8d537c6fd6b64b60eb82bf2edbd785134a5a7febe23
3. Gray Blight/gray_blight_00649.jpg,3. Gray Blight,gray_blight,G01582,7cf963e74a4b07907234f6715e5488819db7adb4d8cc962ebda3345f7d44b185
3. Gray Blight/gray_blight_00650.jpg,3. Gray Blight,gray_blight,G01583,f83c35578f0e646940c316a068b25163edd13efa65f67b1afa7539cd4608cd24
3. Gray Blight/gray_blight_00652.jpg,3. Gray Blight,gray_blight,G01585,360879add900137b5dda443a7b88ffffc09e630ce2ff716d439dfe225c6eb0a9
3. Gray Blight/gray_blight_00653.jpg,3. Gray Blight,gray_blight,G01586,fa4e36d81882c6bf8ef31595fc4730240df0c07b5f67aea8eaaaf3df9d30e992
3. Gray Blight/gray_blight_00654.jpg,3. Gray Blight,gray_blight,G01587,07076d4d32ed42ce25aa36049fefe9f288e0fcbd3f2e3ca93acc8dc3d5b8c524
3. Gray Blight/gray_blight_00655.jpg,3. Gray Blight,gray_blight,G01588,1a4f41d667c8dfc9813dc37b1972e5fc808aa73aeca66c83c2d51d2343587b17
3. Gray Blight/gray_blight_00656.jpg,3. Gray Blight,gray_blight,G01589,b80e123a6732668ac97a2a3888339ef998dbfbd2eeaedc5a1060150e665569b7
3. Gray Blight/gray_blight_00657.jpg,3. Gray Blight,gray_blight,G01590,4c446c29c44ca41412203d6391fa6da8c269dc75a0a6fc4db5397a8e45c78d28
3. Gray Blight/gray_blight_00658.jpg,3. Gray Blight,gray_blight,G01591,8d1688ad8deb43c70d09af758e82f54bedc5ba9053b592ad3f6086dc209f9495
3. Gray Blight/gray_blight_00659.jpg,3. Gray Blight,gray_blight,G01592,32db81cfdd040596934a0f4f95807b409e5b15ea063cb5c986add12f13a7e3de
3. Gray Blight/gray_blight_00660.jpg,3. Gray Blight,gray_blight,G01593,609abfb60766da9cb1edb71fd9ad27529d057d6c9884ef499fda623764b60f76
3. Gray Blight/gray_blight_00661.jpg,3. Gray Blight,gray_blight,G01594,246c44c184f64837d6326890cd608d4d2ad254564e937923867fade6c129085d
3. Gray Blight/gray_blight_00662.jpg,3. Gray Blight,gray_blight,G01595,c67f6e90e6322fbcc3fac56c7c5672bacff4ff06f5f6990261fe0c897f09bd19
3. Gray Blight/gray_blight_00663.jpg,3. Gray Blight,gray_blight,G01596,1f387d4d36088910b57315bf6c8a5b59c8025982d554ef8944dd0839c53f5b42
3. Gray Blight/gray_blight_00665.jpg,3. Gray Blight,gray_blight,G01598,32478ac170c9918a23ce82bb4ecc4e6a7b917c01bcad0b8a6663e4a53f6f7c41
3. Gray Blight/gray_blight_00666.jpg,3. Gray Blight,gray_blight,G01599,5a181981d06d21a8824ee95bd3d792acabf71204783a72dd8de4d6cc274291c6
3. Gray Blight/gray_blight_00667.jpg,3. Gray Blight,gray_blight,G01600,b06de1976f9813355e2aa39a495ad3224fd76145fcfa863fbab48ab6cff66b77
3. Gray Blight/gray_blight_00669.jpg,3. Gray Blight,gray_blight,G01602,4ac20645175b42e39dec2c8a7f408c1aac01d17b853cacddade516d9aecc97b3
3. Gray Blight/gray_blight_00670.jpg,3. Gray Blight,gray_blight,G01603,3b83d9fac54473b65833d8fc6cd5331c5665ad173e716f3d4964c236696898df
3. Gray Blight/gray_blight_00671.jpg,3. Gray Blight,gray_blight,G01604,4ec91dcf210bddb4b171cc64c52025df045193dff6aceea01ba5e4484ba66353
3. Gray Blight/gray_blight_00672.jpg,3. Gray Blight,gray_blight,G01605,f1eae5b86a5f5d98b5b435bdaa0c48541678c12fabe81034ae705ebffafaee99
3. Gray Blight/gray_blight_00673.jpg,3. Gray Blight,gray_blight,G01606,09a7d2dbef25866c1dbef62bf095f0bd4faa33cdccbf6c6af3225a8c2e1a2bae
3. Gray Blight/gray_blight_00675.jpg,3. Gray Blight,gray_blight,G01608,8425a512585c31f0361f9cd4cdf7f0c965eaa0730d3e592e232f717bd2f37c28
3. Gray Blight/gray_blight_00681.jpg,3. Gray Blight,gray_blight,G01614,e6181a03c0eab6f688fff1ab4855bf3b9a3f9b0bd8c2174c1b5ea10b87c5d00c
3. Gray Blight/gray_blight_00682.jpg,3. Gray Blight,gray_blight,G01615,7da98486bfe020d6d7cacda105a7940a79f158a6b64d05f6cb395d0f1e15bf11
3. Gray Blight/gray_blight_00683.jpg,3. Gray Blight,gray_blight,G01616,10912b1d2bd920c41cb1ae4a3c488ec66eb350596e09f82dc56b8cb056fa9b29
3. Gray Blight/gray_blight_00684.jpg,3. Gray Blight,gray_blight,G01617,1783aef920ad18dc202b0df155d1fdd288d96da91eb4c54e875889bb19ddbb5a
3. Gray Blight/gray_blight_00685.jpg,3. Gray Blight,gray_blight,G01618,87c6520e7b68d7f021ea90aca8729f29b2e9edcca96ea77791d8e62ea50cc254
3. Gray Blight/gray_blight_00686.jpg,3. Gray Blight,gray_blight,G01619,2c3a0b94f78dadd8f1114d9045bd517b1308f150048fa9adcb550ca438158808
3. Gray Blight/gray_blight_00688.jpg,3. Gray Blight,gray_blight,G01621,264a15e4d0de139ea1b62a320d73f60ca74364ae79f39f3498a40be639a39f9a
3. Gray Blight/gray_blight_00690.jpg,3. Gray Blight,gray_blight,G01623,424772d4d0a605f318c3c5e3d806a197937ee8d08149b28aad0dbe7a72db65b1
3. Gray Blight/gray_blight_00692.jpg,3. Gray Blight,gray_blight,G01625,f986dc1eef22f49ccde6a4cc751bd512a16b532a7414c67606219b1bf9609e40
3. Gray Blight/gray_blight_00693.jpg,3. Gray Blight,gray_blight,G01626,288ca84db628f48875cf00ef7fb2104a2250205472883e3cc8d84fcd3518c6e7
3. Gray Blight/gray_blight_00694.jpg,3. Gray Blight,gray_blight,G01627,d927302de0788c80fa2515390fb286157590ad5bab422ca7e1d4b42c693faaf0
3. Gray Blight/gray_blight_00695.jpg,3. Gray Blight,gray_blight,G01628,4439aa419247b20657477a117e763ebbe62af89088bc98b12d6d0e21d73707be
3. Gray Blight/gray_blight_00696.jpg,3. Gray Blight,gray_blight,G01629,5ba20f5dc71d35c8ed1d5b09aa705540e54e2941ff1e9d2fc4e809b5231eb7c1
3. Gray Blight/gray_blight_00697.jpg,3. Gray Blight,gray_blight,G01630,1877c14f722abc1cee1b6989d78ae055d4dc84e107f2b40b3c0d96222420843b
3. Gray Blight/gray_blight_00698.jpg,3. Gray Blight,gray_blight,G01631,7988c6c590abe1b2058645cabaeed450fe810981485dde81f000fe1505009081
3. Gray Blight/gray_blight_00699.jpg,3. Gray Blight,gray_blight,G01632,528147f0c1224cf3742af20184bddefd02e6f087892b77c072e777c45b90f6cf
3. Gray Blight/gray_blight_00700.jpg,3. Gray Blight,gray_blight,G01633,436c6e7adc5c084d7591343d0e161082a4c985e30ca50aed8c99c8f8f4dd9482
3. Gray Blight/gray_blight_00701.jpg,3. Gray Blight,gray_blight,G01634,7e9c1d0ecb27d23e66878ffb79e7bc4d3da24f5d0ac105c02f2df72c63fc050a
3. Gray Blight/gray_blight_00702.jpg,3. Gray Blight,gray_blight,G01635,ebbdf0af35f3095203c6f34e2f543b07b6e738b6d5a5f39d130e694631322e80
3. Gray Blight/gray_blight_00705.jpg,3. Gray Blight,gray_blight,G01638,9802eb7e6101d1a8d0e06e6b153a00212078934633dbba7678c61bf24ead2ca0
3. Gray Blight/gray_blight_00707.jpg,3. Gray Blight,gray_blight,G01640,f2a7e2cc61a0f57cd09c940529810f0e7e1cd316ef7e9460fe8ed90ccd9de58f
3. Gray Blight/gray_blight_00708.jpg,3. Gray Blight,gray_blight,G01641,d3f7f7998ae609ee6b9da3779a4239fb93559357070bebfd9800ad652384e750
3. Gray Blight/gray_blight_00709.jpg,3. Gray Blight,gray_blight,G01642,606038655f3e4171855ea062f0649fb3f195935269bdea3e4aa78959755c1416
3. Gray Blight/gray_blight_00710.jpg,3. Gray Blight,gray_blight,G01643,90eb1e9245f90daffa7813487afbd9ba34d6a00f434fea2dd5293bda6ca69c8f
3. Gray Blight/gray_blight_00712.jpg,3. Gray Blight,gray_blight,G01645,887e2d2af9ed2ac242b829091cb8ff7759895fe5dcd543fb1af55155c78ea401
3. Gray Blight/gray_blight_00713.jpg,3. Gray Blight,gray_blight,G01646,c5176916310e14d9cf3c47cae678ced13f6d186df346bda5bd97b67846f6fe61
3. Gray Blight/gray_blight_00714.jpg,3. Gray Blight,gray_blight,G01647,f7689e3d214b11e5864a39718b0434011cd8307bc30b45262ee5c9c8b96692c1
3. Gray Blight/gray_blight_00718.jpg,3. Gray Blight,gray_blight,G01651,baa3629332199011067c4e3ec5b62197735a700ff819fbd86eee838a502d6cf4
3. Gray Blight/gray_blight_00719.jpg,3. Gray Blight,gray_blight,G01652,ced27a0aed74ce2433ef2772f2415e972daddf42487563c3057fce126dff10f9
3. Gray Blight/gray_blight_00721.jpg,3. Gray Blight,gray_blight,G01654,bb87db8e60dfe3d2b173f0a36ccfccacbcddcfb5e9cd28f63a8ac27c6027d32b
3. Gray Blight/gray_blight_00722.jpg,3. Gray Blight,gray_blight,G01655,2ddc0a5649fa6b07f5f3ed1ced08dbb67b03bd415c9c451b15fcbfa46a167bfc
3. Gray Blight/gray_blight_00725.jpg,3. Gray Blight,gray_blight,G01658,bb6c89a5f2b892bb0700b5e0cd21608413eb2b1ceebb7a5eacbea17978deb209
3. Gray Blight/gray_blight_00726.jpg,3. Gray Blight,gray_blight,G01659,c7800008fcc3eca6cd804bfd4a7899cbbfd4e75bdc6586bf25f97756c2de58c1
3. Gray Blight/gray_blight_00728.jpg,3. Gray Blight,gray_blight,G01661,8d6c314fe1c8baf9840aee01ffea899edf50aee67350c6284b1a58df3ce48044
3. Gray Blight/gray_blight_00729.jpg,3. Gray Blight,gray_blight,G01662,5ce530d226d5423a83542055678862b25b71d50019a1739c253aa035d23edb1e
3. Gray Blight/gray_blight_00730.jpg,3. Gray Blight,gray_blight,G01663,cd3fcf7dd819363d3acd0a367b67c196b047898792d7ac1f35911904dca299a9
3. Gray Blight/gray_blight_00731.jpg,3. Gray Blight,gray_blight,G01664,16cb3cb50c04d50a1ab79bb444cc58e54393f565fc3c3c4bebc5af514a1c2175
3. Gray Blight/gray_blight_00732.jpg,3. Gray Blight,gray_blight,G01665,20866662d32a4996c26436d81fba1428db293e9f4bac4b5bfcc6c9b95fae3629
3. Gray Blight/gray_blight_00733.jpg,3. Gray Blight,gray_blight,G01666,3ffa89bc23f1614b104c29e774181c3c6ba598addaf94e6dac335b010fd8e968
3. Gray Blight/gray_blight_00735.jpg,3. Gray Blight,gray_blight,G01668,44fc2c33b8405d2f2568c9c8abca3bb1f24407c2cad13fb98a095b3e4abd9864
3. Gray Blight/gray_blight_00737.jpg,3. Gray Blight,gray_blight,G01670,73ead0aab73651f316e9ad6a075eca5aa1c3f1d0d7f77a68f772a07eaad4f95a
3. Gray Blight/gray_blight_00738.jpg,3. Gray Blight,gray_blight,G01671,a8c473483e68eac50c7f342580b93ce48cccad87f310574ff8bd0a592c505610
3. Gray Blight/gray_blight_00739.jpg,3. Gray Blight,gray_blight,G01672,b852d6801053c953b5c909ef73c5d829e58e5e37c883a39ef7ecb0ac7aa9b98a
3. Gray Blight/gray_blight_00740.jpg,3. Gray Blight,gray_blight,G01673,25781bce72eb6e65f1b1a257eedf6eaf03ed71620b295e1148b85bbd86e922cd
3. Gray Blight/gray_blight_00741.jpg,3. Gray Blight,gray_blight,G01674,1def5d2edf2152e7a6ac225e62657ab362aaf48ccb25a2bb3511e063df0b2ff6
3. Gray Blight/gray_blight_00742.jpg,3. Gray Blight,gray_blight,G01675,37dd8dbb34387dfce303775c0363826f488df4c54536018784d819cbb2a5e280
3. Gray Blight/gray_blight_00743.jpg,3. Gray Blight,gray_blight,G01676,42f12565a1c2b90068a71db9b868645385a4530a105aab71a55fc40c31d5dc7d
3. Gray Blight/gray_blight_00745.jpg,3. Gray Blight,gray_blight,G01678,86a6e4a508f905735b79572278d6eb6e3683849e485e8ff2df697c3e9e41e9d7
3. Gray Blight/gray_blight_00746.jpg,3. Gray Blight,gray_blight,G01679,0ac7160d5f0628b80042e6cf67895ed423f00db4a57b0239358fea0d1e20d19a
3. Gray Blight/gray_blight_00747.jpg,3. Gray Blight,gray_blight,G01680,c3539a3c5614d541f32168c0c27fdd3e61a0d2a5b0dad9824b039d21098f4d58
3. Gray Blight/gray_blight_00748.jpg,3. Gray Blight,gray_blight,G01681,1a94c6c962f16344505039185624ba0e15d523647de48ebbc40ecb34b55088ef
3. Gray Blight/gray_blight_00749.jpg,3. Gray Blight,gray_blight,G01682,8cf6050dd83c8883b70f48dee2a5f2c7bd513ca281fdac7865671e54b630a8e8
3. Gray Blight/gray_blight_00750.jpg,3. Gray Blight,gray_blight,G01683,329a037bc0659c378f99cda6a2e6b0ce829394522b0d7bff5bb6c5854a0fa09e
3. Gray Blight/gray_blight_00751.jpg,3. Gray Blight,gray_blight,G01684,57cdd60480306ded76fedab43fe4edd7752e416efcd48e25d67b2d9369911113
3. Gray Blight/gray_blight_00752.jpg,3. Gray Blight,gray_blight,G01685,3fb6a60270f8393952742ebdff5f4b52a831836e8f21651d38cb4a87d4f2560a
3. Gray Blight/gray_blight_00754.jpg,3. Gray Blight,gray_blight,G01687,4c809ffe82218b149882bfb963a653718c449a0645b3b31a31988d5f6e14cd87
3. Gray Blight/gray_blight_00755.jpg,3. Gray Blight,gray_blight,G01688,7c86fff5fff7b0ca37672514a316d0d277d83d44ddac8f22e03d37dcf62f4b95
3. Gray Blight/gray_blight_00756.jpg,3. Gray Blight,gray_blight,G01689,e606c24a73f7518713d6fc127f4cb9e3145309d7d4201a87ad3e6f58748023b7
3. Gray Blight/gray_blight_00757.jpg,3. Gray Blight,gray_blight,G01690,080dd89896296689cc8f6d1f2cfc75e875dc2684854657726afeaf0f2a68ff82
3. Gray Blight/gray_blight_00759.jpg,3. Gray Blight,gray_blight,G01692,66ab63a06cbd998f5cdc95e5406c5371ffb2201c8caf84794b0527dc5e551322
3. Gray Blight/gray_blight_00760.jpg,3. Gray Blight,gray_blight,G01693,6660a080593e8953a39968d23dda082bcf3b549d8b16714f32a7a8ee6fdc1991
3. Gray Blight/gray_blight_00761.jpg,3. Gray Blight,gray_blight,G01694,35fd5f7d25736f59161be2a8852265b17f10a18fe4d5792c425c1ed7bff89887
3. Gray Blight/gray_blight_00762.jpg,3. Gray Blight,gray_blight,G01695,eb4ede3a20e8ae29f7f8fd27184cc242ad0398a38aba42b73d3f71e5d4870709
3. Gray Blight/gray_blight_00763.jpg,3. Gray Blight,gray_blight,G01696,1d01f1ed5301c3cf5eae9497acaf78d951ac868e960112ef82b64473ae9072c4
3. Gray Blight/gray_blight_00764.jpg,3. Gray Blight,gray_blight,G01697,92f3bd396be7f1a8c1c54f36858b8d484cf87b1cd1d8e9d5012955fa2fa3d280
3. Gray Blight/gray_blight_00765.jpg,3. Gray Blight,gray_blight,G01698,0158bf9477e25b645fb721a98c8bee938b00344b2cb17bb5dad9e98cb92dbc49
3. Gray Blight/gray_blight_00766.jpg,3. Gray Blight,gray_blight,G01699,ccadada90c7cb10985d7a8d9a13d360ee01e473ec6c417784806e7c507aec2be
3. Gray Blight/gray_blight_00768.jpg,3. Gray Blight,gray_blight,G01701,5cc8453a45fe70204bb613a9192cea246b06eb56b38490084f59f529a7016f79
3. Gray Blight/gray_blight_00769.jpg,3. Gray Blight,gray_blight,G01702,34b33a183f54b8e550cefd026bdb80c8052ff2b43e3f932c64785f4eb76bdd58
3. Gray Blight/gray_blight_00771.jpg,3. Gray Blight,gray_blight,G01704,4ee0f5764f14d50de1f8f3e4e61038a22a1eb0cd786ebfded4e1519f2f52f783
3. Gray Blight/gray_blight_00772.jpg,3. Gray Blight,gray_blight,G01705,43e482fa04f58cf978e4fe5c0e27a5ccebdcf0ac30fa696c5446d64cc17f4288
3. Gray Blight/gray_blight_00773.jpg,3. Gray Blight,gray_blight,G01706,dd798d93b71e6bb9c536529bb10cb5cf5d8c2a5c483572c1f39e658162f2ce26
3. Gray Blight/gray_blight_00774.jpg,3. Gray Blight,gray_blight,G01707,28971d23819664afd0171e8a64aae317068e8bc7860afdbcb28b5d151d842fb1
3. Gray Blight/gray_blight_00777.jpg,3. Gray Blight,gray_blight,G01710,771486fab1e6a8febb3ca776d19d2ef491491d1a0b2bc3040d031e0d15fbd80a
3. Gray Blight/gray_blight_00778.jpg,3. Gray Blight,gray_blight,G01711,cb596dc31a0acf06a4441b98d9f042c71c08116bb29a50398132ec9db1b1b272
3. Gray Blight/gray_blight_00780.jpg,3. Gray Blight,gray_blight,G01713,dad02baa390e95040d9bba67f981775e91ad5635b9109012a2802d9e0b3298e2
3. Gray Blight/gray_blight_00781.jpg,3. Gray Blight,gray_blight,G01714,2eab1da31f4249e5821150f9122db3c0b54d66a05a5d88646e432bdaf2ecfea9
3. Gray Blight/gray_blight_00785.jpg,3. Gray Blight,gray_blight,G01718,4f9918fdd8bef3668adb1ace9b50dc51dfeda16cfc44fe0a4ceb9c65b763539d
3. Gray Blight/gray_blight_00786.jpg,3. Gray Blight,gray_blight,G01719,a50987365c5e5a53aefe021b8971a706c7a2846cffa7979d3f7b935010f9ef90
3. Gray Blight/gray_blight_00787.jpg,3. Gray Blight,gray_blight,G01720,ebb7a26c5ee9fa944b7979475d6332d2e5c6f39618fe2ec20b40f7e4e8027593
3. Gray Blight/gray_blight_00788.jpg,3. Gray Blight,gray_blight,G01721,8fb826772bc1f65ae58cbe5a7bcd9787ff37e688c3582322e9530312b326f2ed
3. Gray Blight/gray_blight_00790.jpg,3. Gray Blight,gray_blight,G01723,4e46bc10576d18f311da25e212eecfb3ead93975ca3901748d76842faefd6e5d
3. Gray Blight/gray_blight_00793.jpg,3. Gray Blight,gray_blight,G01726,887fb6672778277f4267d8a1ce30c684a79757c66018ca0951f2afd59d822d4e
3. Gray Blight/gray_blight_00794.jpg,3. Gray Blight,gray_blight,G01727,514a0883d596da9e956042008450dfbb7c9a2abf37fee0c0aea02310cda49125
3. Gray Blight/gray_blight_00796.jpg,3. Gray Blight,gray_blight,G01729,b5fe65276ce0f2a245edaf5301a9fcd67c1c9b3d7fadd2a4aee137ed560fd82b
3. Gray Blight/gray_blight_00797.jpg,3. Gray Blight,gray_blight,G01730,5d47774adf2072a31b3fbb4bd84129adf168e1c08ad65752b50b5fe24ff02949
3. Gray Blight/gray_blight_00798.jpg,3. Gray Blight,gray_blight,G01731,9016e40e08f8872f239d782afa58064592a0cc6a9f4ba9fcd1a110e58d1e3450
3. Gray Blight/gray_blight_00799.jpg,3. Gray Blight,gray_blight,G01732,1cfeb273bcf534acec0dce79631d252bbd75d286998c13ee68026e48c7fa24d2
3. Gray Blight/gray_blight_00800.jpg,3. Gray Blight,gray_blight,G01733,135ce6c24296465f6fedee7c4189804712a4d875caafe83360982717f4ca2d37
3. Gray Blight/gray_blight_00801.jpg,3. Gray Blight,gray_blight,G01734,447e7a8b5b28bd7f6d628119eac57671e48e1e36bfce780f9fa1b7eb652842df
3. Gray Blight/gray_blight_00802.jpg,3. Gray Blight,gray_blight,G01735,028be6aa23915ac238a59c54d0dad00f9ffed29d9ddc6e320121f2cc72c97dcc
3. Gray Blight/gray_blight_00803.jpg,3. Gray Blight,gray_blight,G01736,db161bc8d94c640a423138edc708a0bb3dded3b84d3c1a7d8b6d6364501fbd94
3. Gray Blight/gray_blight_00804.jpg,3. Gray Blight,gray_blight,G01737,061dd2aa81dcfce82844a288b4df9809428add3b81a4d38b215570c37dadc6dd
3. Gray Blight/gray_blight_00805.jpg,3. Gray Blight,gray_blight,G01738,ac75fc9f2cafa69e54f80ab62e3f0a10b970cf90f5af227d8f05cf93d3fd00dd
3. Gray Blight/gray_blight_00808.jpg,3. Gray Blight,gray_blight,G01741,938e2d1939200c64d62a3ed0662dd2b9070f97a5c5777c70ea114a58efe61844
3. Gray Blight/gray_blight_00809.jpg,3. Gray Blight,gray_blight,G01742,3ee539b4d9ba4e6e9049f228d36956c932685227ea779309447723a9c2e21efd
3. Gray Blight/gray_blight_00813.jpg,3. Gray Blight,gray_blight,G01746,cbb5dc122f23d0fb39d70aaf6c037e08232939ba57980706a5da2ae9709caf2f
3. Gray Blight/gray_blight_00814.jpg,3. Gray Blight,gray_blight,G01747,14bc3be790a4e2795b81dd2ebca599c833f02b477192d0ba0dcfb06a32571969
3. Gray Blight/gray_blight_00815.jpg,3. Gray Blight,gray_blight,G01748,f1f5e5e8e1cf5fce2281559047a55a2439e135ecbc13dd379f2e8dbd7687933d
3. Gray Blight/gray_blight_00816.jpg,3. Gray Blight,gray_blight,G01749,44b4d8da786d8c42b9b319bccc5c7d62884eb1dcce097fd77e4e4afb297000e9
3. Gray Blight/gray_blight_00817.jpg,3. Gray Blight,gray_blight,G01750,471bd2c71aebbc80b61248eeab691a88177c47d468d967be84f09c562cbe2c80
3. Gray Blight/gray_blight_00818.jpg,3. Gray Blight,gray_blight,G01751,1f5733ea402deaa2227ae5926c1350fb0c3cefb99255dbee97436159834b58c9
3. Gray Blight/gray_blight_00819.jpg,3. Gray Blight,gray_blight,G01752,475bbc8c9b9ea56430642bb4433fbabbb0a3209de02aa9b7063054d09a8d514a
3. Gray Blight/gray_blight_00820.jpg,3. Gray Blight,gray_blight,G01753,a7678724eefb49bbc09578fa3f9a437169fefb7e18d2e6b4fd1d4943fcdb6608
3. Gray Blight/gray_blight_00821.jpg,3. Gray Blight,gray_blight,G01754,fa9f668d4accdc79b80eb8b7fb3e0a5956d1fc3bbad2a9c91433ea1f2d5ae4e3
3. Gray Blight/gray_blight_00822.jpg,3. Gray Blight,gray_blight,G01755,3d0ac93cf3891d6ad3da32561948850265b5d3a5ece49e56cc05d43007c74d64
3. Gray Blight/gray_blight_00823.jpg,3. Gray Blight,gray_blight,G01756,2d9497f10a6db8fafbb8336be38d6c30576b74d627e49a5705da860927e34c7d
3. Gray Blight/gray_blight_00825.jpg,3. Gray Blight,gray_blight,G01758,cf75adc886ec0559e5565bb6b70504b656ac45fbbdefed7aac3d0a2bbd6f3d69
3. Gray Blight/gray_blight_00826.jpg,3. Gray Blight,gray_blight,G01759,43c51ee1613f46b8775c8e17eebaef979d18cf8e9a92dc25fa9b80a4af559268
3. Gray Blight/gray_blight_00827.jpg,3. Gray Blight,gray_blight,G01760,7bd224c5cbe0ab85857550417ac121e0aa30136807b83ab2cc0de4140ca9a564
3. Gray Blight/gray_blight_00828.jpg,3. Gray Blight,gray_blight,G01761,6b69ca6528fb8430c3a0ec2f88c5f79e3fa196986bb76bfd7155d608cf8b64ca
3. Gray Blight/gray_blight_00829.jpg,3. Gray Blight,gray_blight,G01762,69fedd0604314dc0f381d76e15393c7d41d76b34e47073efbbf4b23323374838
3. Gray Blight/gray_blight_00830.jpg,3. Gray Blight,gray_blight,G01763,cf021cfdcc58e1b90a4bc2c6620c3a313386bbab19f9f8be31b26208cf133466
3. Gray Blight/gray_blight_00832.jpg,3. Gray Blight,gray_blight,G01765,a1f2d4ed4448e678e648f2318063f1aba683cad44202bed9de00f65744fc0bf3
3. Gray Blight/gray_blight_00836.jpg,3. Gray Blight,gray_blight,G01769,f91f0b2d72ccd1e86de111fef0fc084bbc6ad35770e8abf2c09da4fd40e5858a
3. Gray Blight/gray_blight_00837.jpg,3. Gray Blight,gray_blight,G01770,fc2a350866d86986fdee2cc97149df683fd80f8a690677eb5f496e8fdb7ebf49
3. Gray Blight/gray_blight_00838.jpg,3. Gray Blight,gray_blight,G01771,83ed4aa6365841ad7e20494c603d17a6b9f927be24c42ce87fce49b9de1dd1a5
3. Gray Blight/gray_blight_00839.jpg,3. Gray Blight,gray_blight,G01772,d2557f446bc5ca6ad09d936bee339e7000e5b1524d606114c17a8d42d2c281f8
3. Gray Blight/gray_blight_00841.jpg,3. Gray Blight,gray_blight,G01774,6e9de8d96facc8b0af923857944dd2892bbe27e57ff21c4905abe72cf3f605bd
3. Gray Blight/gray_blight_00843.jpg,3. Gray Blight,gray_blight,G01776,e758b5deccee46859afd87577051d86369a1b05a1ff54d6b436f733119ffcdeb
3. Gray Blight/gray_blight_00844.jpg,3. Gray Blight,gray_blight,G01777,371f259c695aef21e8a9c0870edce4a51ff3088646cf12a9ce09739fe5fe6d56
3. Gray Blight/gray_blight_00846.jpg,3. Gray Blight,gray_blight,G01779,f7e22f3583b03c77887df09a09b296a2bb9a9e79b71e63bb914ff14b1459dbc0
3. Gray Blight/gray_blight_00848.jpg,3. Gray Blight,gray_blight,G01781,9c07129decc16f4ce4249bc6d14dccc91e7abf0505ce8f48b55a83b8f23972ad
3. Gray Blight/gray_blight_00849.jpg,3. Gray Blight,gray_blight,G01782,c6b0b59208458990b6d5c877bc0dcc257b011e29f00af10e92a5bcf10defb9b7
3. Gray Blight/gray_blight_00850.jpg,3. Gray Blight,gray_blight,G01783,2b8f6b7dc3d6b9ebca924a9d452bfb349d0f11e596407c4a2d5a82ec80aed597
3. Gray Blight/gray_blight_00851.jpg,3. Gray Blight,gray_blight,G01784,0e49e7419e50e3c6fd3280ddfb038efc9effcfe7ec67901233e8fff903e88d07
3. Gray Blight/gray_blight_00852.jpg,3. Gray Blight,gray_blight,G01785,c9fec46b726d288b0577dad24262c85c7f2ef930f50f8cf07b80735e9b01054f
3. Gray Blight/gray_blight_00853.jpg,3. Gray Blight,gray_blight,G01786,01ce21fb656f93bdd24c261bf16db855a962dff10079028b5dbd2dc039c146ba
3. Gray Blight/gray_blight_00855.jpg,3. Gray Blight,gray_blight,G01788,a30ae5492d9cb7d914c18547ad161e8efa2c744f75612b13ce313672a0590a22
3. Gray Blight/gray_blight_00856.jpg,3. Gray Blight,gray_blight,G01789,9c9305458139d0c278b6c9335803284f1edaf3d53d55473ae8801881d925544d
3. Gray Blight/gray_blight_00858.jpg,3. Gray Blight,gray_blight,G01791,e679c3e86d590198d8b79defaea3639a1972f9a390f5e504573e3a2ab5b35e41
3. Gray Blight/gray_blight_00859.jpg,3. Gray Blight,gray_blight,G01792,0211d3a7f629bebb61f4777caf1e3acb62fd74dd853f5714474e6eb4c5681810
3. Gray Blight/gray_blight_00862.jpg,3. Gray Blight,gray_blight,G01795,bc57c423ccf2540d15319bd0a0a11ef1d9518a58026e10144ad53f1d59ff55d9
3. Gray Blight/gray_blight_00864.jpg,3. Gray Blight,gray_blight,G01797,37987b3505694b254401a7ac4b4d5e9c181ed770e96eddec8fcc7f787837adda
3. Gray Blight/gray_blight_00866.jpg,3. Gray Blight,gray_blight,G01799,ffcd39107e8d8ed66c1846c5f0ff4a95eaf822c242a00908f2657a667fb10aa4
3. Gray Blight/gray_blight_00867.jpg,3. Gray Blight,gray_blight,G01800,ef40fe73e6f1647c53154852afc568d556b83b7f32a7140719f21042f454cf1b
3. Gray Blight/gray_blight_00868.jpg,3. Gray Blight,gray_blight,G01801,ba3f7b260946186f93ebaf545d9d54373135a2f6309a8e573b266b866f95466b
3. Gray Blight/gray_blight_00869.jpg,3. Gray Blight,gray_blight,G01802,e7086d26a8a301e2b8a8223fc9dfe316775970479cca09c4cf271da6b3f5328c
3. Gray Blight/gray_blight_00870.jpg,3. Gray Blight,gray_blight,G01803,7928343f27b1ec284c0e081a107333edbe3e7e3f003910c79c72ad48e41dafc7
3. Gray Blight/gray_blight_00871.jpg,3. Gray Blight,gray_blight,G01804,a737fdbe4a50c2c37a38dff31f35accd6abb5ff95ba8367b095517ee22bab0c6
3. Gray Blight/gray_blight_00872.jpg,3. Gray Blight,gray_blight,G01805,7a2d41753dfda82af810c343f5fb1871d1b9ba7f344c4ab437f12b712672d442
3. Gray Blight/gray_blight_00873.jpg,3. Gray Blight,gray_blight,G01806,b414de294559b1c4b367971b95316822debf53cda63aa5f1ce7286299cc56fe1
3. Gray Blight/gray_blight_00875.jpg,3. Gray Blight,gray_blight,G01808,1e0e66bc3fa02a0b3bc47198d2f3e989b2164f2abb2396a5eccececedf935433
3. Gray Blight/gray_blight_00876.jpg,3. Gray Blight,gray_blight,G01809,9b77b01078d101bb5aaf32dcd03b13d832b476abada4ad7fc27761b1bc6d9914
3. Gray Blight/gray_blight_00877.jpg,3. Gray Blight,gray_blight,G01810,ab3f61dd96892a85e070a93b32972993eda758ade09d7f9f104b89365d5ec9b9
3. Gray Blight/gray_blight_00878.jpg,3. Gray Blight,gray_blight,G01811,2c4f34a5d07d6588031c8d2ead77969f89854b1a74c70bb6e1ff50a43571b58a
3. Gray Blight/gray_blight_00880.jpg,3. Gray Blight,gray_blight,G01813,f1b038f9683c185a04f12458b5f920b82ef74b95307a58de77cc9e53ecccc718
3. Gray Blight/gray_blight_00882.jpg,3. Gray Blight,gray_blight,G01815,cedc039e46520072891e36d3ef7f64afb66e4aade6d19ba0b2176bedf852226b
3. Gray Blight/gray_blight_00884.jpg,3. Gray Blight,gray_blight,G01817,b22d512dfd1797f5afca9664ab9b78381bd8900ccdf24f6cae3012a89c800882
3. Gray Blight/gray_blight_00885.jpg,3. Gray Blight,gray_blight,G01818,0b57cc8b7495fa0aa7ebb9d9f72d4a9fa4a6b41172f81ce27de028661014a672
3. Gray Blight/gray_blight_00886.jpg,3. Gray Blight,gray_blight,G01819,ab15e9a045ab87db77aeb6d958d863f47b6f70375b926894da5ea3352f7d5c33
3. Gray Blight/gray_blight_00887.jpg,3. Gray Blight,gray_blight,G01820,56621529ab824065bd43fce99568a67d82c93559a53f41f92a544efed405709d
3. Gray Blight/gray_blight_00888.jpg,3. Gray Blight,gray_blight,G01821,a507517f4ff0d090f334418fec5d93940528870409ba9d71b8dd55bee173db0e
3. Gray Blight/gray_blight_00890.jpg,3. Gray Blight,gray_blight,G01823,5265049653f34c53a6d129a8fc952d209747fa4662fc8659d66dbae2c979c966
3. Gray Blight/gray_blight_00891.jpg,3. Gray Blight,gray_blight,G01824,5817efef0c5009deb6ff1d6e29bd88fe0be05187cb375cb7835f86f3cf298984
3. Gray Blight/gray_blight_00892.jpg,3. Gray Blight,gray_blight,G01825,4a20cf02b0b0d009abf92e0f113154f3593c39402af00ea5eed37efa0a2b0a33
3. Gray Blight/gray_blight_00893.jpg,3. Gray Blight,gray_blight,G01826,bb3a484c2bd28a7cb2ad386765bbc0fcb1a8152cbd0f439cc735836d277f6c5b
3. Gray Blight/gray_blight_00894.jpg,3. Gray Blight,gray_blight,G01827,a2cbc15e811a4d7a939480b4b050895f764ec32626fff7f5af6a7551cdd6fa67
3. Gray Blight/gray_blight_00895.jpg,3. Gray Blight,gray_blight,G01828,80c9d6992fb2e6d66d640ed861b9b193b02ca643183681db2176a3a1a0e5b626
3. Gray Blight/gray_blight_00896.jpg,3. Gray Blight,gray_blight,G01829,c2e9ba0421cf8651da083750e494a417ffaa8a889d3f06b0bfcedcec5598d57d
3. Gray Blight/gray_blight_00897.jpg,3. Gray Blight,gray_blight,G01830,75ea343ac809ef8ae11cded5ab52b56e714c03a2539f4da7b0e85a13753d8eb8
3. Gray Blight/gray_blight_00898.jpg,3. Gray Blight,gray_blight,G01831,dff4ca141068d4a78285ac2c6ea89c01ff7a79876ba376f24f5bb0c888f024f9
3. Gray Blight/gray_blight_00899.jpg,3. Gray Blight,gray_blight,G01832,a615b858d2667f519aee553609c8d5a11b8ee388873f31a9916c21f217f53e1a
3. Gray Blight/gray_blight_00900.jpg,3. Gray Blight,gray_blight,G01833,c49460ad90619cb50ece122ac85111e8ebc628506b61aa103317356bde7a4e78
3. Gray Blight/gray_blight_00902.jpg,3. Gray Blight,gray_blight,G01835,8efd1419af80802febc682bd4bfb181d5febc74f46084b3972698633ac00683d
3. Gray Blight/gray_blight_00903.jpg,3. Gray Blight,gray_blight,G01836,9d5f6ab0100af3e8622433f27b75b6d1e45a3ab1e1c6de4000fe60a9b0517d0c
3. Gray Blight/gray_blight_00905.jpg,3. Gray Blight,gray_blight,G01838,7f2080aa377a11c3e9051862d1d8cd25b12392cf20f2504336ac2d4d559048fa
3. Gray Blight/gray_blight_00906.jpg,3. Gray Blight,gray_blight,G01839,e475909b9ec13478d204f0e8ee75c3ac55975729f57a9b3846b0d91928d755ed
3. Gray Blight/gray_blight_00908.jpg,3. Gray Blight,gray_blight,G01841,67e4a29b814281f3b4e8df7a487c14d88132cb14695e198a24f1962b5a28ead7
3. Gray Blight/gray_blight_00909.jpg,3. Gray Blight,gray_blight,G01842,a3047b3288ea52e6521505e8bff1f1ac6aa0e721e3940364df7b61dca7f38c8e
3. Gray Blight/gray_blight_00910.jpg,3. Gray Blight,gray_blight,G01843,182bff624f123de265935ca44f3ad8d45ebc088a767e8039d664880513fbdf39
3. Gray Blight/gray_blight_00911.jpg,3. Gray Blight,gray_blight,G01844,a406edb28d103ad453c90c629985112f04abf849cf4ca93059bc0099f716fa66
3. Gray Blight/gray_blight_00912.jpg,3. Gray Blight,gray_blight,G01845,2e644f808b745118f3159571b607528d134e61019f1a169207cc030d912a927d
3. Gray Blight/gray_blight_00913.jpg,3. Gray Blight,gray_blight,G01846,2d2dff74400d249b77b3a80264729fce3126261ab004b85d30cb7f682c6475a2
3. Gray Blight/gray_blight_00917.jpg,3. Gray Blight,gray_blight,G01850,a40f65e052c9b1183206fcb00d428e7c6ecf51f9fd373e068e133c0f7daa9f83
3. Gray Blight/gray_blight_00918.jpg,3. Gray Blight,gray_blight,G01851,9124f1ee034f1a558141e661aafaaa6c77be0ed41149ee393fb01da3c504dced
3. Gray Blight/gray_blight_00919.jpg,3. Gray Blight,gray_blight,G01852,31576b650f6fed07ee8d31817c7c5f9df7278dfcfa25c94fd84679cc51ede373
3. Gray Blight/gray_blight_00920.jpg,3. Gray Blight,gray_blight,G01853,db4d1f0f0a8c9352af3cffd36a64ae6eafad3f25ce002efe8285167b780f679b
3. Gray Blight/gray_blight_00921.jpg,3. Gray Blight,gray_blight,G01854,9bf9d4932d52a6124ced13d4fd95eaa4698198bc0a5e60a7d9be3dd75c8567ee
3. Gray Blight/gray_blight_00922.jpg,3. Gray Blight,gray_blight,G01855,db5c98f3992d49c2b2d3ff7e9706410cce10533ed5d2692e396d7bcf3dda1fc5
3. Gray Blight/gray_blight_00923.jpg,3. Gray Blight,gray_blight,G01856,e3f2aede52e7106c98682d5910366c21c4659827aab07c1c814a9ac7db1b9dd9
3. Gray Blight/gray_blight_00925.jpg,3. Gray Blight,gray_blight,G01858,0e811370cd7cdd6099771944d5a37136af040eaa838b82e5f83e8946e59adb5e
3. Gray Blight/gray_blight_00926.jpg,3. Gray Blight,gray_blight,G01859,775e5cd73583150e7f3e321e3e0b0e649c31b14e710ce4fd4538cd5a1d66fc37
3. Gray Blight/gray_blight_00927.jpg,3. Gray Blight,gray_blight,G01860,18f58fdcdd1ee6b70cd63ae306e0cc763c3631a038081fa701773f45cf5e95ab
3. Gray Blight/gray_blight_00929.jpg,3. Gray Blight,gray_blight,G01862,45dba7d63f8cc08dc1acef0efe97307cc4a77418dad976bf9797569b059c126d
3. Gray Blight/gray_blight_00930.jpg,3. Gray Blight,gray_blight,G01863,ff89e1305919a5f25fc158c98093dae63cc1858577279e6d9ed2014dd54daa86
3. Gray Blight/gray_blight_00932.jpg,3. Gray Blight,gray_blight,G01865,10e8b3af951605658705fdc4a5c0860b1ba6164535ef808aca0e4fa315583045
3. Gray Blight/gray_blight_00933.jpg,3. Gray Blight,gray_blight,G01866,56f5740719fe14f8f51ebb07e33206ae0e06cc3b5cc4b36ab2926668675e92ef
3. Gray Blight/gray_blight_00935.jpg,3. Gray Blight,gray_blight,G01868,60b976493e19753ca8ab5302183b5f836b5217348ef30d82957583ca00648318
3. Gray Blight/gray_blight_00937.jpg,3. Gray Blight,gray_blight,G01870,a61fb20fd82bea562d4c3577051272e31a05341bd895ab6a7db1c29f37d0520b
3. Gray Blight/gray_blight_00938.jpg,3. Gray Blight,gray_blight,G01871,0ba73f318419d8152a7bd574e5ddfe2ce1148b1872286d78f8ebc93774512d27
3. Gray Blight/gray_blight_00941.jpg,3. Gray Blight,gray_blight,G01874,7d08e44b959c048183e090a0751d52e5d759c8c553e9970976949f2f1b2dfe64
3. Gray Blight/gray_blight_00943.jpg,3. Gray Blight,gray_blight,G01876,47b45b378d631bb0b52b0cdf3e4039a1e3ae8ccef3c820661db88a3e957bb6f1
3. Gray Blight/gray_blight_00946.jpg,3. Gray Blight,gray_blight,G01879,0027848176f900f551c0967a1bf62d3eb2e50647dae46022fdb78caf4da89537
3. Gray Blight/gray_blight_00947.jpg,3. Gray Blight,gray_blight,G01880,20d2836a77480f793eda1b0b20ebea4465f640968266ac3df13f43990c60e7ed
3. Gray Blight/gray_blight_00949.jpg,3. Gray Blight,gray_blight,G01882,a5510e82b1d2262103f545899a588358d971311a7d3edbf92c7a6ca5f1e8c08a
3. Gray Blight/gray_blight_00952.jpg,3. Gray Blight,gray_blight,G01885,e418f4468d4697c0927edc809986d3b9f727763aae41f49dbb1e8c24a809b0d4
3. Gray Blight/gray_blight_00953.jpg,3. Gray Blight,gray_blight,G01886,bef2d2924fa927dd1ffe846279369d519d2e4636014530c15680a15136209223
3. Gray Blight/gray_blight_00955.jpg,3. Gray Blight,gray_blight,G01888,75c3565c73d5be0e3df1a626c3d9cf0c52bee36f7dce7f44db187b2b06350ff5
3. Gray Blight/gray_blight_00957.jpg,3. Gray Blight,gray_blight,G01890,a856f770299eb7482d49ea8efce617518c551e927df9ccc0d4198d98df27e582
3. Gray Blight/gray_blight_00959.jpg,3. Gray Blight,gray_blight,G01892,55e17da1396a8b8701e10a517733bda62d4826c5f415210ac4b6f2856812dfd5
3. Gray Blight/gray_blight_00960.jpg,3. Gray Blight,gray_blight,G01893,3c386604a3ffbe55dd1949df590309f117432c874509b0c5e93586b96c1d50f7
3. Gray Blight/gray_blight_00961.jpg,3. Gray Blight,gray_blight,G01894,41faf8512a294656a2dcc31543535b8bc7ef8d7217e874ea394a7773f96bfad7
3. Gray Blight/gray_blight_00963.jpg,3. Gray Blight,gray_blight,G01896,77b84122c4bc713ee66c21b68b2d3ba147dc6cdc5d5ceead6b72d7b9100ba697
3. Gray Blight/gray_blight_00965.jpg,3. Gray Blight,gray_blight,G01898,b2e4c38aa87766ee912457316e75e40b0d765ce7f06040bb8f14b8f16e0b25a5
3. Gray Blight/gray_blight_00966.jpg,3. Gray Blight,gray_blight,G01899,18c6931dc114e939283bd0cd5e3a7a03c9267e3906d2b92b0faf5579cda7cc4f
3. Gray Blight/gray_blight_00967.jpg,3. Gray Blight,gray_blight,G01900,2f5509874a3a3894957a4725433e5f8fb4246c68cbe84d91bf4c4307c3d87608
3. Gray Blight/gray_blight_00969.jpg,3. Gray Blight,gray_blight,G01902,b2052764a9faab31d23f49134388ac729b6f26574886680e2b499a339bfc97da
3. Gray Blight/gray_blight_00970.jpg,3. Gray Blight,gray_blight,G01903,9d09e546fd29dbdf4156a22c2155c5f17db835aaa95623157b0556a40e0e8d3e
3. Gray Blight/gray_blight_00971.jpg,3. Gray Blight,gray_blight,G01904,ce5c3c4d2fb9b2f2b0f539649754d6f2b46194bf92414c42b0f9bc82eefccb88
3. Gray Blight/gray_blight_00973.jpg,3. Gray Blight,gray_blight,G01906,55af842200ae8e388b763061ff7db7ff247bc64593e1072076b7c7ab09bbd8e1
3. Gray Blight/gray_blight_00974.jpg,3. Gray Blight,gray_blight,G01907,6d71e3da273ca3a33ba6db29df948bab642a1f2356868121218bae328bbdab4f
3. Gray Blight/gray_blight_00975.jpg,3. Gray Blight,gray_blight,G01908,519fcb4da11ec49dd61b9b17e516ab315dfd858a6b813981f3db77465c3b3522
3. Gray Blight/gray_blight_00976.jpg,3. Gray Blight,gray_blight,G01909,4f8d9621c6513165530bd01218d9b77495a223e793eda485ad44b50f5cc2467d
3. Gray Blight/gray_blight_00977.jpg,3. Gray Blight,gray_blight,G01910,11d9a97a4ff0d36a3f69b0ab5eb3a5702790a9ba24c4329133016eb37de0e228
3. Gray Blight/gray_blight_00978.jpg,3. Gray Blight,gray_blight,G01911,795c8d4112b24d5cc12f92d87d4090dc6bdc8f24ae357a08bb5450ff394e7959
3. Gray Blight/gray_blight_00979.jpg,3. Gray Blight,gray_blight,G01912,0dc9c28a6968acbc5c26a33d7db69fe95bc99223734a0718128b5a2ac0de38d8
3. Gray Blight/gray_blight_00980.jpg,3. Gray Blight,gray_blight,G01913,70d05a534bb2c617a20a583ddc57641ab01622375d9339a3890d7cd8ea2d2e11
3. Gray Blight/gray_blight_00981.jpg,3. Gray Blight,gray_blight,G01914,a8e3ab16396a2e46fc52447db00725e05402d943c731713dc815f952f2b9cafc
3. Gray Blight/gray_blight_00982.jpg,3. Gray Blight,gray_blight,G01915,70e787a7691e26f5bed725c336b7b8cfad8a71800f8d34474b6499b326ad01ae
3. Gray Blight/gray_blight_00983.jpg,3. Gray Blight,gray_blight,G01916,3e55ebf1d4f05a778d3ddb903997c41a84958b5e5d79c91316e4d14ad780dcf4
3. Gray Blight/gray_blight_00984.jpg,3. Gray Blight,gray_blight,G01917,2f099199f756c9663e0d828611627717e4c8b25811bb272968ab148e391f633b
3. Gray Blight/gray_blight_00985.jpg,3. Gray Blight,gray_blight,G01918,745b057b9c42065f1deb923f77df4c639a824fc30492ebee6c574941c54e90fb
3. Gray Blight/gray_blight_00986.jpg,3. Gray Blight,gray_blight,G01919,e9c9fb8128c493e85bb3047c635815623f4f20e5d79dbb1c387ed71822862fc7
3. Gray Blight/gray_blight_00990.jpg,3. Gray Blight,gray_blight,G01923,4402d1be73d82575b7e8162361e66da736e62ad38e17474d74d45a9a815a11a1
3. Gray Blight/gray_blight_00993.jpg,3. Gray Blight,gray_blight,G01926,f8abb410b6f4083d2550a715b16d5512ee131908fc5ab2fd5d793e8540d052a4
3. Gray Blight/gray_blight_00994.jpg,3. Gray Blight,gray_blight,G01927,8182c56771a1316567f63e429a8f1447fff1280271206e4e581513fa4960b3b8
3. Gray Blight/gray_blight_00995.jpg,3. Gray Blight,gray_blight,G01928,fb9aa939061644debaed111e00c962f7526c1ded3fa17d08ba12401dfadb6fa1
3. Gray Blight/gray_blight_00997.jpg,3. Gray Blight,gray_blight,G01930,56f0f2fd624f9264118895e8f66c8625ebb82522d0a69661388f98cf015a5879
3. Gray Blight/gray_blight_01000.jpg,3. Gray Blight,gray_blight,G01933,82ee4b3f53586971fe717db8ccdca049d8118e122efdad6792b2146c980dcd3f
3. Gray Blight/gray_blight_01003.jpg,3. Gray Blight,gray_blight,G01936,63bc69987cc26f021e2b81ae115475cedb7b24ed0dcd5bbd677895d594eee155
3. Gray Blight/gray_blight_01004.jpg,3. Gray Blight,gray_blight,G01937,b0bd5f01c40349acd19ac0f8d836d212c2b4a572a92b4555eda9c46a65e0d54a
3. Gray Blight/gray_blight_01008.jpg,3. Gray Blight,gray_blight,G01941,2013ac461a00320bf32c61733274e16e366e2de1e2c21fdefa5b102babec4bd9
3. Gray Blight/gray_blight_01009.jpg,3. Gray Blight,gray_blight,G01942,ad16ae1cd1229d7c0f4f24b33c6d43211d6dfc528edd0b6621d8c2f2d647555d
3. Gray Blight/gray_blight_01011.jpg,3. Gray Blight,gray_blight,G01944,c0b8b1558ba10cc4a8fc4e6462feb49888ae86c1a2390f875100cae92c9ad2d0
3. Gray Blight/gray_blight_01012.jpg,3. Gray Blight,gray_blight,G01945,ee610e84e2c6287083f4d44ac44858113d40ce8ea5c038b0e1d33c9e6f70409d
3. Gray Blight/gray_blight_01013.jpg,3. Gray Blight,gray_blight,G01946,9bcf8617db45b243243b2d5572877638cafd081466cd0e83c3c4ffa63bcf60e7
4. Helopeltis/helopeltis_00001.jpg,4. Helopeltis,helopeltis_damage,G01947,df08da88537a06c0fb9c961a7eddc2de2e275980b28b6020d47e564c0abc75a5
4. Helopeltis/helopeltis_00003.jpg,4. Helopeltis,helopeltis_damage,G01949,b4ad22a781d1cb710ed8b6eb00ac7261377265c905a26c939734e46d001da3fb
4. Helopeltis/helopeltis_00004.jpg,4. Helopeltis,helopeltis_damage,G01950,ab9297b79cfc747cb1acf3e7e1eaf0b0a23fd61f1ac533ba5f446b1467c8dfdb
4. Helopeltis/helopeltis_00005.jpg,4. Helopeltis,helopeltis_damage,G01951,c4fa9609733a0517b826d88d1b0f2e7c0df07eed0e8df1a818c5e052cb2bd520
4. Helopeltis/helopeltis_00007.jpg,4. Helopeltis,helopeltis_damage,G01953,ecd752b51e9960152de0002d1750c4f4bd6d193b11eead8a25d9529e1e129cf5
4. Helopeltis/helopeltis_00008.jpg,4. Helopeltis,helopeltis_damage,G01954,b7abb8de4143dc3fd5d3c22c4eb88a751fc49452de50873a847e542b3ac033ed
4. Helopeltis/helopeltis_00009.jpg,4. Helopeltis,helopeltis_damage,G01955,6219b6b7468f5dcef4ce0b713da3228dc7a0fa7c63ba9034d8e6c05a2fcf7951
4. Helopeltis/helopeltis_00010.jpg,4. Helopeltis,helopeltis_damage,G01956,8b3854bf491ffe3cea99aa0402fbb7ec247165bc43134a51d09676743cebcbdf
4. Helopeltis/helopeltis_00011.jpg,4. Helopeltis,helopeltis_damage,G01957,1c09bae4122c97697c2e7c6e9645c8f7a582d780cd1830555fbdd538667c2540
4. Helopeltis/helopeltis_00012.jpg,4. Helopeltis,helopeltis_damage,G01958,ae786526796cbf9a7c37d6d79da8053166a8bde447a3c4edaca9e78ccab0a272
4. Helopeltis/helopeltis_00013.jpg,4. Helopeltis,helopeltis_damage,G01959,13e1b78adfff386e624fb2d852803f6962dfdeaa6000abbeb59ebbd7696d187f
4. Helopeltis/helopeltis_00014.jpg,4. Helopeltis,helopeltis_damage,G01960,ac47c07d292af26d2a9856ce2f6c859ccc4cb680f763dc107066b57f4e209e29
4. Helopeltis/helopeltis_00015.jpg,4. Helopeltis,helopeltis_damage,G01961,1392ce70e43de759231a5bed20b543839d9f9903e68332b05af46b597cd10131
4. Helopeltis/helopeltis_00016.jpg,4. Helopeltis,helopeltis_damage,G01962,7f780d19e87110efb169656dcc5601c51d1bcf9cd56ed1ca1996f0923b577fcc
4. Helopeltis/helopeltis_00018.jpg,4. Helopeltis,helopeltis_damage,G01964,36c0e067b0f4cc661c791baeba6239e26a53425bd882ed7c3aa9a63a7485f765
4. Helopeltis/helopeltis_00024.jpg,4. Helopeltis,helopeltis_damage,G01970,5238c4c29d98f868f50ddda3f4953df597f59351a285822c1605abb59b0721d9
4. Helopeltis/helopeltis_00026.jpg,4. Helopeltis,helopeltis_damage,G01972,5a52dd3f43c6f75bbf9fb76b7372a97fd520d49550aae20e2e6c34350df86ead
4. Helopeltis/helopeltis_00027.jpg,4. Helopeltis,helopeltis_damage,G01973,9306cdac3c1dd8ba282de74320a0f2d8acfd4d96f13d100df28132d1c6ff95f0
4. Helopeltis/helopeltis_00030.jpg,4. Helopeltis,helopeltis_damage,G01976,d259ed050013cfde5467505c66e69f12870566b70db5d53947568aac1201deeb
4. Helopeltis/helopeltis_00031.jpg,4. Helopeltis,helopeltis_damage,G01977,f5506eef6cb3584a8abb0b48a59cd7ca824abdeb3de8c5606ed06bae703eb560
4. Helopeltis/helopeltis_00032.jpg,4. Helopeltis,helopeltis_damage,G01978,b70f93b426d5dec6fe3dabd979cce476984275aecd0506f944af8dff009c732d
4. Helopeltis/helopeltis_00034.jpg,4. Helopeltis,helopeltis_damage,G01980,c3baed298f431a939286381146876c0bc924e7ad802f7a3068bc84de79096260
4. Helopeltis/helopeltis_00035.jpg,4. Helopeltis,helopeltis_damage,G01981,0472f447e28c787025d4badc63f73450c214d1484f21a0dfa60b3fb42a32c87f
4. Helopeltis/helopeltis_00036.jpg,4. Helopeltis,helopeltis_damage,G01982,bda6c9d1479f345cb9e434290aa7f4497ffb89265004f2c3b9e2b63bd60f8141
4. Helopeltis/helopeltis_00037.jpg,4. Helopeltis,helopeltis_damage,G01983,bfa1db01c85f40ab7429a3ec3316d1d6742f1277ab1ccf9149286ca9c6e1f847
4. Helopeltis/helopeltis_00038.jpg,4. Helopeltis,helopeltis_damage,G01984,d4c8333b611b316c0b6846838dcc33cf6e6974186f7fc862942e5c89c6b3e23f
4. Helopeltis/helopeltis_00039.jpg,4. Helopeltis,helopeltis_damage,G01985,550cb1a9b54e69efdc0804608dcbfbe5d26d44895a73fa8dd5b6a7b209295552
4. Helopeltis/helopeltis_00042.jpg,4. Helopeltis,helopeltis_damage,G01988,360ff59e54501dcf650311d84ce6b080128889a74d0a91d094480c44d30fa395
4. Helopeltis/helopeltis_00044.jpg,4. Helopeltis,helopeltis_damage,G01990,1cb43f75f0caaa03b9ebe1e39962f868ecf2a8c64e56d03bc02d1b0740ad8a26
4. Helopeltis/helopeltis_00047.jpg,4. Helopeltis,helopeltis_damage,G01993,52127b4d2304e5687a169cb0bbea93bff9a526ec82a312e70827b34007758ff5
4. Helopeltis/helopeltis_00048.jpg,4. Helopeltis,helopeltis_damage,G01994,7329d91b9e588d4ebf0c0b2b658822cc90aecfbf22fb741e39db9727099f6804
4. Helopeltis/helopeltis_00050.jpg,4. Helopeltis,helopeltis_damage,G01996,ec1e817ff5d696f11b1572703a50fa12c2e798d33072bb1faaed58438394e61a
4. Helopeltis/helopeltis_00051.jpg,4. Helopeltis,helopeltis_damage,G01997,a25eff412988f39b090060f136ba0f3801c4ae81b5cb062e61679199fa794715
4. Helopeltis/helopeltis_00052.jpg,4. Helopeltis,helopeltis_damage,G01998,90281d5da45a2177401991c7c117979d4a554611017f6232a7ef8c3c7a39e47f
4. Helopeltis/helopeltis_00054.jpg,4. Helopeltis,helopeltis_damage,G00018,a2e1cef6128bd009b1e0ffddb3cc9263788513aca975543d13018a6ff54038cc
4. Helopeltis/helopeltis_00056.jpg,4. Helopeltis,helopeltis_damage,G02000,e5ea9b4ec07a2ce4768c74235754caa7aceb9cb27c580132da1a86ce8de86246
4. Helopeltis/helopeltis_00057.jpg,4. Helopeltis,helopeltis_damage,G02001,413c29223830ded3a65c06f37a3678c8e7712979a531412b0955702fb1b4a27a
4. Helopeltis/helopeltis_00058.jpg,4. Helopeltis,helopeltis_damage,G02002,9ab59911b30be12d1b30e18349e7ebb2cfe1b3e210f1cf5867ef70cbd5d90d6a
4. Helopeltis/helopeltis_00059.jpg,4. Helopeltis,helopeltis_damage,G02003,9484aca709611b1e168f81b3e64e29f975382d9289f7c7810232707c8ac238af
4. Helopeltis/helopeltis_00060.jpg,4. Helopeltis,helopeltis_damage,G02004,e49f19e5296270b70f4b358a3fb8edd371a91430b41434268ee96cf78ab936b7
4. Helopeltis/helopeltis_00061.jpg,4. Helopeltis,helopeltis_damage,G02005,25ba07bd2fc991cd1fca3bb67d6933a0f90558cb918c344551666ad03496f29c
4. Helopeltis/helopeltis_00062.jpg,4. Helopeltis,helopeltis_damage,G02006,35cad46528901fe2b3cfe9c31110449c70c02e2069bb8c02e58938f0bf216a42
4. Helopeltis/helopeltis_00063.jpg,4. Helopeltis,helopeltis_damage,G02007,6cc9109c2cf2eb15a93f14a21f6e296639f0b58ee3bdc2d77fc718cb89517e0b
4. Helopeltis/helopeltis_00066.jpg,4. Helopeltis,helopeltis_damage,G02010,d89f7f9e9cb4bb6ab3405914eeb034868d69fe6550a9b6fdeda73c51e15b498e
4. Helopeltis/helopeltis_00067.jpg,4. Helopeltis,helopeltis_damage,G02011,4a93a9882b595b24abd334ad43eafd0cbd3820aa735506dfa5b3521b9e715a22
4. Helopeltis/helopeltis_00068.jpg,4. Helopeltis,helopeltis_damage,G02012,0cf9f28147e1df880b9d7b58ca8ae02de89569526802b78453c1f9d41decf06a
4. Helopeltis/helopeltis_00069.jpg,4. Helopeltis,helopeltis_damage,G02013,03be46ee6af78022de7af322d663275bf15f9e3c9c2b2230a98a33a5b2f2b726
4. Helopeltis/helopeltis_00071.jpg,4. Helopeltis,helopeltis_damage,G02015,6a7b690e1a2cdbba3326af75221db81edb3d5db51e0d1ffcd3a4646469c50a04
4. Helopeltis/helopeltis_00072.jpg,4. Helopeltis,helopeltis_damage,G02016,6577d33476bd078ac9f39d666a4611402f86abf36367f8738cc27a96e1917657
4. Helopeltis/helopeltis_00073.jpg,4. Helopeltis,helopeltis_damage,G02017,798dc427eafc48c6232bb052b83e3ab943bd0ae2c3a21efe2ea8b9c2348b9a95
4. Helopeltis/helopeltis_00074.jpg,4. Helopeltis,helopeltis_damage,G02018,fabfc22025811b08ded9c31f9f6e60a4a75b58adb117036d3813f2094022f75b
4. Helopeltis/helopeltis_00075.jpg,4. Helopeltis,helopeltis_damage,G02019,e7d9ffce1edcb0c4f506be7debd668c015e68b6523d125b82cfc841445a3bcb1
4. Helopeltis/helopeltis_00076.jpg,4. Helopeltis,helopeltis_damage,G02020,cd8ef0bf8313826f5073abc7b7d71cb4892d991907ec5da25a48f1c8ab55ffa4
4. Helopeltis/helopeltis_00077.jpg,4. Helopeltis,helopeltis_damage,G02021,36fe8cec7e08e7a96186b4dad9b4a09b0ebdb08adde39ccd4af811cb26d92974
4. Helopeltis/helopeltis_00078.jpg,4. Helopeltis,helopeltis_damage,G02022,76fbb9e3925324a42764d83c4ec75fd16fbf8d073aa72afd73293d6936942963
4. Helopeltis/helopeltis_00079.jpg,4. Helopeltis,helopeltis_damage,G02023,eb9345a4731cc16719a4511d8f82f6fc3336f8cdb360db690719cd7f1b2bcf03
4. Helopeltis/helopeltis_00080.jpg,4. Helopeltis,helopeltis_damage,G02024,08e5e719eef2e85f39c50ef13cc09182808b1944d38289f6c70a9afc23a4fd47
4. Helopeltis/helopeltis_00081.jpg,4. Helopeltis,helopeltis_damage,G02025,984122841c6b966660eee50a4a693bd817b6786249c3ffb441292342a28abb4b
4. Helopeltis/helopeltis_00083.jpg,4. Helopeltis,helopeltis_damage,G02027,db754e80aa38b877bdb5456f5141054291067c09f69a49d7434e5f39c645dad7
4. Helopeltis/helopeltis_00085.jpg,4. Helopeltis,helopeltis_damage,G02029,30ea57bcb4da6ff0438556ccf4825b3f580574efd401018a545f2a9163abcd09
4. Helopeltis/helopeltis_00087.jpg,4. Helopeltis,helopeltis_damage,G02031,a31453cf37319b83ff06610b6036b1a3868793560aa31349ce419d97686e2a5a
4. Helopeltis/helopeltis_00089.jpg,4. Helopeltis,helopeltis_damage,G02033,86372fd2e99c525cb659af9e5079d18462d8acb25f9c35b06aa7777ace6fa110
4. Helopeltis/helopeltis_00090.jpg,4. Helopeltis,helopeltis_damage,G02034,5270cdd927dc2f119912c1001ad491c57ba361e7128152811c27d4a6ddbd6c9a
4. Helopeltis/helopeltis_00091.jpg,4. Helopeltis,helopeltis_damage,G02035,888d30924db4250b77bb47677628ce56237030d85f36a1c5a124f0d248ac8792
4. Helopeltis/helopeltis_00092.jpg,4. Helopeltis,helopeltis_damage,G02036,9ce9cb9819a534b14c44f0fc24d6161d5fb7aba259bf19ba68b80837878f9eb3
4. Helopeltis/helopeltis_00095.jpg,4. Helopeltis,helopeltis_damage,G02039,8ad2a1534d330dbc64eb61220cc096c3ec039bb5b823156d4d232626d52ebd8c
4. Helopeltis/helopeltis_00097.jpg,4. Helopeltis,helopeltis_damage,G02041,68f35ec3e35de500b553ca341366ffbfd8f892d9e0397994af9b40841fd6b789
4. Helopeltis/helopeltis_00099.jpg,4. Helopeltis,helopeltis_damage,G02043,7220e9854747fbdc2d10e752ce52a5aa84a6459ecf47480a71535b204a5c4f60
4. Helopeltis/helopeltis_00100.jpg,4. Helopeltis,helopeltis_damage,G02044,117a74a1528fc64dae5568c12cbf6e6096037c1928958f780fcc6155bae6fd59
4. Helopeltis/helopeltis_00101.jpg,4. Helopeltis,helopeltis_damage,G02045,595117d68bc683222f857d4566ecd65206ee3bf2af88a7ee164857c9a9ecff1d
4. Helopeltis/helopeltis_00105.jpg,4. Helopeltis,helopeltis_damage,G02049,ded90fc3c2fbf7059be08d02aa9121217b514a0ee882f9e196d977116d7c7ce3
4. Helopeltis/helopeltis_00106.jpg,4. Helopeltis,helopeltis_damage,G02050,b5728ff3c568caba1bffd62cf97b9d5949bf5d2bd4332944fb57bb4af4f57a35
4. Helopeltis/helopeltis_00108.jpg,4. Helopeltis,helopeltis_damage,G02052,07e0f607078c2f47a8245c21939cdf5a6884885c94b5dc18f74a15792469ce6e
4. Helopeltis/helopeltis_00109.jpg,4. Helopeltis,helopeltis_damage,G02053,4458993fd38c2c065fca96646e4ed0bbcd91ddabff87ff4d749b23b4e25e492b
4. Helopeltis/helopeltis_00110.jpg,4. Helopeltis,helopeltis_damage,G02054,d39d80a50b2d67a3da2e5915b111407fe7869f6a07ef9392ab3093836d1d24e8
4. Helopeltis/helopeltis_00111.jpg,4. Helopeltis,helopeltis_damage,G02055,b5cf5e1a18235934f82a231cb7c14221e032d77cca41fe6f3a1cb3d5cb4e3332
4. Helopeltis/helopeltis_00112.jpg,4. Helopeltis,helopeltis_damage,G02056,da42823d445474d8a489ecfb0b1c74119759f00ffcee900f2af3de7817604458
4. Helopeltis/helopeltis_00113.jpg,4. Helopeltis,helopeltis_damage,G02057,24f2c69b7e13feacff4dc2d53ba8a7be5a4ffad3b6c05224d0519cdded28fa77
4. Helopeltis/helopeltis_00115.jpg,4. Helopeltis,helopeltis_damage,G02059,ebde7d8c38c6c209c017c29346161fc0fe5bc4d88bd79540f5a86c00848b9e4f
4. Helopeltis/helopeltis_00116.jpg,4. Helopeltis,helopeltis_damage,G02060,43f000a660905fece0d7038117c873e13a7c0b0ed906e65fecc71ba2a2f855e9
4. Helopeltis/helopeltis_00117.jpg,4. Helopeltis,helopeltis_damage,G02061,c3c96dee5c2e371a218893b50f018f4496ff7980e64b864110e5c4ea22824e22
4. Helopeltis/helopeltis_00118.jpg,4. Helopeltis,helopeltis_damage,G02062,e419603475ed0c6a27a717043aaa1ebbb08ebd9882d1966cdb1719c54c01fd90
4. Helopeltis/helopeltis_00119.jpg,4. Helopeltis,helopeltis_damage,G02063,5d96e5c77f429d7419849379374776517ebbe19b4d01d288782dd4a0a529470c
4. Helopeltis/helopeltis_00120.jpg,4. Helopeltis,helopeltis_damage,G02064,3edd51daaed1599f0fd22cd74eea49b764240d730d085d6af7862cadef73f5e5
4. Helopeltis/helopeltis_00121.jpg,4. Helopeltis,helopeltis_damage,G02065,d5dea5f1008b576f559454e31d1edc84dba2b6be4152e8bb84a986456e927d57
4. Helopeltis/helopeltis_00122.jpg,4. Helopeltis,helopeltis_damage,G02066,1365c25b2fec7c2fcf95ac928cf3f7d3d26a88fe07af8ec6086bd20a709f4668
4. Helopeltis/helopeltis_00123.jpg,4. Helopeltis,helopeltis_damage,G02067,14b0edce24cecfcb650020a7257a2f3b1887a01c90f9d7a14d319b3149135fce
4. Helopeltis/helopeltis_00124.jpg,4. Helopeltis,helopeltis_damage,G02068,62e63b304783c0d1fef5e652038b76c2d6f641ddd9941d190a08fa05d35c0380
4. Helopeltis/helopeltis_00126.jpg,4. Helopeltis,helopeltis_damage,G02070,f2a75ebad8faf92ff50cca7b5934a6724a854143ca21248a73b993f059c05b5a
4. Helopeltis/helopeltis_00127.jpg,4. Helopeltis,helopeltis_damage,G02071,d79281632e1be2b2c347bec16d557a60f552e0115d485ccf50d4d73c56c7ff33
4. Helopeltis/helopeltis_00129.jpg,4. Helopeltis,helopeltis_damage,G02073,17b38c279c066b71e95a3a059b6de9d9023855e0542bc30a8a6d1dcedfb637dd
4. Helopeltis/helopeltis_00131.jpg,4. Helopeltis,helopeltis_damage,G02075,44d615c5fe2efac52a327997fa1f8b37cb1a784a416992f9c7cd25e221eebbd5
4. Helopeltis/helopeltis_00132.jpg,4. Helopeltis,helopeltis_damage,G02076,68b43b43edc69cc1af47c3a036cb78dce0638042cb4a679f9eb31443e6cf9807
4. Helopeltis/helopeltis_00133.jpg,4. Helopeltis,helopeltis_damage,G02077,9431ea4b0b315a962e6ba3e4dae3527a1096da4498239f2a808c7f536ad27898
4. Helopeltis/helopeltis_00134.jpg,4. Helopeltis,helopeltis_damage,G02078,9d96b56be6157803fb5aa7fbc7937e52d8cc6f4b7d0b7f1dfb3b52b75eea3abb
4. Helopeltis/helopeltis_00135.jpg,4. Helopeltis,helopeltis_damage,G02079,bbab4bc8180d637989e8c977dd6b576017e839133b876997a778cea624e50dda
4. Helopeltis/helopeltis_00136.jpg,4. Helopeltis,helopeltis_damage,G02080,a6ed40cfc46a7bbfa4c85d5d3b2615e49db4bd316d3fb2b3f1c098784c45da7d
4. Helopeltis/helopeltis_00138.jpg,4. Helopeltis,helopeltis_damage,G02082,fcaaebfc97f6980ab97ed4ea841cacf7ba8aafc6d5ccd5aefcb29ba707123e40
4. Helopeltis/helopeltis_00139.jpg,4. Helopeltis,helopeltis_damage,G02083,df8b4e90b0b5a3230bc6e26d040d68ddff2c8430447309b9bfcd88816ada48c1
4. Helopeltis/helopeltis_00142.jpg,4. Helopeltis,helopeltis_damage,G02086,509a66e480640145298d919d085789fe7eed48e6688a88b57cb6642d46b288ed
4. Helopeltis/helopeltis_00144.jpg,4. Helopeltis,helopeltis_damage,G00019,f5b00bea094c7e6ddf94406dc7e70c059cd20386c082ad4914c04c441c952973
4. Helopeltis/helopeltis_00145.jpg,4. Helopeltis,helopeltis_damage,G02087,2efbd86b4c8ea9f547ad769e46986e2783846b5485e1a7d089010db087d8524c
4. Helopeltis/helopeltis_00146.jpg,4. Helopeltis,helopeltis_damage,G02088,10e572c95e6a433c24d894d556b814d317f7658bd4ce46c08dd8d2e2a6fb08be
4. Helopeltis/helopeltis_00149.jpg,4. Helopeltis,helopeltis_damage,G02091,0c4d7827945e86622583c7934655aea83fd592f3bc3373774b2269443d3e899c
4. Helopeltis/helopeltis_00153.jpg,4. Helopeltis,helopeltis_damage,G02093,a22df0c5f52129e393a859bdb833a47758d2369646fb026fa73452c5786dbf21
4. Helopeltis/helopeltis_00155.jpg,4. Helopeltis,helopeltis_damage,G02095,a4baeed1957bb1ce2fed6dc08331d8e58d5baa9e673c0a02360337cc91f9b43b
4. Helopeltis/helopeltis_00156.jpg,4. Helopeltis,helopeltis_damage,G02096,1e414ed249b3dcbc59ae636d9f56b6def37b9bd0c8f094e94109c88e1352c542
4. Helopeltis/helopeltis_00158.jpg,4. Helopeltis,helopeltis_damage,G02098,b69df1bc7e3a804a42b1ddccf41b03a6aa58db34479874605d3f5ab0d4020104
4. Helopeltis/helopeltis_00160.jpg,4. Helopeltis,helopeltis_damage,G02100,9f1f883fa09e64c661abfbbc4a66315f473faa3c29b31d08297d11597f064614
4. Helopeltis/helopeltis_00161.jpg,4. Helopeltis,helopeltis_damage,G02101,80d76ee38ce132ecb5cc03f145239e8c3fb3df38cf7c12dc056006886cf68519
4. Helopeltis/helopeltis_00163.jpg,4. Helopeltis,helopeltis_damage,G02103,21e467f2615dfa11272677f72b65e4c03d9d3d7265dfb40c0bbeb3c1fe2f14fc
4. Helopeltis/helopeltis_00164.jpg,4. Helopeltis,helopeltis_damage,G02104,4a9409b7ed067b2f6ee006e22ffc8f1b963068d4d705cdec27d78a5df48ac921
4. Helopeltis/helopeltis_00166.jpg,4. Helopeltis,helopeltis_damage,G02106,220b7846ed960d3c6802f3494d3493bee95cd044d51e099505094fb91cde0e88
4. Helopeltis/helopeltis_00167.jpg,4. Helopeltis,helopeltis_damage,G02107,8e418a6615eb2874f635968a7b61a8f5077888bce5af42788bd57e781d1c20bc
4. Helopeltis/helopeltis_00169.jpg,4. Helopeltis,helopeltis_damage,G02109,94dfb1242e90b45f86ef4f31b0a0eb3232efbbe7d88c219cf9cbb37613690a32
4. Helopeltis/helopeltis_00171.jpg,4. Helopeltis,helopeltis_damage,G02111,3ee10e33e28bc14023173c2ed47735f6f5ba2d9158f16b10973d4471c4a084ad
4. Helopeltis/helopeltis_00172.jpg,4. Helopeltis,helopeltis_damage,G02112,ecfa7ae50c0fc6da592c446d099c8e47d9b18e29a54ade9fe7568e2633de6dcd
4. Helopeltis/helopeltis_00173.jpg,4. Helopeltis,helopeltis_damage,G02113,7a39d719eec658b25a38a3e1219043b08e98931dc4472c3a69b96f6ca716240f
4. Helopeltis/helopeltis_00175.jpg,4. Helopeltis,helopeltis_damage,G02115,bc74d0164d507b101a583b9c414a5b67387512e1526275d0c0d0eb2f83860590
4. Helopeltis/helopeltis_00176.jpg,4. Helopeltis,helopeltis_damage,G02116,6368f7bc7df1cf114707fe737b364ee61718a45028dceed025eab83882d85018
4. Helopeltis/helopeltis_00177.jpg,4. Helopeltis,helopeltis_damage,G02117,b03cdb6490bbf80dd937d6a421415f29a890fa5d996a4ba4eb27546f711f867d
4. Helopeltis/helopeltis_00178.jpg,4. Helopeltis,helopeltis_damage,G00021,fe444b2c844c101b5e4b5455abb256d5f1618ed3d3dff222b3c4115101414763
4. Helopeltis/helopeltis_00179.jpg,4. Helopeltis,helopeltis_damage,G00021,0cdc48b90fa89e82d752a51d482e1accf454ed717c3d3a2ab8266db5695ca78a
4. Helopeltis/helopeltis_00181.jpg,4. Helopeltis,helopeltis_damage,G02119,4fed5b58150ab040a54c0ddce2c241f2a6672d196357f922759c7288a12facfb
4. Helopeltis/helopeltis_00182.jpg,4. Helopeltis,helopeltis_damage,G02120,c7b68beb7a44072debff1b51ee9d761787ef4d04ddaec8a9051969cf316562d8
4. Helopeltis/helopeltis_00184.jpg,4. Helopeltis,helopeltis_damage,G02122,06665a4d151875b47efedfd4d42a220f67679fe5710f131c85a1e284c1dc61c4
4. Helopeltis/helopeltis_00185.jpg,4. Helopeltis,helopeltis_damage,G02123,134dbd78ddb0bc7fe710e6712d45e432e6c30f8893932f5f6f3642c93c53ddda
4. Helopeltis/helopeltis_00186.jpg,4. Helopeltis,helopeltis_damage,G02124,967de854ee2e19831a60865e93724e56656df768fd57d30d72e1841d06c02b3b
4. Helopeltis/helopeltis_00187.jpg,4. Helopeltis,helopeltis_damage,G02125,4703fb26dca4b59102609c9e9a5020b7f293b67f1eeab83d4dda17a733b01035
4. Helopeltis/helopeltis_00188.jpg,4. Helopeltis,helopeltis_damage,G02126,3617f177c9aca71cb67d65c51b9ad9f8fc3ed327fa460f89ec4ae8b4efe89bd3
4. Helopeltis/helopeltis_00190.jpg,4. Helopeltis,helopeltis_damage,G02128,bac45a1b1ab446efa58bdf6d8687e7310e452c96b4b7ba0a6ff121af8d4b53fa
4. Helopeltis/helopeltis_00191.jpg,4. Helopeltis,helopeltis_damage,G02129,f294919ffedbce670820f53fa50a96506479f786cddd12a08b7f2d757c40ead5
4. Helopeltis/helopeltis_00193.jpg,4. Helopeltis,helopeltis_damage,G02131,ea83af7541b05c1c634234354c3d7841557d3b072c8aa846782907f9665c6aac
4. Helopeltis/helopeltis_00194.jpg,4. Helopeltis,helopeltis_damage,G02132,80298baf84254e242bb0c078429a0f4355ed4f16bebff748040d888a3b5f6df5
4. Helopeltis/helopeltis_00195.jpg,4. Helopeltis,helopeltis_damage,G02133,6205febc472fbec111789fceba0f0410f597af68c88f461cd5e70cd1e1a1c300
4. Helopeltis/helopeltis_00196.jpg,4. Helopeltis,helopeltis_damage,G02134,2978e1efb2484f39941e1000dd23de030a0ca92e1f564e5a18ae18da2012d86e
4. Helopeltis/helopeltis_00197.jpg,4. Helopeltis,helopeltis_damage,G02135,955e6de3824e14ef523c536bc06d4e64d54f96c3e7ee03250e29a9f87875c1c6
4. Helopeltis/helopeltis_00199.jpg,4. Helopeltis,helopeltis_damage,G02137,85a5d54328b27910b5a8db0f58b6f782fd4296fc235569c9e62de21e8e41eead
4. Helopeltis/helopeltis_00200.jpg,4. Helopeltis,helopeltis_damage,G02138,19d3bc97a1ff87182bdc2192a1f224d80384f35abac7542564435dd991432dc7
4. Helopeltis/helopeltis_00201.jpg,4. Helopeltis,helopeltis_damage,G02139,d2b6f1be1bbb355f7fcd3f3661dca0a3cfe5a6957eef5031c1d13d77f5db0aaf
4. Helopeltis/helopeltis_00202.jpg,4. Helopeltis,helopeltis_damage,G02140,1dc40c2b9289ced90a93b8366c535cf89e2a849c63c7339e40b2e64d32b1f142
4. Helopeltis/helopeltis_00203.jpg,4. Helopeltis,helopeltis_damage,G02141,e8178d083c99a29c903ed6d3534f1039d85c961726abdd806ba7b2ebeea85217
4. Helopeltis/helopeltis_00206.jpg,4. Helopeltis,helopeltis_damage,G02144,c3085bd324affb23e6aa081ccb9b8070dc8ce3a4ca2c27ada141aae7238f0e97
4. Helopeltis/helopeltis_00207.jpg,4. Helopeltis,helopeltis_damage,G02145,96bc6cb5267c293a3166be19fe94e2bc16dd5c1f59717001a06e2eef338c74a4
4. Helopeltis/helopeltis_00208.jpg,4. Helopeltis,helopeltis_damage,G02146,f8c30f32e8ebacd59bd69defcfd972b63dff4a6ecffeb6f5e941b7e1ec8db335
4. Helopeltis/helopeltis_00209.jpg,4. Helopeltis,helopeltis_damage,G02147,1039a7639bb2271d93dff03bbd02588df41d1c831f002f179cefe69ad2c0babb
4. Helopeltis/helopeltis_00210.jpg,4. Helopeltis,helopeltis_damage,G00022,946fb2ef46d0281831d3f4ef6e7e4c7065def93f2f2eec76f0adf655765a94f1
4. Helopeltis/helopeltis_00211.jpg,4. Helopeltis,helopeltis_damage,G00022,ffc391582f85f8f3c7e79dac3d16a915880ca6fa44040ffb0aadcfaaf5eb7af4
4. Helopeltis/helopeltis_00212.jpg,4. Helopeltis,helopeltis_damage,G02148,6a3d7d067759dc6290d3e1546098f67da41b330d8fa7cc80969e0601acfc7618
4. Helopeltis/helopeltis_00213.jpg,4. Helopeltis,helopeltis_damage,G02149,918b27ad0b1729b2de439c93f55ff6fe86e9dd298e0760c89f97c0f235596274
4. Helopeltis/helopeltis_00214.jpg,4. Helopeltis,helopeltis_damage,G02150,34ddad80fab281010302513e1534097c0483e81435f738c17ecf21ed67bbc6bf
4. Helopeltis/helopeltis_00215.jpg,4. Helopeltis,helopeltis_damage,G02151,951481ebf5e16093aba2fd33e55e88d582fc3ad31ede91475b033d6eb3e3cad5
4. Helopeltis/helopeltis_00216.jpg,4. Helopeltis,helopeltis_damage,G02152,a1a6e5a4ffef1850919da874b4963d442f74555a792c5a6504349fb2edc866c6
4. Helopeltis/helopeltis_00217.jpg,4. Helopeltis,helopeltis_damage,G02153,8256ccedd2716492525a0485d11f082ac77df7bb482c04dc168480684228c331
4. Helopeltis/helopeltis_00220.jpg,4. Helopeltis,helopeltis_damage,G02156,1280efe55cc4ad8ca8b216d72d9bafbee120bfa18a1453bccaa67dd9c3356c18
4. Helopeltis/helopeltis_00222.jpg,4. Helopeltis,helopeltis_damage,G02158,305fe13f31afd41fdd8ba56ed8e0fb7d38b4cfcaf7c75b6f8b2a898ce7008926
4. Helopeltis/helopeltis_00223.jpg,4. Helopeltis,helopeltis_damage,G02159,4ea29b5971202e35cd224d791273ded53799b68492a37a3b2f4c1bf5db73b9a3
4. Helopeltis/helopeltis_00225.jpg,4. Helopeltis,helopeltis_damage,G02161,4322174d7192f6023cc26ee70587f493c5f1c9a23b2986d1ed60679c1b254034
4. Helopeltis/helopeltis_00227.jpg,4. Helopeltis,helopeltis_damage,G02163,93ac494e8f88204eca1ade32a631cf7f6d35861fc8e8a25008ced6fbbfcf0e06
4. Helopeltis/helopeltis_00231.jpg,4. Helopeltis,helopeltis_damage,G02167,9b954e9b6f715feeb3f43389a970c0fbef2d4427b67b117554dc8dca6c47fc42
4. Helopeltis/helopeltis_00232.jpg,4. Helopeltis,helopeltis_damage,G00023,f7c2b9a1cf3e11ed81882dc12b61637fe0bf833ab69bea148e1e771c954788b7
4. Helopeltis/helopeltis_00233.jpg,4. Helopeltis,helopeltis_damage,G00023,cec91e4b85b342fca52228f81650c67fe3444ea0a17d0b72706736abf40f892f
4. Helopeltis/helopeltis_00234.jpg,4. Helopeltis,helopeltis_damage,G02168,5b6d213e88aa55ded745ce176e47c3bcc2a04afcff694bbee66e265e87944490
4. Helopeltis/helopeltis_00236.jpg,4. Helopeltis,helopeltis_damage,G02170,b0581517abdd6e059d2fd4b6ffeff2d3284c01106c01683360708ebbcdf63102
4. Helopeltis/helopeltis_00237.jpg,4. Helopeltis,helopeltis_damage,G02171,c16fff0f22b2dd2e5e6abbf4ff0725aeeae9e8b43c4d2a5f5f796cc00ea3fc2a
4. Helopeltis/helopeltis_00238.jpg,4. Helopeltis,helopeltis_damage,G02172,43d195e236d6344eb586937318605ad1d5f8c8bf9c0d8a8f7d90f8f39cbf3654
4. Helopeltis/helopeltis_00239.jpg,4. Helopeltis,helopeltis_damage,G02173,a30e1ef9591f11f5e266f4c3c2cb7322b75fac459ef4abe2a75d13e510c4fb07
4. Helopeltis/helopeltis_00240.jpg,4. Helopeltis,helopeltis_damage,G02174,9c2ab2fdbf1d0176c5d559316cf83ed816d71bf0d21112c8dacf62853f5b6574
4. Helopeltis/helopeltis_00241.jpg,4. Helopeltis,helopeltis_damage,G02175,be15bd726879d1a8d5cfa6db2d83a5cb8b066cb322df19ddec50d1d5bd525838
4. Helopeltis/helopeltis_00246.jpg,4. Helopeltis,helopeltis_damage,G02180,5a5124fd23e45e0b195edaa70c55c69676e5229ca34b109e8f3f9a7298a48fc2
4. Helopeltis/helopeltis_00249.jpg,4. Helopeltis,helopeltis_damage,G02183,0977d7fb6d47d8b8392b7c4dcebee96982a5b39aab2a78e30baab5ea718f016c
4. Helopeltis/helopeltis_00250.jpg,4. Helopeltis,helopeltis_damage,G02184,e94f48869d66fc0348a39dfd504d4e37887fe41cc4bed7907a6af7c8627091e1
4. Helopeltis/helopeltis_00251.jpg,4. Helopeltis,helopeltis_damage,G02185,f2b10f4c0b2510de72a303762219033ad1762459f61866170892031ff31e3a15
4. Helopeltis/helopeltis_00252.jpg,4. Helopeltis,helopeltis_damage,G02186,decc6c49fd4ddeb77d91eb9d2e67007533e8c1a5cce977b213a7f3912b5cc576
4. Helopeltis/helopeltis_00253.jpg,4. Helopeltis,helopeltis_damage,G02187,2cbaa2c84f71666e87da124fd0269f380745e3837ce6dd6b12748fd051fc659f
4. Helopeltis/helopeltis_00254.jpg,4. Helopeltis,helopeltis_damage,G02188,9c5c311b38b0509874a0555a6491d217410c9645af9c1415cbec6d44cc4e69ff
4. Helopeltis/helopeltis_00256.jpg,4. Helopeltis,helopeltis_damage,G02190,a5653065cf2973e191dca16dc1561d77631df1a17cb4b1e9f8766a45dc1c8234
4. Helopeltis/helopeltis_00257.jpg,4. Helopeltis,helopeltis_damage,G02191,2faafdbd3571ded1043270db0cb42e352a2d4826bb26f698bb17aadc98d2f0e4
4. Helopeltis/helopeltis_00258.jpg,4. Helopeltis,helopeltis_damage,G02192,cf1061308596e2f15fbd02dde7b06e3f2dd2e44b0a6b3559127fb69aca623e9f
4. Helopeltis/helopeltis_00259.jpg,4. Helopeltis,helopeltis_damage,G02193,9ded242b481591ee1434e028f80fda8bdd977d5be47c05d335e57ed52f2cb4f9
4. Helopeltis/helopeltis_00261.jpg,4. Helopeltis,helopeltis_damage,G02195,9445d05ddc8cc024d9d3108c9c41887528d417654fc39474c9071a9ee1bf50d3
4. Helopeltis/helopeltis_00262.jpg,4. Helopeltis,helopeltis_damage,G02196,85f30032152740f5a19771b4d4ec502dcf8037614e70cd6dc4b42b0a9b5b8052
4. Helopeltis/helopeltis_00265.jpg,4. Helopeltis,helopeltis_damage,G02197,c54a02add31145caab79467fb24ac7de5bc700eda9ca412b0d034533cc719769
4. Helopeltis/helopeltis_00267.jpg,4. Helopeltis,helopeltis_damage,G02199,d6a3821610195b0664729237c20deb93d387e57863497437a149f7755f367f93
4. Helopeltis/helopeltis_00268.jpg,4. Helopeltis,helopeltis_damage,G02200,401c94eb046e231fcb61a95d44e16efe51b4da474a29642107d91dec28003a8a
4. Helopeltis/helopeltis_00269.jpg,4. Helopeltis,helopeltis_damage,G02201,06adfce26ecdcee5fc28761994c571006a6b0f09d1eedd0fb31275ed3ecaf23e
4. Helopeltis/helopeltis_00270.jpg,4. Helopeltis,helopeltis_damage,G02202,3180b4d32b18e4a076268cbdbfa444d0d97c926aad048627f8ed7c0503616d1b
4. Helopeltis/helopeltis_00271.jpg,4. Helopeltis,helopeltis_damage,G02203,0d2802d5e6a3ce10b20dae01dac2cb1c661ff3d4e2513558c67d577b6450277e
4. Helopeltis/helopeltis_00272.jpg,4. Helopeltis,helopeltis_damage,G02204,884d271e7602307a764d72fa8b871e3579f43def65fefd0c8c125c2247efca56
4. Helopeltis/helopeltis_00273.jpg,4. Helopeltis,helopeltis_damage,G02205,90b53481f383ad86c170076e7fb5dbe639dae40c56c1009c5369c6a2dc0ef5a3
4. Helopeltis/helopeltis_00274.jpg,4. Helopeltis,helopeltis_damage,G02206,f542ea1df341ecdfed94911cba49e842065a762cd732d52ecee81f34a314b13a
4. Helopeltis/helopeltis_00275.jpg,4. Helopeltis,helopeltis_damage,G02207,0a444ff5deafbe046c0c755597be6c39d1899c4a5f8d5751b4a178e7af5fc20f
4. Helopeltis/helopeltis_00276.jpg,4. Helopeltis,helopeltis_damage,G02208,5a320f64f8dcd787e7ed17614e1c174646029a38445dd8fd6dcc80d281c2a4bc
4. Helopeltis/helopeltis_00277.jpg,4. Helopeltis,helopeltis_damage,G02209,b908118f1e50f388d71ee51366b5212a909acaa73e70a2c09f934fbbfb9fd718
4. Helopeltis/helopeltis_00278.jpg,4. Helopeltis,helopeltis_damage,G02210,94e37572933dd6349ac0b24f438a3b1ca40f17e7d3d6a7cf9decbeb329e12ea3
4. Helopeltis/helopeltis_00281.jpg,4. Helopeltis,helopeltis_damage,G02213,95c1b4419ad035f1a0068550f6936da266c4246f5196a53ad6142b5b645be978
4. Helopeltis/helopeltis_00282.jpg,4. Helopeltis,helopeltis_damage,G02214,cde9c32d225440ef4f0edaa73eb27ee8a1c482afdc272a4e0839682289c59666
4. Helopeltis/helopeltis_00283.jpg,4. Helopeltis,helopeltis_damage,G02215,407500d1d4ebc4545b8cf09d8248ee92bc5fe4ca4033d59920d42afbac4183c3
4. Helopeltis/helopeltis_00284.jpg,4. Helopeltis,helopeltis_damage,G02216,f7ba7c532094cfe3ff3f620755596ad6b1749e21d8db69c6e24436225da6ca6a
4. Helopeltis/helopeltis_00285.jpg,4. Helopeltis,helopeltis_damage,G02217,bbf6befe1fd779c0d858c8a2c14d568cd03933813452ab72dfe1d085d78e3fbb
4. Helopeltis/helopeltis_00286.jpg,4. Helopeltis,helopeltis_damage,G02218,5611627abbe4116703af73a6a1c86f45566ebcc3c299f62fab7181c7aaac7ecc
4. Helopeltis/helopeltis_00287.jpg,4. Helopeltis,helopeltis_damage,G02219,19b63f513a2cc5fecbb7c1bf746d8f92a1fbc36ad4a8e2f1feb8da7b2b60ff2a
4. Helopeltis/helopeltis_00288.jpg,4. Helopeltis,helopeltis_damage,G02220,4246d96b486a3ddc5369daf886df2239bf213071856e21f9809a739344680949
4. Helopeltis/helopeltis_00289.jpg,4. Helopeltis,helopeltis_damage,G02221,e6268e871d0ef52c1db00a9bd555961fccea034316ea4e7bd116f7e06e38cb6b
4. Helopeltis/helopeltis_00290.jpg,4. Helopeltis,helopeltis_damage,G00025,58f9131af4b8bba9fdc855213a520ce2021ac7efec5d4c6b42bc0682d3bf704d
4. Helopeltis/helopeltis_00291.jpg,4. Helopeltis,helopeltis_damage,G00025,0362feebd45c6bb039e0abdccebc4e384c11c390cb5157b7669df012190af3da
4. Helopeltis/helopeltis_00293.jpg,4. Helopeltis,helopeltis_damage,G02223,c61d1e2ed8deb92008b398ded331c65925b745e7660befff855c94dc4be5f3ee
4. Helopeltis/helopeltis_00295.jpg,4. Helopeltis,helopeltis_damage,G02225,b7682551e553c720b2ff944dbc12b51ac5ec1939334fd25b307f98bd54d58141
4. Helopeltis/helopeltis_00297.jpg,4. Helopeltis,helopeltis_damage,G02227,452217df0ba874b8520245c7fed01dcd682797e135da4817197972fb7679ad21
4. Helopeltis/helopeltis_00298.jpg,4. Helopeltis,helopeltis_damage,G02228,7e3634beb6c95eeb648342dd800724f6721197c9cf510822148a908922522ecd
4. Helopeltis/helopeltis_00300.jpg,4. Helopeltis,helopeltis_damage,G02230,5337090f6d98c87895e64159a8803bf24fe22a1edc58472e3093177ec37f3c88
4. Helopeltis/helopeltis_00301.jpg,4. Helopeltis,helopeltis_damage,G02231,07e6da35135165bf80d56802bbc499fbbbf67abd6aee54a8a3021e64be722747
4. Helopeltis/helopeltis_00302.jpg,4. Helopeltis,helopeltis_damage,G02232,3d3e52f50ab8129763ab4fb3f4ae6c7b0ab4c79f2faa62ccc6937717ea5a3cb9
4. Helopeltis/helopeltis_00303.jpg,4. Helopeltis,helopeltis_damage,G02233,d5cefe370e89b92a4d29ed820e8f694d36d0ccb1064a7dbc5cb63a2c1ab57b75
4. Helopeltis/helopeltis_00304.jpg,4. Helopeltis,helopeltis_damage,G02234,ffb4fbdabe16b67ed241feff7ab2796be4016ccda852b90239cb03664977c9e4
4. Helopeltis/helopeltis_00305.jpg,4. Helopeltis,helopeltis_damage,G02235,7c1b59a692b673f5315842f0f2604b9f4b978d1c485af9375689d720f650a981
4. Helopeltis/helopeltis_00306.jpg,4. Helopeltis,helopeltis_damage,G02236,897ddb7187c9d196cbd9c2f990e78f3dbe2626e8c868d95d22682050d5ec3dea
4. Helopeltis/helopeltis_00307.jpg,4. Helopeltis,helopeltis_damage,G02237,78faaea263bba1c17134a81c57ca614072d668e80f3254435a0da9809f87e174
4. Helopeltis/helopeltis_00308.jpg,4. Helopeltis,helopeltis_damage,G02238,7c40a0515d053e9f49e26d93d102ca3b23018438fb7d55850debbce19cd82948
4. Helopeltis/helopeltis_00310.jpg,4. Helopeltis,helopeltis_damage,G02240,ffaf7628b7fca7afff474a9e28232a4efcd5030bcbe491c5736dba24e2861555
4. Helopeltis/helopeltis_00311.jpg,4. Helopeltis,helopeltis_damage,G02241,176565036d6ce1b308836d443afd879734d9874ba1ce2c9ed12ec0985c82bf6e
4. Helopeltis/helopeltis_00312.jpg,4. Helopeltis,helopeltis_damage,G02242,b37dad23f8af93fb289d76793e35df7944ccf7fdbb15a097afd48aeb18a7f001
4. Helopeltis/helopeltis_00313.jpg,4. Helopeltis,helopeltis_damage,G02243,0f9657ac53514e6f6e3453eee0107a1f2eadfdb4e7700d2cb3a9d98140bcefc6
4. Helopeltis/helopeltis_00314.jpg,4. Helopeltis,helopeltis_damage,G02244,e47882d2af1b2269c4a56bf4f0dd6c358708fb01de0ca0cbf150343d71f8f735
4. Helopeltis/helopeltis_00315.jpg,4. Helopeltis,helopeltis_damage,G02245,c3189f563681334947a59c0d796218d089395245b3c435fd3e1404118585d604
4. Helopeltis/helopeltis_00316.jpg,4. Helopeltis,helopeltis_damage,G02246,8586c5902f7999b75f9bfd057d11fa440a0b0edc044eabc31528bc601ed8cc1f
4. Helopeltis/helopeltis_00317.jpg,4. Helopeltis,helopeltis_damage,G02247,a78677c87e9cd153b4a83757925fe287b24a3a73a8c5124ccdb8f9c6b9744bb0
4. Helopeltis/helopeltis_00318.jpg,4. Helopeltis,helopeltis_damage,G02248,4819ae705c602ec9dec3301d9956987d900d0ad8dac05816dcf6d7b388fee54b
4. Helopeltis/helopeltis_00319.jpg,4. Helopeltis,helopeltis_damage,G02249,9477af30bcfc088824fc8cb9d208ffd224e3efac6c3b597f7053978dcbd8635b
4. Helopeltis/helopeltis_00320.jpg,4. Helopeltis,helopeltis_damage,G02250,b686a592d66580c431a025e49cdaa9d4fa2beee37cfc108a3d574445707f8927
4. Helopeltis/helopeltis_00321.jpg,4. Helopeltis,helopeltis_damage,G02251,18bae3256dafb83d1cd82f1ea05daa68962a4f9090744eba05067073e06a4288
4. Helopeltis/helopeltis_00322.jpg,4. Helopeltis,helopeltis_damage,G02252,8d5f138875b3dd120eb2e8245fcad705215c8f12b8a648126270c3898a3390e4
4. Helopeltis/helopeltis_00323.jpg,4. Helopeltis,helopeltis_damage,G02253,0119d2cc7ab53cd8cb5226ef768defbd2854ad95632fb88a5a7185ac4eb1a775
4. Helopeltis/helopeltis_00325.jpg,4. Helopeltis,helopeltis_damage,G02255,1c75eff999c7cecdbfbe4b3617a2487ccca7ee439a46fb825a5dd7f6d1653f7d
4. Helopeltis/helopeltis_00326.jpg,4. Helopeltis,helopeltis_damage,G02256,395a6d8d359ed4a02ee3dc026d7333464f75232d975616a8c9c541c5e053f376
4. Helopeltis/helopeltis_00328.jpg,4. Helopeltis,helopeltis_damage,G02258,308eec17dac9cc67887e6cf5c9c5dd13af2e3d206a7aedd805b7f90d8ee57ed6
4. Helopeltis/helopeltis_00329.jpg,4. Helopeltis,helopeltis_damage,G02259,bb32fed8737ca3dec5ebc52d2b8718b9e7b3c2d779cf0ecb1cdb69cc50fe03db
4. Helopeltis/helopeltis_00330.jpg,4. Helopeltis,helopeltis_damage,G02260,6bee2d50cf16bb86255952c1904531854ed7a0ad8c2dc7a5aa4a53795a070fbb
4. Helopeltis/helopeltis_00331.jpg,4. Helopeltis,helopeltis_damage,G02261,88f9beb343cc7bf0d0e590854abb9e3dfeed95ba24db444ce5ad414816c7355a
4. Helopeltis/helopeltis_00333.jpg,4. Helopeltis,helopeltis_damage,G02263,10f1580cf5415cceeef0b53dbdce471db47c7c8a2e478f0988c33953019a0511
4. Helopeltis/helopeltis_00334.jpg,4. Helopeltis,helopeltis_damage,G02264,721f99456c1119a7c71018629d5dc007e43f8bf0d1e443ef050912d6e59bdc1f
4. Helopeltis/helopeltis_00335.jpg,4. Helopeltis,helopeltis_damage,G02265,e8f8a0ffb68ecf258c69ccc085f7e1863155bd8832b7f66216298a45a4b48015
4. Helopeltis/helopeltis_00337.jpg,4. Helopeltis,helopeltis_damage,G02267,90b53ee8b7792c4b42e2f69509f763c3105ced9dba71440e0dde92c99206c01c
4. Helopeltis/helopeltis_00338.jpg,4. Helopeltis,helopeltis_damage,G02268,c4c45a4aa9a1e5ecefa3b193a1eda520f8f92029c6c4f54a45159b48ae37e970
4. Helopeltis/helopeltis_00340.jpg,4. Helopeltis,helopeltis_damage,G02270,5c28c290e797a0eb2b927da7f43cdbc7a6b63158281e61bc006c1912d8bdfc48
4. Helopeltis/helopeltis_00342.jpg,4. Helopeltis,helopeltis_damage,G02272,7727dd47f182625f1bb60c7dc6c9ddf54e6d820888e8842de8ae77da2c1b6045
4. Helopeltis/helopeltis_00343.jpg,4. Helopeltis,helopeltis_damage,G02273,61ffd1efdcff9d94484799634c114e4ebdd922b1a5a45b7fdec5af5746ac9f8f
4. Helopeltis/helopeltis_00345.jpg,4. Helopeltis,helopeltis_damage,G02275,6b5d74613c16d9f0e509085d3312300175751b66574244623efe06f457c0901c
4. Helopeltis/helopeltis_00346.jpg,4. Helopeltis,helopeltis_damage,G02276,49cdc6dde14145358de611e47d0f9725263218ca598f6e95e95396427a386a52
4. Helopeltis/helopeltis_00348.jpg,4. Helopeltis,helopeltis_damage,G02278,4fc9afa56172dd0dbc2d960a803b34c42f319ac41cdadbb9f95369f2b53689a7
4. Helopeltis/helopeltis_00349.jpg,4. Helopeltis,helopeltis_damage,G02279,30e2e87c599b7248f5e9f1089e1b891f4dad4a36910f8d2a8edbb16eeb04974b
4. Helopeltis/helopeltis_00350.jpg,4. Helopeltis,helopeltis_damage,G02280,afb5bf65511e0a4da912147a3a026d391c452078ccc5f2cbc9b776440488789d
4. Helopeltis/helopeltis_00351.jpg,4. Helopeltis,helopeltis_damage,G02281,070f0cab69b8e580ecdfe1f2f2f638c83a6c79b0c301da770d3ade7593cf46d0
4. Helopeltis/helopeltis_00352.jpg,4. Helopeltis,helopeltis_damage,G02282,83e9f715132a9ed8c938382c4e57aacbd8e4f75a103aa9c6658e426b95e2580e
4. Helopeltis/helopeltis_00353.jpg,4. Helopeltis,helopeltis_damage,G02283,6fd261c083cb0c681c402d54ddda636babdef05e62d4c47afd4ae30f6949e40a
4. Helopeltis/helopeltis_00356.jpg,4. Helopeltis,helopeltis_damage,G02286,6e9305e0a4c0871ccad3fac37d052e0dd6d27c0ecd4930d081fdc16c7e6bfe52
4. Helopeltis/helopeltis_00357.jpg,4. Helopeltis,helopeltis_damage,G02287,f431fa6c074e83df35ad33e48a84c29dc2f98417065b52b5161828e04c623a4d
4. Helopeltis/helopeltis_00359.jpg,4. Helopeltis,helopeltis_damage,G02289,d4aeed0ae33b9343f63fb6ba566225badc04d4e34428a1988969872b2c5f2048
4. Helopeltis/helopeltis_00360.jpg,4. Helopeltis,helopeltis_damage,G02290,c28750ebda6c7b1906db45010a83f9831fbe5211a49d8e0d651689ac3ce2d9f2
4. Helopeltis/helopeltis_00363.jpg,4. Helopeltis,helopeltis_damage,G02293,5d2f8b4dad816d763cac403651e1fa4405dbf6933a811b3e47898a10357d68cc
4. Helopeltis/helopeltis_00364.jpg,4. Helopeltis,helopeltis_damage,G02294,95e6ce5788aaaacc3272d4df9f15bf40af45ff7db7aa72a136b59492b48c6571
4. Helopeltis/helopeltis_00365.jpg,4. Helopeltis,helopeltis_damage,G02295,9d425ed21a062abdef737c1b312825d6aeb3928b38cb9cf8f902a73cd63815d3
4. Helopeltis/helopeltis_00369.jpg,4. Helopeltis,helopeltis_damage,G02299,4237c89efc09166124df14af2c716ecf08d0595824a3c71292bb28d876230f21
4. Helopeltis/helopeltis_00371.jpg,4. Helopeltis,helopeltis_damage,G02301,be73a784d414831a29c2cd1128419cb54a9f25899af736da38ebacd30b6c2dc4
4. Helopeltis/helopeltis_00372.jpg,4. Helopeltis,helopeltis_damage,G02302,ccdbae8fc440539a06ef5474a5a5818e93a144155eb8c23440496e513f434139
4. Helopeltis/helopeltis_00374.jpg,4. Helopeltis,helopeltis_damage,G02304,621eeb817158256acdff2f3c820f071db6e4e164d523265c4db98eb4e63e51e0
4. Helopeltis/helopeltis_00375.jpg,4. Helopeltis,helopeltis_damage,G02305,934d5b26336cc352e24840e5d2dbcb4a26c5be2b679cecf17a992ab914437ea5
4. Helopeltis/helopeltis_00376.jpg,4. Helopeltis,helopeltis_damage,G02306,b327b30c5a9cfd180a787fa96d45695f6ecb9980bb05ea857c85fc9370211920
4. Helopeltis/helopeltis_00377.jpg,4. Helopeltis,helopeltis_damage,G02307,6901a8807737f6f4eef27a11fd4e52660fc5527875190d3bd4eb958386670eeb
4. Helopeltis/helopeltis_00378.jpg,4. Helopeltis,helopeltis_damage,G02308,a9d7c0b8bad69790199ae527fc950e71d3bd50b542583eb42f91193681dd4e1e
4. Helopeltis/helopeltis_00379.jpg,4. Helopeltis,helopeltis_damage,G02309,47099a74c96d4b8c5102f63de56761dc31682c36717942d0d3ccca54437e58e8
4. Helopeltis/helopeltis_00380.jpg,4. Helopeltis,helopeltis_damage,G02310,ba4dba46cf1eab31dfb940dd93b6a7367c0c545f634fb5eeaa5c1bd93dd586d5
4. Helopeltis/helopeltis_00382.jpg,4. Helopeltis,helopeltis_damage,G02312,b29d43529a3bcc70625e315f6d8f26b08698416c1b62efb3db19a891cd8deeff
4. Helopeltis/helopeltis_00385.jpg,4. Helopeltis,helopeltis_damage,G02315,1dc316f6e3dd9aac5b84f0d15e7da7ad878a8901b768da9fa670f3564bc13940
4. Helopeltis/helopeltis_00387.jpg,4. Helopeltis,helopeltis_damage,G02317,e369a03dcee9ff8e555a467e354cb9a1bd19a4f296d4621b9e6c0e77decf3c70
4. Helopeltis/helopeltis_00388.jpg,4. Helopeltis,helopeltis_damage,G02318,c3b9c6aa302152931a56aaedbc7d8811ceef8e3e568b99b862d1d1dd8b5e27d7
4. Helopeltis/helopeltis_00389.jpg,4. Helopeltis,helopeltis_damage,G02319,d7e6ba0517d36abd437855855db5d0df8ce7e80b707a6db68055a2279f57b32f
4. Helopeltis/helopeltis_00390.jpg,4. Helopeltis,helopeltis_damage,G02320,a59f0875337835c7eecba9ce03e637d09e8deb44e90b567d3b7faf5d0f6a5b45
4. Helopeltis/helopeltis_00391.jpg,4. Helopeltis,helopeltis_damage,G02321,c3578a3de3e2314bbf0efbbb0d04db4320c4efd7e4d51a43c66d9f95ca5df22c
4. Helopeltis/helopeltis_00392.jpg,4. Helopeltis,helopeltis_damage,G02322,f3127ddddd5bceb1dcf8f00f7186bcb11a7e9489d2a366548db520150e3ea1d2
4. Helopeltis/helopeltis_00393.jpg,4. Helopeltis,helopeltis_damage,G02323,1ab1d3cd84bf1bc420be495a64d26f3724577e1b2c316bc0e5f6cee1cb16d0fb
4. Helopeltis/helopeltis_00394.jpg,4. Helopeltis,helopeltis_damage,G02324,d5f18c5639b843c9a85d08492840b6c1b445a7076cd712861c8572811bfbe17b
4. Helopeltis/helopeltis_00395.jpg,4. Helopeltis,helopeltis_damage,G02325,9dffd3b156b8156af0bb00e08091fde643df3c8ff908fd81efc4468553cbc87a
4. Helopeltis/helopeltis_00399.jpg,4. Helopeltis,helopeltis_damage,G02329,b13262ec9e3eb2088ad4085a2c98cc3437bd5589fb6e0e69c84a821bea8024c3
4. Helopeltis/helopeltis_00401.jpg,4. Helopeltis,helopeltis_damage,G02331,3f1b3b0453e030ed7cbbc58cce4ed395f69568a09727907249be17c09a3cb9ef
4. Helopeltis/helopeltis_00402.jpg,4. Helopeltis,helopeltis_damage,G02332,222b03847a6871313fb69f09aa58d984e2216416e241b817adf2342e2e33041e
4. Helopeltis/helopeltis_00403.jpg,4. Helopeltis,helopeltis_damage,G02333,8bd17ada6a4e0b94305fc83df4509884d2477730081bae7f360e02e61648fef9
4. Helopeltis/helopeltis_00404.jpg,4. Helopeltis,helopeltis_damage,G02334,bf04e844e4846c4f2f023ae01cf77da0f514ede2571617bfa0bb48377254bb93
4. Helopeltis/helopeltis_00405.jpg,4. Helopeltis,helopeltis_damage,G02335,570f7f95719a5296bbd8904fd6c6fc0aaa2dc6ecd1f38a4f92f50df8318f9ec4
4. Helopeltis/helopeltis_00407.jpg,4. Helopeltis,helopeltis_damage,G02337,ea4ec4a039e4ab9a0ab87e7680539cc744323a0374f7bf6aa9ee4f64a37c0e4a
4. Helopeltis/helopeltis_00408.jpg,4. Helopeltis,helopeltis_damage,G02338,7a1fbb81f58227c341803214156af44b865561cfb2dfba9c0453fa148cb7c85d
4. Helopeltis/helopeltis_00412.jpg,4. Helopeltis,helopeltis_damage,G02342,ec0ec925ae3a90e511297a7c6ac39b48b8ca9a8a451f583f60ab4848e40b6733
4. Helopeltis/helopeltis_00413.jpg,4. Helopeltis,helopeltis_damage,G02343,cd2a6f6638a1f824ee1832ef266374e165a6f34204f9f171e93ce456474055d4
4. Helopeltis/helopeltis_00414.jpg,4. Helopeltis,helopeltis_damage,G02344,e8177e3097968b8245ea446d6b3b388447908b67aa4a198f364af2c90a46f591
4. Helopeltis/helopeltis_00415.jpg,4. Helopeltis,helopeltis_damage,G02345,5e0406c9a70d5895e0ecee550062dd8402e83307aecb882f4daa01cd33de865c
4. Helopeltis/helopeltis_00417.jpg,4. Helopeltis,helopeltis_damage,G02347,8f7e8453a1b52fa4ee503e4a06b07709bfb0249a72a63a5a02a93bf60c20d06a
4. Helopeltis/helopeltis_00419.jpg,4. Helopeltis,helopeltis_damage,G02349,c9a8e21d1092447ebd7ce941da2c23f9605f570748eb8be627b6f8950588403e
4. Helopeltis/helopeltis_00420.jpg,4. Helopeltis,helopeltis_damage,G02350,c49be058b7db41e5e9f7a01869f0f03376256f62aa579b70a12dc4787c5a307f
4. Helopeltis/helopeltis_00421.jpg,4. Helopeltis,helopeltis_damage,G02351,5084bf7fd87d8404b1d2e167d31ef977c753ec763e311f2738e4a4b89a6fc58a
4. Helopeltis/helopeltis_00423.jpg,4. Helopeltis,helopeltis_damage,G02353,f62593f64b47bc8288745b14f2d32109581c2415fd4ce0ef19e8a2f0b8e397ad
4. Helopeltis/helopeltis_00424.jpg,4. Helopeltis,helopeltis_damage,G02354,261c7bd411ff1db05c5159a5ae3bc7bc27992c9fc625d4c0396e09f5cd4fdade
4. Helopeltis/helopeltis_00426.jpg,4. Helopeltis,helopeltis_damage,G02356,8711caa08370cfdb401077b157b4ae62c5bbcaabee7699b03e624282440a4f34
4. Helopeltis/helopeltis_00428.jpg,4. Helopeltis,helopeltis_damage,G02358,9d156d19ae8f055313f204cf761be7c16bebf5a1e3d9c187421115818df74d29
4. Helopeltis/helopeltis_00429.jpg,4. Helopeltis,helopeltis_damage,G02359,e6358c2427ef2e743047b058d1691d53ccf705ce60d5f41e8bd95de15b0d46f5
4. Helopeltis/helopeltis_00431.jpg,4. Helopeltis,helopeltis_damage,G02361,7d88b53eeaa6ccf29fa7da9ef6e5bc8cfb589370015f1a2e811008bfc85ff275
4. Helopeltis/helopeltis_00432.jpg,4. Helopeltis,helopeltis_damage,G02362,d37b1adaa7ec726f3fce84ed99ec9aef51803589573cbba43d6e3d24852138fd
4. Helopeltis/helopeltis_00433.jpg,4. Helopeltis,helopeltis_damage,G02363,41ac671ade49021cef85e5dfd64c099ea43e4de82cb5241e91f176b2de20237d
4. Helopeltis/helopeltis_00436.jpg,4. Helopeltis,helopeltis_damage,G02366,44e81f5024979433a3594627a58af677fefc659571851a171fb081ff8f545728
4. Helopeltis/helopeltis_00437.jpg,4. Helopeltis,helopeltis_damage,G02367,1d1b349b6726776685030242c36d5eaae36423e034e2ba7ef56971ec2549fc58
4. Helopeltis/helopeltis_00438.jpg,4. Helopeltis,helopeltis_damage,G02368,2ae3abe5d07e3f560ad00237edef1d7ea44896f1b4ffd3507816c0ad4ac9f5ea
4. Helopeltis/helopeltis_00439.jpg,4. Helopeltis,helopeltis_damage,G02369,d67b79fdffa920b1b11391444e02c02aa1d86b93e2ce3f7ce7d0e13c9761bbd3
4. Helopeltis/helopeltis_00441.jpg,4. Helopeltis,helopeltis_damage,G02371,c8ac25727e787611a9bc8a027cb4c688f0dfa99db288a7856ffa9cb2cfa38360
4. Helopeltis/helopeltis_00443.jpg,4. Helopeltis,helopeltis_damage,G02373,7cea5a51009e2c37b468f03887c5552edd92ba63369f89b7d59a3b47a234b4d3
4. Helopeltis/helopeltis_00445.jpg,4. Helopeltis,helopeltis_damage,G02375,55e59d1b65a8f71861cf161cca1e766f18b485248422435177b8ee3da916a0ea
4. Helopeltis/helopeltis_00446.jpg,4. Helopeltis,helopeltis_damage,G02376,5f08e2d65744600f8bb8fc4e60b30c7d789ce198a727e5afefa28cd2a295e102
4. Helopeltis/helopeltis_00450.jpg,4. Helopeltis,helopeltis_damage,G02380,99e8eedc157ec0c0478805a42dff7932138a6b7ed6d9dd334e09e527da58d82c
4. Helopeltis/helopeltis_00451.jpg,4. Helopeltis,helopeltis_damage,G02381,16a1fcdcc927cc774e1e7aff9427c2b2504cd22e52443585a395f301b835524b
4. Helopeltis/helopeltis_00452.jpg,4. Helopeltis,helopeltis_damage,G02382,f25a4771d0805fc689deb7c5474cff755b5a64d30a295e2bd681ed924a513e5f
4. Helopeltis/helopeltis_00453.jpg,4. Helopeltis,helopeltis_damage,G02383,0df10c619378d74ac08bea15fe067107cedb438483e448a308b9346c37ccf72f
4. Helopeltis/helopeltis_00455.jpg,4. Helopeltis,helopeltis_damage,G02385,baf98965ea1d203c2ed1adcb8c7eaeea7321126a90a11a94cdc0700d44352a53
4. Helopeltis/helopeltis_00457.jpg,4. Helopeltis,helopeltis_damage,G02387,152ffe21ace19fcff7aa3b8674a36b3547f32c11942f4cbdc79f4d728eb80644
4. Helopeltis/helopeltis_00458.jpg,4. Helopeltis,helopeltis_damage,G00026,e05d445b5bc09cebdc91c7845c2c8effd8630f5ea8868740449da17bce3529df
4. Helopeltis/helopeltis_00463.jpg,4. Helopeltis,helopeltis_damage,G02391,df2b25dc3c1b97f675aecd81883ee4d37eac3e02f6781decae5782727345e18f
4. Helopeltis/helopeltis_00464.jpg,4. Helopeltis,helopeltis_damage,G02392,8862c3fd17f12ea05f83f6d5845bc85dfa39f154bd1cee22fc47cd957f5db4b0
4. Helopeltis/helopeltis_00465.jpg,4. Helopeltis,helopeltis_damage,G02393,010486175fe44bf57d2d4e49e76fbaf35f8eb26f2f6218a156cb5ecb7030c989
4. Helopeltis/helopeltis_00466.jpg,4. Helopeltis,helopeltis_damage,G02394,438ecbcec80ebedb0e10288e98dfae9faa7ec98f05b47711a48fbe2423c0c6e1
4. Helopeltis/helopeltis_00467.jpg,4. Helopeltis,helopeltis_damage,G02395,c6cf08a4c17a1f72760994b988d93e9b81e9d0f466a527228d5e67d6d81cfd0c
4. Helopeltis/helopeltis_00468.jpg,4. Helopeltis,helopeltis_damage,G02396,3cb53d321eb71bf5e32cfec0fe892b76400d6412afc6ce6526b36fe3b139a1ef
4. Helopeltis/helopeltis_00471.jpg,4. Helopeltis,helopeltis_damage,G02399,700534e13e714c48bf8a391b94afffa4c0a3c80ccf3136d6e66c4846d63c123d
4. Helopeltis/helopeltis_00472.jpg,4. Helopeltis,helopeltis_damage,G02400,abc98159d67b382051189da9a2c4c2041a517ef1c4c872ea6c3635ddb23446f4
4. Helopeltis/helopeltis_00473.jpg,4. Helopeltis,helopeltis_damage,G02401,1a7f402bd5d4abfb3ca1b9185d1f080a74226ef5d2653975f6376026ef2d1698
4. Helopeltis/helopeltis_00474.jpg,4. Helopeltis,helopeltis_damage,G02402,b7407f5ff0dece846d1fd8e9bdc69b85eaccebe5bf829cabf2fe2ab395076482
4. Helopeltis/helopeltis_00475.jpg,4. Helopeltis,helopeltis_damage,G02403,81657ceebf05c713e4e9540f84fd1ea2f5c3e17d16193ad4254b4d565cf1ff35
4. Helopeltis/helopeltis_00477.jpg,4. Helopeltis,helopeltis_damage,G02405,babf344544901cdfbc0e8069b5cd2d1060a7a03498780f3cfc2212d8c54e9425
4. Helopeltis/helopeltis_00479.jpg,4. Helopeltis,helopeltis_damage,G02407,77595e21df172323ca8d157c56c91519b17b634b13d4a2b38bd994221e94b951
4. Helopeltis/helopeltis_00480.jpg,4. Helopeltis,helopeltis_damage,G02408,b878c2327cfa8676f71d0fb8be81069e237587caae075517e88464f82f8ce98d
4. Helopeltis/helopeltis_00483.jpg,4. Helopeltis,helopeltis_damage,G02411,391c519ad216d2fc51d2f7e25879cc47ce887c0f448b6250912436600ff20f1a
4. Helopeltis/helopeltis_00485.jpg,4. Helopeltis,helopeltis_damage,G02413,71203be187bec0df05dc37b467fddab71efac0aa0b9b17aa31bee6f171e25294
4. Helopeltis/helopeltis_00486.jpg,4. Helopeltis,helopeltis_damage,G02414,cddd6a9feb386b869719ae007e4c346b84eb35faec89dff93415b11e0dc720ef
4. Helopeltis/helopeltis_00487.jpg,4. Helopeltis,helopeltis_damage,G02415,dd7348e5e0abe3e57f75f14346428037e573f8d6734da89625aee7ec480e2c66
4. Helopeltis/helopeltis_00488.jpg,4. Helopeltis,helopeltis_damage,G02416,4bdbd60fde2cde913191dde65952c07b85a035fb9c5cf066049304092854da93
4. Helopeltis/helopeltis_00489.jpg,4. Helopeltis,helopeltis_damage,G02417,5ee601381e9f3336ec149a831e825c0fe01f51f0ba3900975b6bff9b617424d2
4. Helopeltis/helopeltis_00490.jpg,4. Helopeltis,helopeltis_damage,G02418,0dd86cf809217b96969cbb56f528f678690d51f7a61d7eeecaf961465980843d
4. Helopeltis/helopeltis_00492.jpg,4. Helopeltis,helopeltis_damage,G02420,b64f1a1e10371ceb81459c6467ed1c97748baf4a7150fcbbfc44e8100add85d6
4. Helopeltis/helopeltis_00493.jpg,4. Helopeltis,helopeltis_damage,G02421,d8d16eb9ef130b99441e07518de9f6174efd9089e8de6511f5cd536a63a2ba01
4. Helopeltis/helopeltis_00494.jpg,4. Helopeltis,helopeltis_damage,G02422,f0ddeaa093916b30a62e7c3786c2b5be69ae0229c5dec53d1f744df447d84260
4. Helopeltis/helopeltis_00496.jpg,4. Helopeltis,helopeltis_damage,G02424,29637061ee34faf66f1280065e96278768c6669b9bc9331f441be048c3dcebea
4. Helopeltis/helopeltis_00497.jpg,4. Helopeltis,helopeltis_damage,G02425,c011dd95d2a5e1a48d3ea2e7b5e799948374623cb7ae6895c355b614e0135184
4. Helopeltis/helopeltis_00498.jpg,4. Helopeltis,helopeltis_damage,G02426,65a6696ea37a1c9b355281494325f344351673cbe111cdffab58ebe932e39f45
4. Helopeltis/helopeltis_00499.jpg,4. Helopeltis,helopeltis_damage,G02427,a3aeeecbb652dafe499f7c8782c5f4c249f3cb139458fb48ef19ef1dcf782038
4. Helopeltis/helopeltis_00500.jpg,4. Helopeltis,helopeltis_damage,G02428,1e442df636daeaeae81f5587e450b3a40840c3ad14c78646a98f4f20532455c9
4. Helopeltis/helopeltis_00503.jpg,4. Helopeltis,helopeltis_damage,G02431,d180d52bdc2e9a16d12662126214e4a773e303a4a8401444673b7d12f5267ef0
4. Helopeltis/helopeltis_00504.jpg,4. Helopeltis,helopeltis_damage,G02432,b13f44dfa61a644709538c7533bacdf8828687d522fb06df28c7e1895d47c31b
4. Helopeltis/helopeltis_00505.jpg,4. Helopeltis,helopeltis_damage,G02433,85add461dd14f128bfba0bb0918edde6419039b5c53436f262258ef6c01778cd
4. Helopeltis/helopeltis_00506.jpg,4. Helopeltis,helopeltis_damage,G02434,e9afc7bf6bea87283d00a92aa6f0d050d5cc183697aaee45776b98046be7eca0
4. Helopeltis/helopeltis_00507.jpg,4. Helopeltis,helopeltis_damage,G02435,20567a7b7c3804bd471e05cc965a85e08ec00858175e94510b3a6920eedf5f67
4. Helopeltis/helopeltis_00508.jpg,4. Helopeltis,helopeltis_damage,G02436,59212d190190d7a1a63540e3044d330946bab254e6797d14aee192a80857cee1
4. Helopeltis/helopeltis_00509.jpg,4. Helopeltis,helopeltis_damage,G02437,6838a361a156171788217ff2d0d60b40a5b2a1ff4b0e4a14bffd94a3aa635ba5
4. Helopeltis/helopeltis_00510.jpg,4. Helopeltis,helopeltis_damage,G02438,1ef2c808ef6a964a1b20460a4bd9814d625632fc8be81bcad021801c2d4c7caf
4. Helopeltis/helopeltis_00511.jpg,4. Helopeltis,helopeltis_damage,G02439,f233ca85262ac75f52c018e108c24a92f0c7df1024a60bd03be81cefcde7d097
4. Helopeltis/helopeltis_00513.jpg,4. Helopeltis,helopeltis_damage,G02441,03cea3f81f36bfb2ce437c32fced24c568ae6891e219c624bef5f8d7506641bb
4. Helopeltis/helopeltis_00516.jpg,4. Helopeltis,helopeltis_damage,G02444,1e4241333e4d7b0873ae79c6b622dd039b9099d26227347c7c8576d4ac109636
4. Helopeltis/helopeltis_00517.jpg,4. Helopeltis,helopeltis_damage,G02445,f8e11857a65b242a6814d8beb8e72f5539d651ae93860a1dcd29b3bc6175cd12
4. Helopeltis/helopeltis_00519.jpg,4. Helopeltis,helopeltis_damage,G02447,a48ef3a980de7524ff49ccdecc417dbe4e4573fdd10356bad66261046aa7dea5
4. Helopeltis/helopeltis_00521.jpg,4. Helopeltis,helopeltis_damage,G02449,094c5b3bddd5ba730c37258de028979898332820547973d3e633cd82590d42fc
4. Helopeltis/helopeltis_00524.jpg,4. Helopeltis,helopeltis_damage,G02452,f797cca9dc2e0503b4cddf111d5bb25f035396f1df0a4247248072c5c3e0ec98
4. Helopeltis/helopeltis_00525.jpg,4. Helopeltis,helopeltis_damage,G02453,84faf0f723930ff52de7a482c91dc9d2a1e3f2e99cdbaf539631346b2c45bbd2
4. Helopeltis/helopeltis_00527.jpg,4. Helopeltis,helopeltis_damage,G02455,9c940124e0e3b08ffbbff1c47622ee162ac5024786c5e09e18e0a5dd8224d293
4. Helopeltis/helopeltis_00530.jpg,4. Helopeltis,helopeltis_damage,G02458,780448c68ef8050b1609aa2e97d4649bc5ffac4ccf6a17b3792e3879512352de
4. Helopeltis/helopeltis_00532.jpg,4. Helopeltis,helopeltis_damage,G02460,28fccec1810341a78895c388bb631f67c0f08a7f195eed95a03071f2e1db4896
4. Helopeltis/helopeltis_00533.jpg,4. Helopeltis,helopeltis_damage,G02461,b0c2acf24653fde78024d72400b4b19de93f41a9e61b9165f9499d994467f67f
4. Helopeltis/helopeltis_00536.jpg,4. Helopeltis,helopeltis_damage,G02464,38e147a50360a69bbd7af0bad2d61aac7662e66144d99c3e38cf79906a42fbec
4. Helopeltis/helopeltis_00537.jpg,4. Helopeltis,helopeltis_damage,G02465,ba909c97f4ddd8ed5e5cd3936e135cbcd7a832ca404b058a979d66302f8a7300
4. Helopeltis/helopeltis_00538.jpg,4. Helopeltis,helopeltis_damage,G02466,cac282cdf9679a2712992f86e25bfd1cc33ef88bcc4640698b7fdde0b899ccad
4. Helopeltis/helopeltis_00539.jpg,4. Helopeltis,helopeltis_damage,G02467,bdeda650318d4128597117e90099e9b243e22d79a6148d630b551120bdafe2bf
4. Helopeltis/helopeltis_00542.jpg,4. Helopeltis,helopeltis_damage,G02470,da1c2d4eae428af20b4634174f3d63b04df224f83b732c828a89bb6036ad8c1c
4. Helopeltis/helopeltis_00543.jpg,4. Helopeltis,helopeltis_damage,G02471,1798c83676d28a27b728be8836c33b06a8b028ec418600fe79752eeb1ba30908
4. Helopeltis/helopeltis_00544.jpg,4. Helopeltis,helopeltis_damage,G02472,73b4a9d90b39314aa9c6dd14c86807097988192dbd34c1b87607cf83a689b82d
4. Helopeltis/helopeltis_00545.jpg,4. Helopeltis,helopeltis_damage,G02473,566a8e3fa9a6fd9c3b1c4e98316f7b12d88231f529ad0c0a6563531e8826dba0
4. Helopeltis/helopeltis_00546.jpg,4. Helopeltis,helopeltis_damage,G02474,883bf84477e14be4159107510374a2c68aa058a802470f373f833cf0d2a10bfa
4. Helopeltis/helopeltis_00547.jpg,4. Helopeltis,helopeltis_damage,G00027,353d87b247282d82fa035d5003a2b992818ee58c27770093557a3f3ea97193d1
4. Helopeltis/helopeltis_00550.jpg,4. Helopeltis,helopeltis_damage,G02476,aacd89fa1eac783cb1ff1d1ba6f52ed91837647b58bdd072e8038f1938a21c58
4. Helopeltis/helopeltis_00551.jpg,4. Helopeltis,helopeltis_damage,G02477,fef407ef81003360ff462cece9d5aff527ec6f820d3e817bc90cb9a1dbf03884
4. Helopeltis/helopeltis_00552.jpg,4. Helopeltis,helopeltis_damage,G02478,3b0bf4d214cd637bed2a451eed2ae878c6ab62b88bb378ca4b43df85531689cd
4. Helopeltis/helopeltis_00553.jpg,4. Helopeltis,helopeltis_damage,G02479,36b9c1bb5b5d890f6f500c37f76096b0064a99eb2a1d0e30b7e05ee4afa4bf71
4. Helopeltis/helopeltis_00554.jpg,4. Helopeltis,helopeltis_damage,G02480,3c82cbf5820bd67b92020c2f2e2c8942d2287b46aa68ac9f367aa546ab3594af
4. Helopeltis/helopeltis_00555.jpg,4. Helopeltis,helopeltis_damage,G02481,d3fa8a39524a0d7428061bb72d9c9cad021ec03c6468b8a540f49df40dc0f723
4. Helopeltis/helopeltis_00556.jpg,4. Helopeltis,helopeltis_damage,G02482,f040ebaf75844e9b596797e24fdc96ee0c1b79c780397ced33e3877081a0ffa6
4. Helopeltis/helopeltis_00557.jpg,4. Helopeltis,helopeltis_damage,G02483,501b7933b2960e2bd760d71dfd2f90d0de78a826c05cd7377a41ed062b7a6b23
4. Helopeltis/helopeltis_00559.jpg,4. Helopeltis,helopeltis_damage,G02485,2bc3bf73d96c22ce0496f268f4cd2833c39f64dd25d81d96fd72cae90c1ed6cf
4. Helopeltis/helopeltis_00560.jpg,4. Helopeltis,helopeltis_damage,G02486,2d089967b4d6151cb14a9dbe06a001b38968f383cc6698bcdaf61e54cb22a8dc
4. Helopeltis/helopeltis_00563.jpg,4. Helopeltis,helopeltis_damage,G02489,ba0fe27db545a35e45ff654d49083ed91bdcdb64f6e50f391989601577f1afbf
4. Helopeltis/helopeltis_00564.jpg,4. Helopeltis,helopeltis_damage,G02490,f5ebab84c9fc50e5e6b5767de37946bed8ff9bb3a1008cc0c4c3fa60eb750256
4. Helopeltis/helopeltis_00565.jpg,4. Helopeltis,helopeltis_damage,G02491,32f6e3bdced7460f20d51b0b336e50a02f8f65ad3cd5e6ab623145210a444c87
4. Helopeltis/helopeltis_00567.jpg,4. Helopeltis,helopeltis_damage,G02493,3d38d45c8ae43b6b98b8e96da09864d9c25b0935f7b486371be88e264f064d6c
4. Helopeltis/helopeltis_00568.jpg,4. Helopeltis,helopeltis_damage,G02494,73f7aa69f55cc30eb16e2f04f2610233951eb85f80c5969a02e720511cbded2a
4. Helopeltis/helopeltis_00569.jpg,4. Helopeltis,helopeltis_damage,G02495,7ed3504472d0758020bf1a98f793958af82d39e163a5a398c8665cd07e2f12a1
4. Helopeltis/helopeltis_00570.jpg,4. Helopeltis,helopeltis_damage,G02496,3c44f387f2db9429a56b8055dadfe779032102338d1cc99054a52a59a8ed987f
4. Helopeltis/helopeltis_00572.jpg,4. Helopeltis,helopeltis_damage,G02498,a6862629a6669f36167e509ad286f87d527519ccd8e49311a797902f6e93a16a
4. Helopeltis/helopeltis_00573.jpg,4. Helopeltis,helopeltis_damage,G02499,81f69935b2fd00ad3244890743928ff70f1d7907a151c52e4100d3de0d6d9d27
4. Helopeltis/helopeltis_00575.jpg,4. Helopeltis,helopeltis_damage,G02501,921401ced7d782246e65fa547a6e8c3a126c68bea10caf2c6546d4a489da966f
4. Helopeltis/helopeltis_00576.jpg,4. Helopeltis,helopeltis_damage,G02502,d42a88aa2581fc588f671e7bbacc277a6b455ba41a3f256bea39d267c01ff467
4. Helopeltis/helopeltis_00577.jpg,4. Helopeltis,helopeltis_damage,G02503,45e57944dbed9184b844bd9ca9ea4a6815ab4cb03c777b181c83474bf2a42eff
4. Helopeltis/helopeltis_00578.jpg,4. Helopeltis,helopeltis_damage,G02504,e7f9229aedc0089fd8a9b358e45be9f504226122de1c532dad2e95a3bcafa901
4. Helopeltis/helopeltis_00579.jpg,4. Helopeltis,helopeltis_damage,G02505,7a1cb8d2f96f8561892542245c693c5e8ecdd175d6b6f153fd99fe1d056f45ee
4. Helopeltis/helopeltis_00580.jpg,4. Helopeltis,helopeltis_damage,G02506,5b2685da2017cdec3e77e0fd87e706fc084fe66d40d133e4cf78c669ef1fb1d5
4. Helopeltis/helopeltis_00581.jpg,4. Helopeltis,helopeltis_damage,G02507,09895bd6ce3ae3a10dbf42ddf19fcb69a3d0e85d313312c540f5c7e2894f13de
4. Helopeltis/helopeltis_00582.jpg,4. Helopeltis,helopeltis_damage,G02508,f40314b7e8a1639deaaca50e2c81cc2ad509dc03e0d7372b496d84c8159245a0
4. Helopeltis/helopeltis_00583.jpg,4. Helopeltis,helopeltis_damage,G02509,cc40283d3d4c4a8dde4bdd8ccf9b8eba311450158f2054489ef54cc4663d2385
4. Helopeltis/helopeltis_00584.jpg,4. Helopeltis,helopeltis_damage,G02510,60cd48a986138c8c3f2b8533a8e4286acf47a9b43998e8ab3da3b6dd9ec12e2a
4. Helopeltis/helopeltis_00585.jpg,4. Helopeltis,helopeltis_damage,G02511,ddd2740e9f82ce665cbd5d4779c6db05d02cc52cebc87861976655ad7d3430b1
4. Helopeltis/helopeltis_00586.jpg,4. Helopeltis,helopeltis_damage,G02512,02dd77251eb3dd6f2a3fea9d2d3490747a744e58aebe598d3e91b87b46214fce
4. Helopeltis/helopeltis_00587.jpg,4. Helopeltis,helopeltis_damage,G02513,1ef0cba4d6f2e82b823649478872902f7e97cb36b2d2d2ea3c39c22d8ab3652d
4. Helopeltis/helopeltis_00589.jpg,4. Helopeltis,helopeltis_damage,G02515,be919097212bb9ef4b36a03a1069e944495ecc796e41d70040e91c1f8e433a54
4. Helopeltis/helopeltis_00591.jpg,4. Helopeltis,helopeltis_damage,G02517,85a661e7c9c7eac00812866fdbf2a657a3d747b306ee752a05a12ae1a3d00464
4. Helopeltis/helopeltis_00592.jpg,4. Helopeltis,helopeltis_damage,G02518,bc864b61f3f89aa780ec7acbb14e01de61d588230494323d5cc7fe359ed39550
4. Helopeltis/helopeltis_00593.jpg,4. Helopeltis,helopeltis_damage,G02519,092ae60bef97d364afedbb5ab313a0910dbcffd07d580033835a716bbf2b7b41
4. Helopeltis/helopeltis_00594.jpg,4. Helopeltis,helopeltis_damage,G02520,06addcc8ba758d7516851d73e11390d4127388bc71cc8c3a7005264544f5d521
4. Helopeltis/helopeltis_00595.jpg,4. Helopeltis,helopeltis_damage,G02521,9e86fe1c4a23c3ebeee7d082cb98fa46aaa27ea771d69189287f4fe783252576
4. Helopeltis/helopeltis_00598.jpg,4. Helopeltis,helopeltis_damage,G02524,5ee40ceafa728ad250ae574c092e5078a6e3ff2a1f4e041c01f2d20c22e95f6d
4. Helopeltis/helopeltis_00600.jpg,4. Helopeltis,helopeltis_damage,G02526,41636be3b8b9ce3daddde077ab4239d0a87c741a4bf1d499bfeb0795b619930b
4. Helopeltis/helopeltis_00601.jpg,4. Helopeltis,helopeltis_damage,G02527,1769dc3d5a190c80e6a77cdf61bd98d97b757f8b014b1a362fccc2f2194823ff
4. Helopeltis/helopeltis_00605.jpg,4. Helopeltis,helopeltis_damage,G02531,586991ebb3d454a9c4eadcf814bad34f53ed3100fe363d4c4b271fa8a81ffad5
4. Helopeltis/helopeltis_00606.jpg,4. Helopeltis,helopeltis_damage,G02532,60415f588d8eed4bc6ad5a4bf3b60d046ea113ea4466929615ca933e22622aa2
4. Helopeltis/helopeltis_00607.jpg,4. Helopeltis,helopeltis_damage,G02533,d82f2f9c10a44aea51f622f519c081535ea4498e1cab9d583c07bd47b7cf1401
5. Red spider/red_spider_00001.jpg,5. Red spider,red_spider_mite_damage,G02534,6bd1613225c8cf03c4a4f74c18678f5155f88c377722bd1b505241dbab6591a6
5. Red spider/red_spider_00002.jpg,5. Red spider,red_spider_mite_damage,G02535,5bfbb2e7b6547d88857a9078a54cf861ba5086375a6575c2752350aef001a2d8
5. Red spider/red_spider_00007.jpg,5. Red spider,red_spider_mite_damage,G02540,f156714476d2e97f1ba17f2659992bf09a6a86c4db25153f4c9d616ac2aa7cc5
5. Red spider/red_spider_00009.jpg,5. Red spider,red_spider_mite_damage,G02542,a6e9e7ad94ad65d6a0152172ec059a5b4aa2cfabfa2740667b894b08ab4482b7
5. Red spider/red_spider_00010.jpg,5. Red spider,red_spider_mite_damage,G02543,0ad018f7070bd07222984ec69d63cb43c32f60aa0f06a5b64d5f64b52d019f10
5. Red spider/red_spider_00011.jpg,5. Red spider,red_spider_mite_damage,G02544,783beb8d7b2ffaf524fb3e2b7023e307ebd88a1a642b001e95b79020576997f0
5. Red spider/red_spider_00012.jpg,5. Red spider,red_spider_mite_damage,G02545,1e113afae58e6012c65475731c4bd8753375dd0740fd45d30ccedfaf724b21d4
5. Red spider/red_spider_00013.jpg,5. Red spider,red_spider_mite_damage,G02546,b399ea4a88af5eab40d6bbc23f590641f77457b4c853badb3fb8ba979e89ff64
5. Red spider/red_spider_00014.jpg,5. Red spider,red_spider_mite_damage,G02547,6257db44616c6b3cbf2feeb48fb17229e0f79aaadccc6fcebe2732359353cd38
5. Red spider/red_spider_00015.jpg,5. Red spider,red_spider_mite_damage,G02548,5c9a96f04849ca4acb137bc49609c1a849d455e63ad3f8c7baf0f6c3ca6cc1b1
5. Red spider/red_spider_00016.jpg,5. Red spider,red_spider_mite_damage,G02549,2dfa84cacff1752d7ff878ebf62f645fc54029cefeb25576b5cecfaeb4b6bbab
5. Red spider/red_spider_00017.jpg,5. Red spider,red_spider_mite_damage,G02550,f8b710809f6d788494122c7b8f7ad3ffff7092927e2efef035ee70634551d032
5. Red spider/red_spider_00018.jpg,5. Red spider,red_spider_mite_damage,G02551,4789fe0f522afda282421aacb5034fa4299382eb993ae591f2ad9200c0e15860
5. Red spider/red_spider_00021.jpg,5. Red spider,red_spider_mite_damage,G02554,52a9a150895095071a1e4db92afd0452a05f9132857f593fd5f9855f2e39d606
5. Red spider/red_spider_00022.jpg,5. Red spider,red_spider_mite_damage,G02555,3cc85caf3647dcc39e01374251c894a589bf5eac1b9e97577b379edfd9e460e7
5. Red spider/red_spider_00023.jpg,5. Red spider,red_spider_mite_damage,G02556,a02d7c97cf6fc118904449de45b3046704f233e2bb35682aa3c601b0b37a0c09
5. Red spider/red_spider_00024.jpg,5. Red spider,red_spider_mite_damage,G02557,b27c01d0a4c8d97caeaa3475a78c1fe5daaf96c49458b12add670ab82e745a17
5. Red spider/red_spider_00025.jpg,5. Red spider,red_spider_mite_damage,G02558,1132f7cafd6afdbe5749d0f15a86d599af72123e3954ed8f12a3484fe49a9e80
5. Red spider/red_spider_00026.jpg,5. Red spider,red_spider_mite_damage,G02559,91ac231955d65ecebdf0d63396b153d8373c576870fee09e2bb7d8da238d6ea8
5. Red spider/red_spider_00027.jpg,5. Red spider,red_spider_mite_damage,G02560,240b0ddf8727f0b5058c1a29be55089869e77866d6183630cceaa6acf1493f4a
5. Red spider/red_spider_00028.jpg,5. Red spider,red_spider_mite_damage,G02561,8f1dc2773acb4e858bea58de0bfc0542b87d67e7b2ecc3170a2f869c048c12c6
5. Red spider/red_spider_00029.jpg,5. Red spider,red_spider_mite_damage,G02562,49b5c7db096467395fab614fc33f4218061401c9444baa9d7732d9804d8e9c6a
5. Red spider/red_spider_00030.jpg,5. Red spider,red_spider_mite_damage,G02563,c78409eb77a21e85051d1c7d1cefe9eb6bdb534835f6d70c68918c8526b73fbe
5. Red spider/red_spider_00033.jpg,5. Red spider,red_spider_mite_damage,G02566,f3f022551f689c03722114550c4b1d8441564a90b58a5d692aecba5a14a95346
5. Red spider/red_spider_00034.jpg,5. Red spider,red_spider_mite_damage,G02567,bbace933a5be6881b0636a5b6df58d1fd21fa378a9c4728398243dfe98e1d4a9
5. Red spider/red_spider_00035.jpg,5. Red spider,red_spider_mite_damage,G02568,2e8e1736b1bf9cfb38f3a56ab03a58332a07b485db765aa1bb46648b38faaefa
5. Red spider/red_spider_00036.jpg,5. Red spider,red_spider_mite_damage,G02569,980a22135daed94999049ef0fe5e7313eef4a55576c39a240fe6d2f539463975
5. Red spider/red_spider_00037.jpg,5. Red spider,red_spider_mite_damage,G02570,714cb5dcb82ed5a069cf0069542983ca79eafcc7d046d1288b9e5988c97b5501
5. Red spider/red_spider_00038.jpg,5. Red spider,red_spider_mite_damage,G02571,d0c5b0a066045b61682ebcc64a42f1ce7ba5cb709957a5921f718f2b1d4d8218
5. Red spider/red_spider_00039.jpg,5. Red spider,red_spider_mite_damage,G02572,12b823fe9e23f5844a82b5c7c2463e7ea2206c6186dbd8e3019d6adde92e29b7
5. Red spider/red_spider_00040.jpg,5. Red spider,red_spider_mite_damage,G02573,e4156f5699cfa26ea5db6e9094b7596cc110683fed1c5ed008443a0917886fab
5. Red spider/red_spider_00041.jpg,5. Red spider,red_spider_mite_damage,G02574,eb5e06e0452b3c77057cc5d59b7e9248021fadd31580ec7028bf887ad82f26df
5. Red spider/red_spider_00042.jpg,5. Red spider,red_spider_mite_damage,G02575,8598eee1d6cda8096c761cf4794eedd4adbd795cf8126620de1513b9675c3a57
5. Red spider/red_spider_00043.jpg,5. Red spider,red_spider_mite_damage,G02576,c956d2c640cd1da30874bfe3a90a37c96a766f8f749b9622195386cfa616b7aa
5. Red spider/red_spider_00044.jpg,5. Red spider,red_spider_mite_damage,G02577,bcddbe4782c1b5445a3524b2c26c4aa26e3df787f1a5d3b5c0f68c6f36b0a1da
5. Red spider/red_spider_00047.jpg,5. Red spider,red_spider_mite_damage,G02580,11e43f5c2747beb49a94d53e8f257f7c8bf93ac461a7ebfd4070f8ac5b463d6a
5. Red spider/red_spider_00048.jpg,5. Red spider,red_spider_mite_damage,G02581,ec66c59625b2887cacf13a500ea6c427679c71090ece2b8203da8873aab596a1
5. Red spider/red_spider_00050.jpg,5. Red spider,red_spider_mite_damage,G02583,ce65ba03e96669be1223190984cc2100d9f0816f876b79a58362e2fd14897f8f
5. Red spider/red_spider_00051.jpg,5. Red spider,red_spider_mite_damage,G02584,ead6b986b1a3ddc1f8c03d9558e42c25604d023b041158d7e37b821c5d665708
5. Red spider/red_spider_00053.jpg,5. Red spider,red_spider_mite_damage,G02586,4eb110fb1b8a8e20d6e8c36a5d8714ba068e4be28ed9c246357771b7baf3f25b
5. Red spider/red_spider_00056.jpg,5. Red spider,red_spider_mite_damage,G02589,c6d9c6e4b747d9932e8ffb42cca48433956a99c08ee383ad3ab0ccf8eb005d58
5. Red spider/red_spider_00057.jpg,5. Red spider,red_spider_mite_damage,G02590,28bc5b74abd7aff4e51f8a931a4731b24ecc669cbab024fd719ae68dbe062f98
5. Red spider/red_spider_00059.jpg,5. Red spider,red_spider_mite_damage,G02592,e3d4c14e01ea96b6b0f826bb7d9b381e370c61ba3a5a74f601889b0ee545b9d9
5. Red spider/red_spider_00060.jpg,5. Red spider,red_spider_mite_damage,G02593,7b7f4d6223d524a2b31d1d9ecb8e512925d0c3ddb7ebf1d6d648403d68909d5f
5. Red spider/red_spider_00062.jpg,5. Red spider,red_spider_mite_damage,G02595,03072434e08a5b9fdeb5eed4c82ee6a403703e9c597df49ed638113a737d51a8
5. Red spider/red_spider_00063.jpg,5. Red spider,red_spider_mite_damage,G02596,70011bc53e12b0ec33767229f4975b143c918c8c28e5868c223efa86c79ce085
5. Red spider/red_spider_00064.jpg,5. Red spider,red_spider_mite_damage,G02597,8cd6be7f2dd8a85bcfc5df7f9d7d0f77a50ef9b47d5027cb88a8bd55a02facea
5. Red spider/red_spider_00065.jpg,5. Red spider,red_spider_mite_damage,G02598,2ded603172b4c69c15df051f0efe269a40c7305462c9892f4a26b49aac3c008f
5. Red spider/red_spider_00066.jpg,5. Red spider,red_spider_mite_damage,G02599,38022c27b29da35e47a801520394041649cc3446038e26cffc3f9c2bc5aa67a5
5. Red spider/red_spider_00067.jpg,5. Red spider,red_spider_mite_damage,G02600,2850781186d072fd9d190dc2c1eeda54888c76338afe6c185ab9a70f2b372cad
5. Red spider/red_spider_00068.jpg,5. Red spider,red_spider_mite_damage,G02601,25c19c0dae187f17ff759c40e05cafb79ee13b54c2d875cdfc6a5e26fe654e4c
5. Red spider/red_spider_00070.jpg,5. Red spider,red_spider_mite_damage,G02603,2af7032600ce495efa6acce756e9ff4d42dc5dc2760855ca56729c18c489acc4
5. Red spider/red_spider_00073.jpg,5. Red spider,red_spider_mite_damage,G02606,25108a02fdb33ea580d24fcb3f60280d531d586a0766b5f1db77b1296d9ec2ec
5. Red spider/red_spider_00074.jpg,5. Red spider,red_spider_mite_damage,G02607,9f683aa2b9dae7d00c3b974b036e437c76ae83e38538d1030553fd640f0f2dde
5. Red spider/red_spider_00075.jpg,5. Red spider,red_spider_mite_damage,G02608,0b3501fdd03b48d57b9827d5af9595100dd57a93758d22bf01929d03ab9075c4
5. Red spider/red_spider_00076.jpg,5. Red spider,red_spider_mite_damage,G00028,3b8b9983886bfe49ff4905b950140749d60a42c81b4cd5f9d3987bd4d71d4bd4
5. Red spider/red_spider_00077.jpg,5. Red spider,red_spider_mite_damage,G00028,04e83149d576213b57bb7bf452fa514e9e115d7506a3cb01472d0d16e99ef92b
5. Red spider/red_spider_00078.jpg,5. Red spider,red_spider_mite_damage,G02609,366314bcec104f829725c191de7862b7b3041b08bb14580b0a3a5fabdfe815ce
5. Red spider/red_spider_00080.jpg,5. Red spider,red_spider_mite_damage,G02611,4ecc5c2c98978f68abad65e979e0398364e6a8a8d2595852b92bcb73a66750c9
5. Red spider/red_spider_00083.jpg,5. Red spider,red_spider_mite_damage,G02614,ff1cb7b22a3f74527994ea93c15f28128adfdb9d8a59c134155276be0b86e3cf
5. Red spider/red_spider_00085.jpg,5. Red spider,red_spider_mite_damage,G02616,2f9b8b8f0dec8aa6f5aa8f2bac84e99954925ee4c6aa8aad3fa49fddff3f45a8
5. Red spider/red_spider_00086.jpg,5. Red spider,red_spider_mite_damage,G02617,cb18e8b7f668ce58196f48921555db9a9357c283866c562004ec76fd7070c4cd
5. Red spider/red_spider_00087.jpg,5. Red spider,red_spider_mite_damage,G02618,36ff75eb73fd15f8003b71e98b4f6687e0b48c5631898082b302ba4227a54c06
5. Red spider/red_spider_00088.jpg,5. Red spider,red_spider_mite_damage,G02619,0fa9c010d15749c4859be549ca787f71781129d4d33ae801b344813391b9c609
5. Red spider/red_spider_00089.jpg,5. Red spider,red_spider_mite_damage,G02620,81afa05cbdd5f63d4a699bf0579b28d133cc037d236f43a712dfd67383db0faa
5. Red spider/red_spider_00092.jpg,5. Red spider,red_spider_mite_damage,G02623,1c50ebb5f413eae2584956a1fbeaa2f276f472b051077ef0b0e38fac37c51205
5. Red spider/red_spider_00093.jpg,5. Red spider,red_spider_mite_damage,G02624,d97b2f8ba1a4193b7062b8e1e7a6034f9547cfccb805a9f908275f0bb902cfa0
5. Red spider/red_spider_00094.jpg,5. Red spider,red_spider_mite_damage,G02625,74351c27fcd67d25b853e02dd07263e5aafc952bb7916359c8d556cd6db384db
5. Red spider/red_spider_00097.jpg,5. Red spider,red_spider_mite_damage,G02628,b757633224b7edcb5b063f21e6fee1baf3907fc34b07a8bc81937eb4021aeef6
5. Red spider/red_spider_00098.jpg,5. Red spider,red_spider_mite_damage,G02629,1d9e4490329cea6dfeb0ab2232a0f32723235ba03635e99ef253bd027e74f3bd
5. Red spider/red_spider_00100.jpg,5. Red spider,red_spider_mite_damage,G02631,f0d7b5871f4136110c8ac684fc2d9c2eccdf90a0625c6fd6d5302216bd658e72
5. Red spider/red_spider_00101.jpg,5. Red spider,red_spider_mite_damage,G00029,4824e087b6da06ba0f07157656300b7b78f111dcbe986bf56090b41ad5827dc2
5. Red spider/red_spider_00102.jpg,5. Red spider,red_spider_mite_damage,G00029,c62e8327a8408b0445ce73e26bf146609e0240c0f914caae666551c2eeca5fbc
5. Red spider/red_spider_00104.jpg,5. Red spider,red_spider_mite_damage,G02633,27dc3ccddbddb184d9743ee1aadb9c7c7084fc282d6ebb91ef028dc5299a06a8
5. Red spider/red_spider_00105.jpg,5. Red spider,red_spider_mite_damage,G02634,ba6e87d2b5ced3553ae414644d9e7ad670be95abfa1a78620e561bb69cbd1188
5. Red spider/red_spider_00106.jpg,5. Red spider,red_spider_mite_damage,G02635,5534b6406393ddaa6477207ef625ac7e59fb77276e9b58ae7fe5e47bf92ceb7d
5. Red spider/red_spider_00107.jpg,5. Red spider,red_spider_mite_damage,G02636,47fa0a8e02a1697a538e4a0b74efc8bbf81f3540ad09737c5a3dc6df29eaa6a0
5. Red spider/red_spider_00108.jpg,5. Red spider,red_spider_mite_damage,G02637,fdce6e8f46483e5ecb7b334ac6b58dfc6f8399125d1cc452dd07fd6833d383c0
5. Red spider/red_spider_00109.jpg,5. Red spider,red_spider_mite_damage,G02638,39d77a94774861437849665000ec1859381869d239f89497c8c3dd7d74b1b148
5. Red spider/red_spider_00110.jpg,5. Red spider,red_spider_mite_damage,G02639,dbd5f8fa8684f8f8b57ce88ef668699b7137cae2edd56831bf3ddf11b4622aca
5. Red spider/red_spider_00111.jpg,5. Red spider,red_spider_mite_damage,G02640,f3eafb15f2c337a6fc2986881c6eb80c2cb7fb7292e04721bcb2b2b515987bb7
5. Red spider/red_spider_00112.jpg,5. Red spider,red_spider_mite_damage,G02641,7d7720465fb8c2566d931c27baf28379f82b3615869db15ef520e07d4d3f9b80
5. Red spider/red_spider_00115.jpg,5. Red spider,red_spider_mite_damage,G02644,14daf7f27cbe3b97716e8e6321b4ee387be1a8bf1161bb2d6ff88d5e845a44eb
5. Red spider/red_spider_00116.jpg,5. Red spider,red_spider_mite_damage,G02645,095f5758b5096ec0166f063d2154278a89a81a7a92d8de4e73977cbb4f26daa4
5. Red spider/red_spider_00117.jpg,5. Red spider,red_spider_mite_damage,G02646,946fdf7838f425a9bb24045146fdc9f0e4969434329b8f8a6c960d467a254f86
5. Red spider/red_spider_00118.jpg,5. Red spider,red_spider_mite_damage,G02647,cb496ee7b3325c1eeba28c5cc3c53dfd95a22ecedfa56b4df5bd805cb2ad01d6
5. Red spider/red_spider_00120.jpg,5. Red spider,red_spider_mite_damage,G02649,8452ba8bd513f7a0c0d28f25b424aafa2dcd0689650b20f878b0905bb06cd23e
5. Red spider/red_spider_00122.jpg,5. Red spider,red_spider_mite_damage,G02651,6fbc8a9b996bd456d9f2219d6f1235eba8d7cdc25ba1dd0735a8f91d60b3cffd
5. Red spider/red_spider_00123.jpg,5. Red spider,red_spider_mite_damage,G02652,1f5ac67f9f8d654c6501f0ba32268fe4bcac94bcb4c2b9eb8ee767572aa50cfc
5. Red spider/red_spider_00124.jpg,5. Red spider,red_spider_mite_damage,G02653,bb5626fb5c4f9cdef92ed221321e422238510c4c1b336c292e21bbef1660ec94
5. Red spider/red_spider_00125.jpg,5. Red spider,red_spider_mite_damage,G02654,02ab5e7ef895bd43dc3d090bab2aaff32f9828c3aa4b37751188a34031b5c9f8
5. Red spider/red_spider_00126.jpg,5. Red spider,red_spider_mite_damage,G02655,2df453e4a0f47c3d9fa1bb5d7e4a1aa93a27c2530bebe2691d3c585ad1428638
5. Red spider/red_spider_00127.jpg,5. Red spider,red_spider_mite_damage,G02656,f06a47c0a421440963f5c69e46fc9f212aa5b0b7ce381301bf005f82a70387e4
5. Red spider/red_spider_00129.jpg,5. Red spider,red_spider_mite_damage,G00030,13d328be107ad20e2c50cf8823dbae00ac3c0ae9b9bec30dd356db7bb17017cf
5. Red spider/red_spider_00130.jpg,5. Red spider,red_spider_mite_damage,G00030,a888524f059773e685719dc09494ffc9c90043f79357967ef7de3a4871fe8667
5. Red spider/red_spider_00131.jpg,5. Red spider,red_spider_mite_damage,G02658,36f3377d18bc1f947f6f791b606aca72f44d0a0c37d0c25c9296d3f0de84078d
5. Red spider/red_spider_00133.jpg,5. Red spider,red_spider_mite_damage,G02660,93999c2a7cff878fd920a39d9bf26e84ff5be6504dd07164b7b42ca12cf48e78
5. Red spider/red_spider_00135.jpg,5. Red spider,red_spider_mite_damage,G02662,f380637139eada09b892a5b4a267ffdb5d12551bb75003843f9a2cb96c0ecf01
5. Red spider/red_spider_00136.jpg,5. Red spider,red_spider_mite_damage,G02663,594d123437d216a1d522bac4a218579d67f1a0a3b1ef49accfaa0e38ff043304
5. Red spider/red_spider_00138.jpg,5. Red spider,red_spider_mite_damage,G02665,3e0a58353bbe82651600c67b688743d7cdceaefd7f79b0db1b49b9a0bfd2d299
5. Red spider/red_spider_00139.jpg,5. Red spider,red_spider_mite_damage,G02666,e0d39f324a29b081586f17155774b5e0cb18b723aa73c2c8956b3e4d10445d9d
5. Red spider/red_spider_00141.jpg,5. Red spider,red_spider_mite_damage,G02668,199aba11f6ab5caa447e1df9d5144786dc53294d62d687989bc0b63217882895
5. Red spider/red_spider_00142.jpg,5. Red spider,red_spider_mite_damage,G02669,f9d737a96146540a87605eda553b4c2551ac0e6265af97a6b0f9afa10ff43acb
5. Red spider/red_spider_00143.jpg,5. Red spider,red_spider_mite_damage,G02670,998da7b7462607fef7f27fd5c65f5d3715010b34ac938be2a98914b2cc10a634
5. Red spider/red_spider_00144.jpg,5. Red spider,red_spider_mite_damage,G02671,0672e39a8c8c697eeb2acbcef142e45961d7d49bed7563cae305dc3675846a27
5. Red spider/red_spider_00145.jpg,5. Red spider,red_spider_mite_damage,G02672,57ae8fffbe8abd12903699a051754193f1b84476afb327c0ef83eb8fa138ebd0
5. Red spider/red_spider_00150.jpg,5. Red spider,red_spider_mite_damage,G02677,382c157114cd7120e554eb67072204c92a36f0ba62f07e4d16aac3fafe1c5622
5. Red spider/red_spider_00151.jpg,5. Red spider,red_spider_mite_damage,G02678,8a6d2411784e2f95b9b70be71351a7f4848f83ac37dac23ff73017ab0c5742bd
5. Red spider/red_spider_00154.jpg,5. Red spider,red_spider_mite_damage,G02681,36fb5262bb53215b3497bebc48e39e54a4bfb7be73efb973696bb317db2543e4
5. Red spider/red_spider_00156.jpg,5. Red spider,red_spider_mite_damage,G02683,fdc7713af960f278d6bcfe560fb6eac198aa08a3bbc7a836a207f4a349e89328
5. Red spider/red_spider_00157.jpg,5. Red spider,red_spider_mite_damage,G02684,44d3ee5aa26664f1c46a6a323124f4ce84f5f80f5a6934fcac1ef6e738b70fe4
5. Red spider/red_spider_00159.jpg,5. Red spider,red_spider_mite_damage,G02686,b1d0da1b5311f3fce9c104545db3e6626af0fd52c0bbf0d23a357c1875f4beca
5. Red spider/red_spider_00161.jpg,5. Red spider,red_spider_mite_damage,G02688,6741a42bd14981d53b24c3e92cec36acac546a5d3f94f746aa0b6f19b94ffa10
5. Red spider/red_spider_00162.jpg,5. Red spider,red_spider_mite_damage,G02689,d5a2ced56c414f631d0116ec37e9ab7ec0e06cf5b0f9161defe5cd28d37f054e
5. Red spider/red_spider_00163.jpg,5. Red spider,red_spider_mite_damage,G02690,0b281038c1fa13d0a56a5f4f5e3de53c2508fbd03229d140cbd91c7448a8c710
5. Red spider/red_spider_00164.jpg,5. Red spider,red_spider_mite_damage,G02691,e4940a8ec048d0cdee1a1150bd0240b59f058f812976b189890ca803c5b1da9a
5. Red spider/red_spider_00167.jpg,5. Red spider,red_spider_mite_damage,G02694,e904898d6ceac125fbf9f12bd9e8a47741d37da8b7fa12a754586a7e958e1122
5. Red spider/red_spider_00171.jpg,5. Red spider,red_spider_mite_damage,G02698,3f34b371f69a874bc82ef0ec00c6ed3a52805ef0aacf21c3169f31bc958d02a9
5. Red spider/red_spider_00174.jpg,5. Red spider,red_spider_mite_damage,G02701,85edeb8c1dc24c7686f65738f8cd0dd80bcebd5e91b56a496a6eecc6254d508f
5. Red spider/red_spider_00175.jpg,5. Red spider,red_spider_mite_damage,G02702,c7d349ec03b14836b48ce7698c9f43b15a4fddbabb295617b09b7eb36a66b66d
5. Red spider/red_spider_00176.jpg,5. Red spider,red_spider_mite_damage,G02703,4b33d3314d721d97daf24bb9748307d3547a105d785dbeb57f6353043c90a35c
5. Red spider/red_spider_00177.jpg,5. Red spider,red_spider_mite_damage,G02704,cedac7e8966097264cd02d08103addd59a9ad57ccb6c0271cc775b7db694dfd2
5. Red spider/red_spider_00178.jpg,5. Red spider,red_spider_mite_damage,G02705,21bcbf8d3308dabb22d674e31580cb4551cf0d41883094ee0a7d2bc194f77b38
5. Red spider/red_spider_00179.jpg,5. Red spider,red_spider_mite_damage,G02706,0f5a07c0ff73dfbbb0405b9f488c9fd527b33b60e7f3d4289e38853b9a930b62
5. Red spider/red_spider_00180.jpg,5. Red spider,red_spider_mite_damage,G02707,23456340a6170848e7b9898cdbf652aa4059dc16ff19086e2096517e1a8e3342
5. Red spider/red_spider_00181.jpg,5. Red spider,red_spider_mite_damage,G02708,81efa1d864d17e8ed2d22b0aa2c8eeef8fd8007c9c714799729c5c69cb5945c5
5. Red spider/red_spider_00182.jpg,5. Red spider,red_spider_mite_damage,G02709,b0d4cd422495eafecc9578bc6fef544d166946ff837eba3a9eb9e4f1ce263c56
5. Red spider/red_spider_00183.jpg,5. Red spider,red_spider_mite_damage,G02710,73c5271a30c80adc4b24704299baad138a89ad1799a1c40d0fe9f622b1f6a387
5. Red spider/red_spider_00184.jpg,5. Red spider,red_spider_mite_damage,G02711,b9ee288dd15cdaf53f9f6523aaf00dc5c5c25c1c06ed602b6d213de5d4c3fe86
5. Red spider/red_spider_00186.jpg,5. Red spider,red_spider_mite_damage,G02713,9caae71da437678d624f44ad87fd41ee481ae80fb06acf3d7dd74a24bdb6474b
5. Red spider/red_spider_00187.jpg,5. Red spider,red_spider_mite_damage,G02714,0a36d38b6317b7f865b270d220259e69afb91e246b6de28903cf011bbac9a1e9
5. Red spider/red_spider_00188.jpg,5. Red spider,red_spider_mite_damage,G02715,492fa95c296a9b65b2f11bd2ef2d7cabc05adcb4e3abef3bc35781f9b58a1e02
5. Red spider/red_spider_00190.jpg,5. Red spider,red_spider_mite_damage,G02717,79849aa3d7e72ebd5e2e2bb0167082b1429f4af5e26acef98216d1f357d8dd01
5. Red spider/red_spider_00191.jpg,5. Red spider,red_spider_mite_damage,G02718,dc4883a0048fd8a4833529ad7aead5635aa3f78ff245fcf6552ced5ab269d3ad
5. Red spider/red_spider_00192.jpg,5. Red spider,red_spider_mite_damage,G02719,96d2fbdb663262d0f32609ab38c9eaa7ccbc6a2014c0c4460186b32869f294b8
5. Red spider/red_spider_00193.jpg,5. Red spider,red_spider_mite_damage,G02720,07ed70dedd4f259da4c4def07bc4e25e917f3ca567e3df2b7a74bd6e1abf9843
5. Red spider/red_spider_00194.jpg,5. Red spider,red_spider_mite_damage,G02721,46533ab3c601e5cf55fdb75f7e3d5b8a4f3079410b90e8c6b02e2398d3b37009
5. Red spider/red_spider_00195.jpg,5. Red spider,red_spider_mite_damage,G02722,ca927ac2540681ba67839902f059010588321d6cc85896b1eecc6040f40ba5a9
5. Red spider/red_spider_00196.jpg,5. Red spider,red_spider_mite_damage,G02723,4ccbff5cb73a9a975d1ed8bfb3ec7c3e60c15ead6b89db78747e505ef30a2f0c
5. Red spider/red_spider_00198.jpg,5. Red spider,red_spider_mite_damage,G02725,5c9b1af87d02589c68f0f5c3a496d2642ce7692a516bb12f1f3bea25eb1990f8
5. Red spider/red_spider_00199.jpg,5. Red spider,red_spider_mite_damage,G02726,811e614ac55009795623a917f024e03a3209a5caf3e774610085b9f889723ebf
5. Red spider/red_spider_00200.jpg,5. Red spider,red_spider_mite_damage,G02727,3174725d9d8210a02effa2dbe1a01a4cd1f01ff2ccfdd14fbd15f3184ba9e57b
5. Red spider/red_spider_00201.jpg,5. Red spider,red_spider_mite_damage,G02728,5849d0bfb6bbe70490d2566418b8e3bfbf31e9f63a2c6968c7c818dde45431c5
5. Red spider/red_spider_00202.jpg,5. Red spider,red_spider_mite_damage,G02729,d9964194088064ab5cbe2245384218b2611bab30fef52cf7f3fec88f516eb032
5. Red spider/red_spider_00203.jpg,5. Red spider,red_spider_mite_damage,G02730,2d5c974799bbec411c1391c46ff3069d881e43341908500acedb510b0554e958
5. Red spider/red_spider_00205.jpg,5. Red spider,red_spider_mite_damage,G02732,7c450813bef6a0511e5069b74c6d0f9f9a3b7e88f72d0b313037c65565aeadcc
5. Red spider/red_spider_00207.jpg,5. Red spider,red_spider_mite_damage,G02734,d2b2f27462477df298a28c02b58af30070e295eff285a8a3c36d8226e375626a
5. Red spider/red_spider_00210.jpg,5. Red spider,red_spider_mite_damage,G02737,84055b3a255f280033821423a5ca7d12e40d505df49cf654d0cf27a02c2f60b6
5. Red spider/red_spider_00211.jpg,5. Red spider,red_spider_mite_damage,G02738,1c0e8faff291325009106b297af011742c367d8e79ec531d3b5ee6fa20387a00
5. Red spider/red_spider_00213.jpg,5. Red spider,red_spider_mite_damage,G02740,9344681a6f3bcd36ae7339936c51fcd3aa50c4150e0be9f3a84c40347a445aea
5. Red spider/red_spider_00215.jpg,5. Red spider,red_spider_mite_damage,G02742,6d83d971e74fcd91d82dd3c50f1015eeece241607550df200b22230c5f611003
5. Red spider/red_spider_00216.jpg,5. Red spider,red_spider_mite_damage,G02743,b893a94eabd2f81919af55fdd525efa8da591b98845efcaf6565d98cc0f9e6d7
5. Red spider/red_spider_00217.jpg,5. Red spider,red_spider_mite_damage,G02744,0b616008e8f8fe58c8ec17f50ecece219c14aa657dec221c1ddbd7b49c153df1
5. Red spider/red_spider_00218.jpg,5. Red spider,red_spider_mite_damage,G02745,0ab32a2336e287519670a82b5e7e4445dae1f08bd06202e6399d6bdcc3fd7a25
5. Red spider/red_spider_00220.jpg,5. Red spider,red_spider_mite_damage,G02747,8d727d1e4c7fe0557cce54d9bdf6ba08ec083c06832631d0f4dc13fe3ec18c9e
5. Red spider/red_spider_00221.jpg,5. Red spider,red_spider_mite_damage,G02748,fc7996b94211f8dfe2e8d40d51bb0c20a54a79386ce0c94c7f23ede980f84db1
5. Red spider/red_spider_00222.jpg,5. Red spider,red_spider_mite_damage,G02749,9d98c03948b3f6c9ba960cea2ede66fa5b97e5981a014f06cd1efb306b33d460
5. Red spider/red_spider_00223.jpg,5. Red spider,red_spider_mite_damage,G02750,d618ed1982490b2b796750b5ab7ac5be6c68abe5ead490cbe44dc36bd915d5c0
5. Red spider/red_spider_00224.jpg,5. Red spider,red_spider_mite_damage,G02751,04815752189a4d936354ccd9f4e547a901524ac45d074572d917d388dbe1c637
5. Red spider/red_spider_00225.jpg,5. Red spider,red_spider_mite_damage,G02752,72f59f331ef8f71d524ce2645a9da2950d7a1df6050158a1377ed37b036a9e4d
5. Red spider/red_spider_00226.jpg,5. Red spider,red_spider_mite_damage,G00031,cd1f990e40fd5123e0cacc209f8835f1380920798b2d10154dc26c8fcd094b22
5. Red spider/red_spider_00227.jpg,5. Red spider,red_spider_mite_damage,G00031,da3790d25a04fcbfc6c70acb1f46677f960b77c305680fba75b26b2f5a6e99bd
5. Red spider/red_spider_00228.jpg,5. Red spider,red_spider_mite_damage,G02753,488fbbeb47302d9344cf3730e0e16c464ffb5c14a516627bf7021bd199299aa6
5. Red spider/red_spider_00230.jpg,5. Red spider,red_spider_mite_damage,G02755,50f4f67616b555c8ad64097e09ffba4a10d21b7652c188995ebe2c644c2bf8c8
5. Red spider/red_spider_00231.jpg,5. Red spider,red_spider_mite_damage,G02756,9d40161951c0ed5c4d2683fc57d363a4a80649332f2dda68b8ebbbeabf152b0d
5. Red spider/red_spider_00234.jpg,5. Red spider,red_spider_mite_damage,G02759,b6940ab0766bdcf8d6612019e502e0e72093fe4f2e76c0aa87adb8d1d1a57c25
5. Red spider/red_spider_00236.jpg,5. Red spider,red_spider_mite_damage,G02761,92e3a2654104673cc2bf7cd6bc2e4d0d15522eea7c0b61e08797b519abaa42d0
5. Red spider/red_spider_00237.jpg,5. Red spider,red_spider_mite_damage,G02762,ae550caa31602859ef9f87fb02f2e0cb2a938472855c0cea67ff620fb7a8807b
5. Red spider/red_spider_00238.jpg,5. Red spider,red_spider_mite_damage,G02763,a4a018305bf60475172d93125109e638ae7c07f244edd37837264f99f68e77bc
5. Red spider/red_spider_00241.jpg,5. Red spider,red_spider_mite_damage,G02766,ad09d7c0690d9dbb3f475f6633430d3c56a2d03e709c9ab2d339e09fd3b69738
5. Red spider/red_spider_00243.jpg,5. Red spider,red_spider_mite_damage,G02768,2c087b2306d85260be3cbe347e937db5a58fdeb88f2ecd852f9a1bb46cdae0fd
5. Red spider/red_spider_00246.jpg,5. Red spider,red_spider_mite_damage,G02771,80151249d3d6ff932422fab75e0fc4d63769333c0266c26ed9134d48d57f2953
5. Red spider/red_spider_00247.jpg,5. Red spider,red_spider_mite_damage,G02772,185eb46454d5567ec32c96f2392727240254c8fe83acfd760d31bf29acf686d6
5. Red spider/red_spider_00248.jpg,5. Red spider,red_spider_mite_damage,G02773,504c5fffe5d632af2cb309437461723c6d83b5891b68b2e0a342ff7e8cd1a1d7
5. Red spider/red_spider_00249.jpg,5. Red spider,red_spider_mite_damage,G02774,f90a80f3edb60f2e4740542f8cea6209739c026de424a2c0f15150f0a5c690f2
5. Red spider/red_spider_00250.jpg,5. Red spider,red_spider_mite_damage,G02775,ab620592f7379253df40be768dc160f06b0e336e41791de59b83bcf58c2b518e
5. Red spider/red_spider_00251.jpg,5. Red spider,red_spider_mite_damage,G02776,b601f3e22d1f8947a6b0670b1abd6bbb38fd948ad9ad6c6283758637519cacb6
5. Red spider/red_spider_00252.jpg,5. Red spider,red_spider_mite_damage,G02777,eb1729d5da90e640d2ba6645e5856e75f60ca1997adfaf1e500255731a51c598
5. Red spider/red_spider_00255.jpg,5. Red spider,red_spider_mite_damage,G02780,02dc9e5297a0ec58c5cd0f1c16f0873cf44b41fe28ef826ab9b86b3aa4a596e2
5. Red spider/red_spider_00256.jpg,5. Red spider,red_spider_mite_damage,G02781,a0b54568bbdfacd293b8bf9fa6946e5540879e1055132fa1fbeb4a7759945b88
5. Red spider/red_spider_00257.jpg,5. Red spider,red_spider_mite_damage,G02782,8399666abc8df47cd88f37bfab88cf13f810355eb5341dedc9aa013e89da10af
5. Red spider/red_spider_00260.jpg,5. Red spider,red_spider_mite_damage,G02785,2caafe176b25f21388fff4a5534cdd4be1b37b88126998884ee263558de30a65
5. Red spider/red_spider_00261.jpg,5. Red spider,red_spider_mite_damage,G02786,ca31eef43807803258e97aad3574b1668b7c9fb69f6f54a179f0b308696561bc
5. Red spider/red_spider_00262.jpg,5. Red spider,red_spider_mite_damage,G02787,ac408c6cc151660edbc34d7e941b207f62284ea11de026ef8c3fdcfccbdfb5d4
5. Red spider/red_spider_00263.jpg,5. Red spider,red_spider_mite_damage,G02788,5fd0cd74c2d4c95c07ef15147019b72fca423154284d1b6a5223984958eefb49
5. Red spider/red_spider_00265.jpg,5. Red spider,red_spider_mite_damage,G02790,908429eaf59d0a77b5e3cc5cf5552706507522068824e65336cce0b0a008158c
5. Red spider/red_spider_00266.jpg,5. Red spider,red_spider_mite_damage,G02791,e769fad70a57d622f793479033bd2ff40dae5048bd0da7887a7a0d3122df3793
5. Red spider/red_spider_00267.jpg,5. Red spider,red_spider_mite_damage,G02792,927810ccd2188039df4c5730e50b4882923f4cff04bfa69fb1070de0a6677b42
5. Red spider/red_spider_00268.jpg,5. Red spider,red_spider_mite_damage,G02793,ba371291e07c8a22cca65ee4fa4cee52256ef587202b5dcc2f6614318f179849
5. Red spider/red_spider_00270.jpg,5. Red spider,red_spider_mite_damage,G02795,34d1ac4da153d339c52a8eb6f15c89346ee34f69181d6608bb848fdeb666f6ce
5. Red spider/red_spider_00271.jpg,5. Red spider,red_spider_mite_damage,G02796,5562e366c10494d88f2640a9f2a2ef272dee45f3949884537ace7af94d6f7cd7
5. Red spider/red_spider_00272.jpg,5. Red spider,red_spider_mite_damage,G02797,cc516d1397491885945c68cf689cd52505b22f5ecb4eb860d29933803c730392
5. Red spider/red_spider_00273.jpg,5. Red spider,red_spider_mite_damage,G02798,e35b0697f5405ff84d49d7b1c4277b7ada5973776fe91134b023725e0e5f77da
5. Red spider/red_spider_00275.jpg,5. Red spider,red_spider_mite_damage,G02800,682a3b1d19dae7ed3309a932432eda2a3ccc05d978ad82ee882b5b5305d1d297
5. Red spider/red_spider_00276.jpg,5. Red spider,red_spider_mite_damage,G02801,ffabbc4620dad140988aeb11fd6c5432d93c6ffe8ff97d00cfa728b928b7ff5e
5. Red spider/red_spider_00277.jpg,5. Red spider,red_spider_mite_damage,G02802,18ce1902e17ec620c3fa627ad3a40ae5203d542b72b5001965ba6233077c868e
5. Red spider/red_spider_00278.jpg,5. Red spider,red_spider_mite_damage,G02803,1aec885de13ae85c555cd40f37aae70bd85e044e58b5abd05835b7eb0f52fd94
5. Red spider/red_spider_00280.jpg,5. Red spider,red_spider_mite_damage,G02805,3d3209324e14f38d42f9e7dbc4f74de96e17657f63ff34ef24bff3ea8fd0e41f
5. Red spider/red_spider_00281.jpg,5. Red spider,red_spider_mite_damage,G02806,d2e1e1c369f205d64e6ee1be210823767de910deeb09706f6571587a09c4c7fd
5. Red spider/red_spider_00283.jpg,5. Red spider,red_spider_mite_damage,G02808,2460e056126698027426fe0a6c6a75318e9f3a352d668b691947099066500fab
5. Red spider/red_spider_00284.jpg,5. Red spider,red_spider_mite_damage,G02809,200bfce6213c0f9b4ab78d907103b9278de85d9a9ef45bdbf5ab575c555eadcf
5. Red spider/red_spider_00285.jpg,5. Red spider,red_spider_mite_damage,G02810,f0ad4cad21be37ddf966e629dc81ece09640740b514efdb1b1694c6304731d56
5. Red spider/red_spider_00286.jpg,5. Red spider,red_spider_mite_damage,G02811,8c9c5f464b5debdb740cfab3f74cc85d3b58b2f0890584d60596a82a7f07fce0
5. Red spider/red_spider_00287.jpg,5. Red spider,red_spider_mite_damage,G02812,9b3b390042981343b6a6340d2f00606e1beaa3a980ec938d340e9e76be7e7848
5. Red spider/red_spider_00288.jpg,5. Red spider,red_spider_mite_damage,G02813,61effbc7dfe5419e9344dda77694b2e2590ccf625f5842f6f9b91d5e8809f6d0
5. Red spider/red_spider_00289.jpg,5. Red spider,red_spider_mite_damage,G02814,b6328b9e8ae03d0ca0cf959e1bb0d21bc7c1a30a965929cf28ec08d8961f7ecd
5. Red spider/red_spider_00290.jpg,5. Red spider,red_spider_mite_damage,G02815,790c77f5b0de49c3793ce872d3e080a6af052bfdec5deb88aa2d81ef7d693cf4
5. Red spider/red_spider_00292.jpg,5. Red spider,red_spider_mite_damage,G02817,2397274bd2d2eb63dafb4c47612ee55595d58e6f2dd0ab1648560e82319db6e1
5. Red spider/red_spider_00293.jpg,5. Red spider,red_spider_mite_damage,G02818,bfd356b5a36b67d34c8226dd8936dfa9195bdb1918813ddc1b959c31944bdb5b
5. Red spider/red_spider_00295.jpg,5. Red spider,red_spider_mite_damage,G02820,ec3ad5afac0b34f018bad45d55b95f598f5cc353f9689e393f6722104a4b14c3
5. Red spider/red_spider_00296.jpg,5. Red spider,red_spider_mite_damage,G02821,bce1b6bbee379ab46a2c3e059cdc26fb654cc23295ccd51768614d246371b648
5. Red spider/red_spider_00297.jpg,5. Red spider,red_spider_mite_damage,G02822,0a630a6cecbcb445782258f7ecc977106f6c6a6e7a77453c6e001650676c1c42
5. Red spider/red_spider_00298.jpg,5. Red spider,red_spider_mite_damage,G02823,2291f95d2bf94dc8a69816f026e9042f4c48606a9ade51c42ab5fb741f86c895
5. Red spider/red_spider_00300.jpg,5. Red spider,red_spider_mite_damage,G02825,0f59086a2b0156d7599706bc0b8ce57c6912c3ad07452eed3cb0a61ba3937b51
5. Red spider/red_spider_00301.jpg,5. Red spider,red_spider_mite_damage,G02826,4094714a62198c7bd157ee97f0d836d09270e7cbc17b6f3d18c2853accb58624
5. Red spider/red_spider_00302.jpg,5. Red spider,red_spider_mite_damage,G02827,e92f89f6ab1f0e64b893899ca93511974e001657f173ba348ccc1293733abc8f
5. Red spider/red_spider_00303.jpg,5. Red spider,red_spider_mite_damage,G02828,f1ab13bd4a0c4c5b2eeadbec9bc484c243585b5265f27b7525908fad5f84948f
5. Red spider/red_spider_00304.jpg,5. Red spider,red_spider_mite_damage,G02829,1ab83b87787b5867a5ad1253147040a4c9e6560874845fb92c184a7da082d03c
5. Red spider/red_spider_00305.jpg,5. Red spider,red_spider_mite_damage,G02830,f8837bca4f9284f48941c83afc5d0319a5a1a28aee5edd98280d4b540790ebea
5. Red spider/red_spider_00306.jpg,5. Red spider,red_spider_mite_damage,G02831,39f4e46627ef109c0ec76c5ed1b314fe9dbce59cfaf4c9812f43c4e1c3b43f16
5. Red spider/red_spider_00307.jpg,5. Red spider,red_spider_mite_damage,G02832,786c6d3bded82c072c7fd9b8236b22438d44ab5e44b204740cd4b6d37ec7c732
5. Red spider/red_spider_00308.jpg,5. Red spider,red_spider_mite_damage,G02833,735822524a3412ddac1f003511c785d5225192f1652c28cecbf186656ad77c05
5. Red spider/red_spider_00310.jpg,5. Red spider,red_spider_mite_damage,G02835,1f7676a3ecb442745cd8b105b2c5eb4b07b783d52a705db15d812a093593085a
5. Red spider/red_spider_00312.jpg,5. Red spider,red_spider_mite_damage,G02837,572002dadadfa29042f4eeb83335bf7889f724ee577c8d0f2880f3765954b436
5. Red spider/red_spider_00314.jpg,5. Red spider,red_spider_mite_damage,G02839,edb997c366c2b7f7b40ec6e418c421fdce8d4cb1db231f50d0d003afea86fab7
5. Red spider/red_spider_00316.jpg,5. Red spider,red_spider_mite_damage,G02841,d8af3cf796ee7292999c776df8701837f27ad7f6cd7941a758435b53cd7ffb3f
5. Red spider/red_spider_00317.jpg,5. Red spider,red_spider_mite_damage,G02842,c95920d2d3ed4a52a5241c189ed43abb5ecc028d7ad07e2a71588660c629191d
5. Red spider/red_spider_00318.jpg,5. Red spider,red_spider_mite_damage,G02843,21fad8316a745b252d700258def1ca39797fd55fb291b6781e3f613c2f37b1ca
5. Red spider/red_spider_00319.jpg,5. Red spider,red_spider_mite_damage,G02844,85f240d2f57f9772a9f4f77a6b1ed0bf6ed8e7f7f98bacf1e3b3c0c6470854d0
5. Red spider/red_spider_00320.jpg,5. Red spider,red_spider_mite_damage,G02845,2ce00e770bd292a09ccc86b63405570feb2603fdefbc546510c026a9fc8eae11
5. Red spider/red_spider_00321.jpg,5. Red spider,red_spider_mite_damage,G02846,14051f418202c78b76d4a24ae63d0e8bc198a20a028fef0f840e0a9f257b7891
5. Red spider/red_spider_00322.jpg,5. Red spider,red_spider_mite_damage,G02847,f9f88df591cf630d6176a1eadb40450967bf9204611a106bf917037bd4b3f58d
5. Red spider/red_spider_00323.jpg,5. Red spider,red_spider_mite_damage,G02848,c0e7c47b8dab10e1f89a213a9bb5f1b7472107605543d3c9715d7d147efb98e1
5. Red spider/red_spider_00324.jpg,5. Red spider,red_spider_mite_damage,G02849,248e2d2fa617588a25b6d33e9971cceb0466774096b13899d4185d5a6bdb923b
5. Red spider/red_spider_00325.jpg,5. Red spider,red_spider_mite_damage,G02850,99dc5493cfd5852510414449fff1136915cf9097f67903a6dfd317ff78135eee
5. Red spider/red_spider_00326.jpg,5. Red spider,red_spider_mite_damage,G02851,156172658922943fc5d9e4de95e741bc688e263acfcdb4f30f95c541b6e19e90
5. Red spider/red_spider_00327.jpg,5. Red spider,red_spider_mite_damage,G02852,ea5b2748cb700737c56a62242412f0d39f7e423b99fcee1d0a407374de5734dd
5. Red spider/red_spider_00330.jpg,5. Red spider,red_spider_mite_damage,G02855,dd4bca9b8a65375c97b0958258f28ad88926e08070e0c3e6eea55430f58f1eb8
5. Red spider/red_spider_00333.jpg,5. Red spider,red_spider_mite_damage,G02858,a0ced758335555bb2ab351c9de058f335bbcce53c0e235709b1f626032924535
5. Red spider/red_spider_00336.jpg,5. Red spider,red_spider_mite_damage,G02861,40a92c3679f7fd72da686a0b39eb7811f7ac0b5f9572c824b50a9817186d23b8
5. Red spider/red_spider_00337.jpg,5. Red spider,red_spider_mite_damage,G02862,71cff2f4b0164fee50f1b303daa42cca910a0bb0f90081cb28342e69b94f43ec
5. Red spider/red_spider_00338.jpg,5. Red spider,red_spider_mite_damage,G02863,49f3c9d958be197469f33ceae0f63b5174eed874c722979e52eb3b6807ecd6a6
5. Red spider/red_spider_00339.jpg,5. Red spider,red_spider_mite_damage,G02864,c5b919411f3ed11b0ad7f8dc8737e639b4f30380ba68a6dfb5d90dc929368259
5. Red spider/red_spider_00340.jpg,5. Red spider,red_spider_mite_damage,G02865,1f784b8c0c4a98548f5a9e970acdf3154a8c2b59e28a85953189ff0c7253fa85
5. Red spider/red_spider_00341.jpg,5. Red spider,red_spider_mite_damage,G02866,a69374d9025a5f2b211fa1467ecede4b0a54c26b332b2326a5f0fde5b7685a61
5. Red spider/red_spider_00344.jpg,5. Red spider,red_spider_mite_damage,G02869,fc32cb4bd2d4d5737b033a7627375af281741f7ac3600c6bd709fef55b049602
5. Red spider/red_spider_00345.jpg,5. Red spider,red_spider_mite_damage,G02870,8c1c7105f6f276f17ae6c5661561cb097ba19d09b43bcbc0a9d4f9449cc2ba52
5. Red spider/red_spider_00347.jpg,5. Red spider,red_spider_mite_damage,G02872,a44a72eb7309a55301c29788a89cccc1def330624ffe8ef915e4fd2792707b1c
5. Red spider/red_spider_00348.jpg,5. Red spider,red_spider_mite_damage,G02873,1f45708b6cee6212d1ad2bab26d92bcb48bef5ad7feb8d521a546767d571302d
5. Red spider/red_spider_00350.jpg,5. Red spider,red_spider_mite_damage,G02875,50bd5b72600c5bb453401a6ac4ea844f98cc358b6f8a94e8e3d77428793f0064
5. Red spider/red_spider_00351.jpg,5. Red spider,red_spider_mite_damage,G02876,4906d0da83119b7bb45b85ff8238ad3e131d95a43132bc3ecbbc7028bf51cd18
5. Red spider/red_spider_00353.jpg,5. Red spider,red_spider_mite_damage,G02878,c38ddf85601e9fa2281818b6fba2f147652fd2ae749d28c8afdade998dc7d9bc
5. Red spider/red_spider_00356.jpg,5. Red spider,red_spider_mite_damage,G02881,362a815252a50f5bc33687c588a7283970a1b32baac33f2db64b481f9e4181bb
5. Red spider/red_spider_00357.jpg,5. Red spider,red_spider_mite_damage,G02882,87ab838863a7002b9b83b263eb0d043a3add8ae115e6aecfdcb7c3687b76af34
5. Red spider/red_spider_00358.jpg,5. Red spider,red_spider_mite_damage,G02883,219d84bb097560447ff4b49c01481ff6350db6e56335c761b6b576903b3f32d5
5. Red spider/red_spider_00359.jpg,5. Red spider,red_spider_mite_damage,G02884,31c3b9ead099bb01e4daede5ebbe48d1bcc1b94162fd602980fc8ace0857d82a
5. Red spider/red_spider_00360.jpg,5. Red spider,red_spider_mite_damage,G02885,2709e2ed178668ff57e4f246b823be72ff6ca7cfebefe585c435c7b9853fb8f5
5. Red spider/red_spider_00362.jpg,5. Red spider,red_spider_mite_damage,G02887,01378e7b7afb68a1d0c91cecc5875080f88a54a093a74e628f7ad14ff4c8bcc2
5. Red spider/red_spider_00363.jpg,5. Red spider,red_spider_mite_damage,G02888,ecb1237d3624daf335314009724591cf0bbc7a26b2f5a6ac7ad826bce97ed08d
5. Red spider/red_spider_00364.jpg,5. Red spider,red_spider_mite_damage,G02889,23082df32d47cc771f7bbf3bf7ad4a72d43fb996be3cd497086fb033dbe28050
5. Red spider/red_spider_00365.jpg,5. Red spider,red_spider_mite_damage,G02890,781069500ecb2279229f9c6e1c88acf6a229202b091d1cbec164bafd37c86d40
5. Red spider/red_spider_00366.jpg,5. Red spider,red_spider_mite_damage,G02891,45d3346e5a8b417ccd073918a89ce7bf234f0d6255d86cb39f8a13cff64e6dec
5. Red spider/red_spider_00367.jpg,5. Red spider,red_spider_mite_damage,G02892,fc4b78525d850dd0404da227ca67776191af26ed1a23a7910623be17bf6a9166
5. Red spider/red_spider_00369.jpg,5. Red spider,red_spider_mite_damage,G02894,553b86a645ad40ce6407eb3ca47b76fb9f26d3a4ecdbbbac66f6b3dead5969e1
5. Red spider/red_spider_00370.jpg,5. Red spider,red_spider_mite_damage,G02895,10268b953870d95b994ae6c70353edb82815507b981011a7d0f21c790db47791
5. Red spider/red_spider_00372.jpg,5. Red spider,red_spider_mite_damage,G02897,37665ba04d0c1f96b353511602349b59eeb5801af1c9d02e4f86d37f674d7821
5. Red spider/red_spider_00373.jpg,5. Red spider,red_spider_mite_damage,G02898,fdf65a3241839426ad05c4fa61b04f6306397e388a071b46dda787bc237af994
5. Red spider/red_spider_00374.jpg,5. Red spider,red_spider_mite_damage,G02899,5671a74fb70775e740d70f8fb123a7fe969e38eb54c4c5018ea9208a8e4f823d
5. Red spider/red_spider_00376.jpg,5. Red spider,red_spider_mite_damage,G02901,4883d320ba09c7dc82f1797d4cf37f4c2c49794b19c131b13f2224625fc08b83
5. Red spider/red_spider_00377.jpg,5. Red spider,red_spider_mite_damage,G02902,9fc10fead0b01b038f0235472a4546bbfd62d1182a2c1101a86cccf868d2d43e
5. Red spider/red_spider_00380.jpg,5. Red spider,red_spider_mite_damage,G02905,e60678dc5dda93ab12a873fc6e5a74ed2feb37c0026490b5426ad510f9d283fe
5. Red spider/red_spider_00381.jpg,5. Red spider,red_spider_mite_damage,G02906,beb838ba685638adc6d4466d5532a1396c2fc7a93eac82ce41a37be6e94ac2b4
5. Red spider/red_spider_00383.jpg,5. Red spider,red_spider_mite_damage,G02908,05c9c01b552fe7fcb8a905566c643491124363d801537a9ae5b9aa03b762691c
5. Red spider/red_spider_00385.jpg,5. Red spider,red_spider_mite_damage,G02910,7be9cb114f319e2e05f1acfd64415e758280aaf6039b36c667f48bfd583e5642
5. Red spider/red_spider_00387.jpg,5. Red spider,red_spider_mite_damage,G02912,0d3a9d6ea76b92ba33fe948c89738ba2f0bd01be2be8909d759fb21ad2e6f594
5. Red spider/red_spider_00389.jpg,5. Red spider,red_spider_mite_damage,G02914,ed62a863b3f4ecfefd30f401bd436fe2417cdfc105f251189b55a548e54b01bf
5. Red spider/red_spider_00390.jpg,5. Red spider,red_spider_mite_damage,G02915,d4b0974c64f660d6ccd645cb1a09470ef494fc078ba05c88f4ccccf17c90f209
5. Red spider/red_spider_00391.jpg,5. Red spider,red_spider_mite_damage,G02916,adcf2f75a62f58579f54608c9760bfd9fe415d9879e52e52a487bd2ea040e68a
5. Red spider/red_spider_00392.jpg,5. Red spider,red_spider_mite_damage,G02917,505c6b34795ef72043b419bd5c427a10e778f40e63815e87e9c798f420fd04a7
5. Red spider/red_spider_00393.jpg,5. Red spider,red_spider_mite_damage,G02918,799b91aae73d2f0398d56ca75e4a5542659e8c2fa17f97f32bef3ba285367ac7
5. Red spider/red_spider_00396.jpg,5. Red spider,red_spider_mite_damage,G02921,440cbc41d73e5b96a4f8fa77fe115ef3b4b466367de34d94c2f3aab2ba21ff57
5. Red spider/red_spider_00397.jpg,5. Red spider,red_spider_mite_damage,G02922,5bee1a353070315a7bc98197638ff891f4551b30b0920f2a38a05f114cfdecbf
5. Red spider/red_spider_00398.jpg,5. Red spider,red_spider_mite_damage,G02923,472bdb5b4fa6c44d31aa45cd5a7bb4b260beadaff9dbea2c3c571551e1844032
5. Red spider/red_spider_00400.jpg,5. Red spider,red_spider_mite_damage,G02925,2e0440a9b34858cb50e1f9063259e2b945bbe56d29faa2afac634c9226ede4d0
5. Red spider/red_spider_00402.jpg,5. Red spider,red_spider_mite_damage,G02927,3cfb2b057f9d480a6259d5f4bb48239a63f1f0020d92ea1adf2d28ccb4720c89
5. Red spider/red_spider_00403.jpg,5. Red spider,red_spider_mite_damage,G02928,5c20d9fa609ce3e3dc87f52551ad49b48f669fa70ac01df34c4071be1a27c1a0
5. Red spider/red_spider_00406.jpg,5. Red spider,red_spider_mite_damage,G02931,8764bef2741014c91e4433be57cfc42b4e5f5066b83f88cee5e49593efe35e7c
5. Red spider/red_spider_00407.jpg,5. Red spider,red_spider_mite_damage,G02932,9ce29baefc7fee352369f95b392a74b95195a28224ab93c29e5ce5ff69f369c0
5. Red spider/red_spider_00408.jpg,5. Red spider,red_spider_mite_damage,G02933,02f7944ae2037f86c14f3f9909ca631917e01e54cd165ddf59b8bee5c206df36
5. Red spider/red_spider_00409.jpg,5. Red spider,red_spider_mite_damage,G02934,3113ea2f211940133af932135b324c1e2fa356448d2936aea21edc868a698fda
5. Red spider/red_spider_00410.jpg,5. Red spider,red_spider_mite_damage,G02935,d7c6eaa407f9981121610419ed79bb10b4759aec5261caa69ec5ba3da0149a1b
5. Red spider/red_spider_00411.jpg,5. Red spider,red_spider_mite_damage,G02936,2e57685e52792bf5a16dd3a88ad0bbf7eb8de8f8fa908e4a089ef394e0444816
5. Red spider/red_spider_00412.jpg,5. Red spider,red_spider_mite_damage,G02937,1059bfd31dbb55d2be46136aa6da9033a74b5368f21d0e363dd7e8d0a81fb22f
5. Red spider/red_spider_00413.jpg,5. Red spider,red_spider_mite_damage,G02938,82269f38b210ac41d8432211b278699389aa9acad4432cce7eff8578fea1c658
5. Red spider/red_spider_00414.jpg,5. Red spider,red_spider_mite_damage,G02939,00fdc9fc0dcb5a19602bd1f00840cbc7249d24f97768f6865fd877f2c9028f27
5. Red spider/red_spider_00417.jpg,5. Red spider,red_spider_mite_damage,G02942,7c78a09bba597f1a53e2636bbe1b9e0cdfdb2d41d97f24e53fe12a5990e6c2c2
5. Red spider/red_spider_00418.jpg,5. Red spider,red_spider_mite_damage,G02943,91965c783adc81a45e206f29d0e08b2259aa581d44bc78a1e3076e79d3c85c69
5. Red spider/red_spider_00419.jpg,5. Red spider,red_spider_mite_damage,G02944,a60f20924f847b04b62ef72f8a011a296253e41bc6d24c87eea803406dd4f52c
5. Red spider/red_spider_00420.jpg,5. Red spider,red_spider_mite_damage,G02945,7bac0f9065abb35caacc7eed9f690c78fed92a3fd043414109489231f92fe0c9
5. Red spider/red_spider_00421.jpg,5. Red spider,red_spider_mite_damage,G02946,54dd88d76320263872612c827ed872b05ca6500ab37fe8124cec02ede526f3ef
5. Red spider/red_spider_00422.jpg,5. Red spider,red_spider_mite_damage,G02947,03cb7a421efe6137c7eea6f087ac4eedab99021b9dd0c0fbabe1e61f24598cef
5. Red spider/red_spider_00425.jpg,5. Red spider,red_spider_mite_damage,G02950,e0626c1d903327236c1c778f0fd2fbb831c3a5223c269bdaa298ee63752a8706
5. Red spider/red_spider_00426.jpg,5. Red spider,red_spider_mite_damage,G02951,a0aa1ded14a7d117461fd5fbf91a518cc6d5783bfb415f43452462ec0229400d
5. Red spider/red_spider_00427.jpg,5. Red spider,red_spider_mite_damage,G02952,c223e88960a4ebb531a99c90496d95f05bc652cdcb865c9d298ef89899e99f52
5. Red spider/red_spider_00428.jpg,5. Red spider,red_spider_mite_damage,G02953,ea21aa3b68304453f4f0497766196dd14d4346d7a8d8dc70d29dc73e517c5154
5. Red spider/red_spider_00430.jpg,5. Red spider,red_spider_mite_damage,G02955,e1f1cb15f24e10f1e9184bddd0ba2f4546d064c386c7b1671987df578f4442da
5. Red spider/red_spider_00431.jpg,5. Red spider,red_spider_mite_damage,G02956,924fca65065dec1bbaa8d4d066e430ae169029717864884560709c76a93102ca
5. Red spider/red_spider_00432.jpg,5. Red spider,red_spider_mite_damage,G02957,fc9e12301e7f38a101e13689205c781e798b3dd983f3e5067fc107dae82d31cd
5. Red spider/red_spider_00433.jpg,5. Red spider,red_spider_mite_damage,G02958,f194c92b4b755b05c2cc68e2169062fd569110d81714315144a8eb2a097a3282
5. Red spider/red_spider_00434.jpg,5. Red spider,red_spider_mite_damage,G02959,9b3b5639af87d8ffbe703bf2776ed9fe774a6a2883f5a55603a8425f611f83cd
5. Red spider/red_spider_00435.jpg,5. Red spider,red_spider_mite_damage,G02960,3895aefd8c353ab297388659360275dddfb98df80370da6fec74dc615f3bb7e1
5. Red spider/red_spider_00439.jpg,5. Red spider,red_spider_mite_damage,G02964,372445e23078e3d3426d19e75d6f9cb3471924d549ca7063bf686d8ee9d5c9c3
5. Red spider/red_spider_00440.jpg,5. Red spider,red_spider_mite_damage,G02965,dcfbf54fb18e3efcdc2f29f2331ac1b95238824c433940be62e9709d05aa9196
5. Red spider/red_spider_00441.jpg,5. Red spider,red_spider_mite_damage,G02966,2c5a567f6f64e4484f038ad44919e4aa8f22db226930c337efd2cfe55a295783
5. Red spider/red_spider_00442.jpg,5. Red spider,red_spider_mite_damage,G02967,164c9182a0bd54ac127035ec8c80b87991c3d9fc7718423834de25bf9613483a
5. Red spider/red_spider_00444.jpg,5. Red spider,red_spider_mite_damage,G02969,e06ac20307419fb0df30087e6023e5bc2f4ab6fc0b48d433be4ac881adde5c57
5. Red spider/red_spider_00445.jpg,5. Red spider,red_spider_mite_damage,G02970,97e0cb90a5decc90aa3fd01ace8bd20bd73b464e8fa0b354576b24e855cbc284
5. Red spider/red_spider_00446.jpg,5. Red spider,red_spider_mite_damage,G02971,60c8dbea643bc9ed531bd38ad3fb77f3e3f124b6ca4ac3afab3df4f2fb6b501c
5. Red spider/red_spider_00454.jpg,5. Red spider,red_spider_mite_damage,G02979,edc0fbf4bc37a47f138d0c2cbd670cea6b9886cb2219e47cbbc926081cd35103
5. Red spider/red_spider_00455.jpg,5. Red spider,red_spider_mite_damage,G02980,8e2c5561a6e5f21ec57cfc5e27084216dae853d462f74059f4b045411f8285bc
5. Red spider/red_spider_00456.jpg,5. Red spider,red_spider_mite_damage,G02981,3e9df87b12845a7be49143bb82e321c57ffc52330f465c4b031a95667517706b
5. Red spider/red_spider_00457.jpg,5. Red spider,red_spider_mite_damage,G02982,8e8f94fb7c6a2144a62e328909c9f042ed498c5e879fb56fa20b17f779da67f4
5. Red spider/red_spider_00458.jpg,5. Red spider,red_spider_mite_damage,G02983,1aa8341063d5ad77bd0add8cbd29c11a46319e93459e01287efbb43ac3656dd1
5. Red spider/red_spider_00459.jpg,5. Red spider,red_spider_mite_damage,G02984,4f8460e1e732182e5506c24c2ceccf1cff9a8e308012bb6aa537d16156590676
5. Red spider/red_spider_00460.jpg,5. Red spider,red_spider_mite_damage,G02985,06722b31f1aa103f8d78d702891527e6c553753071fac598fb867bcae48159ce
5. Red spider/red_spider_00462.jpg,5. Red spider,red_spider_mite_damage,G02987,d2ab685ae8b10843b2126ea11e49c0436d8c448c92c19d0a89d3775f8f3ca2f9
5. Red spider/red_spider_00463.jpg,5. Red spider,red_spider_mite_damage,G02988,b557f5607570b13e813f782d7ce86ef941caa7199bc2beb39049bf33e6a2d1ce
5. Red spider/red_spider_00464.jpg,5. Red spider,red_spider_mite_damage,G02989,6dd9f936da3c6999342dc0cf556566b123020b2555356722e63fa6f8ef4ebf9f
5. Red spider/red_spider_00466.jpg,5. Red spider,red_spider_mite_damage,G02991,5d7f8136f5c04e3c183cfdcd3f8fb66dddfc01713c5726825af9054899ad4d6c
5. Red spider/red_spider_00467.jpg,5. Red spider,red_spider_mite_damage,G02992,e11da135e114214e4d808236f4609c088e4d3a7a59f4f026c0aaa66a660c44e9
5. Red spider/red_spider_00469.jpg,5. Red spider,red_spider_mite_damage,G02994,9842f38556d7c8e536f711b44a0bde7da8d45eea85637f8e3e93c5e7527542e6
5. Red spider/red_spider_00470.jpg,5. Red spider,red_spider_mite_damage,G02995,4a6cd3873e69bbeebd553b990ad4f2f610391d1f23bbc544ea69af6ccc12ee7b
5. Red spider/red_spider_00477.jpg,5. Red spider,red_spider_mite_damage,G03002,ef320327f09e15bf5163c472f7c5a0a46fec096cb421228c0be553d1e3efaa93
5. Red spider/red_spider_00478.jpg,5. Red spider,red_spider_mite_damage,G03003,cfeb1808c25390df4cbb806f93e6d4a9c39a00cdf7709352da9656dc90f15fdf
5. Red spider/red_spider_00480.jpg,5. Red spider,red_spider_mite_damage,G03005,5515d91cab496a41fc310dcd721fda568300d67607fac472236b86be32f22e3e
5. Red spider/red_spider_00481.jpg,5. Red spider,red_spider_mite_damage,G03006,178be1298ff96b9357902a0cb5df7cd562eb9e2fecd6c51877fac039325ee137
5. Red spider/red_spider_00482.jpg,5. Red spider,red_spider_mite_damage,G03007,ebd9b5c4b40146dd7919dade6b13ba4b83c61b67f49b3c6e6e281405fb12ff78
5. Red spider/red_spider_00483.jpg,5. Red spider,red_spider_mite_damage,G03008,dac14162a45d55ff97777a69d25cf9acf2141a21739646acf4ee03a5958d2281
5. Red spider/red_spider_00484.jpg,5. Red spider,red_spider_mite_damage,G03009,231b9f7f2cd7c486dcaa3e1fa262da31ef3564f7b9261158232c7d030338e3e5
5. Red spider/red_spider_00485.jpg,5. Red spider,red_spider_mite_damage,G03010,c70f3eca78184b86d0311b46d69fa852507da43931d10904abacc35638fc770f
5. Red spider/red_spider_00486.jpg,5. Red spider,red_spider_mite_damage,G03011,2730a58d7324828f6ac14c93753763df5f1f12fb570c35a8adb6e82b39fb7d82
5. Red spider/red_spider_00487.jpg,5. Red spider,red_spider_mite_damage,G03012,288376c03a05b6f4774136c6e5ceb7066ea86787ac2b27b63ca61ed71d8e67b7
5. Red spider/red_spider_00488.jpg,5. Red spider,red_spider_mite_damage,G03013,c4260197497ae9ffc20f66d78207cbe895546c50ef41c66fe76e5616b85a0894
5. Red spider/red_spider_00490.jpg,5. Red spider,red_spider_mite_damage,G03015,ba1de550017b3b2aca0762708d8e1e4a4af0ab59ade95562bd517a74e457645c
5. Red spider/red_spider_00493.jpg,5. Red spider,red_spider_mite_damage,G03018,e57bc7e8c7960720dbe0f6c55531eac453b7aba5e04b31a0df8d4d075ffbf6ec
5. Red spider/red_spider_00495.jpg,5. Red spider,red_spider_mite_damage,G03020,a37dd492e91c5466a68d8e52163cc1d03d4582920c017f30bee51c599704c2cc
5. Red spider/red_spider_00498.jpg,5. Red spider,red_spider_mite_damage,G03023,1ff78a44d2e7af7bb2b9c0b32dfc6784757ab313e18144d25cd27877dd04c71a
5. Red spider/red_spider_00499.jpg,5. Red spider,red_spider_mite_damage,G03024,b15b3ce280cdc1f4ee959d6dcff9ccccb0672b8cd4d27843bb3f92589610a0f2
5. Red spider/red_spider_00500.jpg,5. Red spider,red_spider_mite_damage,G03025,ce08f6eb7bd5eac854de1a8cb74d634c7601447692b0f9ed60c3883ec2e97acf
5. Red spider/red_spider_00501.jpg,5. Red spider,red_spider_mite_damage,G03026,f526af1666745756c7af1bbe130d7e175b4cd57c6256b37657f77c41fff3fe87
5. Red spider/red_spider_00502.jpg,5. Red spider,red_spider_mite_damage,G03027,73f74f4876039020dec7eca14f022985c3a7b66966bbf43baf6bd821759589c1
5. Red spider/red_spider_00503.jpg,5. Red spider,red_spider_mite_damage,G03028,3838f4df71c13c44c3a971c09a2737b495ffe88c75050f6859b572224b802e2e
5. Red spider/red_spider_00504.jpg,5. Red spider,red_spider_mite_damage,G03029,2384ee68ade7461ba00d33040522744ed0400a9f45da9b937a780bb41d20eceb
5. Red spider/red_spider_00505.jpg,5. Red spider,red_spider_mite_damage,G03030,672953f963f9f76d693ef9e219a1da021040d0727a3c9d7d5041e24b84ebaba5
5. Red spider/red_spider_00506.jpg,5. Red spider,red_spider_mite_damage,G03031,4fa31337fdfe33093397b6079bcca684609fa1c504999310f921f9677b33e638
5. Red spider/red_spider_00507.jpg,5. Red spider,red_spider_mite_damage,G03032,827a8927d4868ab8b931aad849d0185030c5e0066400e4e3eba78a227b0ae756
5. Red spider/red_spider_00508.jpg,5. Red spider,red_spider_mite_damage,G03033,f282f10d8208ac7d559412504b5e08022c044989722892d1b12d736fbc833384
5. Red spider/red_spider_00511.jpg,5. Red spider,red_spider_mite_damage,G03036,b4f777aced932c031714da533a4a133f62021233a94cee2e1c7916159fee8386
5. Red spider/red_spider_00513.jpg,5. Red spider,red_spider_mite_damage,G03038,fddf59e695913a889ad6cddcf7d285c43eace93c89ca572202ac0d272dff8b7f
5. Red spider/red_spider_00515.jpg,5. Red spider,red_spider_mite_damage,G03040,8e8f3b9a21b69647370126d1973f2ddc9920c04398a1d153bc0d2439023c166f
6. Green mirid bug/green_mirid_bug_00001.jpg,6. Green mirid bug,green_mirid_bug_damage,G03041,d7df99ec888ea1f07927d75b0d712bf734c2dbfa70a1859e31e92f253b0b2166
6. Green mirid bug/green_mirid_bug_00002.jpg,6. Green mirid bug,green_mirid_bug_damage,G03042,37f93709473af3670f09a69f4a6be11f7c9de37ab0434360968285baef9ee46e
6. Green mirid bug/green_mirid_bug_00003.jpg,6. Green mirid bug,green_mirid_bug_damage,G03043,f26d50e166a714654b266b32da1908101f86c4a6166a62fa39f7911f146e02c2
6. Green mirid bug/green_mirid_bug_00004.jpg,6. Green mirid bug,green_mirid_bug_damage,G03044,0f9db13469c8c10d790066a3f01682e1a7ceb60fb5fade1b1b831e7b3044b450
6. Green mirid bug/green_mirid_bug_00005.jpg,6. Green mirid bug,green_mirid_bug_damage,G03045,945d616e2b235f215a8f73ac0287f973220f44d39015c353dbc6d5ec5e98f94f
6. Green mirid bug/green_mirid_bug_00006.jpg,6. Green mirid bug,green_mirid_bug_damage,G03046,0dfff5d4e2e7f839039a44e14c28c9b0ffc26004d82ca22c1d40637cc7707f6e
6. Green mirid bug/green_mirid_bug_00007.jpg,6. Green mirid bug,green_mirid_bug_damage,G03047,99594e63548937aa98199263176db4f4d80fab7813fced26aea64c37a6be0913
6. Green mirid bug/green_mirid_bug_00008.jpg,6. Green mirid bug,green_mirid_bug_damage,G03048,9e283a994b85478585db3d255d04e90b14c35fc679bc909a2caeee5a28d874a1
6. Green mirid bug/green_mirid_bug_00009.jpg,6. Green mirid bug,green_mirid_bug_damage,G03049,a157e7c58220a72213cc947869fd407f32573dd594e891a82b45ef9b4f340d34
6. Green mirid bug/green_mirid_bug_00012.jpg,6. Green mirid bug,green_mirid_bug_damage,G03052,03ef4e48244328e301f857425eacfd9ef342e0b7c819a2170fc179014a4bcd96
6. Green mirid bug/green_mirid_bug_00013.jpg,6. Green mirid bug,green_mirid_bug_damage,G03053,dc9103c4b129867d13f00bdc3bc4f0d0a040379b3695f76977301449adddfbdf
6. Green mirid bug/green_mirid_bug_00015.jpg,6. Green mirid bug,green_mirid_bug_damage,G03055,b0064586800d98964acf1c5846771ae280b1a84243e9801f8e95f75d5d00636a
6. Green mirid bug/green_mirid_bug_00016.jpg,6. Green mirid bug,green_mirid_bug_damage,G03056,d3ad98ce644716319c484f6cea40320e333fc467c736716c67c02378e500f72a
6. Green mirid bug/green_mirid_bug_00017.jpg,6. Green mirid bug,green_mirid_bug_damage,G03057,3769b396e48b1dd941130ce7538f992c0517e471572c88f3982a892abe20e439
6. Green mirid bug/green_mirid_bug_00018.jpg,6. Green mirid bug,green_mirid_bug_damage,G03058,72051f99be310e0e0b7adfdd3eaba1cef19f1548974e94df75440845f5e3ca65
6. Green mirid bug/green_mirid_bug_00019.jpg,6. Green mirid bug,green_mirid_bug_damage,G03059,3369e7b0770acfa874e4b5c70020947979ec56a83b4fb7c142a8f5a6645f3b61
6. Green mirid bug/green_mirid_bug_00020.jpg,6. Green mirid bug,green_mirid_bug_damage,G03060,65603b30cfc47aa0465b0f5e8e4a06f8ae070a92e12cc2b59d6b2be3184be6a6
6. Green mirid bug/green_mirid_bug_00021.jpg,6. Green mirid bug,green_mirid_bug_damage,G03061,91b3ad393d7682140bb8e949ac99dcd699d08c858bfa746a992c92dd1a15effa
6. Green mirid bug/green_mirid_bug_00023.jpg,6. Green mirid bug,green_mirid_bug_damage,G03063,d88d09e54ee66b1121fad6bbac5a44fa78fffdb7f004f2bddb73f1303ce1deba
6. Green mirid bug/green_mirid_bug_00024.jpg,6. Green mirid bug,green_mirid_bug_damage,G03064,b339ba4823b4dbf7d83ea3f5333eb5df074a44b8955c034daa8c4193d69c620c
6. Green mirid bug/green_mirid_bug_00025.jpg,6. Green mirid bug,green_mirid_bug_damage,G03065,fc068e15957e041c6c5bcac17e6c296c477ad118cdc50309a715e016b1c08a7e
6. Green mirid bug/green_mirid_bug_00027.jpg,6. Green mirid bug,green_mirid_bug_damage,G03067,580cad69dfeae0e3af2014e450307811e1c810d2a402152859397e014bac62a1
6. Green mirid bug/green_mirid_bug_00028.jpg,6. Green mirid bug,green_mirid_bug_damage,G03068,7297c258679732ffb58545f81520ad1f4c5281314e91b004bbe596abbeab500f
6. Green mirid bug/green_mirid_bug_00029.jpg,6. Green mirid bug,green_mirid_bug_damage,G03069,93a54ada8abcaf6c15f4e594ccf12c1936dd0f95f371e15d522cfbee320d9dd7
6. Green mirid bug/green_mirid_bug_00030.jpg,6. Green mirid bug,green_mirid_bug_damage,G03070,9f10025d207eac95660342bd38c782854348aafc60e0edd14d584857a67ec9cc
6. Green mirid bug/green_mirid_bug_00031.jpg,6. Green mirid bug,green_mirid_bug_damage,G03071,2105d299a19e3ab66ed2737f05d58715138489b64e78d536af8dc6e661042fb3
6. Green mirid bug/green_mirid_bug_00035.jpg,6. Green mirid bug,green_mirid_bug_damage,G03075,4b8fc6cd1cec0995dd0f2123dc956c05d65e4a695857e578e9dd12625dfec376
6. Green mirid bug/green_mirid_bug_00036.jpg,6. Green mirid bug,green_mirid_bug_damage,G03076,b85fb172a0748a6c1b0e4e604483bd52d8e340c6f836429140a17c195407c6fd
6. Green mirid bug/green_mirid_bug_00037.jpg,6. Green mirid bug,green_mirid_bug_damage,G03077,83bb8e6785512772013cf8fe02bd36f5b564bee3a2a3ebfd7a3d8d340e3c2751
6. Green mirid bug/green_mirid_bug_00038.jpg,6. Green mirid bug,green_mirid_bug_damage,G03078,7abd7ccac78ecff7029d879cec4a396018beba42b545ff3c34eced7404e6b701
6. Green mirid bug/green_mirid_bug_00039.jpg,6. Green mirid bug,green_mirid_bug_damage,G03079,60a859a9f4ccf5653f92146f8cde203a4bdb213dd850d9edb9a335de22a0acc5
6. Green mirid bug/green_mirid_bug_00040.jpg,6. Green mirid bug,green_mirid_bug_damage,G03080,1ae91ad2e2299a7497df3c4d7d7b98a64c3447bb08f1c62c37b4e10800370b81
6. Green mirid bug/green_mirid_bug_00041.jpg,6. Green mirid bug,green_mirid_bug_damage,G03081,8c65806185a9bec50cbe7842d59644b515cf38fcc330e6a94483ed5eeeb1f84d
6. Green mirid bug/green_mirid_bug_00042.jpg,6. Green mirid bug,green_mirid_bug_damage,G03082,3371d7be6072bfedff4caad2aeb57284b15a7c924480cf2a98d58655b0807f44
6. Green mirid bug/green_mirid_bug_00043.jpg,6. Green mirid bug,green_mirid_bug_damage,G03083,95d86235fc46bf6d7a4442586d0bf16a7bf4f0c7ecddc954b8f84e227cdea2e5
6. Green mirid bug/green_mirid_bug_00044.jpg,6. Green mirid bug,green_mirid_bug_damage,G03084,dcd8845e8431ec8058e99845a1c062cfaf3dffde3df720807b81f917f0632c1f
6. Green mirid bug/green_mirid_bug_00045.jpg,6. Green mirid bug,green_mirid_bug_damage,G03085,38221f077528fea0f9975a1c2b646ce31116a329fc5ed0f30f066e4b914f9c87
6. Green mirid bug/green_mirid_bug_00046.jpg,6. Green mirid bug,green_mirid_bug_damage,G03086,ef8f39bcb963fb00a4645ecd4bb95c26d806497b40f70ce869cadcdc4f583c31
6. Green mirid bug/green_mirid_bug_00048.jpg,6. Green mirid bug,green_mirid_bug_damage,G03088,4b3451a866815369be1792ff32b71be6b53e33f94b6477623199468363614847
6. Green mirid bug/green_mirid_bug_00049.jpg,6. Green mirid bug,green_mirid_bug_damage,G03089,c0655f8203f5d4e46d026b0761effe7a5232f0f4a959d17dd94e4980c636abd1
6. Green mirid bug/green_mirid_bug_00050.jpg,6. Green mirid bug,green_mirid_bug_damage,G03090,f9f253e58dca77b0274ff032f36201bddcb1cb05e1af5dd908f685b84ac22db4
6. Green mirid bug/green_mirid_bug_00052.jpg,6. Green mirid bug,green_mirid_bug_damage,G03092,23ba7f4b8909f3889c06635c6011d58a33183d23f8b33980a9f110249261abcc
6. Green mirid bug/green_mirid_bug_00053.jpg,6. Green mirid bug,green_mirid_bug_damage,G03093,02c57389ff9e8961c828b978d5d8ddad7003e29cbd2f799540a02128fa60c7de
6. Green mirid bug/green_mirid_bug_00057.jpg,6. Green mirid bug,green_mirid_bug_damage,G03097,3223bcf608edf25e6e6c98eba1b74f41ffb08b2200ef7a4073d5fa6dcb16c3d9
6. Green mirid bug/green_mirid_bug_00058.jpg,6. Green mirid bug,green_mirid_bug_damage,G03098,f89c6293d07707804ead2d018a97aaab9e0843d6ae467fc4095c83c966d4cddb
6. Green mirid bug/green_mirid_bug_00059.jpg,6. Green mirid bug,green_mirid_bug_damage,G03099,b0a56c2a82c248c2ae50f882a0803e7279ed68253bcc5a44de6385f53ca9f641
6. Green mirid bug/green_mirid_bug_00062.jpg,6. Green mirid bug,green_mirid_bug_damage,G03102,2d6549d016332311e24fbde11939eabcfb55718ad53c0696c2d7f83d32472246
6. Green mirid bug/green_mirid_bug_00063.jpg,6. Green mirid bug,green_mirid_bug_damage,G03103,e64c7a29eb12879f35502626d175d5d31e9e69d3294a92407ba1409b1bb51d6a
6. Green mirid bug/green_mirid_bug_00064.jpg,6. Green mirid bug,green_mirid_bug_damage,G03104,efecf294ef495a410309c6263cb4b98809387700fd455790516ea8150707d4c7
6. Green mirid bug/green_mirid_bug_00066.jpg,6. Green mirid bug,green_mirid_bug_damage,G03106,b65dc4fd5ea94b1b4e075d909e6f55bc8f422f7fff7bfe59292074677ed451ea
6. Green mirid bug/green_mirid_bug_00067.jpg,6. Green mirid bug,green_mirid_bug_damage,G03107,bf442f3dcc0b8d7565bdcc8596af66a5e8dbcd463df8fa1594d0b014033c0381
6. Green mirid bug/green_mirid_bug_00069.jpg,6. Green mirid bug,green_mirid_bug_damage,G03109,fc9230f1a7aee9a39d2b27074613aad2a0b84cd3aa74c3fe92e1ca529a6facb1
6. Green mirid bug/green_mirid_bug_00070.jpg,6. Green mirid bug,green_mirid_bug_damage,G03110,bb0e4404d9e893c6bb8f0651d2a6c5a5f729b5c43034daf7d7cea032d9f46c57
6. Green mirid bug/green_mirid_bug_00071.jpg,6. Green mirid bug,green_mirid_bug_damage,G03111,b5eed208a49f5edbff0c854a24bfa23c48b9cca34223f1c2a894c8a0659e5593
6. Green mirid bug/green_mirid_bug_00072.jpg,6. Green mirid bug,green_mirid_bug_damage,G03112,33f8cd3275ed9f085534f0ffceeab72b2d354f9b6325ce775475b291215bbc55
6. Green mirid bug/green_mirid_bug_00073.jpg,6. Green mirid bug,green_mirid_bug_damage,G03113,a619ddb88919a32d0ff6ec7a08875c5e417ab9aca980b893acd1fc6d141b026e
6. Green mirid bug/green_mirid_bug_00074.jpg,6. Green mirid bug,green_mirid_bug_damage,G03114,d5f4b5109ce5edac62ebf470a013fb88be3fbfe9e31b6afc5bbc12be6149277e
6. Green mirid bug/green_mirid_bug_00075.jpg,6. Green mirid bug,green_mirid_bug_damage,G03115,5a21326673471ab26c1a3f87aa338e3ab39b04b718ef945165956d9b8f95bde2
6. Green mirid bug/green_mirid_bug_00077.jpg,6. Green mirid bug,green_mirid_bug_damage,G03117,a2e8729caf80f0255b1b0e4f2e8119374c098106452b650070d16837ee9d9492
6. Green mirid bug/green_mirid_bug_00078.jpg,6. Green mirid bug,green_mirid_bug_damage,G03118,7aeb40fff73ea76faf8d8d9c13318568554bce5e05b7722f2231cb609afbd419
6. Green mirid bug/green_mirid_bug_00079.jpg,6. Green mirid bug,green_mirid_bug_damage,G03119,d83cddeb5baa6af3af042fd816d6985d93266514ca585e17c20677592cf500ee
6. Green mirid bug/green_mirid_bug_00080.jpg,6. Green mirid bug,green_mirid_bug_damage,G03120,3f8bfa89e4855b5110b54678672f1370ca5c0a2d57281448ae59af970650b17d
6. Green mirid bug/green_mirid_bug_00081.jpg,6. Green mirid bug,green_mirid_bug_damage,G03121,eb5760faa6237c1e05323657d49618c9a06d783e60e69885873398fba3c73d33
6. Green mirid bug/green_mirid_bug_00082.jpg,6. Green mirid bug,green_mirid_bug_damage,G03122,e084f1392f0a31daf3c54bc7ecd59b28aba4a5c3c8bf4fdd6a366f35445e4b62
6. Green mirid bug/green_mirid_bug_00083.jpg,6. Green mirid bug,green_mirid_bug_damage,G03123,340afc10ed41600622aa08e451f41e218844bceea67afa3d75de0b373e2f7732
6. Green mirid bug/green_mirid_bug_00084.jpg,6. Green mirid bug,green_mirid_bug_damage,G03124,ff9629e1c40adde7a67b4131693d3b856bd4af3882ebddb58b9950d72ec7c9d5
6. Green mirid bug/green_mirid_bug_00086.jpg,6. Green mirid bug,green_mirid_bug_damage,G03126,11fca441d3da237ccabe170fce4582287a249da932d82b792cdaebf017eb7418
6. Green mirid bug/green_mirid_bug_00089.jpg,6. Green mirid bug,green_mirid_bug_damage,G03129,4b2434b3dd7fcb8bff144f59fc085aa7dd340c520871f1337c0c5524bf28b05c
6. Green mirid bug/green_mirid_bug_00090.jpg,6. Green mirid bug,green_mirid_bug_damage,G03130,f0b0c70cb184e199657795906c0140a05d46c49a89769d01b116a161ddb0767c
6. Green mirid bug/green_mirid_bug_00093.jpg,6. Green mirid bug,green_mirid_bug_damage,G03133,4ccac22d3696879f7f1f837a55cf04945ded683657f70c203b744ed995dd29ba
6. Green mirid bug/green_mirid_bug_00094.jpg,6. Green mirid bug,green_mirid_bug_damage,G03134,b0c119bf8d7a772a4566977de9c650fe8e849cc917b362152aab6cdd7684ff9e
6. Green mirid bug/green_mirid_bug_00095.jpg,6. Green mirid bug,green_mirid_bug_damage,G03135,38be59c8c5f32e36225ab045d5e2e33d151db070215aa572f1b10ce186f1aa23
6. Green mirid bug/green_mirid_bug_00097.jpg,6. Green mirid bug,green_mirid_bug_damage,G03137,aa1ea0328de742763f090934859cd6aceccb3c7dcf7e55123bc98b4b332dc5ac
6. Green mirid bug/green_mirid_bug_00098.jpg,6. Green mirid bug,green_mirid_bug_damage,G03138,55fa892928e3a6c437571375acc515def329f55fe52fc8a14c03be7d25ae516c
6. Green mirid bug/green_mirid_bug_00099.jpg,6. Green mirid bug,green_mirid_bug_damage,G03139,c3410bed57923f6fd8a0e9413b1f2b3b0d66f8a44532f5e243649ba72b797058
6. Green mirid bug/green_mirid_bug_00100.jpg,6. Green mirid bug,green_mirid_bug_damage,G03140,e6d55d694b13fa3235a7dcc78555c5382248e9b0de59201aa6892915829f95bf
6. Green mirid bug/green_mirid_bug_00101.jpg,6. Green mirid bug,green_mirid_bug_damage,G03141,6d4145d16adb17e2b1168b525c49b58c551dc63986af55ae641f302e00fe7a95
6. Green mirid bug/green_mirid_bug_00102.jpg,6. Green mirid bug,green_mirid_bug_damage,G03142,b884f5ce6121d469a16d7bd69dc42664fd7f7ae13b3692ff013dd7ed7e82a88a
6. Green mirid bug/green_mirid_bug_00103.jpg,6. Green mirid bug,green_mirid_bug_damage,G03143,f789b61a0b38eb6fcff87dfaba21439447e197e261946a2ee6a0f974ff2c82fb
6. Green mirid bug/green_mirid_bug_00104.jpg,6. Green mirid bug,green_mirid_bug_damage,G03144,2529916504a9d5db3e91e6dca0ffad68087260986bddca7fb85dbf24f601fa5c
6. Green mirid bug/green_mirid_bug_00106.jpg,6. Green mirid bug,green_mirid_bug_damage,G03146,b45d9667fe03afac8b7e492631067826f444d115d9fdd33f28349040bd2af1cb
6. Green mirid bug/green_mirid_bug_00107.jpg,6. Green mirid bug,green_mirid_bug_damage,G03147,27dd516a1a72e3b8e0b8533b89a1d406e34489bffd16feff9d35696ffe79d1d9
6. Green mirid bug/green_mirid_bug_00108.jpg,6. Green mirid bug,green_mirid_bug_damage,G03148,dcc4830f7110dbf47fba801cead4630396e7979d6b3587e668f9d5fd7390335d
6. Green mirid bug/green_mirid_bug_00109.jpg,6. Green mirid bug,green_mirid_bug_damage,G03149,42b556b0c81e78efefa3227c950572823aa35809a92ae071672f5d756de31966
6. Green mirid bug/green_mirid_bug_00111.jpg,6. Green mirid bug,green_mirid_bug_damage,G03151,63e0af42c20bba2d9a3a04fd0ad9c41ea053bf630e04ace328c232f822829fa8
6. Green mirid bug/green_mirid_bug_00112.jpg,6. Green mirid bug,green_mirid_bug_damage,G03152,3be4edca655154999ae006ecc21774a5d2c7e49b8d960d897f38e78459f843c2
6. Green mirid bug/green_mirid_bug_00113.jpg,6. Green mirid bug,green_mirid_bug_damage,G03153,7322c42ff8ad6ef87b32d2b569a5bfff9d8f4b8d518897b52fb16943e5749b39
6. Green mirid bug/green_mirid_bug_00114.jpg,6. Green mirid bug,green_mirid_bug_damage,G03154,3dacbfe65afb0cdff6fbc7913fe99a7e25d955bc536a119d3d8d37193bd241c3
6. Green mirid bug/green_mirid_bug_00115.jpg,6. Green mirid bug,green_mirid_bug_damage,G03155,2ca17a5cb79d32a4503e219002e97921705e8cf2b9a3d4a1167b20078a34106f
6. Green mirid bug/green_mirid_bug_00116.jpg,6. Green mirid bug,green_mirid_bug_damage,G03156,ff4336b0b7d4bd2b2f323c77d3fc3ffb1bcf19bf27189022302c85c6d39ca604
6. Green mirid bug/green_mirid_bug_00118.jpg,6. Green mirid bug,green_mirid_bug_damage,G03158,c5c499dcbcb762bf95eeaf7f5ebf342986062e7f538bf857ba2ba23e1d924970
6. Green mirid bug/green_mirid_bug_00119.jpg,6. Green mirid bug,green_mirid_bug_damage,G03159,e31e2541410d4d17d7a46b0b5024df95f48fbcc4cf34334097749102a090b6d0
6. Green mirid bug/green_mirid_bug_00122.jpg,6. Green mirid bug,green_mirid_bug_damage,G03162,a0821db6a7fdc7c4a8587f7ce583057fcf897a21278678c38c7cbe207cca5282
6. Green mirid bug/green_mirid_bug_00123.jpg,6. Green mirid bug,green_mirid_bug_damage,G03163,25d76399e84cf70b0127c3b30926e69a1ed02bf8841addf7672534b30b9f8e39
6. Green mirid bug/green_mirid_bug_00124.jpg,6. Green mirid bug,green_mirid_bug_damage,G03164,3ea00a9fcb467aa615f6cc5b7bd870481ea89005fd3078550a4959b340888a2d
6. Green mirid bug/green_mirid_bug_00125.jpg,6. Green mirid bug,green_mirid_bug_damage,G03165,a17d3d70a3784e8d6abe99228f6be553333e2f76e93e15f3da77846f7fc745f1
6. Green mirid bug/green_mirid_bug_00126.jpg,6. Green mirid bug,green_mirid_bug_damage,G03166,7911755da0b99e025da6b4f0869251a8cbb5cc683dd936dfb022c4e503fd1b15
6. Green mirid bug/green_mirid_bug_00127.jpg,6. Green mirid bug,green_mirid_bug_damage,G03167,8385bf178c963b0477d18b5ef0a22f4eeff8eb4e3d176f71c70d06352bf1a1a5
6. Green mirid bug/green_mirid_bug_00128.jpg,6. Green mirid bug,green_mirid_bug_damage,G03168,36aeaba114f27882b5f4d397ec067c8f4a6614c6dfce9aa910a7d617b96b4ef8
6. Green mirid bug/green_mirid_bug_00129.jpg,6. Green mirid bug,green_mirid_bug_damage,G03169,86aea85942d44106bf9320d9d7e2b8570bb0191ccaea6b57ed5cf9cc67575b2d
6. Green mirid bug/green_mirid_bug_00131.jpg,6. Green mirid bug,green_mirid_bug_damage,G03171,6bb8205379ebaac0f9d6856a85498cad60a2bee373c8783469f83fe11cf6c2c1
6. Green mirid bug/green_mirid_bug_00132.jpg,6. Green mirid bug,green_mirid_bug_damage,G03172,cf52dbf2f4ea72e0669aa54200daa6146fcfbfe305cb9d970391a53630192ecb
6. Green mirid bug/green_mirid_bug_00133.jpg,6. Green mirid bug,green_mirid_bug_damage,G03173,4247ba5be89c9744c2c8eb8ff2e0a6304b098977a4fc21cfeacc080ec7f38add
6. Green mirid bug/green_mirid_bug_00134.jpg,6. Green mirid bug,green_mirid_bug_damage,G03174,7e243c010632149bf86f388687f7bf3f48b6f4c3241645f1b9e7c107b22f1204
6. Green mirid bug/green_mirid_bug_00135.jpg,6. Green mirid bug,green_mirid_bug_damage,G03175,cdeef72053633075d1f00a05bc8686839752e7e929d22c2bf39573abb43ba553
6. Green mirid bug/green_mirid_bug_00136.jpg,6. Green mirid bug,green_mirid_bug_damage,G03176,52cde3c2821e31d670ffa4587766599e9a66ec9cb88798eb6d2c6ac62b7813ac
6. Green mirid bug/green_mirid_bug_00137.jpg,6. Green mirid bug,green_mirid_bug_damage,G03177,da06d2e95f1443f57c9a06f9800a4bf563e7f57261a95eb796f1e6c1448affde
6. Green mirid bug/green_mirid_bug_00139.jpg,6. Green mirid bug,green_mirid_bug_damage,G03179,0b6f5db1cdce4f832cbfe872e1eb4b2ec71f060de7d3f5b0860ac04b346aba35
6. Green mirid bug/green_mirid_bug_00141.jpg,6. Green mirid bug,green_mirid_bug_damage,G03181,0aec55996adef72abfda30051942480440c2440e8ccf9647785b1eab3f991c9d
6. Green mirid bug/green_mirid_bug_00143.jpg,6. Green mirid bug,green_mirid_bug_damage,G03183,479b8c164f19a5e444022c3ec4bc74e1a081612ceeb005af0612dc359833db27
6. Green mirid bug/green_mirid_bug_00146.jpg,6. Green mirid bug,green_mirid_bug_damage,G03186,64cf2e0087a232f2189832dbe7d1576b7295a1bfd93f1746d2ec660008f48cc0
6. Green mirid bug/green_mirid_bug_00147.jpg,6. Green mirid bug,green_mirid_bug_damage,G03187,bea12291d52815ef1373f7d691befab3a3ab7b4350d18df0cc4a742582c3d151
6. Green mirid bug/green_mirid_bug_00148.jpg,6. Green mirid bug,green_mirid_bug_damage,G03188,1a443fc175611c9d9469b615d479e2d080f9f57e065c44dd12af010bd4a49770
6. Green mirid bug/green_mirid_bug_00149.jpg,6. Green mirid bug,green_mirid_bug_damage,G03189,385479d523f5b7192259cf2f8ff3b856b16f8a515503135a92827bcb340c71a2
6. Green mirid bug/green_mirid_bug_00150.jpg,6. Green mirid bug,green_mirid_bug_damage,G03190,7782ecb87a29d160e32d3074c40ca3dd41dc1e3b1b8744b8ea4931b269e3598e
6. Green mirid bug/green_mirid_bug_00154.jpg,6. Green mirid bug,green_mirid_bug_damage,G03194,b4015aa197f7fe3d54cf2d69bb8a5abc158929499dce4f6f3feb896ddba084f9
6. Green mirid bug/green_mirid_bug_00155.jpg,6. Green mirid bug,green_mirid_bug_damage,G03195,78cba5dc431f3d9817877a93bb52f2d7ac9d3dff55e481166c95d234812ae1bc
6. Green mirid bug/green_mirid_bug_00157.jpg,6. Green mirid bug,green_mirid_bug_damage,G03197,faa2a6a447666e12967053286522d7989b9035d5ead7f583a0a43eae24008c69
6. Green mirid bug/green_mirid_bug_00159.jpg,6. Green mirid bug,green_mirid_bug_damage,G03199,d9b26005250213e098bcabea7179afb55e36e08d0c659b5bc7ac5b4f8d2bbca2
6. Green mirid bug/green_mirid_bug_00160.jpg,6. Green mirid bug,green_mirid_bug_damage,G03200,24624e204468c19577fc55f0e05ef28a598ac7791f07ee7f153b32f550c1042a
6. Green mirid bug/green_mirid_bug_00162.jpg,6. Green mirid bug,green_mirid_bug_damage,G03202,a47bf0aec4254fa9314688968690137e511417e17fda6e9bcaad855ff504240c
6. Green mirid bug/green_mirid_bug_00163.jpg,6. Green mirid bug,green_mirid_bug_damage,G03203,fa8a671c910420ee07272e39c5aceaa68f9fd55215ef28bfb237432811996250
6. Green mirid bug/green_mirid_bug_00164.jpg,6. Green mirid bug,green_mirid_bug_damage,G03204,484e2baaa1c4f4fe812b71a7a136eaaf3e1c427694d1db2dbf89052c2389d65e
6. Green mirid bug/green_mirid_bug_00165.jpg,6. Green mirid bug,green_mirid_bug_damage,G03205,f8014664fea6c8eee423f6337963d29fd149e09364d7d2614f07cf150db39235
6. Green mirid bug/green_mirid_bug_00166.jpg,6. Green mirid bug,green_mirid_bug_damage,G03206,16adc98e32b459ed596443372b06baf0e339c38e8f339f5492683c4a022644b3
6. Green mirid bug/green_mirid_bug_00167.jpg,6. Green mirid bug,green_mirid_bug_damage,G03207,584d2e660d214137a4650b13dd03890a6c2b722010e56443e4970cd67b50a334
6. Green mirid bug/green_mirid_bug_00168.jpg,6. Green mirid bug,green_mirid_bug_damage,G03208,fcd649fa8b3b6068dace7a2d1be29290eeb4a30671f7bb73607e1930df5a4d06
6. Green mirid bug/green_mirid_bug_00180.jpg,6. Green mirid bug,green_mirid_bug_damage,G03220,0140fe9593c7b7dc3324327a5d9cef7d53869f88a9d14347610d6eba9d37eb50
6. Green mirid bug/green_mirid_bug_00181.jpg,6. Green mirid bug,green_mirid_bug_damage,G03221,af5f4439822d4324021970702c6828cd06d36bdaad116e1ad3fa43309656d263
6. Green mirid bug/green_mirid_bug_00182.jpg,6. Green mirid bug,green_mirid_bug_damage,G03222,8a32576559c2ca593e0b5874c6e05f11ef87f0086127e0949cdd8f9605b802b6
6. Green mirid bug/green_mirid_bug_00183.jpg,6. Green mirid bug,green_mirid_bug_damage,G03223,bc963186a0204177107297de2d5acf40b6d64e377910e722ca1a4bca9ee20e6f
6. Green mirid bug/green_mirid_bug_00185.jpg,6. Green mirid bug,green_mirid_bug_damage,G03225,f39a35ea017ea552d6da5e8ae3aa61439bc53554d7503df2d6cbe97da53aa869
6. Green mirid bug/green_mirid_bug_00186.jpg,6. Green mirid bug,green_mirid_bug_damage,G03226,1fdfcf021bc8542df2d589e80e68a5da6191f55049c09f0845c7ebe64bee6c36
6. Green mirid bug/green_mirid_bug_00187.jpg,6. Green mirid bug,green_mirid_bug_damage,G03227,8504b00974eae8ee0733abf6bcadb98a69c118a86060cfba5fe2607a82ba602e
6. Green mirid bug/green_mirid_bug_00189.jpg,6. Green mirid bug,green_mirid_bug_damage,G03229,205e3921f829c56713ac58eac5aa9b78c7e2b007ad0aeb5ffdd5df3e2c280b27
6. Green mirid bug/green_mirid_bug_00190.jpg,6. Green mirid bug,green_mirid_bug_damage,G03230,bc55e38ed3bc41d9550a5312a5a876df3b09e8f9668ce16808836309a3c7425c
6. Green mirid bug/green_mirid_bug_00193.jpg,6. Green mirid bug,green_mirid_bug_damage,G03233,f3d3b0016e2743a29fbfa0090294c455f5edd2e0e5a34655e530c7d3f91d8733
6. Green mirid bug/green_mirid_bug_00194.jpg,6. Green mirid bug,green_mirid_bug_damage,G03234,ae3ece8fdea807e2ad108785ba8e2b748d5e84fc33b6641661be5127748be1e7
6. Green mirid bug/green_mirid_bug_00195.jpg,6. Green mirid bug,green_mirid_bug_damage,G03235,9504689081cc8fcca8b1fd6208e6e512fdf04ff68f8d108bd68daf78a57b97f9
6. Green mirid bug/green_mirid_bug_00197.jpg,6. Green mirid bug,green_mirid_bug_damage,G03237,40980d5e3c8263336fca6b7077dd399b13321c9f3d75b6a0cc3367c74a9fdbec
6. Green mirid bug/green_mirid_bug_00198.jpg,6. Green mirid bug,green_mirid_bug_damage,G03238,d34046e0bcc8dedfc65d22b2354b2e52f2797e500789b43f3433222475b62fe2
6. Green mirid bug/green_mirid_bug_00199.jpg,6. Green mirid bug,green_mirid_bug_damage,G03239,61185bea1ffdf95d844ad4c253834d2a1625fd0b323f6bcaa22b68848bddeee7
6. Green mirid bug/green_mirid_bug_00203.jpg,6. Green mirid bug,green_mirid_bug_damage,G03243,97f44d2787b67a6ca2326d894b898658534c633460ccf24791b55e8d0c2ed7ca
6. Green mirid bug/green_mirid_bug_00204.jpg,6. Green mirid bug,green_mirid_bug_damage,G03244,f00eda312c1e1c769b571d3d3a10e175bd6ccba4eae4acada462fd14b75f7b2d
6. Green mirid bug/green_mirid_bug_00205.jpg,6. Green mirid bug,green_mirid_bug_damage,G03245,2fa33c92b535885d8ca0d4db951311a4e9000500ea384ec2d04da13116b99791
6. Green mirid bug/green_mirid_bug_00206.jpg,6. Green mirid bug,green_mirid_bug_damage,G03246,1a6996365b76f2527ec037772de504397185eb154fdd559dddde6509ae52d06d
6. Green mirid bug/green_mirid_bug_00207.jpg,6. Green mirid bug,green_mirid_bug_damage,G03247,f0037282bd832c12fe1e54086d801289e3d65a812e869704168827fb661ee32e
6. Green mirid bug/green_mirid_bug_00208.jpg,6. Green mirid bug,green_mirid_bug_damage,G03248,ab7327a5d265261809a4b663687c226e31ed9109463bc0b766339fa3558eced4
6. Green mirid bug/green_mirid_bug_00209.jpg,6. Green mirid bug,green_mirid_bug_damage,G03249,5006e9c303f0ee5ea9074cef71cc09b6d5296a264ede3ea5108989ab0aebea98
6. Green mirid bug/green_mirid_bug_00211.jpg,6. Green mirid bug,green_mirid_bug_damage,G03251,6075206c6e787b7aa48883a21b260903de026c0bd4da8bc73dae03ce57945d32
6. Green mirid bug/green_mirid_bug_00213.jpg,6. Green mirid bug,green_mirid_bug_damage,G03253,25f42424cc2dd67a50b4c4eb660351e3787e4876335d616cbeb48b115be9ea0a
6. Green mirid bug/green_mirid_bug_00214.jpg,6. Green mirid bug,green_mirid_bug_damage,G03254,25c1b538bb24f7ceb0ccc3d3ca4af1206bf50ae92e8cb7610b909607a3e79ff1
6. Green mirid bug/green_mirid_bug_00216.jpg,6. Green mirid bug,green_mirid_bug_damage,G03256,194dcfba0474f8cdab9a73af9405cd5f6d23e0f369b76751f4aa99d4d77480e8
6. Green mirid bug/green_mirid_bug_00218.jpg,6. Green mirid bug,green_mirid_bug_damage,G03258,31c6ff5070a058c1c664a9b024748f58804d56c279c1394ee6756defd0f3f78d
6. Green mirid bug/green_mirid_bug_00221.jpg,6. Green mirid bug,green_mirid_bug_damage,G03261,a7e6168662950dd8fc100ed71a049f4f0f5c34fbc55708258f70228ec60703df
6. Green mirid bug/green_mirid_bug_00222.jpg,6. Green mirid bug,green_mirid_bug_damage,G03262,e35287784b5bb601fd242b022f7d976d73bf7191963d63ebdb4811390a0763c6
6. Green mirid bug/green_mirid_bug_00223.jpg,6. Green mirid bug,green_mirid_bug_damage,G03263,39ccd6da8ded234e9a61504ee86c696e03168ba774015ab83028cdf4114fd74d
6. Green mirid bug/green_mirid_bug_00225.jpg,6. Green mirid bug,green_mirid_bug_damage,G03265,13eb665d4d24ad846844f2d00b0f85bb19aac98605c1e0a6afdc0ae3719640cd
6. Green mirid bug/green_mirid_bug_00227.jpg,6. Green mirid bug,green_mirid_bug_damage,G03267,7eafa36451418dddeaa5af9df127968c24bcfd14d11ac051e389b76c20c8909e
6. Green mirid bug/green_mirid_bug_00228.jpg,6. Green mirid bug,green_mirid_bug_damage,G03268,c627f88d612c8c0bb14ce83c57128f34097c35998697d71d75ba356abdcfca68
6. Green mirid bug/green_mirid_bug_00229.jpg,6. Green mirid bug,green_mirid_bug_damage,G03269,3cdb428413a605287e56353f3ac556807de725d3ec1980f615302c8215cf3875
6. Green mirid bug/green_mirid_bug_00230.jpg,6. Green mirid bug,green_mirid_bug_damage,G03270,ac227e6d410b4dbe2b683625a3806e6ec1776c3287a3095ef57b1076a0baedf3
6. Green mirid bug/green_mirid_bug_00232.jpg,6. Green mirid bug,green_mirid_bug_damage,G03272,2ca01682397abeb679ddd9fdd80ddee37813af1c350cad0432ee49687318930b
6. Green mirid bug/green_mirid_bug_00233.jpg,6. Green mirid bug,green_mirid_bug_damage,G03273,bbfaa337bda1be1ab28d5fef2e2d0bbc67e4476921b504ed8cbe09a3b22c5803
6. Green mirid bug/green_mirid_bug_00235.jpg,6. Green mirid bug,green_mirid_bug_damage,G03275,433759e10aaca261e73f985b2c03ae940acf456393194d19b0495774728b0c80
6. Green mirid bug/green_mirid_bug_00237.jpg,6. Green mirid bug,green_mirid_bug_damage,G03277,ad7efbb682a9abc766cd88aaabd44be640c118ff479aaf48fa2a7a6c2e8d6430
6. Green mirid bug/green_mirid_bug_00239.jpg,6. Green mirid bug,green_mirid_bug_damage,G03279,3ef461e016e93ef0ac7b9a177f3efe1811b7160d4ac0bc3ba32fb16e926eef77
6. Green mirid bug/green_mirid_bug_00240.jpg,6. Green mirid bug,green_mirid_bug_damage,G03280,114104a35b73e7ecf93c0ff17e8cfd2b7275f000cf1ede91051bf3f2e08b1fba
6. Green mirid bug/green_mirid_bug_00241.jpg,6. Green mirid bug,green_mirid_bug_damage,G03281,67f23ef41ccdecb1a495fd0d030ecab08d07563569ec83df17d75e92f7edc542
6. Green mirid bug/green_mirid_bug_00242.jpg,6. Green mirid bug,green_mirid_bug_damage,G03282,53bce990027a094a2a6ab66f43efdb9083ab15fe9d9116e215989e10805ff762
6. Green mirid bug/green_mirid_bug_00243.jpg,6. Green mirid bug,green_mirid_bug_damage,G03283,a8c943d3bfbbe85a8ad7f14ea0af6225a3ec26d6e7189730b71aff3cbd1a838c
6. Green mirid bug/green_mirid_bug_00244.jpg,6. Green mirid bug,green_mirid_bug_damage,G03284,5d87f637765d721266aa5e11b4c0884392285d10f50b3334173e850040fa9d5d
6. Green mirid bug/green_mirid_bug_00246.jpg,6. Green mirid bug,green_mirid_bug_damage,G03286,c91895303537884693e1a7c42d11a44b8cf4edb365e96469c8e1909dda82ebff
6. Green mirid bug/green_mirid_bug_00247.jpg,6. Green mirid bug,green_mirid_bug_damage,G03287,8b9b3ab208f68dc590e8a878ec8691fc66feea43d10c81c335f903fc7abc2dec
6. Green mirid bug/green_mirid_bug_00248.jpg,6. Green mirid bug,green_mirid_bug_damage,G03288,962bd59cea52551960ab836769143891f3836330fb411a858e104ade06dfe69d
6. Green mirid bug/green_mirid_bug_00249.jpg,6. Green mirid bug,green_mirid_bug_damage,G03289,e416a76b0ed8cc19c07c30b712d3be89356f295b6db221c275415605bdbb5b24
6. Green mirid bug/green_mirid_bug_00250.jpg,6. Green mirid bug,green_mirid_bug_damage,G03290,a5f52c289cfda624e9cdd0b8a3261c1366f6291b612bb518659485ae4ce3242f
6. Green mirid bug/green_mirid_bug_00251.jpg,6. Green mirid bug,green_mirid_bug_damage,G03291,f049fe93ab3a830356f84ad4088bd927885f7c03b5fca2aad58a12ad62b8f21f
6. Green mirid bug/green_mirid_bug_00252.jpg,6. Green mirid bug,green_mirid_bug_damage,G03292,6594272002fd07a472c3b99df3df34ba3a9afc3cb4d32965dfb5c896249f2285
6. Green mirid bug/green_mirid_bug_00253.jpg,6. Green mirid bug,green_mirid_bug_damage,G03293,9d222608fd86f78e0532075453756f6814ca2491cd27a4f0fcdaf1c2767a3034
6. Green mirid bug/green_mirid_bug_00254.jpg,6. Green mirid bug,green_mirid_bug_damage,G03294,0b7288c135f0bf753486d27365dcdce9db62725dc5f5b785b2921435c4cedb9a
6. Green mirid bug/green_mirid_bug_00255.jpg,6. Green mirid bug,green_mirid_bug_damage,G03295,42737bc187484b2b945378b3e26e0c42e916adb67735263b495c4bac8f9e9144
6. Green mirid bug/green_mirid_bug_00256.jpg,6. Green mirid bug,green_mirid_bug_damage,G03296,a7fadaadb878707b131f20e638ab6237f460211a2aaba60da16a4ea3d112a323
6. Green mirid bug/green_mirid_bug_00257.jpg,6. Green mirid bug,green_mirid_bug_damage,G03297,b74461cf927a14512af18b067eb57c92d55713d6c31d6f274e91e3203d6e6dfe
6. Green mirid bug/green_mirid_bug_00258.jpg,6. Green mirid bug,green_mirid_bug_damage,G03298,d10945641e4ee1010d60f71086c32969d718309363f289b9996ec47fc520993d
6. Green mirid bug/green_mirid_bug_00259.jpg,6. Green mirid bug,green_mirid_bug_damage,G03299,76033657672b99f5c585ffa6a95a168e8be9c9c57ae894e440dc79a588e953fc
6. Green mirid bug/green_mirid_bug_00260.jpg,6. Green mirid bug,green_mirid_bug_damage,G03300,43c618c3ddbf5fbf1336521a57b4ed7ce33c6f167231897041d1d7eb4cef9196
6. Green mirid bug/green_mirid_bug_00261.jpg,6. Green mirid bug,green_mirid_bug_damage,G03301,8a77870e4342f6fbf6572cec021f2123910e360c4fd6aff442d6f342c2a075f3
6. Green mirid bug/green_mirid_bug_00262.jpg,6. Green mirid bug,green_mirid_bug_damage,G03302,13a249336e2521688989df71d69ba8ad5313ad33dddf9336d393135360403969
6. Green mirid bug/green_mirid_bug_00263.jpg,6. Green mirid bug,green_mirid_bug_damage,G03303,bc25d465bf96451e57c990b0241a2754e7b911b951e918fafa4dd4c7f19e5894
6. Green mirid bug/green_mirid_bug_00264.jpg,6. Green mirid bug,green_mirid_bug_damage,G03304,87dabb8c6e266831d8dac4104ff80565a3760f1ff1737df2dce8baa1d25609ff
6. Green mirid bug/green_mirid_bug_00265.jpg,6. Green mirid bug,green_mirid_bug_damage,G03305,6f16bac7138d346661366fbc85d5cb2c6f2f5fbc799eb5c23191d3838fd9cfc2
6. Green mirid bug/green_mirid_bug_00266.jpg,6. Green mirid bug,green_mirid_bug_damage,G03306,6e3453e3fbe95190a82a5572dded3d9fa225ca1596097a1f2ac302d2ff0bcc7b
6. Green mirid bug/green_mirid_bug_00267.jpg,6. Green mirid bug,green_mirid_bug_damage,G03307,ae46a0e4362ad1d658d84e30db98bb9471fabc1fbb22b6b30d65bf0ba47ae6ba
6. Green mirid bug/green_mirid_bug_00268.jpg,6. Green mirid bug,green_mirid_bug_damage,G03308,65603686ba9f0d73cfb864164a05a649dfa7dd1c9bd1a410cedc326b39769150
6. Green mirid bug/green_mirid_bug_00270.jpg,6. Green mirid bug,green_mirid_bug_damage,G03310,a9966e9a0d4efacd42d55a25538daa48f30e5070e93950c0eee2b28cd1684503
6. Green mirid bug/green_mirid_bug_00271.jpg,6. Green mirid bug,green_mirid_bug_damage,G03311,d369001cef83fd81c273ea512c51cb2eb9ed4b918f50f4b0d3f50f3aeda641c2
6. Green mirid bug/green_mirid_bug_00273.jpg,6. Green mirid bug,green_mirid_bug_damage,G03313,2fa00843ce3f14a020fc7ded9470f2824ed3c666671240532b7808cbb903370c
6. Green mirid bug/green_mirid_bug_00274.jpg,6. Green mirid bug,green_mirid_bug_damage,G03314,9a4804e2b6a4dbe979322b2df817d80620d88fc9d23a29ffd3e2648de4b2212e
6. Green mirid bug/green_mirid_bug_00275.jpg,6. Green mirid bug,green_mirid_bug_damage,G03315,89f9b83a8ac70007483681585e4ca7fcc88f3956165d9a4fe6e6367e454c7fa4
6. Green mirid bug/green_mirid_bug_00276.jpg,6. Green mirid bug,green_mirid_bug_damage,G03316,8d3a0ed5a3dd21343dec4ac7e0e313bc2a3b6509e2eeb67037e4bcc423eb1bf6
6. Green mirid bug/green_mirid_bug_00277.jpg,6. Green mirid bug,green_mirid_bug_damage,G03317,99abf41979e35043ebcc4fcb8d2133bf7940be31761eb58167d981b9b8371588
6. Green mirid bug/green_mirid_bug_00280.jpg,6. Green mirid bug,green_mirid_bug_damage,G03320,79c664ffb2caf704e80f9825a8b5ccf3372c69eead42ef7370c6705ccaebbc7f
6. Green mirid bug/green_mirid_bug_00281.jpg,6. Green mirid bug,green_mirid_bug_damage,G03321,92d19b46698774067087f0bb2daff5ee9c627cbbb434c0d866f34d2cf9da375e
6. Green mirid bug/green_mirid_bug_00283.jpg,6. Green mirid bug,green_mirid_bug_damage,G03323,9f3f086374c57c6998ccf7612539c8997ba14870666a2636d6346f3e26c98a14
6. Green mirid bug/green_mirid_bug_00284.jpg,6. Green mirid bug,green_mirid_bug_damage,G03324,0176c7cbfddfe5643fa290abdb6fbc35443d20c81c59393da91f24f6a30347b6
6. Green mirid bug/green_mirid_bug_00288.jpg,6. Green mirid bug,green_mirid_bug_damage,G03328,4b90e8ab2f86d849540b843e62d85a7569f63a624103b84eac5c0b1810dbcacd
6. Green mirid bug/green_mirid_bug_00289.jpg,6. Green mirid bug,green_mirid_bug_damage,G03329,31b0da7a6af4a8f0d908c08eeeeab273d5b43ae092e877c95d055a6eef9954f4
6. Green mirid bug/green_mirid_bug_00290.jpg,6. Green mirid bug,green_mirid_bug_damage,G03330,66fc7fea34618290c27c7f5c2a8ec9a569b29c26f69e83e465ff2427f77fa7a3
6. Green mirid bug/green_mirid_bug_00292.jpg,6. Green mirid bug,green_mirid_bug_damage,G03332,47335a1844703bb0245618662f1a52795a62528136ba447b0ec1d5d62f6703f9
6. Green mirid bug/green_mirid_bug_00293.jpg,6. Green mirid bug,green_mirid_bug_damage,G03333,27ead74128066a8c10ac0815e44af7b1ae4a2b6819289432bc2bdcaed3645924
6. Green mirid bug/green_mirid_bug_00294.jpg,6. Green mirid bug,green_mirid_bug_damage,G03334,0e9a08025f79135799c0388298846b21ae0d4f47e16c6831dc76f9f6089072ea
6. Green mirid bug/green_mirid_bug_00295.jpg,6. Green mirid bug,green_mirid_bug_damage,G03335,6ec2abdeedbf801fe0e6e3cf3fd8d9efffcadcfba4c26fad8131194f5e1daee7
6. Green mirid bug/green_mirid_bug_00297.jpg,6. Green mirid bug,green_mirid_bug_damage,G03337,3d3c8f4664743929eb00b67a06f0e3ab67bb59052e4595986d5a052db440d951
6. Green mirid bug/green_mirid_bug_00298.jpg,6. Green mirid bug,green_mirid_bug_damage,G03338,c3eb0c666c5cc136a6b56379711d21c5038a8fc9d75d2b78eec54a170c4a8ce1
6. Green mirid bug/green_mirid_bug_00301.jpg,6. Green mirid bug,green_mirid_bug_damage,G03341,3c166ba6b3a5b125c469f07f1e0aab36e7045b9ad2a786ea9b489375c4cb5ba4
6. Green mirid bug/green_mirid_bug_00302.jpg,6. Green mirid bug,green_mirid_bug_damage,G03342,92738168da638b9b113daee868c22cef5872b7b6791bf877181a87aa0dbc655c
6. Green mirid bug/green_mirid_bug_00303.jpg,6. Green mirid bug,green_mirid_bug_damage,G03343,1171e28963e57999c877768a5402f3802911f619f797c1a7eacc60e3b5f02da5
6. Green mirid bug/green_mirid_bug_00304.jpg,6. Green mirid bug,green_mirid_bug_damage,G03344,3c34bcd3fce81acdef186465981e6b20d6b492687edc3e72b56e29592a2d2300
6. Green mirid bug/green_mirid_bug_00306.jpg,6. Green mirid bug,green_mirid_bug_damage,G03346,d5cf5d1672843e0b0f211a033809cd671153e6b8babe1249466d3c844d163ab5
6. Green mirid bug/green_mirid_bug_00307.jpg,6. Green mirid bug,green_mirid_bug_damage,G03347,77cfc1324172803b76c8a19255606faa7d2c415a92efd826a5cbc91787e16e78
6. Green mirid bug/green_mirid_bug_00308.jpg,6. Green mirid bug,green_mirid_bug_damage,G03348,bcd3998140fed0b09e267daeee2b732feebf3492e0eaeb554286a95ab137048b
6. Green mirid bug/green_mirid_bug_00310.jpg,6. Green mirid bug,green_mirid_bug_damage,G03350,23c3cb577a86dfeb5cf5629f0ff1f407149ed1e7f96b52715ff5800785872d6a
6. Green mirid bug/green_mirid_bug_00311.jpg,6. Green mirid bug,green_mirid_bug_damage,G03351,fe9731e50d486ff9a0df18ced5d46b550945aa1badb0efc290b01e543532da34
6. Green mirid bug/green_mirid_bug_00312.jpg,6. Green mirid bug,green_mirid_bug_damage,G03352,575cf764385dd76bf4586994988d68a19d85b92766c929db382eb25bee2e2b76
6. Green mirid bug/green_mirid_bug_00314.jpg,6. Green mirid bug,green_mirid_bug_damage,G03354,319d89f7201b9fdef483eb676ebc3718c681cf1f9f0654969846bc6b74ec2fe8
6. Green mirid bug/green_mirid_bug_00315.jpg,6. Green mirid bug,green_mirid_bug_damage,G03355,a7b8f03e88a0edf1376c4c31cefe334fc74b5f279576ccfb9dff1dabaa1d964d
6. Green mirid bug/green_mirid_bug_00317.jpg,6. Green mirid bug,green_mirid_bug_damage,G03357,e01cc0eddd6a4582929fbb4e40721f3d700a9b55e69551e668bb62762a38c4df
6. Green mirid bug/green_mirid_bug_00318.jpg,6. Green mirid bug,green_mirid_bug_damage,G03358,fead63d2493188b31d54bc4f7867c4c101b3616ed740d0494f54237e995dee5d
6. Green mirid bug/green_mirid_bug_00319.jpg,6. Green mirid bug,green_mirid_bug_damage,G03359,ee9ebd07d354013bfdd546ab9cafcc8ef732b65a50ea51ab6711881dff97e63b
6. Green mirid bug/green_mirid_bug_00320.jpg,6. Green mirid bug,green_mirid_bug_damage,G03360,6dab4a661901bb74eabaaa5149deb8529424dbeb784b46ace286758fa84ee359
6. Green mirid bug/green_mirid_bug_00322.jpg,6. Green mirid bug,green_mirid_bug_damage,G03362,ec6a878e62d23f7068f48d71f16d7723403689eda2e9f39f264bd1ff26906630
6. Green mirid bug/green_mirid_bug_00324.jpg,6. Green mirid bug,green_mirid_bug_damage,G03364,6a43f80a2205d228abb2c1c77aada639a6c6621ab69e4f5d8734c57dea018732
6. Green mirid bug/green_mirid_bug_00325.jpg,6. Green mirid bug,green_mirid_bug_damage,G03365,8c4d0f90a7f5520d6748ecf6304ef46bf60ea667dcfe270cb0bb9486b1a06a1e
6. Green mirid bug/green_mirid_bug_00326.jpg,6. Green mirid bug,green_mirid_bug_damage,G03366,a5a1ef49256333898f555c7c816c8a3658c31d1c33896d3361065ec1e2d28f82
6. Green mirid bug/green_mirid_bug_00327.jpg,6. Green mirid bug,green_mirid_bug_damage,G03367,4444013080cc3296ea867f3739ec00267c1f3f2d95c24057f417e15583e3ca99
6. Green mirid bug/green_mirid_bug_00329.jpg,6. Green mirid bug,green_mirid_bug_damage,G03369,5484a712ccd85291799991f65921966aa2ac0c2d0e7a1734151d0ad3428f37de
6. Green mirid bug/green_mirid_bug_00330.jpg,6. Green mirid bug,green_mirid_bug_damage,G03370,be7760261146578b0e275cd2ac408c7ee27ced1297845228074335140f51eb35
6. Green mirid bug/green_mirid_bug_00331.jpg,6. Green mirid bug,green_mirid_bug_damage,G03371,a5aee5c5e90b0b886fdcb29774837f626941d8f4bf263e50f00fcde1ae171930
6. Green mirid bug/green_mirid_bug_00332.jpg,6. Green mirid bug,green_mirid_bug_damage,G03372,28575b0db2c71d7d10fbb46d66b3ae55a9684c6ebd1aedb31ff0704b35f1f71b
6. Green mirid bug/green_mirid_bug_00335.jpg,6. Green mirid bug,green_mirid_bug_damage,G03375,ac2cd1ce49b58a0bdfdf321ce87ff40ea0c617e368569f0d12c3b391f7d717d6
6. Green mirid bug/green_mirid_bug_00336.jpg,6. Green mirid bug,green_mirid_bug_damage,G03376,83a85761eb761e915fb7334a9d4be000d11d4b441163cf3c42fa97ecb9336544
6. Green mirid bug/green_mirid_bug_00338.jpg,6. Green mirid bug,green_mirid_bug_damage,G03378,c6aa37eb5e62896bdcb10f2c18326fc4a4a4e6c1a8ad576aeaacc1fc39a64646
6. Green mirid bug/green_mirid_bug_00339.jpg,6. Green mirid bug,green_mirid_bug_damage,G03379,d6f81638996d8304a854e3fab9baab4521b39a302fffdd8ef277ee6b270f703f
6. Green mirid bug/green_mirid_bug_00340.jpg,6. Green mirid bug,green_mirid_bug_damage,G03380,84faf3f991f86568a2eee67e5ee28ffb608f1fe2aa212c1a11b7e9fcc417f64d
6. Green mirid bug/green_mirid_bug_00342.jpg,6. Green mirid bug,green_mirid_bug_damage,G03382,36db958edf8545f5cbfb786c940972471afba6259fa8da5fb13e2dddb8cd739e
6. Green mirid bug/green_mirid_bug_00344.jpg,6. Green mirid bug,green_mirid_bug_damage,G03384,9522bf1afc06d378fcc6f09c298f6750bf649fda27a644e904ddb83e5a56c78c
6. Green mirid bug/green_mirid_bug_00345.jpg,6. Green mirid bug,green_mirid_bug_damage,G03385,e3eabbc42bb5b420656b05119b8f0ff9119ab2007f4da94023bfa7a0eee4e366
6. Green mirid bug/green_mirid_bug_00346.jpg,6. Green mirid bug,green_mirid_bug_damage,G03386,324500531ec7d11f2ddcb6c77da55295d657a8a92e27896a1242bb6869ad0782
6. Green mirid bug/green_mirid_bug_00347.jpg,6. Green mirid bug,green_mirid_bug_damage,G03387,29dbd7e992d476c14121a2e28184b04e17f52b0dffc1a23bbfca05dd4e7aa0ab
6. Green mirid bug/green_mirid_bug_00349.jpg,6. Green mirid bug,green_mirid_bug_damage,G03389,0dad1188fa9ecd78c404502916691f3a5215529f930df50dc2d2633dabf91858
6. Green mirid bug/green_mirid_bug_00350.jpg,6. Green mirid bug,green_mirid_bug_damage,G03390,782997a6ca40691e4ce4b259a4e244b0ccef9d7ad384b28337a8e6c15f553ac3
6. Green mirid bug/green_mirid_bug_00351.jpg,6. Green mirid bug,green_mirid_bug_damage,G03391,caeaeb973d0b6293bf573753ff51622e61b7b3da26bc90b010470bfdd7d9eca2
6. Green mirid bug/green_mirid_bug_00352.jpg,6. Green mirid bug,green_mirid_bug_damage,G03392,64244de01b5ae107ed36e5ca4ef31626164527b77fb271590b91527e639362bb
6. Green mirid bug/green_mirid_bug_00353.jpg,6. Green mirid bug,green_mirid_bug_damage,G03393,82d3e0d5b525532069e2d43d5906bf6a6ce3b99f25b1e34a8259c9963d0a6883
6. Green mirid bug/green_mirid_bug_00354.jpg,6. Green mirid bug,green_mirid_bug_damage,G03394,d5b425b2f877b5094fbd9b9482368788deacbf5778bfbeb8fe2465c8520a0fe6
6. Green mirid bug/green_mirid_bug_00355.jpg,6. Green mirid bug,green_mirid_bug_damage,G03395,c6574172fd2a55bd25c7a9c779eb173868d1a01183c2a860a80672f42bd60511
6. Green mirid bug/green_mirid_bug_00356.jpg,6. Green mirid bug,green_mirid_bug_damage,G03396,8369a6a15ceedbe980bc7856c7000c9b8ea8ae4d94b4381ec43a8f919e0f5de4
6. Green mirid bug/green_mirid_bug_00359.jpg,6. Green mirid bug,green_mirid_bug_damage,G03399,44e5d1fdb49b4cddeaaddbbaab6564948f6876cf1dc37b9437609b6430c51018
6. Green mirid bug/green_mirid_bug_00360.jpg,6. Green mirid bug,green_mirid_bug_damage,G03400,c50abcda92afe9a694923c17917b5ea8c1e3522e1189726fdde5a734c965f8a2
6. Green mirid bug/green_mirid_bug_00362.jpg,6. Green mirid bug,green_mirid_bug_damage,G03402,b4c92a6e22529eed6c005ad824fea4f9be738d4e3a2feae041a1c6de8445ae91
6. Green mirid bug/green_mirid_bug_00363.jpg,6. Green mirid bug,green_mirid_bug_damage,G03403,494daa0eb01cea188768e36ebb5ae41262326c51a99e3a18d378e6029e2c6ed9
6. Green mirid bug/green_mirid_bug_00365.jpg,6. Green mirid bug,green_mirid_bug_damage,G03405,4b2bfd0571801689061e340b6c9d8dacfbf7b6b08592acf60dc76b716c46416e
6. Green mirid bug/green_mirid_bug_00366.jpg,6. Green mirid bug,green_mirid_bug_damage,G03406,9c1c4906e79b11f08b7e513de2039b4cbab25ca7ddb68743c05b014b72f9de11
6. Green mirid bug/green_mirid_bug_00367.jpg,6. Green mirid bug,green_mirid_bug_damage,G03407,c21afefd36f64375a7b2fff6262645dc0feaddeade17384403439f7ad8236cd9
6. Green mirid bug/green_mirid_bug_00370.jpg,6. Green mirid bug,green_mirid_bug_damage,G03410,6f5529d4c89deba07bd32b5c7067831683c6367c827edfffc791e45d5a75fe81
6. Green mirid bug/green_mirid_bug_00371.jpg,6. Green mirid bug,green_mirid_bug_damage,G03411,5fb78ab26a7c30d2433385cdb60ae059316bd462f132321ea2a8aa19e4821f8a
6. Green mirid bug/green_mirid_bug_00372.jpg,6. Green mirid bug,green_mirid_bug_damage,G03412,0134730fc94fd436caf65a3e54e4dbeb03d9d75bdf3cdbcca5d417a81c5b9050
6. Green mirid bug/green_mirid_bug_00373.jpg,6. Green mirid bug,green_mirid_bug_damage,G03413,78ab73ff66c1a13f1b56339747957bcf24ae4827ba89e49ba1563c317c7d80e9
6. Green mirid bug/green_mirid_bug_00374.jpg,6. Green mirid bug,green_mirid_bug_damage,G03414,c87bca7316db1a8340b494dbc652b2e6cd4ece972197f23ed60eb259d8217d75
6. Green mirid bug/green_mirid_bug_00376.jpg,6. Green mirid bug,green_mirid_bug_damage,G03416,5076cedd53f7f6e4d5dbcd8d57d8911c0d5743781b6e31daa256b8570f633a0a
6. Green mirid bug/green_mirid_bug_00377.jpg,6. Green mirid bug,green_mirid_bug_damage,G03417,99715f0748165865b1a2dd46ade5417eaaf6910f6e0c1d5efd41c18a68661701
6. Green mirid bug/green_mirid_bug_00379.jpg,6. Green mirid bug,green_mirid_bug_damage,G03419,fb75489f9097e042231663f99200e01307f7a80a333599d3e8d0f2e335fb2303
6. Green mirid bug/green_mirid_bug_00380.jpg,6. Green mirid bug,green_mirid_bug_damage,G03420,cf4cb9a4be0084cd57a8d5e224b5c3b45e0d3a85fcec73bdfb843ad619618d1c
6. Green mirid bug/green_mirid_bug_00385.jpg,6. Green mirid bug,green_mirid_bug_damage,G03425,a3af486cb3f2bf72a2be0c21b12c4319abe291ad1dc1062160e739351239e2e1
6. Green mirid bug/green_mirid_bug_00386.jpg,6. Green mirid bug,green_mirid_bug_damage,G03426,e08c58ef02128cdaabe404a6ccfd6f45c6a37af5ee2f4aa70a632648ac534363
6. Green mirid bug/green_mirid_bug_00387.jpg,6. Green mirid bug,green_mirid_bug_damage,G03427,999dc5d5e597fa4446237b5ae542e6d1294fd606e557b2986b42c3c64903a024
6. Green mirid bug/green_mirid_bug_00388.jpg,6. Green mirid bug,green_mirid_bug_damage,G00032,6b7926e835af3fbcff09e6783f236287301faffbdbc3a1657bb251cbe0a1a276
6. Green mirid bug/green_mirid_bug_00389.jpg,6. Green mirid bug,green_mirid_bug_damage,G00032,bf8a8eee399d14d0fd1e79642abae426e104ac8053b10bab86c5d2eec638efca
6. Green mirid bug/green_mirid_bug_00390.jpg,6. Green mirid bug,green_mirid_bug_damage,G03428,a2b2d655064333d8df2f4b947c2eccf43b23d0be8a21cdca650b5bc4d96baec4
6. Green mirid bug/green_mirid_bug_00391.jpg,6. Green mirid bug,green_mirid_bug_damage,G03429,8ee839f7f55c6b5e2f77f0a3794cb781b110c3360d24d8ef27480b3d0a682515
6. Green mirid bug/green_mirid_bug_00392.jpg,6. Green mirid bug,green_mirid_bug_damage,G03430,a7fbe57f7df061db3f5deb83ea03ffc65014446e820479000e5d3c9eeac65d63
6. Green mirid bug/green_mirid_bug_00395.jpg,6. Green mirid bug,green_mirid_bug_damage,G03433,0e5e72a99ce2f3b89b30e8952c5f5f64cf398ee96fe9a72bdae644a0532b8363
6. Green mirid bug/green_mirid_bug_00396.jpg,6. Green mirid bug,green_mirid_bug_damage,G03434,c15c6d22048d349322cbd2c7df428286b95f22e61d4cccf3d3d0b89d8a994e60
6. Green mirid bug/green_mirid_bug_00397.jpg,6. Green mirid bug,green_mirid_bug_damage,G03435,a5faefe8c4a27f723de2cc862fe7646517a128698d0fa7de6083319b17a43787
6. Green mirid bug/green_mirid_bug_00399.jpg,6. Green mirid bug,green_mirid_bug_damage,G03437,9f5222023f4b1774ca64e45461e94b27ffbaaa0fde67b438ff2476a0776541b3
6. Green mirid bug/green_mirid_bug_00400.jpg,6. Green mirid bug,green_mirid_bug_damage,G03438,97ef7a64a0449b5a7a65a29563147675d114b31d4ad36e607a0a19ca3f617b0a
6. Green mirid bug/green_mirid_bug_00403.jpg,6. Green mirid bug,green_mirid_bug_damage,G03441,89af4c17b2b7cba9f02743293a80579383cdfec010c1d4b806561fc71984d3bf
6. Green mirid bug/green_mirid_bug_00404.jpg,6. Green mirid bug,green_mirid_bug_damage,G03442,89dcbc966c59f84e9980977eb01d0a4cd039793f7dad4a75a845cc848efefc6f
6. Green mirid bug/green_mirid_bug_00406.jpg,6. Green mirid bug,green_mirid_bug_damage,G03444,0b807176062aa69ab46e957075217c8b74179a6f41aa351f386474c0c0f8a9a4
6. Green mirid bug/green_mirid_bug_00407.jpg,6. Green mirid bug,green_mirid_bug_damage,G03445,9f05187879214f28eb97f80cd4b3ce01da044919c7bbf0dd209dc2e624c6475d
6. Green mirid bug/green_mirid_bug_00408.jpg,6. Green mirid bug,green_mirid_bug_damage,G03446,beabfdcd636c7048b36b9c82efc1421ed53508b7891380c1c776d44c0ca13993
6. Green mirid bug/green_mirid_bug_00409.jpg,6. Green mirid bug,green_mirid_bug_damage,G03447,8ba3802ed7c91f833fa7116ec7ef479d56f5bccac2bba568a83302463413abf8
6. Green mirid bug/green_mirid_bug_00411.jpg,6. Green mirid bug,green_mirid_bug_damage,G03449,810fbaf76b93303e6d7c95a1803c0336dd0a783d7e3b9eae8f277420f2bdb9c4
6. Green mirid bug/green_mirid_bug_00413.jpg,6. Green mirid bug,green_mirid_bug_damage,G03451,030c01cf6edbf7fcf27ad61281f5b84087ef78fe50e3ee08a60fbc7eb2d26b31
6. Green mirid bug/green_mirid_bug_00414.jpg,6. Green mirid bug,green_mirid_bug_damage,G03452,64af3aef1bfa8537ddc4e676d38aa0357acea1738441fac8af9cae693e87e02d
6. Green mirid bug/green_mirid_bug_00415.jpg,6. Green mirid bug,green_mirid_bug_damage,G03453,06402c4e12aa2ba2d25b79b4dcd1610381377a1a71c882bce1cf72772e0f75cd
6. Green mirid bug/green_mirid_bug_00416.jpg,6. Green mirid bug,green_mirid_bug_damage,G03454,013c7ee508e1cfb80879fe1dbb5c9e388f1f4387d4ebd5f00f1953832bc72f97
6. Green mirid bug/green_mirid_bug_00417.jpg,6. Green mirid bug,green_mirid_bug_damage,G03455,db9f17eec423fa1d4b27bc9e43e5bc26bf8da408f6105206c6fab11cd117cb97
6. Green mirid bug/green_mirid_bug_00418.jpg,6. Green mirid bug,green_mirid_bug_damage,G03456,ca22e300a9e7b04b3a1618f211a0774d678a6edd90895828626c8a3e200c7a72
6. Green mirid bug/green_mirid_bug_00420.jpg,6. Green mirid bug,green_mirid_bug_damage,G03458,d8499f15052a487ca962c368dba507bdddad144580b6bf6ff3630d8cbd6c811c
6. Green mirid bug/green_mirid_bug_00421.jpg,6. Green mirid bug,green_mirid_bug_damage,G03459,32ea8b3a506d10ab591b1d2d120dab4b559070db495175d0cdf32a6029393efd
6. Green mirid bug/green_mirid_bug_00423.jpg,6. Green mirid bug,green_mirid_bug_damage,G03461,b3d0f7a11a483340e90202c425d8cefdcd6dc85076120fab62fd15646becc5f9
6. Green mirid bug/green_mirid_bug_00427.jpg,6. Green mirid bug,green_mirid_bug_damage,G03465,de806c5c7cf87c08a2fe87698140ffede15a76574f128b5c5186a7e5f9e4ef59
6. Green mirid bug/green_mirid_bug_00428.jpg,6. Green mirid bug,green_mirid_bug_damage,G03466,8ed75bcee2156a12c120a8e6622b268e4d8cbd8b435b1c1cbaae0d7114c5fa6b
6. Green mirid bug/green_mirid_bug_00431.jpg,6. Green mirid bug,green_mirid_bug_damage,G03469,145799d7f75a97c11c6602ba2cb346ff773e1acbeee7b72e128efbb28d139220
6. Green mirid bug/green_mirid_bug_00432.jpg,6. Green mirid bug,green_mirid_bug_damage,G03470,79b22e91e4b78f68169d39b5095ea572b34204eeeb78eb35647092e13f1656c3
6. Green mirid bug/green_mirid_bug_00435.jpg,6. Green mirid bug,green_mirid_bug_damage,G03473,46bdec6e328f2e52ed525ab1c273bc743bd787ab58d639499b3abfd9b61a5ca4
6. Green mirid bug/green_mirid_bug_00436.jpg,6. Green mirid bug,green_mirid_bug_damage,G03474,677adcc8eac81516cffc30348bb9dfea11cfd7eddc8ddae4f03de7163340a07a
6. Green mirid bug/green_mirid_bug_00437.jpg,6. Green mirid bug,green_mirid_bug_damage,G03475,a184f05e4423cdb9ade925f25611307e5a7a6c18f1c738bd6c742933b2286091
6. Green mirid bug/green_mirid_bug_00438.jpg,6. Green mirid bug,green_mirid_bug_damage,G03476,6bf8fa4b312a9cc4d4d99af3acb9c3d77bc79861df68a90b0fddbaa8961fd16d
6. Green mirid bug/green_mirid_bug_00439.jpg,6. Green mirid bug,green_mirid_bug_damage,G03477,c738d0ae0ea66e6fca8e1d065d885dabc8592b76fd17a1726f44cb03f6cae061
6. Green mirid bug/green_mirid_bug_00441.jpg,6. Green mirid bug,green_mirid_bug_damage,G03479,b499dc9274bd13a68615f7abed4a569e5cbd46c52bc235f61d3a2269f8f65432
6. Green mirid bug/green_mirid_bug_00442.jpg,6. Green mirid bug,green_mirid_bug_damage,G03480,e6ea2947693870782c1ea809225af9c76fcf579ce586242efeab9f0b2cc325b1
6. Green mirid bug/green_mirid_bug_00443.jpg,6. Green mirid bug,green_mirid_bug_damage,G03481,6cbe76e378a87284583633c575773f6b15765f83ed8ded332b23a20fbd8bc5e9
6. Green mirid bug/green_mirid_bug_00444.jpg,6. Green mirid bug,green_mirid_bug_damage,G03482,39ec12653e049085fdbda5e7adf23c65971ae26edb1214274f1e784d5a2bb9af
6. Green mirid bug/green_mirid_bug_00445.jpg,6. Green mirid bug,green_mirid_bug_damage,G03483,6e0eddaa451b6995b7635e4e7667fbc73779bd3a165e9350b7f84f4eaeaa306d
6. Green mirid bug/green_mirid_bug_00446.jpg,6. Green mirid bug,green_mirid_bug_damage,G03484,b28f1edb3ebb9d1574b48cc0c0f802071e0f5b9266caf6022fe02afa52dd75e7
6. Green mirid bug/green_mirid_bug_00447.jpg,6. Green mirid bug,green_mirid_bug_damage,G03485,668c38046e8618b8a607b741b4d96244bcaefc3f28a32d6882b48736bd590a94
6. Green mirid bug/green_mirid_bug_00448.jpg,6. Green mirid bug,green_mirid_bug_damage,G03486,8effbd3416968588f8a7f74e41f47898699d095d52eb150f67d658744dcfed78
6. Green mirid bug/green_mirid_bug_00449.jpg,6. Green mirid bug,green_mirid_bug_damage,G03487,f658694c455e370a399262432930aed25a50f06b8fe6c575fb0cdf16f7ec9835
6. Green mirid bug/green_mirid_bug_00450.jpg,6. Green mirid bug,green_mirid_bug_damage,G03488,d5e0f8e6f6bd640e3a68747d2c05deab8dd98515779a7bc951a76dd97e63d2a6
6. Green mirid bug/green_mirid_bug_00451.jpg,6. Green mirid bug,green_mirid_bug_damage,G03489,4d24ccfc3b30a2a0d98c1e08670fbbc3ec10ecf7a7dc471f6f1559fa89dc1bdc
6. Green mirid bug/green_mirid_bug_00452.jpg,6. Green mirid bug,green_mirid_bug_damage,G03490,032fdeb675fe77c66f054efa52ac89c22689a3389c578cb1b91588f47e0dc2fc
6. Green mirid bug/green_mirid_bug_00454.jpg,6. Green mirid bug,green_mirid_bug_damage,G03492,8b463da4f30fed0a29b67be282d6dda5e5aa42c3015f7562ad39ff84d0a190b0
6. Green mirid bug/green_mirid_bug_00456.jpg,6. Green mirid bug,green_mirid_bug_damage,G03494,137e7dfda258b1502c62ef88e9f727facdc8003b007fbd5574398f16efc398de
6. Green mirid bug/green_mirid_bug_00457.jpg,6. Green mirid bug,green_mirid_bug_damage,G03495,d0b3a210f2a2686a7bab7110132d0e77f65af4c79f63e978eba960b221955102
6. Green mirid bug/green_mirid_bug_00458.jpg,6. Green mirid bug,green_mirid_bug_damage,G03496,f9dc42a46c09d7155078c4e8c5eee85eb844f0857907604f0b9ec4a8e35e8ee4
6. Green mirid bug/green_mirid_bug_00459.jpg,6. Green mirid bug,green_mirid_bug_damage,G03497,3a6ac50b77ee34b3052db0df4476763ed7f48a1ffc1f78bb5990e36d55a23f06
6. Green mirid bug/green_mirid_bug_00460.jpg,6. Green mirid bug,green_mirid_bug_damage,G03498,e6f58af32f94e553216b3cbe23bbab69292df1472e31ffac8563b21021d9eec0
6. Green mirid bug/green_mirid_bug_00461.jpg,6. Green mirid bug,green_mirid_bug_damage,G03499,031c9dc91609297aa198d5db1993679fd8143cb2b02aacb24f01a7e002c49c42
6. Green mirid bug/green_mirid_bug_00463.jpg,6. Green mirid bug,green_mirid_bug_damage,G03501,1d62b362b508c88daa80aa1cc7ab8de95b3262c269dde4d7a78dd2a04535dca8
6. Green mirid bug/green_mirid_bug_00464.jpg,6. Green mirid bug,green_mirid_bug_damage,G03502,d913cbdfe9c790f2b814c0e7dd1982759cb6ad3638db83d9e3fead8bd1ccd2f1
6. Green mirid bug/green_mirid_bug_00465.jpg,6. Green mirid bug,green_mirid_bug_damage,G03503,940bc0a852cf74678e561128ede76ed226a6676b92676ce9bbd8718164e439e9
6. Green mirid bug/green_mirid_bug_00466.jpg,6. Green mirid bug,green_mirid_bug_damage,G03504,2850ed99169e0dac294e5229d1d2bb5392032e885ec45d39b5063f6f4b569aca
6. Green mirid bug/green_mirid_bug_00467.jpg,6. Green mirid bug,green_mirid_bug_damage,G03505,b2b41198cc4d25d64ba8662f7c0a0c480626ebe14f1293d92d9f0de41400bb61
6. Green mirid bug/green_mirid_bug_00470.jpg,6. Green mirid bug,green_mirid_bug_damage,G03508,5a5ec1c1ef97a7232b6a71aa850084b476c9f4a832278e3eb0c212a760b007c5
6. Green mirid bug/green_mirid_bug_00472.jpg,6. Green mirid bug,green_mirid_bug_damage,G03510,15f41f1571699a5bf608a9bfd3f81b5202a49ada2769a1dfe8835a95d06ef030
6. Green mirid bug/green_mirid_bug_00473.jpg,6. Green mirid bug,green_mirid_bug_damage,G03511,191a7108a43f6f348b646732df321d89946d3f9c91eeb8b78bbdf33a74f863d0
6. Green mirid bug/green_mirid_bug_00474.jpg,6. Green mirid bug,green_mirid_bug_damage,G03512,884bf6dcc61179400ff7fb12904004a957296a1d28dd94d71ac4c645d137751f
6. Green mirid bug/green_mirid_bug_00477.jpg,6. Green mirid bug,green_mirid_bug_damage,G03515,86fa0815764a06b2e81f67952adef2f51f303ed35eed8efacf3d4d8038edb25b
6. Green mirid bug/green_mirid_bug_00478.jpg,6. Green mirid bug,green_mirid_bug_damage,G03516,38a4fc6f79e3b55150eb6d15050aa5eb7eb5b4d44e624909c8c3a9c761b692bd
6. Green mirid bug/green_mirid_bug_00479.jpg,6. Green mirid bug,green_mirid_bug_damage,G03517,530ae86e3be2cf9713609ec64fc63c3947380a61859312880358bb121f697189
6. Green mirid bug/green_mirid_bug_00480.jpg,6. Green mirid bug,green_mirid_bug_damage,G03518,0149f60bcb9c16588d2398c70d39c7131a27a68a724a0f198c93aa869e5c1cae
6. Green mirid bug/green_mirid_bug_00481.jpg,6. Green mirid bug,green_mirid_bug_damage,G03519,e582d0e7c3d4bd19c07262e48a14aaaf9b3a26a3c114ac8b36353e04c9a11c37
6. Green mirid bug/green_mirid_bug_00482.jpg,6. Green mirid bug,green_mirid_bug_damage,G03520,28cc6e001d39563c239e4fce30f1d7554fbe7fa7d30d31f8c2357b4041199a5f
6. Green mirid bug/green_mirid_bug_00483.jpg,6. Green mirid bug,green_mirid_bug_damage,G03521,d8ad98b198dffbe3afcab7cbc05cb1193c184c8a90b803d0f960a0987eecdaca
6. Green mirid bug/green_mirid_bug_00484.jpg,6. Green mirid bug,green_mirid_bug_damage,G03522,213d3f69f23d17e9b7447f26b88cbf275b9865df185c6f23e85dfef350e292f7
6. Green mirid bug/green_mirid_bug_00485.jpg,6. Green mirid bug,green_mirid_bug_damage,G03523,2dc06cfb32433b2734c56f3a868b0928ebb503c3dfa092dc90529e473b59f3d7
6. Green mirid bug/green_mirid_bug_00486.jpg,6. Green mirid bug,green_mirid_bug_damage,G03524,8b2de771c19f46f922e8d88faf10c2dff159885b1bbaf22f4dc82bc2ca9db403
6. Green mirid bug/green_mirid_bug_00487.jpg,6. Green mirid bug,green_mirid_bug_damage,G00033,6a829b319fd312214e406d30176928b012aee585a707d0e2f56a17ffc5f18f35
6. Green mirid bug/green_mirid_bug_00488.jpg,6. Green mirid bug,green_mirid_bug_damage,G00033,8e06575318a020fc8482c06370d866f1a19959f3e95cd04179cd9e56ba6571bd
6. Green mirid bug/green_mirid_bug_00489.jpg,6. Green mirid bug,green_mirid_bug_damage,G03525,cc9d64e161edf801bb52e808fd36a13f2079e7aa00058d794d4f58c8b65afbf9
6. Green mirid bug/green_mirid_bug_00490.jpg,6. Green mirid bug,green_mirid_bug_damage,G03526,6c3bfa2bbfbdb6690d484997f6773e3dc04bbb894c06d67de0c48f1af10f2b07
6. Green mirid bug/green_mirid_bug_00491.jpg,6. Green mirid bug,green_mirid_bug_damage,G03527,5d153c35ac50afe7c776846181c146dba6fc3278a6a87dec71a3ab0ea21c79e3
6. Green mirid bug/green_mirid_bug_00492.jpg,6. Green mirid bug,green_mirid_bug_damage,G03528,ab468693f03b5e12e8a3a61d4b3442dca558b7dd834f068b4a846648ec6d8406
6. Green mirid bug/green_mirid_bug_00494.jpg,6. Green mirid bug,green_mirid_bug_damage,G03530,bbbcb5c9b2e4ae8dc3aa7fe54c4fc0ed129243881bbe69d892acd400d54de0a4
6. Green mirid bug/green_mirid_bug_00495.jpg,6. Green mirid bug,green_mirid_bug_damage,G03531,5fccbae9519b56c9c48dde02ac7abebf55a8d2cccfb5174cf74b96b0c08d339f
6. Green mirid bug/green_mirid_bug_00503.jpg,6. Green mirid bug,green_mirid_bug_damage,G03539,05c6d63240c5888dae32b513971c331bf0090fe9185aa6d48ff2ead38f013cea
6. Green mirid bug/green_mirid_bug_00510.jpg,6. Green mirid bug,green_mirid_bug_damage,G03546,ff71611c44eb3b5145bc75367923db60153651bff78e1850ac6f273c06d4432a
6. Green mirid bug/green_mirid_bug_00511.jpg,6. Green mirid bug,green_mirid_bug_damage,G03547,cde509dc0e77d3152f25a4d4464c0f723dc942144c674deb95eac3864ad25dcb
6. Green mirid bug/green_mirid_bug_00512.jpg,6. Green mirid bug,green_mirid_bug_damage,G03548,0d983b96a4ded63043579f2fdd20f43057198e8e91362c9d8fd8761973b847c7
6. Green mirid bug/green_mirid_bug_00513.jpg,6. Green mirid bug,green_mirid_bug_damage,G03549,52d573753ba7d351e68b94cca5ec5eb3687bb8ddd5b64ea57a8af0fbadc966de
6. Green mirid bug/green_mirid_bug_00514.jpg,6. Green mirid bug,green_mirid_bug_damage,G03550,65efbadb7c19c6ca80e1670048eb539914ad0f7590c100164ac6680038a400f4
6. Green mirid bug/green_mirid_bug_00515.jpg,6. Green mirid bug,green_mirid_bug_damage,G00034,b4d8d0de312dcbfa91f0d5f6c6b2d37b0c36e5709c58ad0523c678847837ece3
6. Green mirid bug/green_mirid_bug_00517.jpg,6. Green mirid bug,green_mirid_bug_damage,G03551,5a95594464ede5364079aa690476e36ae3b674a4469d6282f5c6f83ef7eeffab
6. Green mirid bug/green_mirid_bug_00519.jpg,6. Green mirid bug,green_mirid_bug_damage,G03553,f52e0c4e221a75179cdef41b80e5c8afdb05a4e521e7c525b007d40bb410e2c6
6. Green mirid bug/green_mirid_bug_00520.jpg,6. Green mirid bug,green_mirid_bug_damage,G03554,2c1f824450f586d71c037840aea7e441cd66281b6796a76d34eb4604636b3059
6. Green mirid bug/green_mirid_bug_00521.jpg,6. Green mirid bug,green_mirid_bug_damage,G00035,517ef7563e410992a686f9e0cfe66cd093d3bd0b7bf7fe409122809452711eb5
6. Green mirid bug/green_mirid_bug_00522.jpg,6. Green mirid bug,green_mirid_bug_damage,G00035,ac9ab9afb70933de15a804a7bc9d1874695db987a8245b660380cbcbe8361841
6. Green mirid bug/green_mirid_bug_00523.jpg,6. Green mirid bug,green_mirid_bug_damage,G03555,93345623b96c0eae41ec09aa289dd7dfb0bf99f8f9aa041d079a81c11cfd3dd8
6. Green mirid bug/green_mirid_bug_00525.jpg,6. Green mirid bug,green_mirid_bug_damage,G03557,25b1ad1278bf8b8cd184c37cc2edcbb604ae643fd4a086a15715977458f2c3b1
6. Green mirid bug/green_mirid_bug_00526.jpg,6. Green mirid bug,green_mirid_bug_damage,G03558,573c1691eebe4612bcaf9cac04fb32c00326baaaedc3c57aa6b7ab780e3f7deb
6. Green mirid bug/green_mirid_bug_00527.jpg,6. Green mirid bug,green_mirid_bug_damage,G03559,ebab2cebe93563be63c100ef88908653745aa79c9ce757b657e2d5fd36846fc5
6. Green mirid bug/green_mirid_bug_00528.jpg,6. Green mirid bug,green_mirid_bug_damage,G03560,c28cf91502ae8d564726ffc1b1b0852eacfca3cec2aab2a051af4b53b246fa92
6. Green mirid bug/green_mirid_bug_00529.jpg,6. Green mirid bug,green_mirid_bug_damage,G03561,009067acc4b6a2e38f5768169dc5cbe954fcdc12cdaa4d42d5bf66ac98b5a1d9
6. Green mirid bug/green_mirid_bug_00531.jpg,6. Green mirid bug,green_mirid_bug_damage,G03563,a46438df8326a81b340de034849e09213cb792f45cb323c928dd54f48e3fe4aa
6. Green mirid bug/green_mirid_bug_00532.jpg,6. Green mirid bug,green_mirid_bug_damage,G03564,2fcb339b55bdeb145f8e8cf0a811ae30ea9761582f698e4a15f44a4fa2ed72da
6. Green mirid bug/green_mirid_bug_00533.jpg,6. Green mirid bug,green_mirid_bug_damage,G03565,69262f52f44d5ae352fb8a264b3dd94e452efb87e6e19b25350fb58b6ab22879
6. Green mirid bug/green_mirid_bug_00534.jpg,6. Green mirid bug,green_mirid_bug_damage,G03566,4b3177ec276c71e2d994bc42e18962ce68bf98e7d36cddae5df67b67180ac76d
6. Green mirid bug/green_mirid_bug_00535.jpg,6. Green mirid bug,green_mirid_bug_damage,G03567,c624ea24b04250e526352ebb16895ca0ce70f3ca3e52218c8b06c64a0678e8a8
6. Green mirid bug/green_mirid_bug_00536.jpg,6. Green mirid bug,green_mirid_bug_damage,G03568,7b9505dccf94d817c9cd94ed28a62008a6c951372400084f2d67771cd2c43c43
6. Green mirid bug/green_mirid_bug_00537.jpg,6. Green mirid bug,green_mirid_bug_damage,G03569,9a619ca1104a7feb217a65155a8304acf85234c290d163a024aacbc0f7c422ea
6. Green mirid bug/green_mirid_bug_00538.jpg,6. Green mirid bug,green_mirid_bug_damage,G03570,6767b9a4e7dd3de591f0b79d25eb1b850d2c3e6145362a96466be264dd6cdc59
6. Green mirid bug/green_mirid_bug_00539.jpg,6. Green mirid bug,green_mirid_bug_damage,G03571,425b8f4b56db4e575b765caa5f9a0b8f87f73adfdd220d6886c5a5c8b14ea43c
6. Green mirid bug/green_mirid_bug_00540.jpg,6. Green mirid bug,green_mirid_bug_damage,G03572,c6ce66129b0659f7270d3169b160a2654f93d981aef66605681752dedaa630e8
6. Green mirid bug/green_mirid_bug_00542.jpg,6. Green mirid bug,green_mirid_bug_damage,G03574,15f12f2706caeca058d51de4bfd2c71add1ca7ba7ad770f00b14174b8a2482aa
6. Green mirid bug/green_mirid_bug_00543.jpg,6. Green mirid bug,green_mirid_bug_damage,G03575,b82bfbf054f65ae31149c32d0bd054987e461d3d6db115345dda770c6ac35045
6. Green mirid bug/green_mirid_bug_00544.jpg,6. Green mirid bug,green_mirid_bug_damage,G03576,7e5f4475ee2ddea5b3e166c5f27b8a26550df420b630d6d5fff26e40213077b8
6. Green mirid bug/green_mirid_bug_00545.jpg,6. Green mirid bug,green_mirid_bug_damage,G03577,a033c9e295bbb441d38b38d3b9ac751e84963eacddb99d79c3047f503b3c1666
6. Green mirid bug/green_mirid_bug_00546.jpg,6. Green mirid bug,green_mirid_bug_damage,G03578,61142d678a4353e1ee13caa1387aacb46d8ad0f10c162777e06f1d8e0c403d33
6. Green mirid bug/green_mirid_bug_00547.jpg,6. Green mirid bug,green_mirid_bug_damage,G03579,3f700e56feff4bb28f22fa24745e5c45f6fde12f5a525770af104e00d5978a8e
6. Green mirid bug/green_mirid_bug_00548.jpg,6. Green mirid bug,green_mirid_bug_damage,G03580,bfb6b63f5d440dfe3ed5109fa15c20a5ecc4ec5b5d01975c1a3272adeaa0b0c9
6. Green mirid bug/green_mirid_bug_00552.jpg,6. Green mirid bug,green_mirid_bug_damage,G03584,d6396112cc2bc8074b12ed9fd9699b89f244b84ed9b5619d2e3bce41fe5b32c7
6. Green mirid bug/green_mirid_bug_00554.jpg,6. Green mirid bug,green_mirid_bug_damage,G03586,2b8a86d91420eaa3ba396f9d791631b222b66931c924e1b1d38b23b82b5bbb82
6. Green mirid bug/green_mirid_bug_00555.jpg,6. Green mirid bug,green_mirid_bug_damage,G03587,d0c77e5408929ee366a750029a4fef4c006ce3eb2d0cbd874a973ec7abd5996e
6. Green mirid bug/green_mirid_bug_00557.jpg,6. Green mirid bug,green_mirid_bug_damage,G03589,070c4ae7595239af591270c2d58015bc68cb496b0d61221dc6fff4cf121f4fbf
6. Green mirid bug/green_mirid_bug_00558.jpg,6. Green mirid bug,green_mirid_bug_damage,G03590,596cda0f81ee2c098ab843478ddd775bc259356e463d5e04c487ac362fffed01
6. Green mirid bug/green_mirid_bug_00559.jpg,6. Green mirid bug,green_mirid_bug_damage,G03591,3c112edf3195500b95bc90764f5607f25f032356f76eb7476dc79a333b34cfd9
6. Green mirid bug/green_mirid_bug_00561.jpg,6. Green mirid bug,green_mirid_bug_damage,G03593,3f0e4392bf9e080773cd283bd862edb1d56f6b71273d4f035e1f604b6ad690f6
6. Green mirid bug/green_mirid_bug_00562.jpg,6. Green mirid bug,green_mirid_bug_damage,G03594,34fb89c9fb0f87186ef6de07f83d21af1c0edbb924a6b08f20c300acbdab0104
6. Green mirid bug/green_mirid_bug_00564.jpg,6. Green mirid bug,green_mirid_bug_damage,G03596,d44bfc3222aa82d962bdaeea2ba965e1c40baf3fdd15a385c1d925fe14c98f63
6. Green mirid bug/green_mirid_bug_00565.jpg,6. Green mirid bug,green_mirid_bug_damage,G03597,0b54c3440c51064a0bad60008a5ccfbc1d5dea751a9fe554d903cbe4b5c025bd
6. Green mirid bug/green_mirid_bug_00567.jpg,6. Green mirid bug,green_mirid_bug_damage,G03599,afeda23b16d9e79e49834210d1a375ee7820dfa42501eb5a1005a625317dab4a
6. Green mirid bug/green_mirid_bug_00568.jpg,6. Green mirid bug,green_mirid_bug_damage,G03600,57a0738f67b86bf0244bf05d577c7038a3d0bd562802003628ceb6d83f81d25b
6. Green mirid bug/green_mirid_bug_00570.jpg,6. Green mirid bug,green_mirid_bug_damage,G03602,bebe58208cd0ba266a30210156dd51455d49b13cf1a263345b6948527fad54d2
6. Green mirid bug/green_mirid_bug_00572.jpg,6. Green mirid bug,green_mirid_bug_damage,G03604,204a1844ba14d86524c384e609093fa75afa05fee334ffa7715e0b844a2a045c
6. Green mirid bug/green_mirid_bug_00573.jpg,6. Green mirid bug,green_mirid_bug_damage,G03605,17e89d6d63960e4976514eec9ce0acb78ebb0833cace8fc05579934e67884bdb
6. Green mirid bug/green_mirid_bug_00574.jpg,6. Green mirid bug,green_mirid_bug_damage,G03606,7d05b047863a143e1c70f23ea8b028897b8313d2bc267316d949aeca1486a70f
6. Green mirid bug/green_mirid_bug_00577.jpg,6. Green mirid bug,green_mirid_bug_damage,G03609,170d9519ddbc6114e442cc640ebc0fdef71a49cf87d3c1151cd732ace86c706f
6. Green mirid bug/green_mirid_bug_00578.jpg,6. Green mirid bug,green_mirid_bug_damage,G03610,504fbd2bfe931204fdae4c77481a2446c0009cc80838ebb45b0a9b24556658ff
6. Green mirid bug/green_mirid_bug_00581.jpg,6. Green mirid bug,green_mirid_bug_damage,G00036,0dcad04ad1b7fe98d727e3909ecd899b36b9aeb4e2ace3dd18f2bc81fcb64b23
6. Green mirid bug/green_mirid_bug_00582.jpg,6. Green mirid bug,green_mirid_bug_damage,G03612,7eea78d6ae03e8ca866226d3ded53ec05e0cbd5ec88f23b29128e5fa3c10b3f8
6. Green mirid bug/green_mirid_bug_00583.jpg,6. Green mirid bug,green_mirid_bug_damage,G03613,af7ea331cdcb99a1898bea56a18cbf3c4240535b7e70ad4eca7bee8f4e8c0d07
6. Green mirid bug/green_mirid_bug_00584.jpg,6. Green mirid bug,green_mirid_bug_damage,G03614,c3a497914c5eb844b2fd27133d5d734435bccc202d8d47ed9af1adbcafa778df
6. Green mirid bug/green_mirid_bug_00585.jpg,6. Green mirid bug,green_mirid_bug_damage,G03615,4e1d9c12eb773a4cc803321b429c949fc484fde66ac6129f921cbd566ce5845d
6. Green mirid bug/green_mirid_bug_00586.jpg,6. Green mirid bug,green_mirid_bug_damage,G03616,3fa195e7f18c3076fb34e290866f8563fc98945feecf4cad553ba39dcac4eeaf
6. Green mirid bug/green_mirid_bug_00587.jpg,6. Green mirid bug,green_mirid_bug_damage,G03617,8179a623fe0c3ebca8db39c71844d67c0a7957e39b2ca0582419e52688ddd702
6. Green mirid bug/green_mirid_bug_00588.jpg,6. Green mirid bug,green_mirid_bug_damage,G03618,bb5f1e55bada02f0151ca5aa49fda91683c9a7590942270cccc73f0628c843f7
6. Green mirid bug/green_mirid_bug_00590.jpg,6. Green mirid bug,green_mirid_bug_damage,G03620,d1ee08a15e5f7822c56a3dae03b22ce60a26f6e8a6be5e8d8dbf018f4ea3bd85
6. Green mirid bug/green_mirid_bug_00591.jpg,6. Green mirid bug,green_mirid_bug_damage,G03621,53a0ec8f15cecd1dd0a0a9854b6f2bc282dcb58d5227b4b80331a574467897f7
6. Green mirid bug/green_mirid_bug_00593.jpg,6. Green mirid bug,green_mirid_bug_damage,G03623,8225c9f9a98e6c6fc8d344a161084c7f35cc61795cdccfd7b9e0bb1db64cc3ff
6. Green mirid bug/green_mirid_bug_00594.jpg,6. Green mirid bug,green_mirid_bug_damage,G03624,2669b334ad4cde78ba48e96fa4d8e2615501ec79899e3d3b461369d47e15ea54
6. Green mirid bug/green_mirid_bug_00595.jpg,6. Green mirid bug,green_mirid_bug_damage,G03625,35cc470b43c850a323ddbe7ce7ff4c10b6b39518bb2c5d1d31ef0b2dce660282
6. Green mirid bug/green_mirid_bug_00596.jpg,6. Green mirid bug,green_mirid_bug_damage,G03626,baccef96537cb72a1db743474102842de464da6ac871c9d2bda5a18825a56c65
6. Green mirid bug/green_mirid_bug_00599.jpg,6. Green mirid bug,green_mirid_bug_damage,G03629,0f0b218b6935c9e8a5a729fbfeb1b3f1bab27c6184b575e9ca580bde3f8255bf
6. Green mirid bug/green_mirid_bug_00600.jpg,6. Green mirid bug,green_mirid_bug_damage,G03630,64f11156192cf8cf14e308a92ce182d5ad104dbcaef91e877b0ffce73902b0d8
6. Green mirid bug/green_mirid_bug_00601.jpg,6. Green mirid bug,green_mirid_bug_damage,G03631,06ce4a41d61c7ba7ce52215bb69cb2d35aceb445e102b0a6a5353247e3057fc5
6. Green mirid bug/green_mirid_bug_00603.jpg,6. Green mirid bug,green_mirid_bug_damage,G03633,203f84c64653fd655d1205c24c3a5d7f9417f3a069d6e2ecba9c3e62065ad503
6. Green mirid bug/green_mirid_bug_00604.jpg,6. Green mirid bug,green_mirid_bug_damage,G03634,c4fcdb0637721714db4cd9ede85145a59aff7ab152fbc273f7ee20084d9fdbd4
6. Green mirid bug/green_mirid_bug_00607.jpg,6. Green mirid bug,green_mirid_bug_damage,G03637,d2bdffbd4694d99db2939ae55b77b947049bcfee33f95ea1db1822c144e28676
6. Green mirid bug/green_mirid_bug_00608.jpg,6. Green mirid bug,green_mirid_bug_damage,G03638,e897ccb54662e5c5514a97978a37d61df4a2fbfc447d0af8ae79859d097f5dd3
6. Green mirid bug/green_mirid_bug_00609.jpg,6. Green mirid bug,green_mirid_bug_damage,G03639,837a19a2a37c90e7e8a6cf9feeaa8c00f9fa114ed696c3b0b471333f0ed14fae
6. Green mirid bug/green_mirid_bug_00610.jpg,6. Green mirid bug,green_mirid_bug_damage,G03640,f03b8640c81b974682297be5ba8946665d78771de850d556932fd300eea9d122
6. Green mirid bug/green_mirid_bug_00618.jpg,6. Green mirid bug,green_mirid_bug_damage,G03648,3f6ea39e76f58c67eeb5266d7e0e4c1d893ea410d858038ff57ae63a7a984061
6. Green mirid bug/green_mirid_bug_00619.jpg,6. Green mirid bug,green_mirid_bug_damage,G03649,e698f8571949a7a57b658740fc0020be304e38a7536c4865e2cc07c04e044a3e
6. Green mirid bug/green_mirid_bug_00620.jpg,6. Green mirid bug,green_mirid_bug_damage,G03650,5bbe7d12c3595708afbadfaa845b1c7f88d9d9e1f6da3ce6e802f508e2932074
6. Green mirid bug/green_mirid_bug_00622.jpg,6. Green mirid bug,green_mirid_bug_damage,G03652,32dc654ee7a69b3aa40a6c181a4bf4fdd408d732c3dea895ef5062a79905349b
6. Green mirid bug/green_mirid_bug_00623.jpg,6. Green mirid bug,green_mirid_bug_damage,G03653,88ab44f18b113c821d46fcb8c57ed3435d2f1a04eb4d666c8b69ee15eef05ceb
6. Green mirid bug/green_mirid_bug_00625.jpg,6. Green mirid bug,green_mirid_bug_damage,G03655,526c9ddac869a0eec9dd718874a6b2d1e8fb8894b0b200cd926ac641c24b2a6e
6. Green mirid bug/green_mirid_bug_00627.jpg,6. Green mirid bug,green_mirid_bug_damage,G03657,20fa3c9b8583797ffb052e6f9f0d753f723663deb41b554418e22c33cc05f468
6. Green mirid bug/green_mirid_bug_00628.jpg,6. Green mirid bug,green_mirid_bug_damage,G03658,bac3c5d096321b16d9d1843bc9db78f909e9c0b055c4117db0e6152345e232ac
6. Green mirid bug/green_mirid_bug_00629.jpg,6. Green mirid bug,green_mirid_bug_damage,G03659,a5cd8c6b3ca21bd45fb55e7b0a4842e9a31a496b6f3f82a7e11f3c78c83e54d2
6. Green mirid bug/green_mirid_bug_00631.jpg,6. Green mirid bug,green_mirid_bug_damage,G03661,669cbff63b815cb60ff747884b12b3e983c40653e3b358b2692b225ffccf64da
6. Green mirid bug/green_mirid_bug_00634.jpg,6. Green mirid bug,green_mirid_bug_damage,G03664,279bdb96af035faee4b2932601043e2a51100bc03a157cde02cc3d24360bc7a0
6. Green mirid bug/green_mirid_bug_00636.jpg,6. Green mirid bug,green_mirid_bug_damage,G03666,44be0e3be9cb4c7bec2571fab7c221fe04b844ce01373c25d114f342f1890e9d
6. Green mirid bug/green_mirid_bug_00637.jpg,6. Green mirid bug,green_mirid_bug_damage,G03667,6b9524601ca3e5639fb78474ca646a3efaf881cf404d22e85a2d4a10bb2563f1
6. Green mirid bug/green_mirid_bug_00638.jpg,6. Green mirid bug,green_mirid_bug_damage,G03668,5fb5b25c188a87c94ac30e216268a414c3ed80e24db13ec19f75073171c69e68
6. Green mirid bug/green_mirid_bug_00640.jpg,6. Green mirid bug,green_mirid_bug_damage,G03670,7a8aed1d9a5f3cbd5c9e87f76eafc6fb2d7fc2426c438425c7c8563b27b1b783
6. Green mirid bug/green_mirid_bug_00641.jpg,6. Green mirid bug,green_mirid_bug_damage,G03671,c41454c4959a1bdbe52dc0677599e361555d8a32548b58d9b0ca98f34926a484
6. Green mirid bug/green_mirid_bug_00642.jpg,6. Green mirid bug,green_mirid_bug_damage,G03672,0833c045c4158de94e4d8a9c76e27ca51ce076b18c342c665e152e809411680b
6. Green mirid bug/green_mirid_bug_00643.jpg,6. Green mirid bug,green_mirid_bug_damage,G03673,379d43da52837c609fe272ed4a03ebe4fb0e9d9a1d1e055001644573ecc6bf2c
6. Green mirid bug/green_mirid_bug_00646.jpg,6. Green mirid bug,green_mirid_bug_damage,G03676,5fc5f12a5dcda2fff93c69f9097043c1dc95721fa3804519db1b61aa712048c2
6. Green mirid bug/green_mirid_bug_00647.jpg,6. Green mirid bug,green_mirid_bug_damage,G00037,ac7e9d6ef5b446be4319972b0eeb01ca45ce06157d432cb5455f8d931eed2288
6. Green mirid bug/green_mirid_bug_00648.jpg,6. Green mirid bug,green_mirid_bug_damage,G00037,e784ff41a0e4fad62afa4556c2d80a38ac70f3ef9cdbe7689753efe6228572d0
6. Green mirid bug/green_mirid_bug_00650.jpg,6. Green mirid bug,green_mirid_bug_damage,G00038,fc351a5a5598af548285f6c7c39fe6e9a82cffb06b607af7e37e611b734f7225
6. Green mirid bug/green_mirid_bug_00652.jpg,6. Green mirid bug,green_mirid_bug_damage,G03678,90a1b5ec86b1a9716e3fafd3b6b2e2f7dc60a7ba06d70e818da6dda764f0d738
6. Green mirid bug/green_mirid_bug_00653.jpg,6. Green mirid bug,green_mirid_bug_damage,G03679,877a88014114dbc2380ecb4ec3b147cb0023aa022837fd3102eb2deda723e92b
6. Green mirid bug/green_mirid_bug_00656.jpg,6. Green mirid bug,green_mirid_bug_damage,G03682,188090b8f0a42ab7292a86853d451cf60e2047249ec570e2c2c7c98e2a596201
6. Green mirid bug/green_mirid_bug_00658.jpg,6. Green mirid bug,green_mirid_bug_damage,G03684,8b70ac7f821088006a5cf6a07d029399e602ade7f0e6bc15b7f14ebbc38854bf
6. Green mirid bug/green_mirid_bug_00659.jpg,6. Green mirid bug,green_mirid_bug_damage,G03685,7391d11de6080982ee1df6a1044b88c041da9da0d3b4e37a4f3e2c62f3943ecc
6. Green mirid bug/green_mirid_bug_00660.jpg,6. Green mirid bug,green_mirid_bug_damage,G03686,75cdb4cfec40f1b94df7705feaf5985adc45d618e05685494bd3bad0470b6d54
6. Green mirid bug/green_mirid_bug_00662.jpg,6. Green mirid bug,green_mirid_bug_damage,G03688,188b6c197ac021b4601f59b6855fdcda3fd614f5205cf74e8514e8423b5f4b0f
6. Green mirid bug/green_mirid_bug_00663.jpg,6. Green mirid bug,green_mirid_bug_damage,G03689,48c0845292075caf1bb026695354895882aa0b3e916a56459669ba17b4187153
6. Green mirid bug/green_mirid_bug_00664.jpg,6. Green mirid bug,green_mirid_bug_damage,G03690,407feda3d70740b16678773d3df813462f97df0e1cda7006e9aabb76f79ed3cb
6. Green mirid bug/green_mirid_bug_00666.jpg,6. Green mirid bug,green_mirid_bug_damage,G03692,f6ea80dbb26dd3cfd0a8e4c940c1c304e2fef69afba75b981534721c02fa789d
6. Green mirid bug/green_mirid_bug_00667.jpg,6. Green mirid bug,green_mirid_bug_damage,G03693,342335764ae37821e0da9b84c1c0ccde7fd76b0e120d84534ddd6dd75d318679
6. Green mirid bug/green_mirid_bug_00670.jpg,6. Green mirid bug,green_mirid_bug_damage,G03696,3bef1733950b60337ef327655fdd1502dd504e88c5ad16f3f6916869e9f8e141
6. Green mirid bug/green_mirid_bug_00671.jpg,6. Green mirid bug,green_mirid_bug_damage,G03697,1d3107eab73e4eed76485236d8a761642f6090c2786e2a4835144223173b3c5b
6. Green mirid bug/green_mirid_bug_00672.jpg,6. Green mirid bug,green_mirid_bug_damage,G03698,447543f98d2c492147f3db5fbb568a002a1249caf27dc9691900a4e835a93c2d
6. Green mirid bug/green_mirid_bug_00673.jpg,6. Green mirid bug,green_mirid_bug_damage,G03699,667d50225dd5bfff590992be6e27bc2bb5e952ab66a8f61ea873bf8d6ca5eca6
6. Green mirid bug/green_mirid_bug_00674.jpg,6. Green mirid bug,green_mirid_bug_damage,G03700,4512ecbd24fa6c48b75fdc1dd0827b5efb41519e262accebddabfd5f6a4cd19f
6. Green mirid bug/green_mirid_bug_00676.jpg,6. Green mirid bug,green_mirid_bug_damage,G03702,1e2f169b2fa6b1094402c3b8dd3aad1a67a536e973e8387fdb5ba2b1d393e0da
6. Green mirid bug/green_mirid_bug_00677.jpg,6. Green mirid bug,green_mirid_bug_damage,G03703,1c018fb590ff2abd6d2e7903121a1b15083435df2403cc9215bf18c4b3591302
6. Green mirid bug/green_mirid_bug_00682.jpg,6. Green mirid bug,green_mirid_bug_damage,G03708,70e6c251d3481be1747b21a0a558ea07b8b64b9825b6ded5f5696f2da77cf3d9
6. Green mirid bug/green_mirid_bug_00683.jpg,6. Green mirid bug,green_mirid_bug_damage,G03709,3ade00a364f8e18fc24e2e4449fe01c0d59bac85a844cd913fe2ec1a0b1c1d1a
6. Green mirid bug/green_mirid_bug_00684.jpg,6. Green mirid bug,green_mirid_bug_damage,G03710,543837f324c6fb2744bb01f87300996d8bf30bfa024fe8d99f51f580f771b1fd
6. Green mirid bug/green_mirid_bug_00685.jpg,6. Green mirid bug,green_mirid_bug_damage,G03711,419569e65db15d9ff64a25c700965a158e6c232b1ea05fefe0026c22f847133c
6. Green mirid bug/green_mirid_bug_00688.jpg,6. Green mirid bug,green_mirid_bug_damage,G03714,79df631ff9960c64a7b12c92eaeddcc97f0e362f63d33b22d143dd5f39cefab7
6. Green mirid bug/green_mirid_bug_00691.jpg,6. Green mirid bug,green_mirid_bug_damage,G03715,773506088c15829ed927b02fd525a5a5f3ca5c7e16f24fb08af97d365e76fba1
6. Green mirid bug/green_mirid_bug_00692.jpg,6. Green mirid bug,green_mirid_bug_damage,G03716,a88c6ec778d5059ba74edd5fe611dd4912955d63fc606dbda630ebd3d6dadfe4
6. Green mirid bug/green_mirid_bug_00693.jpg,6. Green mirid bug,green_mirid_bug_damage,G03717,bb7338ffeb95519832234989828b69d9697acaa9858db947a64916a1cf5f09fc
6. Green mirid bug/green_mirid_bug_00694.jpg,6. Green mirid bug,green_mirid_bug_damage,G03718,befc99c01571b24945dc1d59fef7e25453a8681fada90179abc33c1517e997b8
6. Green mirid bug/green_mirid_bug_00695.jpg,6. Green mirid bug,green_mirid_bug_damage,G03719,7a8de95b48c1965fabd1f81428f8af3e1da002a1004934d6733d36790d416af2
6. Green mirid bug/green_mirid_bug_00696.jpg,6. Green mirid bug,green_mirid_bug_damage,G03720,7cdaa8f421388f78fdb361dd7117c1ffb1e99db973f57bc102a21ba04bf737c5
6. Green mirid bug/green_mirid_bug_00697.jpg,6. Green mirid bug,green_mirid_bug_damage,G03721,f6f822ab339e70a1a3e40b9dac3b3ff67345588902ba22991cbccdcd5ccb5801
6. Green mirid bug/green_mirid_bug_00699.jpg,6. Green mirid bug,green_mirid_bug_damage,G03723,9a326a060941617a8d38c97ea0a8dde7b72a731b01fae6c715da74e290e5cfba
6. Green mirid bug/green_mirid_bug_00700.jpg,6. Green mirid bug,green_mirid_bug_damage,G03724,eaf1dafc5e631092a9b4e9be87666d586e6968c5507d5c319d47b81222a8fd18
6. Green mirid bug/green_mirid_bug_00701.jpg,6. Green mirid bug,green_mirid_bug_damage,G03725,8df7519f75feddebbfa0e60a6acc3d217ac3af2391e8b61e9fc4cbc2b037677a
6. Green mirid bug/green_mirid_bug_00704.jpg,6. Green mirid bug,green_mirid_bug_damage,G03728,637b562a297c5a8baaf801a8c197b554be62ed35373022b556ff5a052829f231
6. Green mirid bug/green_mirid_bug_00705.jpg,6. Green mirid bug,green_mirid_bug_damage,G03729,6c874f23cd0f42cef22f65205d102000e6757dc778ebbe4a2e2794200baca2b9
6. Green mirid bug/green_mirid_bug_00706.jpg,6. Green mirid bug,green_mirid_bug_damage,G03730,35ac3661bf7222f2c1d05914aa36b38fc599535adf109614fb1bc23bbc45f716
6. Green mirid bug/green_mirid_bug_00708.jpg,6. Green mirid bug,green_mirid_bug_damage,G03732,ab069202b4785fc68ef846b61e871ab3ed9947d749ef70ae9ba615600ac28bae
6. Green mirid bug/green_mirid_bug_00710.jpg,6. Green mirid bug,green_mirid_bug_damage,G03734,056effcbcdbaf915b6e0396d7aafc78d59cef23345ec01321e62ffa1f46175f3
6. Green mirid bug/green_mirid_bug_00712.jpg,6. Green mirid bug,green_mirid_bug_damage,G03736,f908ed4fcf0e67bc682c20d6634555ae2e6d927e6305f551e9cb8025581d913a
6. Green mirid bug/green_mirid_bug_00713.jpg,6. Green mirid bug,green_mirid_bug_damage,G03737,8a29a019dc61005d2e6d5b7688a1cb1c927cd533c3293b8b63f19b874433fe59
6. Green mirid bug/green_mirid_bug_00715.jpg,6. Green mirid bug,green_mirid_bug_damage,G03739,0f559cfacfe36f025a5e9ad78198ba08e6398d885066b29b77b6e14cc075d102
6. Green mirid bug/green_mirid_bug_00716.jpg,6. Green mirid bug,green_mirid_bug_damage,G03740,8d81792be9ab2a1514dfa82f8d40b60f33c5db03a858c020c0f29bf211925547
6. Green mirid bug/green_mirid_bug_00717.jpg,6. Green mirid bug,green_mirid_bug_damage,G03741,a4b55770bbb81831f5bf9532ff688e6224b5a42abd9e3986eecafee5fb2d2b44
6. Green mirid bug/green_mirid_bug_00718.jpg,6. Green mirid bug,green_mirid_bug_damage,G03742,26c80f25b732113dadfbbad0df1aa79cb8a960fbd516120bd8d9d7dfd9c52857
6. Green mirid bug/green_mirid_bug_00719.jpg,6. Green mirid bug,green_mirid_bug_damage,G03743,1be1cb1f8fff8f3364d6cb5ef0e17a5e9eb50c860ba0b5916c2a9cc47c2f0066
6. Green mirid bug/green_mirid_bug_00720.jpg,6. Green mirid bug,green_mirid_bug_damage,G03744,6ef8cba70f88b079f0a30d80879faf71e875bd42c942e184e648c1122dc37434
6. Green mirid bug/green_mirid_bug_00722.jpg,6. Green mirid bug,green_mirid_bug_damage,G03746,10dbb17e7488260558caf57d0fba38c2fc721ee90832ff573ef02f3d7781bde6
6. Green mirid bug/green_mirid_bug_00724.jpg,6. Green mirid bug,green_mirid_bug_damage,G03748,350a4152cb5c3c2f0af7c4f55ba1f397d9a7daa3fc3404aaf01f61a9b7921aff
6. Green mirid bug/green_mirid_bug_00726.jpg,6. Green mirid bug,green_mirid_bug_damage,G03750,184a6304624730495e73c02d5d7c2d8fd833f9990960540f21f0eb1b057a56aa
6. Green mirid bug/green_mirid_bug_00727.jpg,6. Green mirid bug,green_mirid_bug_damage,G03751,cc2ebc72a0a8b635b042721b90abc3f3124d2317527ced0c36b00a76e0c6533a
6. Green mirid bug/green_mirid_bug_00730.jpg,6. Green mirid bug,green_mirid_bug_damage,G03754,26176ddde2503275ab23b8fc74eb6d525846f6aea4ec65d8ea1a44865fb1947c
6. Green mirid bug/green_mirid_bug_00731.jpg,6. Green mirid bug,green_mirid_bug_damage,G03755,e83326d644eb25bb0ee2eb2472310ca2d9d646cab2b781efcc4d80ae26e640f2
6. Green mirid bug/green_mirid_bug_00732.jpg,6. Green mirid bug,green_mirid_bug_damage,G03756,85be38084f200d939c722059b09afe0d1c8fbf7e51c12832e1f5f6c1306f696a
6. Green mirid bug/green_mirid_bug_00733.jpg,6. Green mirid bug,green_mirid_bug_damage,G03757,8eedfc898d75c0e24ba07c4474e17578c4b24cebd837b9bce392130ab71939a0
6. Green mirid bug/green_mirid_bug_00734.jpg,6. Green mirid bug,green_mirid_bug_damage,G03758,640a4aa7790cb143da6b6af8b87706f62ba3b4bbb69b3c946c202ed94042a685
6. Green mirid bug/green_mirid_bug_00735.jpg,6. Green mirid bug,green_mirid_bug_damage,G03759,dd1cc62f4014afa337008d6df1caed94034241e44bcbf0340751f3b7f722f1ef
6. Green mirid bug/green_mirid_bug_00736.jpg,6. Green mirid bug,green_mirid_bug_damage,G03760,7f7751d409168947f7e5c2b72f70df04cc991f6887b0cd11710dc549654c6a8e
6. Green mirid bug/green_mirid_bug_00741.jpg,6. Green mirid bug,green_mirid_bug_damage,G03765,d12142924e70c687bcbca3e238fc54fec71d1a36a94cf65d0ca31463947d843c
6. Green mirid bug/green_mirid_bug_00742.jpg,6. Green mirid bug,green_mirid_bug_damage,G03766,23f77f15e6c1c582b9f155b6274b678c301b1ea40e2d7a1ddae00d383886308e
6. Green mirid bug/green_mirid_bug_00743.jpg,6. Green mirid bug,green_mirid_bug_damage,G03767,d551c2838f8285dca06786bbfe682e81ca61a8d5de605073ac76d138b6efbfd0
6. Green mirid bug/green_mirid_bug_00744.jpg,6. Green mirid bug,green_mirid_bug_damage,G03768,0f7f9b23167926c7a133285f859af69d4a21245c68702288d8948285e7cdd655
6. Green mirid bug/green_mirid_bug_00745.jpg,6. Green mirid bug,green_mirid_bug_damage,G03769,70aa664cd564fb083b7e5835d537d602f9107cce0feea46e75a120d36cb553a1
6. Green mirid bug/green_mirid_bug_00746.jpg,6. Green mirid bug,green_mirid_bug_damage,G03770,a207605cbda60d87f5286c5c81e2beacf60b9139bdc1488834e7394a20ec8c04
6. Green mirid bug/green_mirid_bug_00747.jpg,6. Green mirid bug,green_mirid_bug_damage,G03771,0d4b209077ad19ed74d5416808d02556a2aa7d41c8832206affce0865673aba7
6. Green mirid bug/green_mirid_bug_00749.jpg,6. Green mirid bug,green_mirid_bug_damage,G03773,0ba2720c13d026ac0b2b8fb09dcc99d00b2a5517b358bca788fb86945c3f37a1
6. Green mirid bug/green_mirid_bug_00750.jpg,6. Green mirid bug,green_mirid_bug_damage,G03774,47f4378dc8cb487a62f35c17ab06133f495d2ba23e7ea18895b4e2c98211c74c
6. Green mirid bug/green_mirid_bug_00751.jpg,6. Green mirid bug,green_mirid_bug_damage,G03775,e99a3e542bb7fcc040d2d9ebbbf5966d205deb3783428fe43ff2a675c111dc36
6. Green mirid bug/green_mirid_bug_00752.jpg,6. Green mirid bug,green_mirid_bug_damage,G03776,37118175be491c074269e4c3969f4756f38c1ed9e1bb550a84912135255d63a5
6. Green mirid bug/green_mirid_bug_00753.jpg,6. Green mirid bug,green_mirid_bug_damage,G03777,042fcfa753c985e39bd783883cadec7c9d830e3e6ca5b4e107c897aa667ae58c
6. Green mirid bug/green_mirid_bug_00754.jpg,6. Green mirid bug,green_mirid_bug_damage,G03778,56ef7d36cf8a131bcb0d550eaa4a6384caba2e72289506c99d031443d3df2561
6. Green mirid bug/green_mirid_bug_00755.jpg,6. Green mirid bug,green_mirid_bug_damage,G03779,2ca8952834020e3d658b095b60006884f3bba6c12926df941137090e2973a539
6. Green mirid bug/green_mirid_bug_00756.jpg,6. Green mirid bug,green_mirid_bug_damage,G03780,deec40519adb00bf8b001c06163eb5a54859f6b83289909435bbadf5178f78ab
6. Green mirid bug/green_mirid_bug_00757.jpg,6. Green mirid bug,green_mirid_bug_damage,G03781,ce6e1cf9f7f7012d6a7fb7a42abb6af2326d29d2b27f2c992448e0395719c8c1
6. Green mirid bug/green_mirid_bug_00758.jpg,6. Green mirid bug,green_mirid_bug_damage,G03782,de75db54b7a0228fd51c5972ef3c3db54190cf9c1469e95bc124c802a49b9b61
6. Green mirid bug/green_mirid_bug_00759.jpg,6. Green mirid bug,green_mirid_bug_damage,G03783,e98d7f317639971cb5ca04a73652f62956b758f24312ab9d465dd32690728cbb
6. Green mirid bug/green_mirid_bug_00760.jpg,6. Green mirid bug,green_mirid_bug_damage,G03784,259d06f59bb574cfdef3469f431db1d6287e73a26aab89a0e13a74b8bd984c57
6. Green mirid bug/green_mirid_bug_00762.jpg,6. Green mirid bug,green_mirid_bug_damage,G03786,304ac954c81b00baf370b2fd099b8d359f1a4117c86344cb99a4cd99a83ce84a
6. Green mirid bug/green_mirid_bug_00763.jpg,6. Green mirid bug,green_mirid_bug_damage,G03787,79c7d03c5f52993aeb0ef29bcf8c9467daa32b95a33ace49f5a8cd51c67ecc6e
6. Green mirid bug/green_mirid_bug_00764.jpg,6. Green mirid bug,green_mirid_bug_damage,G03788,f5db8900205ad915a38e85ed4e9d07900094b6068a46ed43cb03c6614d3a35d3
6. Green mirid bug/green_mirid_bug_00765.jpg,6. Green mirid bug,green_mirid_bug_damage,G03789,ccb57f890e678a104f26cc58b8524fffcf58235243a7e22c20f77e462931ebec
6. Green mirid bug/green_mirid_bug_00766.jpg,6. Green mirid bug,green_mirid_bug_damage,G03790,a3a3303776c7f0cfb018d34e1e3b476262e410f9735682154a404faf21d5f1d0
6. Green mirid bug/green_mirid_bug_00768.jpg,6. Green mirid bug,green_mirid_bug_damage,G03792,c37977a86e3d35e897834942d359215d53bf9d29186434392d989eb5e6ec2683
6. Green mirid bug/green_mirid_bug_00770.jpg,6. Green mirid bug,green_mirid_bug_damage,G03794,46e3aab8ea8000442f4b2e03035313bd931dbf3c0f18b300374b36891aea7152
6. Green mirid bug/green_mirid_bug_00772.jpg,6. Green mirid bug,green_mirid_bug_damage,G03796,99577506cad1557da8037da22a642dab3839e2ea26231842a289610ed7e98f08
6. Green mirid bug/green_mirid_bug_00774.jpg,6. Green mirid bug,green_mirid_bug_damage,G03798,12c25a6870213517a2914597478c2211cc14dc520fd38783f578889e8c1f29fb
6. Green mirid bug/green_mirid_bug_00775.jpg,6. Green mirid bug,green_mirid_bug_damage,G03799,cee0a577d2982011370b1275320717a4c321ce2a3b03c9a4e84b4accaa184cc4
6. Green mirid bug/green_mirid_bug_00776.jpg,6. Green mirid bug,green_mirid_bug_damage,G03800,1c088c0fe4799a84774a235dda7286585350bef77f9b417bc48898210528245c
6. Green mirid bug/green_mirid_bug_00777.jpg,6. Green mirid bug,green_mirid_bug_damage,G03801,743be47250cf1e2933c08121bc106c69f077aa6205e7babdfb75ac972c64ae6c
6. Green mirid bug/green_mirid_bug_00778.jpg,6. Green mirid bug,green_mirid_bug_damage,G03802,046fce5045470786f71a32497c2db8806ebc2680f0746982959931f854047f62
6. Green mirid bug/green_mirid_bug_00781.jpg,6. Green mirid bug,green_mirid_bug_damage,G03805,c32ccf403b0aa39c6f32f8b443ac9873557e291c19db4cff03a89eff290785b7
6. Green mirid bug/green_mirid_bug_00782.jpg,6. Green mirid bug,green_mirid_bug_damage,G03806,f516ee156a23dd36beeffdf4fa51b119a1546debb90d343e6f6b6bec3d15ba36
6. Green mirid bug/green_mirid_bug_00783.jpg,6. Green mirid bug,green_mirid_bug_damage,G03807,90a33e092be6420493bf4b526ba0983929df038eb3c8893ccea8a2c84c115d3d
6. Green mirid bug/green_mirid_bug_00784.jpg,6. Green mirid bug,green_mirid_bug_damage,G03808,30105878098c5fb24c88c9795dc471ef23333fe82d223835546801432854e259
6. Green mirid bug/green_mirid_bug_00786.jpg,6. Green mirid bug,green_mirid_bug_damage,G03810,19b9b8e0d76a496e79d2842eb6be971734139a437e7c816c3e2118a4799637a0
6. Green mirid bug/green_mirid_bug_00788.jpg,6. Green mirid bug,green_mirid_bug_damage,G03812,021ef7db4ffb13f39147b03f6ff4fb8958e50e9a5a0e1d6abe9712ba3b11a2eb
6. Green mirid bug/green_mirid_bug_00790.jpg,6. Green mirid bug,green_mirid_bug_damage,G03814,87b8f25b5bfa30bb4441a2b91ae767fe863716b3561ee296682effa929a2966f
6. Green mirid bug/green_mirid_bug_00791.jpg,6. Green mirid bug,green_mirid_bug_damage,G03815,d0ab9a114550c39158413d8c7c5f42ef21beebca179892f1ff38b0ce99b82627
6. Green mirid bug/green_mirid_bug_00793.jpg,6. Green mirid bug,green_mirid_bug_damage,G03817,3ff6c9fc4e04976f2e2799c40841b75348f0fe777f6a9c0b3c937c8fecf3a0c5
6. Green mirid bug/green_mirid_bug_00794.jpg,6. Green mirid bug,green_mirid_bug_damage,G03818,51543923cf56ca13d8377e2b064c79b4ac97c16002dfd5f929ef0a84d3f6ec9c
6. Green mirid bug/green_mirid_bug_00796.jpg,6. Green mirid bug,green_mirid_bug_damage,G03820,a9f547b0eea25e10857dd4284b649c4750bfa134dfa58bdb26149c2027213518
6. Green mirid bug/green_mirid_bug_00799.jpg,6. Green mirid bug,green_mirid_bug_damage,G03823,04d9aeb6450d7bc90e168a173e4922b35b6fb52b2ee39b4e9a05e712321973ea
6. Green mirid bug/green_mirid_bug_00801.jpg,6. Green mirid bug,green_mirid_bug_damage,G00040,f3fd41ff13ed486c5fb1a2d62f570458f0ecbc8606a8a72ad871b3fc03b170f8
6. Green mirid bug/green_mirid_bug_00803.jpg,6. Green mirid bug,green_mirid_bug_damage,G00040,5692e9d60d736ce0db71c7530e72276d4576740246439499b847707ea1793979
6. Green mirid bug/green_mirid_bug_00804.jpg,6. Green mirid bug,green_mirid_bug_damage,G03826,3c5d2705d4b13ceeff00b37669dba4d87ab660ca3c51b24e763915ab5d6b6c44
6. Green mirid bug/green_mirid_bug_00806.jpg,6. Green mirid bug,green_mirid_bug_damage,G03828,5d538b996e63976ea2005292953ca9d77088c4c7ea5052fd6fc983969af584f7
6. Green mirid bug/green_mirid_bug_00807.jpg,6. Green mirid bug,green_mirid_bug_damage,G03829,d46041f9227052a1142b694f5b0c92f200de2eef87c306093c61b52b7798eb8d
6. Green mirid bug/green_mirid_bug_00808.jpg,6. Green mirid bug,green_mirid_bug_damage,G03830,f473ff407b6ec737254f825a3a572f9459604430ab5e2ada799a2e50e376623f
6. Green mirid bug/green_mirid_bug_00809.jpg,6. Green mirid bug,green_mirid_bug_damage,G03831,52cd0cf6630ddbff410679bd0a4fa9dffe5eb82e275b4fcdd9e6abef6b31ff33
6. Green mirid bug/green_mirid_bug_00810.jpg,6. Green mirid bug,green_mirid_bug_damage,G03832,2f7f562a453707f83ca99438063920fd1268877c5544e72f827e4e20c8f95964
6. Green mirid bug/green_mirid_bug_00812.jpg,6. Green mirid bug,green_mirid_bug_damage,G03834,ecc69bc6dd6115879517b00154d5969acefa35510fcba1ae918d8cba4815cd24
6. Green mirid bug/green_mirid_bug_00814.jpg,6. Green mirid bug,green_mirid_bug_damage,G03836,f6d32ae8b17d8bc5a410b65c0679fdc207cad80d22386a91a889789d44a0d7f1
6. Green mirid bug/green_mirid_bug_00817.jpg,6. Green mirid bug,green_mirid_bug_damage,G00041,f91cd1fc6b5978dc899270239a27cfc9e33fa70845dbfc23bc5aa1795eefaf4f
6. Green mirid bug/green_mirid_bug_00818.jpg,6. Green mirid bug,green_mirid_bug_damage,G03838,fdf8551bceade75a45f22afae7f747a0bc058e5ffa45c55430d05c139da0d8b7
6. Green mirid bug/green_mirid_bug_00822.jpg,6. Green mirid bug,green_mirid_bug_damage,G03842,01e997d59ab878cca992a34eb14406fc7662ff2908d6a776bd112094e23430b9
6. Green mirid bug/green_mirid_bug_00823.jpg,6. Green mirid bug,green_mirid_bug_damage,G03843,d0e55787580eff918c1b41b0e21e3fe94d66bc89ea358123a761a908749edab8
6. Green mirid bug/green_mirid_bug_00824.jpg,6. Green mirid bug,green_mirid_bug_damage,G03844,1ef1da9fc9555a10746b6ec1e13decb180be30894663c1b7d669e0f170b9efb2
6. Green mirid bug/green_mirid_bug_00825.jpg,6. Green mirid bug,green_mirid_bug_damage,G03845,d3bdbe406c05c997afa67395fbb0d3b8589ffe5806bc90b9803930d01bfdb4bd
6. Green mirid bug/green_mirid_bug_00826.jpg,6. Green mirid bug,green_mirid_bug_damage,G03846,937bc1cb63e4af27d69063e70938df8f67ca482d238bebdc3c68120683444aad
6. Green mirid bug/green_mirid_bug_00827.jpg,6. Green mirid bug,green_mirid_bug_damage,G03847,e65be1141e77e8cc2c4f55054f8eb15adb6a5d21f2ae7f7ff7cbb908ef827db6
6. Green mirid bug/green_mirid_bug_00828.jpg,6. Green mirid bug,green_mirid_bug_damage,G03848,7995eb2a40f7d911b9665609c7dba1e9baffafe320ccb9f1af14032b31d7af53
6. Green mirid bug/green_mirid_bug_00831.jpg,6. Green mirid bug,green_mirid_bug_damage,G03851,612d365f51ea09fa6111717a7887e00bd905a9462d0ada8e843cb163a437830d
6. Green mirid bug/green_mirid_bug_00832.jpg,6. Green mirid bug,green_mirid_bug_damage,G03852,3ea7890e07fe602d246f7760aead94962d61ddda24eccee5eed4c57aa27609f0
6. Green mirid bug/green_mirid_bug_00833.jpg,6. Green mirid bug,green_mirid_bug_damage,G03853,ec045eec38718163e44c7e1f27ea1bacabdabd0af771bc744af5b627e890c129
6. Green mirid bug/green_mirid_bug_00837.jpg,6. Green mirid bug,green_mirid_bug_damage,G03857,cb6c2ef25fcd00a19953add170c260c65f6abd8032ee23aca36e527b2ab719b2
6. Green mirid bug/green_mirid_bug_00839.jpg,6. Green mirid bug,green_mirid_bug_damage,G03859,9084a67f98a6149db764beee95c8f029638a2a03d0d03e94a9edb9f34ca0267f
6. Green mirid bug/green_mirid_bug_00840.jpg,6. Green mirid bug,green_mirid_bug_damage,G03860,7752f1f683bf4077b28355d819599382398093eed5371b7c3442150902501b78
6. Green mirid bug/green_mirid_bug_00841.jpg,6. Green mirid bug,green_mirid_bug_damage,G03861,260ccda045a7b76cda48eba048969340423edb6d933b99e43a9b801da04177ba
6. Green mirid bug/green_mirid_bug_00842.jpg,6. Green mirid bug,green_mirid_bug_damage,G03862,fcc28af14d05dcc2b72fa793b1157d67222e3caeee542a476ee5a4d0a2753230
6. Green mirid bug/green_mirid_bug_00843.jpg,6. Green mirid bug,green_mirid_bug_damage,G03863,18a9fc11e2acc0ad4dc89c52e298370437797cc9abae893d347256510e3c26b4
6. Green mirid bug/green_mirid_bug_00844.jpg,6. Green mirid bug,green_mirid_bug_damage,G03864,4c1aea37e2b15fd87486e7e01b9612dd5af7c3e3145c02c5ebe812f457f3224b
6. Green mirid bug/green_mirid_bug_00845.jpg,6. Green mirid bug,green_mirid_bug_damage,G03865,309bef7b6af041f2071140337a7e8e63a81153f599dda5498d56dd04d2280816
6. Green mirid bug/green_mirid_bug_00846.jpg,6. Green mirid bug,green_mirid_bug_damage,G03866,940a5ce2e6c2a31655eff412a7c6e6b23882969ecc3de1cfa1c07e78806accd8
6. Green mirid bug/green_mirid_bug_00847.jpg,6. Green mirid bug,green_mirid_bug_damage,G03867,3bbb81a7867998e1a42cf1c72d17d0a9824cb4983f5c98cd00b368181b0fa7dd
6. Green mirid bug/green_mirid_bug_00849.jpg,6. Green mirid bug,green_mirid_bug_damage,G03869,11319c6f10caceda08ed4e83bf5f5101a613e7a99793e47e4803c460016ff66e
6. Green mirid bug/green_mirid_bug_00850.jpg,6. Green mirid bug,green_mirid_bug_damage,G03870,099668f0335738d1f736919df40cebcc581acb54d5599dbe9295c0c5531adb4b
6. Green mirid bug/green_mirid_bug_00851.jpg,6. Green mirid bug,green_mirid_bug_damage,G03871,d5042e943ad2ff8f4ee2018cd4ccaf378caa42a97e5193b2aa372a43e041664d
6. Green mirid bug/green_mirid_bug_00853.jpg,6. Green mirid bug,green_mirid_bug_damage,G03873,65297418562ac71fc2d813091b74638b2d5b5b7a410583cc21407368678fc8c3
6. Green mirid bug/green_mirid_bug_00854.jpg,6. Green mirid bug,green_mirid_bug_damage,G03874,15a41a620588cde596a0ab947c14a4f90444b70bc9b2e8b67a33d8553069d4a1
6. Green mirid bug/green_mirid_bug_00855.jpg,6. Green mirid bug,green_mirid_bug_damage,G03875,f7f6459ee93c29886fd5736ab1027b21a2bd5da3d693a7f584dafd1e3a9cd7d5
6. Green mirid bug/green_mirid_bug_00856.jpg,6. Green mirid bug,green_mirid_bug_damage,G03876,20cc7dad8ea79e81e556afc81b1886ead9856a372e8b89529ac085c774eca8a3
6. Green mirid bug/green_mirid_bug_00858.jpg,6. Green mirid bug,green_mirid_bug_damage,G03878,00e975608729c68d2d76f49c521b86e30cf24f14326efd697cde73045d91857b
6. Green mirid bug/green_mirid_bug_00859.jpg,6. Green mirid bug,green_mirid_bug_damage,G03879,74f9df03dc1ccb3c122bc19f74b66364fed157643f9d198dd2a423de36bb56b3
6. Green mirid bug/green_mirid_bug_00860.jpg,6. Green mirid bug,green_mirid_bug_damage,G03880,fbb0a410621f48705daa1a7464209f45eac27b6856f06f3d95ecbc21cbff653f
6. Green mirid bug/green_mirid_bug_00862.jpg,6. Green mirid bug,green_mirid_bug_damage,G03882,15f44a10fd553886892a8a36644aaf77860e5cb0b9de6baea157e4394ba0bd39
6. Green mirid bug/green_mirid_bug_00864.jpg,6. Green mirid bug,green_mirid_bug_damage,G03884,d128985e9843719aac9a417243aee0f686a2db1f7168c24d0e5c9a36dbc9717e
6. Green mirid bug/green_mirid_bug_00865.jpg,6. Green mirid bug,green_mirid_bug_damage,G03885,a2faa51d53b7ff2c26c772a250fc9e8b045a213541c253c7dfa7cf55d340b685
6. Green mirid bug/green_mirid_bug_00868.jpg,6. Green mirid bug,green_mirid_bug_damage,G03888,0bd7437a11280a14a42a330e4ae7a5eaf2d010c2cd44366e5e5cf10eb5278757
6. Green mirid bug/green_mirid_bug_00869.jpg,6. Green mirid bug,green_mirid_bug_damage,G03889,4bb903f78de30f9776a657c8fe57271c1a68f28da9756517d4916c257ac5ed12
6. Green mirid bug/green_mirid_bug_00870.jpg,6. Green mirid bug,green_mirid_bug_damage,G03890,231461603b79c057536afb19caf2425b54236de6d84974c0267e689e53e2bcfa
6. Green mirid bug/green_mirid_bug_00871.jpg,6. Green mirid bug,green_mirid_bug_damage,G03891,4cc55139858993a65a2d64ce5091140944f7db2d269d11cbabd4471c5121adba
6. Green mirid bug/green_mirid_bug_00872.jpg,6. Green mirid bug,green_mirid_bug_damage,G03892,b84f9eeb83cf6d106567b4e90cef518b6db97b446c65910d6b5640a68ac15a91
6. Green mirid bug/green_mirid_bug_00873.jpg,6. Green mirid bug,green_mirid_bug_damage,G03893,7f3212fcddb22287fce6ba80b0e908e7dc8f96fcc8c5f6c928c05e68e64943ce
6. Green mirid bug/green_mirid_bug_00875.jpg,6. Green mirid bug,green_mirid_bug_damage,G03895,b50346b4f20fa54a12badefc69e0cd4328afb0bdecf1b9ceb073f3924df69339
6. Green mirid bug/green_mirid_bug_00876.jpg,6. Green mirid bug,green_mirid_bug_damage,G03896,5dd8e8e13b88c55f0aff175dd74b3c8170399410f005f3e30a1317516b941adf
6. Green mirid bug/green_mirid_bug_00877.jpg,6. Green mirid bug,green_mirid_bug_damage,G03897,f92af5e73187ab39fdec98971b79175efbcc46c5e545431af2a7948d8adac7a1
6. Green mirid bug/green_mirid_bug_00878.jpg,6. Green mirid bug,green_mirid_bug_damage,G03898,98ad32918436a54cb1fae9db55645d604c07c170300c376565a70024b7f441bb
6. Green mirid bug/green_mirid_bug_00879.jpg,6. Green mirid bug,green_mirid_bug_damage,G03899,dbf8de2be65e806f4ce40aa073e1f3d92ce5674c44e3e2a73d45d1894a0d2951
6. Green mirid bug/green_mirid_bug_00881.jpg,6. Green mirid bug,green_mirid_bug_damage,G03901,480db5eb69a2dc739cd49f156e7fb4bcd9d01e74689551ba54bcae333ff7d72f
6. Green mirid bug/green_mirid_bug_00888.jpg,6. Green mirid bug,green_mirid_bug_damage,G03908,40f52494862b39085eff5f431a2a5310c200adf2fe619d7e90eccaa51fb09264
6. Green mirid bug/green_mirid_bug_00890.jpg,6. Green mirid bug,green_mirid_bug_damage,G03910,af6dea0b8284fab14e7f9e847df16abbd109b1b16eeb504df2a9534c08d4e6bc
6. Green mirid bug/green_mirid_bug_00892.jpg,6. Green mirid bug,green_mirid_bug_damage,G03912,7928e3d9b99141c08e40e29e92531597a285548155e451f7694b91e9b69a4302
6. Green mirid bug/green_mirid_bug_00894.jpg,6. Green mirid bug,green_mirid_bug_damage,G03914,d035a15e584ec411da5e3d18861715c8b3330250bf016ee7883441ac0c03401f
6. Green mirid bug/green_mirid_bug_00895.jpg,6. Green mirid bug,green_mirid_bug_damage,G03915,1a04c1564ddd17feb80191bb87a8b66716d343d6b5cbf33e88af1a890bd7db13
6. Green mirid bug/green_mirid_bug_00897.jpg,6. Green mirid bug,green_mirid_bug_damage,G03917,665ca2bca71083d91a3ce9c4c7abe7ffbd7f4c1ca5376df773ee35fa08e431d6
6. Green mirid bug/green_mirid_bug_00899.jpg,6. Green mirid bug,green_mirid_bug_damage,G03919,a93f6b2ea1da87a2118548f6ad7742f0b3966e26c31d46a37243442717545c5b
6. Green mirid bug/green_mirid_bug_00900.jpg,6. Green mirid bug,green_mirid_bug_damage,G03920,17ac179b08119d733cbc153111304f23d6fe8cc12bdc8ae44eae4a554ffb178e
6. Green mirid bug/green_mirid_bug_00901.jpg,6. Green mirid bug,green_mirid_bug_damage,G03921,6c25e567e4c08db0bd7d628f991205bb7390af7d960c8d3f7f2c989cf3018646
6. Green mirid bug/green_mirid_bug_00903.jpg,6. Green mirid bug,green_mirid_bug_damage,G03923,b7eaaf660cbe1079defb79a935b23a10fc0636483c82f062e4b0780ab82821e5
6. Green mirid bug/green_mirid_bug_00904.jpg,6. Green mirid bug,green_mirid_bug_damage,G03924,b983193fce3a1e56b331dd4e0bb05c656bbce25853ca1b647ca9580e734194ed
6. Green mirid bug/green_mirid_bug_00905.jpg,6. Green mirid bug,green_mirid_bug_damage,G03925,cf11befdc3532ef21080a5006263bf1e0c3dee0a68816712f9b62d009e5b09a1
6. Green mirid bug/green_mirid_bug_00906.jpg,6. Green mirid bug,green_mirid_bug_damage,G03926,adee3ff0c6d96265e5a5fdcc1e28d3af77158ca8c7d7ae3f93c06589a5c87fad
6. Green mirid bug/green_mirid_bug_00907.jpg,6. Green mirid bug,green_mirid_bug_damage,G03927,2ccc759c70fb20d27666827aab3f6dc4cebb7b9885a3fc1cc7d2370faf465b6c
6. Green mirid bug/green_mirid_bug_00908.jpg,6. Green mirid bug,green_mirid_bug_damage,G03928,5d2b92934614c0106a19d2786052443bc8d5dd899975286d4e0c499ad28bd978
6. Green mirid bug/green_mirid_bug_00909.jpg,6. Green mirid bug,green_mirid_bug_damage,G03929,53daf833f52ebda60b8a6d4811ae65402392105f74248b05db45f1c0e5da7627
6. Green mirid bug/green_mirid_bug_00910.jpg,6. Green mirid bug,green_mirid_bug_damage,G03930,b557f6ea66c20393c123a16e8f58397563ff0d881ff1e6210ed4854ef82402e2
6. Green mirid bug/green_mirid_bug_00912.jpg,6. Green mirid bug,green_mirid_bug_damage,G03932,bdfb97056c524f50e98201e1a783383a20ee63a7a6689fecdc2b62f7b16e3965
6. Green mirid bug/green_mirid_bug_00914.jpg,6. Green mirid bug,green_mirid_bug_damage,G03934,a188d865d0c025c5ab8625c41c417054436513cb3a1e656b79039a1bc9ef23ac
6. Green mirid bug/green_mirid_bug_00915.jpg,6. Green mirid bug,green_mirid_bug_damage,G03935,9ea31540cb3ab89c97d4267d8e39fbda8d0981e617bf96cb9ec72e8f8e48c047
6. Green mirid bug/green_mirid_bug_00916.jpg,6. Green mirid bug,green_mirid_bug_damage,G03936,f6175e78ddc33a69bbceb339ede2e9ed6827aeb0c65dcdd8044b148d093da2da
6. Green mirid bug/green_mirid_bug_00917.jpg,6. Green mirid bug,green_mirid_bug_damage,G03937,da45ca184ac3fb4aed96472048e09b366e9deea202219e7caf44cb47e5a38d7d
6. Green mirid bug/green_mirid_bug_00918.jpg,6. Green mirid bug,green_mirid_bug_damage,G03938,16e1239ed44c168a1ae4fdf2adddeb6b91e40aa044ae9d746fb4a1bd8e4cf83a
6. Green mirid bug/green_mirid_bug_00919.jpg,6. Green mirid bug,green_mirid_bug_damage,G03939,4dc78ecd015e2c67a1a0b2b8b4723106610328e994af897424fc9fa5465e9334
6. Green mirid bug/green_mirid_bug_00922.jpg,6. Green mirid bug,green_mirid_bug_damage,G03942,7090253348662659b8c8a79dfce20fc904196f55c5d554d73d316fc2b4a7d4f3
6. Green mirid bug/green_mirid_bug_00924.jpg,6. Green mirid bug,green_mirid_bug_damage,G03944,acb31c3cdd64ca261a4b4f49244ce8adec5bf9cd5efc2a6397dfe6aeecfffcfe
6. Green mirid bug/green_mirid_bug_00925.jpg,6. Green mirid bug,green_mirid_bug_damage,G03945,72008dec1b8bb0d905a83be310bba0645c47ee8a026cd5c57a7103d7064033f1
6. Green mirid bug/green_mirid_bug_00926.jpg,6. Green mirid bug,green_mirid_bug_damage,G03946,38e775decf83a1db43a9f5bcb797623105b8b8219f31d33a9823c8107de0712f
6. Green mirid bug/green_mirid_bug_00928.jpg,6. Green mirid bug,green_mirid_bug_damage,G03948,ef7505adda36d983f51f337ec28b0d0d93e4220a79c21dd5fdaa06fef1d89f0f
6. Green mirid bug/green_mirid_bug_00929.jpg,6. Green mirid bug,green_mirid_bug_damage,G03949,24c136f255e4dfa7bcabc6232a80a97193d4e1491cf956d85f029f42c34282ed
6. Green mirid bug/green_mirid_bug_00930.jpg,6. Green mirid bug,green_mirid_bug_damage,G03950,319b0b25a3a66f810235e11d5ec087a2d2351a1c23d7cbd00f6439ed3d08a2cb
6. Green mirid bug/green_mirid_bug_00931.jpg,6. Green mirid bug,green_mirid_bug_damage,G03951,34c61323b3d51aaae4a467955081878766cb6e8f970f0a99d270bb057f731ae6
6. Green mirid bug/green_mirid_bug_00932.jpg,6. Green mirid bug,green_mirid_bug_damage,G03952,80a610c800eed87ed6d587b54d515bcb1ebfca44103c3cb2068b62845548ba52
6. Green mirid bug/green_mirid_bug_00934.jpg,6. Green mirid bug,green_mirid_bug_damage,G03954,f37a0c3ae767fd096b7a704a3bdcb103f4f59fea78e1ae2a397b12368927008b
6. Green mirid bug/green_mirid_bug_00935.jpg,6. Green mirid bug,green_mirid_bug_damage,G03955,a78233547fbc853902cc0880a43374898bb983f8f3d4dedeb780f1cca6df7bb9
6. Green mirid bug/green_mirid_bug_00936.jpg,6. Green mirid bug,green_mirid_bug_damage,G03956,1d275f1f1ea6251a57688838cad92204ab24fd067302d0d0c6960a0d3c3a2e36
6. Green mirid bug/green_mirid_bug_00937.jpg,6. Green mirid bug,green_mirid_bug_damage,G03957,bfcbc21e5fc74201fc8b997d431b7cd68a26ead9bacc80a9ea8311f82c8853a0
6. Green mirid bug/green_mirid_bug_00939.jpg,6. Green mirid bug,green_mirid_bug_damage,G03959,e86cfb046d456fc73e3bf96842aad5a8e74533f6c90b56eb5c51e251df6c08ca
6. Green mirid bug/green_mirid_bug_00940.jpg,6. Green mirid bug,green_mirid_bug_damage,G03960,d12821b70759812be230e62cc505fa9d51dd1af20e661cab9d97f5bbefe27afe
6. Green mirid bug/green_mirid_bug_00943.jpg,6. Green mirid bug,green_mirid_bug_damage,G03963,18a77db7390cfa023d027b75fbe262e1660f880b84714c3ae468bba42d902dfd
6. Green mirid bug/green_mirid_bug_00944.jpg,6. Green mirid bug,green_mirid_bug_damage,G03964,8c6c1fa12fde4e55f69a0b68d1fbf207f4681e0b74f145a5eaa47c4b89c2539a
6. Green mirid bug/green_mirid_bug_00945.jpg,6. Green mirid bug,green_mirid_bug_damage,G03965,ad84f0666ea25d65422400c1ff17fa3feee7b48feb91d505314797dc9165c75d
6. Green mirid bug/green_mirid_bug_00950.jpg,6. Green mirid bug,green_mirid_bug_damage,G03970,da16936eb1b434ef0e6564e43a6fbf6568923a719896978e514af1a9a279947d
6. Green mirid bug/green_mirid_bug_00951.jpg,6. Green mirid bug,green_mirid_bug_damage,G03971,c794cd088f214d52ea50798638a6d3207653bcde08f5ae59937097215383eecc
6. Green mirid bug/green_mirid_bug_00952.jpg,6. Green mirid bug,green_mirid_bug_damage,G03972,b19566f99477e076659c47475fbe8e2a9fe80a88fde6d63c10cdc12a1cc358ac
6. Green mirid bug/green_mirid_bug_00953.jpg,6. Green mirid bug,green_mirid_bug_damage,G03973,972d163359b12bb1ce172cec5a1b654452981ea7aa3bb570c91786933225f2b2
6. Green mirid bug/green_mirid_bug_00954.jpg,6. Green mirid bug,green_mirid_bug_damage,G03974,4b89d9277c96d0e9489223583091476718093c1ee2f34b0b68dcc80a9bb5fc77
6. Green mirid bug/green_mirid_bug_00955.jpg,6. Green mirid bug,green_mirid_bug_damage,G03975,2d3f05111344226bf69301389014ff4d29e53f10789fdfd85a6eb69b03949e8c
6. Green mirid bug/green_mirid_bug_00957.jpg,6. Green mirid bug,green_mirid_bug_damage,G03977,8523d7852c7a03a0627ca85d83ba6fcad2b4280820f2534492065ad88fc3cdfd
6. Green mirid bug/green_mirid_bug_00958.jpg,6. Green mirid bug,green_mirid_bug_damage,G03978,71508a9e33c8bec570eeae6298452bc6a962617cf0791a320351803581ae6af9
6. Green mirid bug/green_mirid_bug_00959.jpg,6. Green mirid bug,green_mirid_bug_damage,G03979,dea3c0e88c9745543b0988941538a91517f7a865f063ba4ca7f0f375ba451c34
6. Green mirid bug/green_mirid_bug_00960.jpg,6. Green mirid bug,green_mirid_bug_damage,G03980,d10a3668332247902800e38ad0e8ca10f76a775da762e59575b2b042a41515d1
6. Green mirid bug/green_mirid_bug_00961.jpg,6. Green mirid bug,green_mirid_bug_damage,G03981,86cb551cdecce215ec5115ddd74a99a2a47bbc336678f988608678b9409959c0
6. Green mirid bug/green_mirid_bug_00962.jpg,6. Green mirid bug,green_mirid_bug_damage,G03982,c8876d3c15034491201b4e296ba2a03c87e3fc28c82106652aa8c459d9a3bb62
6. Green mirid bug/green_mirid_bug_00963.jpg,6. Green mirid bug,green_mirid_bug_damage,G03983,6c0d510be94a5fa665f032ca28875bc91fa2044106201cc2a398415fc258c381
6. Green mirid bug/green_mirid_bug_00964.jpg,6. Green mirid bug,green_mirid_bug_damage,G03984,03916c9046cdebf431a24b0ef81e5a76674e1de248d4483ddf559b863bd1f99b
6. Green mirid bug/green_mirid_bug_00965.jpg,6. Green mirid bug,green_mirid_bug_damage,G03985,b5024ac93a3d5d8dd6c97e6f8e5225152abae506a8a65f1a21f37e5252274dac
6. Green mirid bug/green_mirid_bug_00966.jpg,6. Green mirid bug,green_mirid_bug_damage,G03986,8e859246c61e006ff04d8d11db1061dfba094fe461c742f183b3f6d19276881d
6. Green mirid bug/green_mirid_bug_00968.jpg,6. Green mirid bug,green_mirid_bug_damage,G03988,08afbce92756f0a9525aa3d3ea2cff95cdb7dfed64dcbfe84f570f4c43e1929a
6. Green mirid bug/green_mirid_bug_00970.jpg,6. Green mirid bug,green_mirid_bug_damage,G03990,f4c38200596a6d14cf16cb61598df295f84bbd3e9673d853545df824a5c37157
6. Green mirid bug/green_mirid_bug_00971.jpg,6. Green mirid bug,green_mirid_bug_damage,G03991,b7446b6d4522dfdbb50db073b5c16a5b786e95c7433370bf2da165deee598747
6. Green mirid bug/green_mirid_bug_00972.jpg,6. Green mirid bug,green_mirid_bug_damage,G03992,40dc4130de908c8cfe9730b931c679b8af2b4216428c1e1803333ca95700e85a
6. Green mirid bug/green_mirid_bug_00973.jpg,6. Green mirid bug,green_mirid_bug_damage,G03993,c2c55efd0f2f9039016aa6866b745593ddfb3268f9391c11273ae6be5286dd2c
6. Green mirid bug/green_mirid_bug_00975.jpg,6. Green mirid bug,green_mirid_bug_damage,G03995,54db5b1ac4632124a22e5584d58ed0afe6da1c625be11e4df6b4e81238b06a48
6. Green mirid bug/green_mirid_bug_00977.jpg,6. Green mirid bug,green_mirid_bug_damage,G03997,9b129f5d145fcb989d47bd2d305e09d5dd3d92cfb55fa9158abb64a68c4179d4
6. Green mirid bug/green_mirid_bug_00978.jpg,6. Green mirid bug,green_mirid_bug_damage,G03998,9e550bd162a08f7a9da22e099caf9ec0e5d88f48380e01bdb733ea9ae60bbf98
6. Green mirid bug/green_mirid_bug_00979.jpg,6. Green mirid bug,green_mirid_bug_damage,G03999,51b39995bf9c1eef344ff6ce4321c208fa0388133c19ba997e580a9f20a58b3f
6. Green mirid bug/green_mirid_bug_00980.jpg,6. Green mirid bug,green_mirid_bug_damage,G04000,8c0a36c26ea1ad68ae92223679b1ce3d528d0e92de398d9dc64ed8ad8638f9a0
6. Green mirid bug/green_mirid_bug_00981.jpg,6. Green mirid bug,green_mirid_bug_damage,G04001,6f99f312da837e9c9f487237e4b3ff21154a0908d5f8a94de0f1b7d2bf59c37a
6. Green mirid bug/green_mirid_bug_00983.jpg,6. Green mirid bug,green_mirid_bug_damage,G04003,ff2dd4332c8615757deaacb9043d573f03d8e6223584167de492693086d441ee
6. Green mirid bug/green_mirid_bug_00984.jpg,6. Green mirid bug,green_mirid_bug_damage,G04004,3efca4e718780219eb9ef8aba0ff66d6fd38f118819484332c98aced64413372
6. Green mirid bug/green_mirid_bug_00985.jpg,6. Green mirid bug,green_mirid_bug_damage,G04005,94e593d844e479eca719820c6371758199ea154efc1cb1ef71bbf3d373ff96b4
6. Green mirid bug/green_mirid_bug_00986.jpg,6. Green mirid bug,green_mirid_bug_damage,G04006,bdd9e81d124936620c6d8470d9a24890b53d09bcaf3b9b538f0a6d09f3fb2abe
6. Green mirid bug/green_mirid_bug_00987.jpg,6. Green mirid bug,green_mirid_bug_damage,G04007,1fea577181f4173ecf709f3c263478ba37d36926ef73dc15e72de02e52fa07b0
6. Green mirid bug/green_mirid_bug_00988.jpg,6. Green mirid bug,green_mirid_bug_damage,G04008,dbe50dc5cd75e1f4ff7b626256b405dc6b0b1217d1e8c2badaec3765ca9b32cb
6. Green mirid bug/green_mirid_bug_00991.jpg,6. Green mirid bug,green_mirid_bug_damage,G04011,84f82985b1ac0b58d9cb6d3650357c07ae72a1594dae098d0ceb55d2eb66cd89
6. Green mirid bug/green_mirid_bug_00993.jpg,6. Green mirid bug,green_mirid_bug_damage,G04013,dd9273bc0a48fbf6cb990bf14af634b0f5892c42f36783fc3346996fb09bbc0f
6. Green mirid bug/green_mirid_bug_00994.jpg,6. Green mirid bug,green_mirid_bug_damage,G04014,b869e599221ebd0bef316f5968897583bd056c3bf8a6961e7d0665fbd3da7f7a
6. Green mirid bug/green_mirid_bug_00995.jpg,6. Green mirid bug,green_mirid_bug_damage,G04015,6b6511749dca3d4c46724346029728ff2f0b302dc1775940ae2594e53e8bf6be
6. Green mirid bug/green_mirid_bug_00996.jpg,6. Green mirid bug,green_mirid_bug_damage,G04016,78f88dccc29257fc49ee4ed82b615521723d4e9a3faabc9670262e58fc5a8cdc
6. Green mirid bug/green_mirid_bug_00997.jpg,6. Green mirid bug,green_mirid_bug_damage,G04017,2725052dcc6ee0068584c58e650efffdb6421c529674b3dee90a3ea350bd5b0c
6. Green mirid bug/green_mirid_bug_00999.jpg,6. Green mirid bug,green_mirid_bug_damage,G04019,2bf4607c5d32461ed5bda984b78a402f3f97a51ac65770a01cbd22f196d34d54
6. Green mirid bug/green_mirid_bug_01001.jpg,6. Green mirid bug,green_mirid_bug_damage,G04021,29e63023f5380248db074dc71b9c987aa0ceb9be7492b59ebb8c97a907679a9c
6. Green mirid bug/green_mirid_bug_01003.jpg,6. Green mirid bug,green_mirid_bug_damage,G04023,a22e57b940b81200d45497d34f95cc0ea710a5356a759e81ac94649aac3aca96
6. Green mirid bug/green_mirid_bug_01007.jpg,6. Green mirid bug,green_mirid_bug_damage,G04027,6c9b3ec40cb1523d6629c3e6496f63fe90a6fcc91e82253cbd8027bc6b695ca3
6. Green mirid bug/green_mirid_bug_01011.jpg,6. Green mirid bug,green_mirid_bug_damage,G04031,5341b4874d97fdb406eb321bd045d491df4fc48210226896446ed30facf35f47
6. Green mirid bug/green_mirid_bug_01012.jpg,6. Green mirid bug,green_mirid_bug_damage,G04032,4cb5efa6449acb6968b0cae4ae15fd9acdc606189e2a54956b4d24c77b1acb98
6. Green mirid bug/green_mirid_bug_01014.jpg,6. Green mirid bug,green_mirid_bug_damage,G04034,fc8eb1a4a2d960b4ccc27e4b6072c2a459291037a21f1b95a9dd85059bf9eb12
6. Green mirid bug/green_mirid_bug_01015.jpg,6. Green mirid bug,green_mirid_bug_damage,G04035,fcd9361dd696966d14e0cc6384ea536b704acc2d74fb78cf15357e8716d4604e
6. Green mirid bug/green_mirid_bug_01017.jpg,6. Green mirid bug,green_mirid_bug_damage,G04037,f8b74e6b8edee656ad81817318499a69928409eb3adeb2bc43407ff9503f3803
6. Green mirid bug/green_mirid_bug_01018.jpg,6. Green mirid bug,green_mirid_bug_damage,G04038,9f00d4ce1ca6bcfae577ef56e47b0b03ab1415a3c7b8a457ebb59e308da9c036
6. Green mirid bug/green_mirid_bug_01019.jpg,6. Green mirid bug,green_mirid_bug_damage,G04039,c91bccaa4ec3cd4efd5d7598a8ceb3497efb284fd378cbab8f6361085b0b4551
6. Green mirid bug/green_mirid_bug_01020.jpg,6. Green mirid bug,green_mirid_bug_damage,G04040,d328d73b322d70ae48244443ea66ca3037eafeef13dbb76a901d6850bc336fe0
6. Green mirid bug/green_mirid_bug_01021.jpg,6. Green mirid bug,green_mirid_bug_damage,G04041,4a98da7fd7bda6ac58c25b2fc90ea4a12e8dc4f463ff9c712052ef08670070e1
6. Green mirid bug/green_mirid_bug_01022.jpg,6. Green mirid bug,green_mirid_bug_damage,G04042,d9d87009be4a1c2513b82424e6219f0b17c7b50cc3d85b6849da9390b3190de8
6. Green mirid bug/green_mirid_bug_01028.jpg,6. Green mirid bug,green_mirid_bug_damage,G04048,6fb39fd98597ac6027eaf75da3b77fdbcac53349156bdcc65cff96d0ce5a6e83
6. Green mirid bug/green_mirid_bug_01029.jpg,6. Green mirid bug,green_mirid_bug_damage,G04049,2a5ffde64b91f8de89ba4dd5156030d739ac757b8b2c160cc544e7c9de3c317f
6. Green mirid bug/green_mirid_bug_01030.jpg,6. Green mirid bug,green_mirid_bug_damage,G04050,44ee830f839d9caeb7bd64343971f5a71494934999eba1b67226b88b0f735cc1
6. Green mirid bug/green_mirid_bug_01031.jpg,6. Green mirid bug,green_mirid_bug_damage,G04051,45de3e2360ee5ee7936c900cc5d159e5eb531fc5be0dc156914f258405a1fa28
6. Green mirid bug/green_mirid_bug_01032.jpg,6. Green mirid bug,green_mirid_bug_damage,G04052,6621250f27e4249de0a1ce5415e8eb33e1d1cf6ce19df391a6ba5794958b17cc
6. Green mirid bug/green_mirid_bug_01033.jpg,6. Green mirid bug,green_mirid_bug_damage,G04053,f8186c0ef642e2d5c3367745544ce4c2ac790d881bc879b981b8000ead1e4bc4
6. Green mirid bug/green_mirid_bug_01034.jpg,6. Green mirid bug,green_mirid_bug_damage,G04054,ce6d0214a0ef4bfc6724f339322e03eefd2cc7609cb38be5e1135043e1892e6f
6. Green mirid bug/green_mirid_bug_01035.jpg,6. Green mirid bug,green_mirid_bug_damage,G04055,ea470347c30f1a7c5d317ba432670866ee71b630e547daa82d1d64090045bf3d
6. Green mirid bug/green_mirid_bug_01036.jpg,6. Green mirid bug,green_mirid_bug_damage,G04056,68431756d5b4cb8504b86e6b7a7ae5fe2e6cc87f409826a6b835172a67e556eb
6. Green mirid bug/green_mirid_bug_01037.jpg,6. Green mirid bug,green_mirid_bug_damage,G04057,1b20d0368fc593d33cfbc869a3cd4cd1d789feb04b525ff6ed84353b7a4506b8
6. Green mirid bug/green_mirid_bug_01039.jpg,6. Green mirid bug,green_mirid_bug_damage,G04059,e3a836160fea2cee155e09f0f295e02dc9cddaf79873cfdc7e027d538fee9eca
6. Green mirid bug/green_mirid_bug_01040.jpg,6. Green mirid bug,green_mirid_bug_damage,G04060,4480caff99732e4db395c87b28522c2f3acc565d081bdcfafed5dd6c5ccdd90c
6. Green mirid bug/green_mirid_bug_01041.jpg,6. Green mirid bug,green_mirid_bug_damage,G04061,c246102bf9ae56a57410a83cd0b0535c7ff583304bca2e4e69f1680a15b51477
6. Green mirid bug/green_mirid_bug_01042.jpg,6. Green mirid bug,green_mirid_bug_damage,G04062,76dcfeef883a2fd277dbb75badba49da76b6356e2db5cdc5027150669ba9b6e5
6. Green mirid bug/green_mirid_bug_01043.jpg,6. Green mirid bug,green_mirid_bug_damage,G04063,912eb1c1dcf78d6786f8067058378de6d40f670adfb935fb3cfe5707ebdf3df6
6. Green mirid bug/green_mirid_bug_01044.jpg,6. Green mirid bug,green_mirid_bug_damage,G04064,7d1227dee24273e3a9b9a426b38d8fcff3deb9378aad485685057bf6a8b85ef5
6. Green mirid bug/green_mirid_bug_01045.jpg,6. Green mirid bug,green_mirid_bug_damage,G04065,6e37cf86e89cef726211f53f863be63fbeaeecbfc595887c687212a3b0344ab4
6. Green mirid bug/green_mirid_bug_01047.jpg,6. Green mirid bug,green_mirid_bug_damage,G04067,9adfc485ae2ca11177a609ab2f3e9a4d5133dfc0f6680b585b1d71c731823801
6. Green mirid bug/green_mirid_bug_01048.jpg,6. Green mirid bug,green_mirid_bug_damage,G04068,88ea0e03a3a833401941970544f68d464a270b2fe392565cb0af2726493e22c8
6. Green mirid bug/green_mirid_bug_01049.jpg,6. Green mirid bug,green_mirid_bug_damage,G04069,0796ca6eaa404042cb347f6b4a43c3d7e2262b8474715d920b0a4fc750f22fc7
6. Green mirid bug/green_mirid_bug_01051.jpg,6. Green mirid bug,green_mirid_bug_damage,G04071,02f08e3a795d053a7f87246752d0ecc64df2be623687a5fe75021d53a1ff4e49
6. Green mirid bug/green_mirid_bug_01053.jpg,6. Green mirid bug,green_mirid_bug_damage,G04073,6cd95b20de50a815a938594863a86b9803c43082ed6be72891ea158abcdba672
6. Green mirid bug/green_mirid_bug_01054.jpg,6. Green mirid bug,green_mirid_bug_damage,G04074,937315073d53230f2fbfd2e46015d1e0e4c4018a99b1037bf42890c1f7894696
6. Green mirid bug/green_mirid_bug_01055.jpg,6. Green mirid bug,green_mirid_bug_damage,G04075,9354942bc4b5cf68a28465adbd207a59b29972df62b916bd526adbe188c90932
6. Green mirid bug/green_mirid_bug_01057.jpg,6. Green mirid bug,green_mirid_bug_damage,G04077,88febfab7b59ce5462073620363cbe0343e98c7869c2012eaa212ef9f4e811bc
6. Green mirid bug/green_mirid_bug_01058.jpg,6. Green mirid bug,green_mirid_bug_damage,G04078,6234589910bc49b8cc66b6006d8fff16db0abaeedb91466067195f87ee57ad83
6. Green mirid bug/green_mirid_bug_01060.jpg,6. Green mirid bug,green_mirid_bug_damage,G04080,d53afe1ca9370c8bfb8d51669e102971dbefa9fd2ce35ec23ffb9411a6bc8ffc
6. Green mirid bug/green_mirid_bug_01061.jpg,6. Green mirid bug,green_mirid_bug_damage,G04081,4edd5e579e6bbb83185d120f3d163d2072dad65e7cfe4e69dc7ae603ae8661bb
6. Green mirid bug/green_mirid_bug_01065.jpg,6. Green mirid bug,green_mirid_bug_damage,G04085,9052eba97583274257a4c117304a9547e41fd1ae4200c2d0e6e777b488a17882
6. Green mirid bug/green_mirid_bug_01066.jpg,6. Green mirid bug,green_mirid_bug_damage,G04086,9e87b472ce35a804939c041bb6bc131d845bd10a5f4f36a330a6ba606e1f3427
6. Green mirid bug/green_mirid_bug_01067.jpg,6. Green mirid bug,green_mirid_bug_damage,G04087,f2366e1b80453102d9b55fd625adaf6686d6543f989b9d1d9cb03e0e12574565
6. Green mirid bug/green_mirid_bug_01069.jpg,6. Green mirid bug,green_mirid_bug_damage,G04089,173442166c37fcd313afdb88937196b960262c89ca5173a6401738bc6c4137f4
6. Green mirid bug/green_mirid_bug_01070.jpg,6. Green mirid bug,green_mirid_bug_damage,G04090,df1054084acd949d19b74d16d7a5f5c4f6945523726a89b560b09c686e1d5e22
6. Green mirid bug/green_mirid_bug_01071.jpg,6. Green mirid bug,green_mirid_bug_damage,G04091,3cf5776563689681accc27f1c5528426989e6bc7250ca143612045bf0ddcc378
6. Green mirid bug/green_mirid_bug_01072.jpg,6. Green mirid bug,green_mirid_bug_damage,G00042,ac3706384228b570b59337dfb87c75c95821e0511dbb4cd3c43ce3ec0328bf63
6. Green mirid bug/green_mirid_bug_01073.jpg,6. Green mirid bug,green_mirid_bug_damage,G00042,af8675f5086f6abae955a5f472dce76d0d5e6e7f757944545bc2b968e087e990
6. Green mirid bug/green_mirid_bug_01074.jpg,6. Green mirid bug,green_mirid_bug_damage,G04092,26c781bb83d6c8b5f08b2aec49b3bf0691533d62d4dbf9e6678ad8c7f065c41a
6. Green mirid bug/green_mirid_bug_01075.jpg,6. Green mirid bug,green_mirid_bug_damage,G04093,63081149331ad9380288dd38760a130e4c8d0eea8581442b73614cb5a66625b2
6. Green mirid bug/green_mirid_bug_01076.jpg,6. Green mirid bug,green_mirid_bug_damage,G04094,365a9313315d71f775dc3b65fea49a57eea433612a5e92cce2d2f898ea7a7321
6. Green mirid bug/green_mirid_bug_01077.jpg,6. Green mirid bug,green_mirid_bug_damage,G04095,70aebe3c1e6406533c1d10c8b54cb73ffbb5f336fa2def1afde32a6279920b8a
6. Green mirid bug/green_mirid_bug_01078.jpg,6. Green mirid bug,green_mirid_bug_damage,G04096,194d5ef5b8f63246d857484f5e5d152748d30ca833965a38ba614a8349797ce8
6. Green mirid bug/green_mirid_bug_01079.jpg,6. Green mirid bug,green_mirid_bug_damage,G04097,299a26aa3904f1a97a4f7b5bb66d1fb1d1b345a6624782e8c47d131fc46501e7
6. Green mirid bug/green_mirid_bug_01080.jpg,6. Green mirid bug,green_mirid_bug_damage,G04098,407272e5a6877227472465e3d75d30a9f91fa4d8287a5c9055e51df295db540f
6. Green mirid bug/green_mirid_bug_01081.jpg,6. Green mirid bug,green_mirid_bug_damage,G04099,80b29f6a405d06c8515b1fc581dc6ee0d7adde7fb9a7b49d0db58d32bbff213f
6. Green mirid bug/green_mirid_bug_01084.jpg,6. Green mirid bug,green_mirid_bug_damage,G04102,9eaaeef8ff3a7f082d5d0afe82e0f2cde0fb5d2bee5efe8ed0ac24d24eccdae6
6. Green mirid bug/green_mirid_bug_01086.jpg,6. Green mirid bug,green_mirid_bug_damage,G04104,826d66c68fcce462cc3aca74ccc0171baab604b31696b38f89ecfb12142c4287
6. Green mirid bug/green_mirid_bug_01087.jpg,6. Green mirid bug,green_mirid_bug_damage,G04105,bd1386c78d8704d7fcdd4490fbea06631e8c07219f8c10e2af497f8fb78b4f61
6. Green mirid bug/green_mirid_bug_01088.jpg,6. Green mirid bug,green_mirid_bug_damage,G04106,02438a720f89c10f60d9c92950236669a5c57807352d95bac3ec8a008737953f
6. Green mirid bug/green_mirid_bug_01089.jpg,6. Green mirid bug,green_mirid_bug_damage,G04107,0bc70a7465c6a3c48b9e49abb7264911c114de7cdf23193074b0feb0aac6ec88
6. Green mirid bug/green_mirid_bug_01091.jpg,6. Green mirid bug,green_mirid_bug_damage,G04109,f131649d97115e14cef84494126a1de94acae69df5750b7051622609c99f6d3d
6. Green mirid bug/green_mirid_bug_01092.jpg,6. Green mirid bug,green_mirid_bug_damage,G04110,f2d5ec40bb36cc8db2ae9f38abf034d13ac739c8bc16144abc2b079c155062c6
6. Green mirid bug/green_mirid_bug_01094.jpg,6. Green mirid bug,green_mirid_bug_damage,G04112,fba30e740c5df16d1c5a3b5d49c5eb7e63ebbe0890013f63ddd8021ee141c948
6. Green mirid bug/green_mirid_bug_01096.jpg,6. Green mirid bug,green_mirid_bug_damage,G04114,c6cb9c0786de131f23a72055ddaeb931ad9c7e96572c84da0c3f9fd7dfe3ea21
6. Green mirid bug/green_mirid_bug_01097.jpg,6. Green mirid bug,green_mirid_bug_damage,G04115,9aced49925ce623aca5f45297aabe3f1554b65a089febabd34bd538ce194500a
6. Green mirid bug/green_mirid_bug_01098.jpg,6. Green mirid bug,green_mirid_bug_damage,G04116,dba7b94702901232464de114d59d3e384394d47a0b0f8f444393f8169ee0bcfc
6. Green mirid bug/green_mirid_bug_01099.jpg,6. Green mirid bug,green_mirid_bug_damage,G04117,cdda2543bcea42a0d50944bfe0ca030a05c0e64feed343db969caa77223a22d3
6. Green mirid bug/green_mirid_bug_01100.jpg,6. Green mirid bug,green_mirid_bug_damage,G04118,deb857aa0741d522d32b75725155200fc105253fe6363bebf1a079ac4ff66f82
6. Green mirid bug/green_mirid_bug_01102.jpg,6. Green mirid bug,green_mirid_bug_damage,G04120,18864649798345c272454fd9ab0fc77692933f21f8751b7c0035947a1d60a2d2
6. Green mirid bug/green_mirid_bug_01103.jpg,6. Green mirid bug,green_mirid_bug_damage,G04121,c0d39472c1378680a2e4ba8f4393c072938330b315bf375bea0cea842b6946bb
6. Green mirid bug/green_mirid_bug_01104.jpg,6. Green mirid bug,green_mirid_bug_damage,G04122,d8413977aea16b125e7733342cb3f7ee81da2c24995d62c9e2cb95f24e8c759c
6. Green mirid bug/green_mirid_bug_01105.jpg,6. Green mirid bug,green_mirid_bug_damage,G04123,0686cde1fd73ac7236c5d7d049b080e7a8f0407ee820f5bb1dd1c833246efdb2
6. Green mirid bug/green_mirid_bug_01106.jpg,6. Green mirid bug,green_mirid_bug_damage,G04124,6749bfa42ad5ed5922854f3c2258eafa36a9bc4cefbf4a3904d320cd2d9a2f65
6. Green mirid bug/green_mirid_bug_01107.jpg,6. Green mirid bug,green_mirid_bug_damage,G04125,720356a88ef7036a63b64a5f819e4b3b33bf951b2db810ffc9c13adebf446225
6. Green mirid bug/green_mirid_bug_01110.jpg,6. Green mirid bug,green_mirid_bug_damage,G04128,ba3edbcb935d2768f1a44e97bba78c454f96c6c4411a1305bef2463ea0d3a45e
6. Green mirid bug/green_mirid_bug_01111.jpg,6. Green mirid bug,green_mirid_bug_damage,G04129,3bdfe1be7cabaa9683f1c4c28a954a0ce3c35ee96df3796d694a3ba126470e19
6. Green mirid bug/green_mirid_bug_01112.jpg,6. Green mirid bug,green_mirid_bug_damage,G04130,2ad4d352ae7f282fec5330a6a8e29905ab43ff8bf4c8fb745bd22e9dedd3f670
6. Green mirid bug/green_mirid_bug_01114.jpg,6. Green mirid bug,green_mirid_bug_damage,G04132,5f3f1f5c6f4cea0f45b439dc0654a1ea1b905cbdd73ede58f7d76159cec61ae1
6. Green mirid bug/green_mirid_bug_01116.jpg,6. Green mirid bug,green_mirid_bug_damage,G04134,d310ce956c203a18f21ce5d68540d0037e08c82cc7121077a4166ae558845d87
6. Green mirid bug/green_mirid_bug_01119.jpg,6. Green mirid bug,green_mirid_bug_damage,G04137,75ab17d5cb2cfb6ef2b7b64b9f7e06a49cfc23a6b6eaff892f8ef9c940010601
6. Green mirid bug/green_mirid_bug_01120.jpg,6. Green mirid bug,green_mirid_bug_damage,G04138,fffd900489af520ca9bd729cb60f8af8321f287ae58a19432ad2e1cbdf5e8189
6. Green mirid bug/green_mirid_bug_01121.jpg,6. Green mirid bug,green_mirid_bug_damage,G04139,34651956bd8ec01619803844c1449ed7f0783722b5667d29da34c02238fe739c
6. Green mirid bug/green_mirid_bug_01122.jpg,6. Green mirid bug,green_mirid_bug_damage,G04140,134593828289155c69a6dd38b3e6d60c4bd7dc75a36bfad0322e68380fc1532c
6. Green mirid bug/green_mirid_bug_01123.jpg,6. Green mirid bug,green_mirid_bug_damage,G04141,b11febd291fc2649d036338e1b8d2eddfecbd46bf6ceab7657fdad4225b3da43
6. Green mirid bug/green_mirid_bug_01124.jpg,6. Green mirid bug,green_mirid_bug_damage,G04142,f53eff6485d0e7cde56ce383b56c324659dd725351079aaa1b7112c96c19a138
6. Green mirid bug/green_mirid_bug_01125.jpg,6. Green mirid bug,green_mirid_bug_damage,G04143,09075fa73baf80e8620db27198a4fefc4c070b908a6c3599e08067d3ae61c465
6. Green mirid bug/green_mirid_bug_01126.jpg,6. Green mirid bug,green_mirid_bug_damage,G04144,36b2ae82427fda7c933dcd1b46bda42ed2d6677e57370e8efd48e647634c9c82
6. Green mirid bug/green_mirid_bug_01127.jpg,6. Green mirid bug,green_mirid_bug_damage,G04145,41cd06fc9e89ecc9093d92e2ed9d5cac74c8df8d32c0735ccc6dfe9ae08956bd
6. Green mirid bug/green_mirid_bug_01129.jpg,6. Green mirid bug,green_mirid_bug_damage,G04147,f97dfc8e7be9d1527bd084262aa98ae79eb70e17ee59b488d6bd2f79e9b1dbbe
6. Green mirid bug/green_mirid_bug_01131.jpg,6. Green mirid bug,green_mirid_bug_damage,G04149,0dbcd0dcfce7f55d8bdb5d553af216bb86933b023bfc456f711267b6aa2ed00b
6. Green mirid bug/green_mirid_bug_01135.jpg,6. Green mirid bug,green_mirid_bug_damage,G04153,42268e54a2671fb417c5bb62e2da4f21a36a0f46f25517ef74346ca6c4ed3a62
6. Green mirid bug/green_mirid_bug_01138.jpg,6. Green mirid bug,green_mirid_bug_damage,G04156,b299b665e7846b538a3907f00434f7168b59f7bd31be38f5717fa236cf0b3c3c
6. Green mirid bug/green_mirid_bug_01139.jpg,6. Green mirid bug,green_mirid_bug_damage,G04157,523c164d98cc07dc18c41c4dd3ecd9175a1704c598fb06267554f1144ddf7960
6. Green mirid bug/green_mirid_bug_01140.jpg,6. Green mirid bug,green_mirid_bug_damage,G04158,d4b0b9f7a31f6b9765dc388ed256389c0345bb215222815ff69b94906c152f60
6. Green mirid bug/green_mirid_bug_01143.jpg,6. Green mirid bug,green_mirid_bug_damage,G04161,14bb72e8c1d07b778ed003dc85073f31d5177f9d36a8e858d3667ae715d3dc08
6. Green mirid bug/green_mirid_bug_01144.jpg,6. Green mirid bug,green_mirid_bug_damage,G04162,a759d956ad98696cd585694e0e78ce33d613c4db45fa33f1bbc2dcb6e911869b
6. Green mirid bug/green_mirid_bug_01145.jpg,6. Green mirid bug,green_mirid_bug_damage,G04163,91c586608fee0f9adb018d4fa2b63ae1754ad5c26b6b4335fd6be758e38521e1
6. Green mirid bug/green_mirid_bug_01147.jpg,6. Green mirid bug,green_mirid_bug_damage,G04165,d385779777c3b636e45b9967712cd188588f18278fd388e236609a6816d2b6e1
6. Green mirid bug/green_mirid_bug_01149.jpg,6. Green mirid bug,green_mirid_bug_damage,G04167,e18dde5ecd0c0e6372b17b3af43452f4ae15d981dd6019b748507cf948634866
6. Green mirid bug/green_mirid_bug_01150.jpg,6. Green mirid bug,green_mirid_bug_damage,G04168,88c5b03dd44daaa31baa7a75bcbf9b31842d194de64b907c82585f5e798415ba
6. Green mirid bug/green_mirid_bug_01151.jpg,6. Green mirid bug,green_mirid_bug_damage,G04169,86169d0d3fcd845986180457e829ee8bbdd84c057db34a86a4fbc8bedfcbc3c7
6. Green mirid bug/green_mirid_bug_01152.jpg,6. Green mirid bug,green_mirid_bug_damage,G04170,14c50e860496953d8e70a02575f08ba6b90061ef1b7005aacfb5525d3145e6c6
6. Green mirid bug/green_mirid_bug_01153.jpg,6. Green mirid bug,green_mirid_bug_damage,G04171,d416c1a0b9791908bb4fb84680887fe4888fcd101b6bd1b6264446fc8a4ea96e
6. Green mirid bug/green_mirid_bug_01154.jpg,6. Green mirid bug,green_mirid_bug_damage,G04172,513a6cc82a899ed490e88b79e66bbbc395d4c7b202157ac5554b0befc0774b9a
6. Green mirid bug/green_mirid_bug_01156.jpg,6. Green mirid bug,green_mirid_bug_damage,G04174,d9aeda66452ce34abcc1d3b0923548f73f6f107532e826c749c19bb5d3f3f5f7
6. Green mirid bug/green_mirid_bug_01157.jpg,6. Green mirid bug,green_mirid_bug_damage,G04175,baee0c0e4b1be9db61cb719b363b3fd1ab42e536234a7389f54f26ebe5bf1ed7
6. Green mirid bug/green_mirid_bug_01158.jpg,6. Green mirid bug,green_mirid_bug_damage,G04176,675a62f4221316326a58814c4669aa3553ad2dc9f4d81cb8629ac46643aaecf2
6. Green mirid bug/green_mirid_bug_01160.jpg,6. Green mirid bug,green_mirid_bug_damage,G04178,4a31b1cc0c513f7c9e37680e4c7537eda8d66cd6a9c60a2562daf6b65df3fb8c
6. Green mirid bug/green_mirid_bug_01163.jpg,6. Green mirid bug,green_mirid_bug_damage,G04181,7542cb3095a7d28c9b6c7e2edb5bc1bfcd218def133a29e09c00915bca2027a4
6. Green mirid bug/green_mirid_bug_01164.jpg,6. Green mirid bug,green_mirid_bug_damage,G04182,a5fe760654313da5240103fcc8d3d480028004fb8056badddca096e89270038f
6. Green mirid bug/green_mirid_bug_01165.jpg,6. Green mirid bug,green_mirid_bug_damage,G04183,b0d266d0e6575c7a4c103487483eb986a8aedf803a16677d5e462f4697001b09
6. Green mirid bug/green_mirid_bug_01166.jpg,6. Green mirid bug,green_mirid_bug_damage,G04184,1748c2818643c48394ec77bbd4e8c7727fa2032f16e14386a9f583fdbd486ec0
6. Green mirid bug/green_mirid_bug_01167.jpg,6. Green mirid bug,green_mirid_bug_damage,G04185,30e81b7eb18f1bd9acd5725636c9e266c16e937da6ede804fb337e969635648d
6. Green mirid bug/green_mirid_bug_01168.jpg,6. Green mirid bug,green_mirid_bug_damage,G04186,fadfd318b3c6ad1f3f9be073491e1b928de08ecae3b3e96998bc0f0ee288895c
6. Green mirid bug/green_mirid_bug_01170.jpg,6. Green mirid bug,green_mirid_bug_damage,G04188,e8ea5449827b5e96be25e5e2843cf030dc88a1eee1210e3177f5c2f49f734b7a
6. Green mirid bug/green_mirid_bug_01173.jpg,6. Green mirid bug,green_mirid_bug_damage,G04191,1ad370cc1bf947b1f3aab77042b9309c8b4ebd4c4f1162893506afb53d9b0e3c
6. Green mirid bug/green_mirid_bug_01176.jpg,6. Green mirid bug,green_mirid_bug_damage,G04194,661b29f4f1430ea3f1a9d2ba3fc82a902b8c1ab8760be00bbaf01e98a88f8951
6. Green mirid bug/green_mirid_bug_01177.jpg,6. Green mirid bug,green_mirid_bug_damage,G04195,4a4898887dd52d570ec27460e1b9778fac0b635cf4daa411a4e85423a2da1f3f
6. Green mirid bug/green_mirid_bug_01178.jpg,6. Green mirid bug,green_mirid_bug_damage,G04196,dde137bf1164e810f3b0805f683b164efdbafb2fa881e185a62c607a9b68155c
6. Green mirid bug/green_mirid_bug_01179.jpg,6. Green mirid bug,green_mirid_bug_damage,G04197,95db0718aad117b25a9244423ba8efb471d42ab3963cd6238d03e2e0d56b5ff9
6. Green mirid bug/green_mirid_bug_01180.jpg,6. Green mirid bug,green_mirid_bug_damage,G04198,b2dd33d18d3146f87d895b8ff55bd3988ca9d7974c82ead242a34b641833735d
6. Green mirid bug/green_mirid_bug_01181.jpg,6. Green mirid bug,green_mirid_bug_damage,G04199,1743dcdd7fb4868fceaa9caa5bcfe62b6a6c39d8b9fd39681a11f237fb4af523
6. Green mirid bug/green_mirid_bug_01182.jpg,6. Green mirid bug,green_mirid_bug_damage,G04200,7f745ac7ae6ab09171bf70bfdd2c548593f843c61123bec60282fd5b327f8b1c
6. Green mirid bug/green_mirid_bug_01183.jpg,6. Green mirid bug,green_mirid_bug_damage,G04201,4684e7ed0218e86a814989cb2458f4f1b8f723ceb3aac29dca447b415b8e32bc
6. Green mirid bug/green_mirid_bug_01184.jpg,6. Green mirid bug,green_mirid_bug_damage,G04202,1801404d23b795d73209461413567d5cf9d5201909faffd267b48d70007ee960
6. Green mirid bug/green_mirid_bug_01185.jpg,6. Green mirid bug,green_mirid_bug_damage,G04203,b2403249d0904134b0b912beeabec2f6003a7d5c1ff999270b694be8d780f1de
6. Green mirid bug/green_mirid_bug_01186.jpg,6. Green mirid bug,green_mirid_bug_damage,G04204,05c95818591f8c72d64800d8d9fff31277713264c3fa5714d68339e73ad8d4ff
6. Green mirid bug/green_mirid_bug_01188.jpg,6. Green mirid bug,green_mirid_bug_damage,G04206,1f99ffb2cd438de11e7ad13ba87eedad14d470f27f7b8a9c562e07c15c3fa06e
6. Green mirid bug/green_mirid_bug_01189.jpg,6. Green mirid bug,green_mirid_bug_damage,G04207,31df509fbd49b20f3073a13414dcf6dbff5a7733c7e7a7f09bd1dc411317e9aa
6. Green mirid bug/green_mirid_bug_01190.jpg,6. Green mirid bug,green_mirid_bug_damage,G04208,24b786edf1000516f20a37e7d28ef2ed77263a6ba37dcc403190ba2c19b87afb
6. Green mirid bug/green_mirid_bug_01191.jpg,6. Green mirid bug,green_mirid_bug_damage,G04209,0eec17e5046470fa85beddc04dd4733febeea5535a47cfdf9c161acd89a2df87
6. Green mirid bug/green_mirid_bug_01192.jpg,6. Green mirid bug,green_mirid_bug_damage,G04210,46f00fa411aaaa25206209c8105e633d6164031cf5c135c9046131fbfc89a410
6. Green mirid bug/green_mirid_bug_01193.jpg,6. Green mirid bug,green_mirid_bug_damage,G04211,f67ef7a2f378edd6b51557b3e7702674c3836094469707af81f7006e60fa9664
6. Green mirid bug/green_mirid_bug_01194.jpg,6. Green mirid bug,green_mirid_bug_damage,G04212,7b226aa895025519fad6673e622b5701f75a584d8806a9caf85eda15170dbafe
6. Green mirid bug/green_mirid_bug_01196.jpg,6. Green mirid bug,green_mirid_bug_damage,G04214,fc5ccf891bb798568a150eaae30c292024a8d974e5b35a7a806f44ae0a56ac38
6. Green mirid bug/green_mirid_bug_01198.jpg,6. Green mirid bug,green_mirid_bug_damage,G04216,a9ec31310028786f0d0ecf3b853e18d670f0e3c0956341bf3c5459f7453cf1b3
6. Green mirid bug/green_mirid_bug_01199.jpg,6. Green mirid bug,green_mirid_bug_damage,G04217,0cbb43c4eae42c46be7a668312b6d623a1f68044357ab24f0c688e97ea626ee2
6. Green mirid bug/green_mirid_bug_01201.jpg,6. Green mirid bug,green_mirid_bug_damage,G04219,1da963841c922b268f787b388f6e7d2f642b69c8800d7ac7552e2a22035b71de
6. Green mirid bug/green_mirid_bug_01202.jpg,6. Green mirid bug,green_mirid_bug_damage,G04220,c84f92a230f1ff6cc4a0c7666c4aba2aeb1ab419adc03f984446133030eda6ee
6. Green mirid bug/green_mirid_bug_01204.jpg,6. Green mirid bug,green_mirid_bug_damage,G04222,4f344070be3d030a4c968156d90c946707a4001f61592d4b9e01d314e5c1678c
6. Green mirid bug/green_mirid_bug_01205.jpg,6. Green mirid bug,green_mirid_bug_damage,G04223,b10ab69d1a234be4da69e39e869b647017ff4e13e1151fa2b8e76f27f9150f79
6. Green mirid bug/green_mirid_bug_01206.jpg,6. Green mirid bug,green_mirid_bug_damage,G04224,7485bd4fdeb516b7f936283e01614e9b6c5ae9343bac96bfe65b7b984f8f59ed
6. Green mirid bug/green_mirid_bug_01207.jpg,6. Green mirid bug,green_mirid_bug_damage,G04225,c5068bb1ed52e79ed54b2e52fcb7b57dda6c0ad157cf910753a45da908e4ce0e
6. Green mirid bug/green_mirid_bug_01209.jpg,6. Green mirid bug,green_mirid_bug_damage,G04227,f385e7bd881bc7e01adbbbd45ffbdde25aef1d540735a8c6bf2270270b57b7c0
6. Green mirid bug/green_mirid_bug_01210.jpg,6. Green mirid bug,green_mirid_bug_damage,G04228,98ad54336b971a78b44c05687cbceafd64728df62ed074afd55650fa2b175f04
6. Green mirid bug/green_mirid_bug_01211.jpg,6. Green mirid bug,green_mirid_bug_damage,G04229,87984569922ff563e26beb42a9c7a6e3fdf951a6c538c3297fff0c65a5a27de7
6. Green mirid bug/green_mirid_bug_01212.jpg,6. Green mirid bug,green_mirid_bug_damage,G04230,0dfc6d1fa611dfc2735908e201210157e2e4e73e3333d8e9d4f22a51a313271f
6. Green mirid bug/green_mirid_bug_01216.jpg,6. Green mirid bug,green_mirid_bug_damage,G04234,e87a90ef039f3474292abd7c6ef71cbf916aefc819586c26a10baa6db2563913
6. Green mirid bug/green_mirid_bug_01217.jpg,6. Green mirid bug,green_mirid_bug_damage,G04235,cf9a0bb74f9b9de7583ddb0a2a3766c1c65a2d7075dc3ef5c5192d1a63557a9e
6. Green mirid bug/green_mirid_bug_01218.jpg,6. Green mirid bug,green_mirid_bug_damage,G04236,62861cc454fd24995bd1ea5d7c741aaf1fe4a0e24d2751021951476563b5b920
6. Green mirid bug/green_mirid_bug_01219.jpg,6. Green mirid bug,green_mirid_bug_damage,G04237,aa4d2395eeaad85292538104611dfbea0bd1f6d46fef98404ac126f650b25431
6. Green mirid bug/green_mirid_bug_01223.jpg,6. Green mirid bug,green_mirid_bug_damage,G04241,1fd1bb0f79292d926fbed0a36310ca33a90207c7701e7c09d2bbd4afb9ba631a
6. Green mirid bug/green_mirid_bug_01224.jpg,6. Green mirid bug,green_mirid_bug_damage,G04242,17d87831db685e563f913ed99cb77d3914b54f91abb84249110ed829204eca78
6. Green mirid bug/green_mirid_bug_01225.jpg,6. Green mirid bug,green_mirid_bug_damage,G04243,706b72edc8dbf36ecf4211c6d4d9d47ba9c261b5d0b03134258e5c63f53ad8ed
6. Green mirid bug/green_mirid_bug_01226.jpg,6. Green mirid bug,green_mirid_bug_damage,G04244,82e66795cbc92c85924fd0d0cadf495370bb78a5934591ed7ab0c18c3f330f93
6. Green mirid bug/green_mirid_bug_01228.jpg,6. Green mirid bug,green_mirid_bug_damage,G04246,6c42127f982ac09e10d49789bb78f0fa57dfdbe99dc70bcc4e529a24c9332ed6
6. Green mirid bug/green_mirid_bug_01229.jpg,6. Green mirid bug,green_mirid_bug_damage,G04247,b2b89b7251f3fd8d6ec348eef045487e65315f08d2dead30a6c9b8058a63bff7
6. Green mirid bug/green_mirid_bug_01230.jpg,6. Green mirid bug,green_mirid_bug_damage,G04248,75b525a343cd8ef56d4ddc9d39a101d97bc7f7a0d66df114afe84f07783efb9b
6. Green mirid bug/green_mirid_bug_01231.jpg,6. Green mirid bug,green_mirid_bug_damage,G04249,add1d4527c4d821c1406cb9f317c2389f87a592af0fd188e51b3131f3a44dff6
6. Green mirid bug/green_mirid_bug_01232.jpg,6. Green mirid bug,green_mirid_bug_damage,G04250,4f3f328fab7166940fc67154b67ecca09a4f2af661a574b1ecb4db53e0e2800a
6. Green mirid bug/green_mirid_bug_01233.jpg,6. Green mirid bug,green_mirid_bug_damage,G04251,e8aba1b54ae7b47a26180b75bd40cd100313bd4a3287b8260be702ba99f40a78
6. Green mirid bug/green_mirid_bug_01235.jpg,6. Green mirid bug,green_mirid_bug_damage,G04253,210ed393a85dcdf2043e68e86e8b42b0ad96c103c8e493dbc04b222ec2cf6e09
6. Green mirid bug/green_mirid_bug_01237.jpg,6. Green mirid bug,green_mirid_bug_damage,G04255,78b10add41ea14995277b1a6c44bd7c2354aaca955511c5301f06586b8ff8d90
6. Green mirid bug/green_mirid_bug_01238.jpg,6. Green mirid bug,green_mirid_bug_damage,G04256,92758a82a03c5a3007052b243ed844b1d3695e0e054b1a952f1f2c06b1266141
6. Green mirid bug/green_mirid_bug_01239.jpg,6. Green mirid bug,green_mirid_bug_damage,G04257,ace57629bb8a12f2832d846533d7b6a5caeb8aa97b7b9768f64d126053aa00bf
6. Green mirid bug/green_mirid_bug_01240.jpg,6. Green mirid bug,green_mirid_bug_damage,G04258,7fe52c92f9d1e6a36b02543d0777deab7e15fae1f7442afc79cf6890f3805636
6. Green mirid bug/green_mirid_bug_01241.jpg,6. Green mirid bug,green_mirid_bug_damage,G04259,b632338808b94584fcda29eeea0fab561bba1cf1136fab325fddad026621ff63
6. Green mirid bug/green_mirid_bug_01242.jpg,6. Green mirid bug,green_mirid_bug_damage,G04260,43d82aab73ae3ec6c57c894e34be8930db93f5836c9372965c6321a7aeb76954
6. Green mirid bug/green_mirid_bug_01243.jpg,6. Green mirid bug,green_mirid_bug_damage,G04261,160fc5fa970d497c37d05293fad0adeeb8c54aa9a8076a7ed8543424908687f7
6. Green mirid bug/green_mirid_bug_01244.jpg,6. Green mirid bug,green_mirid_bug_damage,G04262,fa32c79c42f486187116af21511dc64c6ce45e86704e8650f70733ae6f0a6e6f
6. Green mirid bug/green_mirid_bug_01245.jpg,6. Green mirid bug,green_mirid_bug_damage,G04263,056c9949ad929eafed59a815a42bee53bd846bf4940caf5a9db0d20bf0b97e83
6. Green mirid bug/green_mirid_bug_01246.jpg,6. Green mirid bug,green_mirid_bug_damage,G04264,161d787ffccbfe3e4f1c060f2ed17addcd83c6ee45f4578dec1db58fcf29d9a2
6. Green mirid bug/green_mirid_bug_01247.jpg,6. Green mirid bug,green_mirid_bug_damage,G04265,7a83c9b0815f3c9b6721e4a7613a85cb5d0fc741adfe3b1a610bf6e831480b6d
6. Green mirid bug/green_mirid_bug_01249.jpg,6. Green mirid bug,green_mirid_bug_damage,G04267,f83799694414c13fc2e46e3a58caa76ba38cfba49fb43fe71a4f59aaea695cf4
6. Green mirid bug/green_mirid_bug_01251.jpg,6. Green mirid bug,green_mirid_bug_damage,G04269,462a23e825e148666f4c2a3745c8f799e8e9314b9c66685f65e134315d1fda41
6. Green mirid bug/green_mirid_bug_01252.jpg,6. Green mirid bug,green_mirid_bug_damage,G04270,46eddc6d611e850e889f6b9d69c5576d4ffe927181f60b9780daa87bb30631c5
6. Green mirid bug/green_mirid_bug_01253.jpg,6. Green mirid bug,green_mirid_bug_damage,G04271,d821534d0659f5f3c0d604397d36705072c25f5a5d0379f6276b6e18e2e72163
6. Green mirid bug/green_mirid_bug_01254.jpg,6. Green mirid bug,green_mirid_bug_damage,G04272,22c524d1c12e5b6bda929fcf72766f189759dae831902aa777194cb9a38037a0
6. Green mirid bug/green_mirid_bug_01255.jpg,6. Green mirid bug,green_mirid_bug_damage,G04273,3fbcc074674063e2db5a249702cca20d0d06e1ae0209847087d6bbd32f44f9c4
6. Green mirid bug/green_mirid_bug_01259.jpg,6. Green mirid bug,green_mirid_bug_damage,G04277,05148250d23d425826614f320a60741fd9b9b65d6bd9415aacddeaf7fbd22c7f
6. Green mirid bug/green_mirid_bug_01260.jpg,6. Green mirid bug,green_mirid_bug_damage,G04278,64595497dddbd9c1bcbd1e7d1bcfed09fc2e6565caf801ed11adda2211d0ce97
6. Green mirid bug/green_mirid_bug_01261.jpg,6. Green mirid bug,green_mirid_bug_damage,G04279,df08ed318e6e562d3309000f0419e0da4aaba3e136e3d248eed1c0eed32857bb
6. Green mirid bug/green_mirid_bug_01262.jpg,6. Green mirid bug,green_mirid_bug_damage,G04280,482edef4ad84ccb0842255325b3d42e5be49a94e2a794bdab81d7679ab993387
6. Green mirid bug/green_mirid_bug_01264.jpg,6. Green mirid bug,green_mirid_bug_damage,G04282,1daab120b95be7eeae32298d2fbd3a55edcb7c23149d641736a511e4bb392660
6. Green mirid bug/green_mirid_bug_01266.jpg,6. Green mirid bug,green_mirid_bug_damage,G04284,5f4651beb8a81bcfa67cca26238f4cf26f89dde313d134b173c1f2410703e10d
6. Green mirid bug/green_mirid_bug_01268.jpg,6. Green mirid bug,green_mirid_bug_damage,G04286,5e6192d39201f873b6a85da7a75980f8029c473bbd96b0d590fc688de521d205
6. Green mirid bug/green_mirid_bug_01269.jpg,6. Green mirid bug,green_mirid_bug_damage,G04287,f0467a9da6048dfae456386be4a745222b03ee68ce4fe29daf62e3a98546b7b4
6. Green mirid bug/green_mirid_bug_01270.jpg,6. Green mirid bug,green_mirid_bug_damage,G04288,d08ce77e2416c0245aec84ce9bae5bdab057047b6fdb8b7199e4f236788d22d3
6. Green mirid bug/green_mirid_bug_01271.jpg,6. Green mirid bug,green_mirid_bug_damage,G04289,ab34bf70c19bd3a53bbae4f81d050e2d85ad761b355ff65193cff2ed3798ba99
6. Green mirid bug/green_mirid_bug_01273.jpg,6. Green mirid bug,green_mirid_bug_damage,G04291,5135457128430e7f00919cf9e25e7d789a8bbef7af19d804a45c2020cbabfd78
6. Green mirid bug/green_mirid_bug_01274.jpg,6. Green mirid bug,green_mirid_bug_damage,G04292,8ea320f3aec07284ee12319a0e9cc948d549b70f591f5f1d5cddceb2992534a2
6. Green mirid bug/green_mirid_bug_01275.jpg,6. Green mirid bug,green_mirid_bug_damage,G04293,77d894dfd092b5320ab9b4bc91174bcfb6bbe958bdc13e10a354ef8bc289c61d
6. Green mirid bug/green_mirid_bug_01276.jpg,6. Green mirid bug,green_mirid_bug_damage,G04294,8dd5a2c516fe0ff977e8639374db24cc1d424ba6f4b70c79fad7e8e507bcc2ca
6. Green mirid bug/green_mirid_bug_01277.jpg,6. Green mirid bug,green_mirid_bug_damage,G04295,d94435f76efc58bba1255bbb55c692893ced14a2359d58fe0e979236c2f2a5e1
6. Green mirid bug/green_mirid_bug_01278.jpg,6. Green mirid bug,green_mirid_bug_damage,G04296,3364be917ac95d58d94dc00266d5b00a0e99e471daf320055ce5597132190eca
6. Green mirid bug/green_mirid_bug_01279.jpg,6. Green mirid bug,green_mirid_bug_damage,G04297,95dcae3f5c8a09a24da11768c2b9d4bbdea11eaef259813684936c1ed0bda4c5
6. Green mirid bug/green_mirid_bug_01280.jpg,6. Green mirid bug,green_mirid_bug_damage,G04298,aba0a14c90355a2a4e83c2d2995ee6dac8bca6f3ae9a0a7e702e5b4a22d24bed
6. Green mirid bug/green_mirid_bug_01281.jpg,6. Green mirid bug,green_mirid_bug_damage,G04299,83d445b8feb80779c26635997c1ff3946b29131a7acd047b24fba2414e7c414b
6. Green mirid bug/green_mirid_bug_01282.jpg,6. Green mirid bug,green_mirid_bug_damage,G04300,bd4ff779c1d678af3e5b37bf043c720d309c8b98297c0e3422a54eb55bf14e62
7. Healthy leaf/healthy_00001.jpg,7. Healthy leaf,healthy_leaf,G04301,aaba203707aeb2a16c698974f89319d3ac2df22a7b26e08ada99594d76c9787e
7. Healthy leaf/healthy_00002.jpg,7. Healthy leaf,healthy_leaf,G04302,f5a222acc5350120f8c03dd8a7338d5aa01cd20f33814616f50ca210cc0bbf4b
7. Healthy leaf/healthy_00003.jpg,7. Healthy leaf,healthy_leaf,G04303,a53da50be748fe8618062386a1e7c5594d284d195f0de813cbcfe4a707dadc93
7. Healthy leaf/healthy_00004.jpg,7. Healthy leaf,healthy_leaf,G04304,e905ddcb79968cf29797b9eb8ae72b42aba3062b89f8176ddf0879fad5d50837
7. Healthy leaf/healthy_00005.jpg,7. Healthy leaf,healthy_leaf,G04305,fa4e6af30288a00bb9482c26fc5e7dbc715ccfad73014c08a9e13026d55107f0
7. Healthy leaf/healthy_00006.jpg,7. Healthy leaf,healthy_leaf,G04306,dc65b583bb67fd115bcb4a12cd02c791216daf68ffa672d886624cc577872e11
7. Healthy leaf/healthy_00007.jpg,7. Healthy leaf,healthy_leaf,G04307,75653e3b82d5ad558de42bc6b05200d5193119ff9795668d3fef98acefff9dd5
7. Healthy leaf/healthy_00011.jpg,7. Healthy leaf,healthy_leaf,G04311,ddff666c07062e79a9dd058011cb8da756fb8df3821a5faf896c266dd5ba7f1e
7. Healthy leaf/healthy_00012.jpg,7. Healthy leaf,healthy_leaf,G04312,51c1bdb45a686a8f51fc9f287f9b6dd79c55abb9a010538f5da561845874b632
7. Healthy leaf/healthy_00014.jpg,7. Healthy leaf,healthy_leaf,G04314,fee4b9e6c0fd370b594a4875ad69f8b2481b81dc94ee6c11c1012d71cd03837c
7. Healthy leaf/healthy_00015.jpg,7. Healthy leaf,healthy_leaf,G04315,d805b0526a37471a4b49e30ffbfd8f42af65d5800220f514e76399d73157c3f9
7. Healthy leaf/healthy_00016.jpg,7. Healthy leaf,healthy_leaf,G04316,5b90c5a75145cfcff029939c5aa98be6ed3fedfc9c21305cd287dfbfb2143d17
7. Healthy leaf/healthy_00017.jpg,7. Healthy leaf,healthy_leaf,G04317,d361a8b166fd6d06e862518ef6b68d7ffdf2c24a0a3061b2c8f41a2b74b3924f
7. Healthy leaf/healthy_00018.jpg,7. Healthy leaf,healthy_leaf,G04318,a9972853fab74de8364348746d4247e6d1694cba0c023c077fd1c03304994068
7. Healthy leaf/healthy_00019.jpg,7. Healthy leaf,healthy_leaf,G04319,1b757b9ed87699cd8a364fbc9c4faa5685742a438cc7e237dc50fab8fd222b61
7. Healthy leaf/healthy_00020.jpg,7. Healthy leaf,healthy_leaf,G04320,cd412aa422c1a0d962cb3d8494e2e3ba7c314e7e8000ce263ce46bd1bddcb554
7. Healthy leaf/healthy_00022.jpg,7. Healthy leaf,healthy_leaf,G04322,39564d00626bfdb7c05e4755770364dce45ce32871bc4e2fbbfaf3746a52d9ad
7. Healthy leaf/healthy_00023.jpg,7. Healthy leaf,healthy_leaf,G04323,b31bae8eb3c0861d3c4b4bc71530ed4007d1432fde6090420d009d12534dbbcc
7. Healthy leaf/healthy_00024.jpg,7. Healthy leaf,healthy_leaf,G04324,c8fc97ed39bb10d22f01082c4bfe92c1789b50dc614dd4a335e349fa1ee05427
7. Healthy leaf/healthy_00025.jpg,7. Healthy leaf,healthy_leaf,G04325,2503bf42af2e079a6d92be827d303a0e01b3fc3ea10b1b5a22f53451f8ebe47c
7. Healthy leaf/healthy_00026.jpg,7. Healthy leaf,healthy_leaf,G04326,377e7aeb5bfab083eb910703e3fe95243bdb375bd9db16af12a6bf0633d7c464
7. Healthy leaf/healthy_00028.jpg,7. Healthy leaf,healthy_leaf,G04328,22eddc40bf5d30f4a6561f3471616e4ac929a5364ec079a3e75e03362d84b834
7. Healthy leaf/healthy_00031.jpg,7. Healthy leaf,healthy_leaf,G04331,b286f2b0760d9a6fb8d332785ed2bb0586689c79432ab2ca950e10193229756c
7. Healthy leaf/healthy_00033.jpg,7. Healthy leaf,healthy_leaf,G04333,e600da8348f707b9d4ae58d517742995dcf0a4381411057ca21c1e965d1ead4c
7. Healthy leaf/healthy_00035.jpg,7. Healthy leaf,healthy_leaf,G04335,fb3f729a8365f8ca2df5206424138876b4d683242c26d6520e5f1a7bc80d1beb
7. Healthy leaf/healthy_00036.jpg,7. Healthy leaf,healthy_leaf,G04336,90bfcec68ef819bf821b0fec5f3101ad0214b331a3349927f6ced3409cc6d44d
7. Healthy leaf/healthy_00038.jpg,7. Healthy leaf,healthy_leaf,G04338,5d4c9950ec7e5cec6b94ee094edce43df098befd005ff002f81d02bc6e27a291
7. Healthy leaf/healthy_00041.jpg,7. Healthy leaf,healthy_leaf,G04341,b692ab7cb007a846699367271adacabf09a68a87418e15d9e5d8df965ae4232b
7. Healthy leaf/healthy_00042.jpg,7. Healthy leaf,healthy_leaf,G04342,96d414ec3ce63d9d59f96b24650b0f436d5e77e28be3f6cf1483131291b83e6f
7. Healthy leaf/healthy_00043.jpg,7. Healthy leaf,healthy_leaf,G04343,fb534094fbc217492029f5351843a0742b6ca3a6f53c3bda54973c39fee37ddd
7. Healthy leaf/healthy_00045.jpg,7. Healthy leaf,healthy_leaf,G04345,e26273792697d7fcf9f6a8704e752ef5d3a7d3bcee8c299f97e647bb521fec33
7. Healthy leaf/healthy_00046.jpg,7. Healthy leaf,healthy_leaf,G04346,7f0e782507a73bb28d1443401f6d69da82672e9be14551c24f6c072f6f7defca
7. Healthy leaf/healthy_00047.jpg,7. Healthy leaf,healthy_leaf,G04347,629f71acaba41ad40be12fa676cfd3dcda79e1e2bfd03a526422c96aaa52ef45
7. Healthy leaf/healthy_00048.jpg,7. Healthy leaf,healthy_leaf,G04348,0ea8bc0f2eddb1a2ae200882197517f12db7d90ac189d26313a3a7eea6554aec
7. Healthy leaf/healthy_00049.jpg,7. Healthy leaf,healthy_leaf,G04349,22798ad9fc153fcb74ad72ce3a0e20bc2eda672e58f94f05eebd40665b71dcda
7. Healthy leaf/healthy_00050.jpg,7. Healthy leaf,healthy_leaf,G04350,239b6460fabb91b42612ca644709517f15aa88df1f40eeb410177392f9e1170d
7. Healthy leaf/healthy_00053.jpg,7. Healthy leaf,healthy_leaf,G04353,03a87df6317e0c8e21abf0a58d4b0cebb8356567aab03d5f2c493ccf9fa22b03
7. Healthy leaf/healthy_00054.jpg,7. Healthy leaf,healthy_leaf,G04354,b9265799d4492e600e7bdf6e911da359470ddcd50a81f5a78e97d0c0aa90b7e2
7. Healthy leaf/healthy_00055.jpg,7. Healthy leaf,healthy_leaf,G04355,23471054e3c022206d7579781850dc19b23345325adcb28462f379df9ca51f10
7. Healthy leaf/healthy_00056.jpg,7. Healthy leaf,healthy_leaf,G04356,99bf6e4cad86625e0cc2a55776835e97d2466cde4a00bfbb51e083fe9296521a
7. Healthy leaf/healthy_00057.jpg,7. Healthy leaf,healthy_leaf,G04357,ab8b0644a8393c4f114d898704643a1ad1238595dd28ca02e105ae8ffe4499b9
7. Healthy leaf/healthy_00061.jpg,7. Healthy leaf,healthy_leaf,G04361,f3e4476111878a0bc8a296d5c76b9bdcf327a885dffbf50627294f9f62e8d1c2
7. Healthy leaf/healthy_00062.jpg,7. Healthy leaf,healthy_leaf,G04362,a66be8ebe46be73d16d6cc348d04588a9d36e892c3f04262164afeff24abf2e3
7. Healthy leaf/healthy_00063.jpg,7. Healthy leaf,healthy_leaf,G04363,032d94decfc10809bd1d00cf4c91eddef34c4238663a67d47b3ae4991de48792
7. Healthy leaf/healthy_00064.jpg,7. Healthy leaf,healthy_leaf,G04364,a5c5a545673c3b94bc8463c46ff490364cca20ea7d85f1ce313594816aad92eb
7. Healthy leaf/healthy_00065.jpg,7. Healthy leaf,healthy_leaf,G04365,18f76784e891ce374ae2d9c85a72d3506af0e60a6b3ec43cb85fd95380e64e30
7. Healthy leaf/healthy_00067.jpg,7. Healthy leaf,healthy_leaf,G04367,bd9d776807dd5eee0893dbef65513ac0a052af8fc1e6875806e3ea340beada06
7. Healthy leaf/healthy_00070.jpg,7. Healthy leaf,healthy_leaf,G04370,5cd0c231532b329c62a706d111f179b2aa42045225b40f500cab84712151e4ec
7. Healthy leaf/healthy_00071.jpg,7. Healthy leaf,healthy_leaf,G04371,a346e736a0e3e26f4aaf73723e47b3287f59b53fcd7626bde924239dccd3fc86
7. Healthy leaf/healthy_00072.jpg,7. Healthy leaf,healthy_leaf,G04372,8a371e7e806d76342063a11cfdc8f7b819bf3c55b821e68d9d08400d27c2f90a
7. Healthy leaf/healthy_00073.jpg,7. Healthy leaf,healthy_leaf,G04373,7760830c61e61d0661457cd512ad4461e341ac1431e81ba7225582ac5692ea83
7. Healthy leaf/healthy_00074.jpg,7. Healthy leaf,healthy_leaf,G04374,35d419d537f82be55d675777371bf9f2cf8899c310975a5e24571d2f2313ec15
7. Healthy leaf/healthy_00075.jpg,7. Healthy leaf,healthy_leaf,G04375,56883925f07de31b885f058de4b3123d1ff459d16cea445578dfcea17374d4b0
7. Healthy leaf/healthy_00076.jpg,7. Healthy leaf,healthy_leaf,G04376,e41af103c1b9a4ee2f2c2928c4b3f5e1966a2ae87caf5e5679d1e8a3ea39231e
7. Healthy leaf/healthy_00077.jpg,7. Healthy leaf,healthy_leaf,G04377,6eb443775155cce0c70227b6731917519f5f55866e1a60d748ce2c8f82d05dec
7. Healthy leaf/healthy_00078.jpg,7. Healthy leaf,healthy_leaf,G04378,ef8cc030bc922876ce6ad347d011713a51d7fd2a27db714a18eaa25b4c06ab0e
7. Healthy leaf/healthy_00079.jpg,7. Healthy leaf,healthy_leaf,G04379,ddcfa938055681f50872dfeb0228dd924895b185c1ea46a1f1c6b08ad3b21688
7. Healthy leaf/healthy_00080.jpg,7. Healthy leaf,healthy_leaf,G04380,2bbecae4f5ee1b3efe7253411368a05f88dbe041ad2c3c09dc34f0c7430d505f
7. Healthy leaf/healthy_00082.jpg,7. Healthy leaf,healthy_leaf,G04382,ffcb542f10fff7ffd3e35cd611b377352e823464f634aff95124a47283fcdcda
7. Healthy leaf/healthy_00083.jpg,7. Healthy leaf,healthy_leaf,G04383,3e406ece12374604077a2a387899ef63d0049e6cdf4178baa6f4f3fb6c4dd684
7. Healthy leaf/healthy_00084.jpg,7. Healthy leaf,healthy_leaf,G04384,5da53a6ae6ebebff0a6045c192af5be75c2ed3f01dc6170838502cc669ae8604
7. Healthy leaf/healthy_00085.jpg,7. Healthy leaf,healthy_leaf,G04385,720b9e4f36f5627bd7c8a76370f5ddc7937dcbe288a4331ab072500b62989e0d
7. Healthy leaf/healthy_00086.jpg,7. Healthy leaf,healthy_leaf,G04386,39a4243ae756f053755c6ce9aeb23b8cdaa39ba91570569141c2c9b3088413d0
7. Healthy leaf/healthy_00087.jpg,7. Healthy leaf,healthy_leaf,G04387,c3b6c3890acfe11b14e1da619fc0d3b930a9e72bdc95f22a77e407fea31df2cc
7. Healthy leaf/healthy_00088.jpg,7. Healthy leaf,healthy_leaf,G04388,23544541571a8f2d7e059149be63d6ca311db6570f1b725f04588cebe9661cef
7. Healthy leaf/healthy_00089.jpg,7. Healthy leaf,healthy_leaf,G04389,f96e246e129c64cd892ede25b1cc5fc3bb01ecd20b95561b7486448a5b669652
7. Healthy leaf/healthy_00091.jpg,7. Healthy leaf,healthy_leaf,G04391,fc4f36f79d9e9d1581bf5272b2082af7465a2a82c0b6692fe78baf524ba1fc5a
7. Healthy leaf/healthy_00094.jpg,7. Healthy leaf,healthy_leaf,G04394,019e8c33c9889f9715e082c9dffd016748ccc8810baf5486df040dc44d8c7a69
7. Healthy leaf/healthy_00095.jpg,7. Healthy leaf,healthy_leaf,G04395,0ee8d812846547db2063600a92ba359faf08634314bf542c1a0c1c43c0c5144d
7. Healthy leaf/healthy_00096.jpg,7. Healthy leaf,healthy_leaf,G04396,bd52f9d9f4f5684b0be70e6b8f5257375895a8631919f4b03effbeaa67a8f212
7. Healthy leaf/healthy_00097.jpg,7. Healthy leaf,healthy_leaf,G04397,f92913e5090295377e2fa2ff75a79c2b9f70f3714d75532e313157abfa94ca7f
7. Healthy leaf/healthy_00098.jpg,7. Healthy leaf,healthy_leaf,G04398,a1435fe4b5b03c4fc37d8b72d4d5b9e2e9258f6700e571ee5a59e0042356d795
7. Healthy leaf/healthy_00099.jpg,7. Healthy leaf,healthy_leaf,G04399,591200670667b0a2d03a157dd9f7f32c7247c1c1c6c757568cf1bf309d18d882
7. Healthy leaf/healthy_00102.jpg,7. Healthy leaf,healthy_leaf,G04402,d3c9a2811c36b311954520004ed5304935705b668134e1c122bcbfe0ca14bb15
7. Healthy leaf/healthy_00106.jpg,7. Healthy leaf,healthy_leaf,G04406,23b864bd6d48c99835adc9c4a8c2fe75b9d82af8ac6a16e75db72b8fc18c8c44
7. Healthy leaf/healthy_00107.jpg,7. Healthy leaf,healthy_leaf,G04407,74115fbfa64dc53ab22dc177e73f5c1c1c69de9b74d6ccddfb604d126bc0ab1e
7. Healthy leaf/healthy_00108.jpg,7. Healthy leaf,healthy_leaf,G04408,2e465864ca85ca003d39efc16463f078353b23042953220150df0d37f60946d3
7. Healthy leaf/healthy_00110.jpg,7. Healthy leaf,healthy_leaf,G04410,9f4d9c3d82b64dc3d6fde60c3c85e124c61673a1def08f4bd01a2370d61d2485
7. Healthy leaf/healthy_00112.jpg,7. Healthy leaf,healthy_leaf,G04412,0b62005b63c3a6cedc5df238290787021cd3dbfd554ccbdca835ff74205cd4b8
7. Healthy leaf/healthy_00113.jpg,7. Healthy leaf,healthy_leaf,G04413,9361d11150503dad9334cd72ad8273cc01db66fcc0f0a9794cc7053da7ed858b
7. Healthy leaf/healthy_00114.jpg,7. Healthy leaf,healthy_leaf,G04414,b8677e20c6e4fea11db60e6ab028667c64bf0a529bd5eb676e70895a4ac8d3f3
7. Healthy leaf/healthy_00115.jpg,7. Healthy leaf,healthy_leaf,G04415,27a7ea85907c87433877dff9586b6c3637d6a83b6fa1789da539ecda4c661cce
7. Healthy leaf/healthy_00117.jpg,7. Healthy leaf,healthy_leaf,G04417,837fdfb92f9574a773f616de9d2fae5292a2c4026b6640a74b9881dbe9182af4
7. Healthy leaf/healthy_00118.jpg,7. Healthy leaf,healthy_leaf,G04418,23ec657becb98fbe55cc3a629c0df1688699a65a35d9ca9bfe3f2f7abc548c07
7. Healthy leaf/healthy_00119.jpg,7. Healthy leaf,healthy_leaf,G04419,eaacf9f235934c61fd7a628609844c0716bb9b020be3b7e6c70dac6238d3a712
7. Healthy leaf/healthy_00120.jpg,7. Healthy leaf,healthy_leaf,G04420,778f93210c5a55153d8e747ebca9c4eb7f1b47428f4c63633d0ca6fe7efab685
7. Healthy leaf/healthy_00121.jpg,7. Healthy leaf,healthy_leaf,G04421,102b5001390f013dda4c2d0a537d1457efaca36fffb906a00c556c8fb3107427
7. Healthy leaf/healthy_00122.jpg,7. Healthy leaf,healthy_leaf,G04422,80a2283ec8d23e78e5447f9bb6714d67c27795c5868a56048e8a7873b473a4bb
7. Healthy leaf/healthy_00123.jpg,7. Healthy leaf,healthy_leaf,G04423,f8b46aa92a284549ad73e89a7a70db28ace43c319d0e7a44f2516f4f4e1529f4
7. Healthy leaf/healthy_00124.jpg,7. Healthy leaf,healthy_leaf,G04424,b4c7ed8270431ee68c88b2419bd6bd1c55f698ad58ed9dda8dcbfd2f4caad49b
7. Healthy leaf/healthy_00125.jpg,7. Healthy leaf,healthy_leaf,G04425,3b2b171fa05736dc22fb75aaa0ea70c97a3f6bcdf72075f88844f103f892517f
7. Healthy leaf/healthy_00126.jpg,7. Healthy leaf,healthy_leaf,G04426,56393cf2f527c8760766a8df469e4df324d59df069a3a6ba2c3170eea53d1217
7. Healthy leaf/healthy_00128.jpg,7. Healthy leaf,healthy_leaf,G04428,1638f10056380c531076da6611c879ce69ab71f699a6265ac5cdb06c52f59e91
7. Healthy leaf/healthy_00129.jpg,7. Healthy leaf,healthy_leaf,G04429,c55b1a87c790df2bcbd5ed3fda4264ecd57b4fe740a6c5f3c128ae3425d64ece
7. Healthy leaf/healthy_00131.jpg,7. Healthy leaf,healthy_leaf,G04431,68dc35b84bec5e39a7fb5f0d6374557f96770011a62f316f5e4a8f161ea87991
7. Healthy leaf/healthy_00133.jpg,7. Healthy leaf,healthy_leaf,G04433,eebcff3e89e6ca50de20de58fae33842c82a9ad8fade67cef7c11caf4bea5213
7. Healthy leaf/healthy_00134.jpg,7. Healthy leaf,healthy_leaf,G04434,939abd9e13b0ca61254534e2961da1faa902457c1a128ed25dd7ebbf4b84335e
7. Healthy leaf/healthy_00135.jpg,7. Healthy leaf,healthy_leaf,G04435,1e0c3607d666c477dea64648a5c89ab3a7745dc1d800bf264512a0af4138838a
7. Healthy leaf/healthy_00137.jpg,7. Healthy leaf,healthy_leaf,G04437,524803463fd5b31f87f357299b4e41fd284d735cec959279b95324b6b8be1e1a
7. Healthy leaf/healthy_00140.jpg,7. Healthy leaf,healthy_leaf,G04440,b993849493b7d483875146711daf5a8c855eea7b391924fc46b6b762fe4609e4
7. Healthy leaf/healthy_00141.jpg,7. Healthy leaf,healthy_leaf,G04441,673913c98c46989a8409a32179a02801d4a1843c4f28f194609c84d62d29f0fb
7. Healthy leaf/healthy_00142.jpg,7. Healthy leaf,healthy_leaf,G04442,78f37f95520d1e642e7ed615ef91b27a1edd5af4959da1fd77352323f539005a
7. Healthy leaf/healthy_00143.jpg,7. Healthy leaf,healthy_leaf,G04443,7a84f5f40646029f392f2b3e4ab4481abdfe4bf24a3389b941ee599d39e00e45
7. Healthy leaf/healthy_00145.jpg,7. Healthy leaf,healthy_leaf,G04445,888a2efabfeed90ca3c7298aeadd0b783014660e6e82b12468d4533bc11b5b97
7. Healthy leaf/healthy_00146.jpg,7. Healthy leaf,healthy_leaf,G04446,bff4ae8675cc1a3f74718515197a9106e0b7cf044fd2aab45f4e56c284a0c09a
7. Healthy leaf/healthy_00147.jpg,7. Healthy leaf,healthy_leaf,G04447,28bab3d66ac14acb2cda2d0dae5c829522128f1379ddda2203f335acfaa58e99
7. Healthy leaf/healthy_00149.jpg,7. Healthy leaf,healthy_leaf,G04449,6d742c9da47e9899055b7d7994f56e9941350a6cd389803a36021bf0e84a0379
7. Healthy leaf/healthy_00150.jpg,7. Healthy leaf,healthy_leaf,G04450,62a1195da1b0bfb230d71475ce700ab0f689b3f3f823da41cdcf85641564579d
7. Healthy leaf/healthy_00151.jpg,7. Healthy leaf,healthy_leaf,G04451,2f8db92b26c5a090093b8eee5cfdcdfe4aa82b2fbfeda60f7dc1df20e8410683
7. Healthy leaf/healthy_00153.jpg,7. Healthy leaf,healthy_leaf,G04453,6e4fa1f51f4911b02eb4477c54f35b55995de03ab71e10471d3ddfde47191240
7. Healthy leaf/healthy_00155.jpg,7. Healthy leaf,healthy_leaf,G04455,82fbb3ff4309804a953162a54a8d21935273f00aa0e1d03704ca9d1c4e202e80
7. Healthy leaf/healthy_00156.jpg,7. Healthy leaf,healthy_leaf,G04456,fc454da498e1520aff08b81ae61c5885a7adb0a421874c7620d47cccd8e683f8
7. Healthy leaf/healthy_00157.jpg,7. Healthy leaf,healthy_leaf,G04457,4e80ffbb247b52677127a779b0715599af348c7b22d534be9e7ae90e5589b58b
7. Healthy leaf/healthy_00158.jpg,7. Healthy leaf,healthy_leaf,G04458,61744a3993bc2708ca190ee7bf00206b3ed40394509a0b1036f28f302ca76426
7. Healthy leaf/healthy_00159.jpg,7. Healthy leaf,healthy_leaf,G04459,ce1bcb312f65e7c5df42a4669dcb54ed2414b00977d308fa9db18ece900e9071
7. Healthy leaf/healthy_00160.jpg,7. Healthy leaf,healthy_leaf,G04460,ecef0e762c9963a978149a31389a4ee5afc508dfdd2dc421627b5d5768711887
7. Healthy leaf/healthy_00161.jpg,7. Healthy leaf,healthy_leaf,G04461,52d49bca7fc09eea83485401cf2b62ce91eb6b5d342587dc236241eebd9e1aa7
7. Healthy leaf/healthy_00162.jpg,7. Healthy leaf,healthy_leaf,G04462,38058dcf8481638aab7a1e3519b98ad33d1cfd3d8bd48327c41f8d0b1501600a
7. Healthy leaf/healthy_00164.jpg,7. Healthy leaf,healthy_leaf,G04464,8dc294af1d9b5a1ce64683c4694b69bb85c1f254a37bc3cb6592f52e509b3050
7. Healthy leaf/healthy_00165.jpg,7. Healthy leaf,healthy_leaf,G04465,ca7691776cdfb6c2c2710e1f2a47b7a77753cfdf85ce70189a7768b6c123ba6f
7. Healthy leaf/healthy_00166.jpg,7. Healthy leaf,healthy_leaf,G04466,8082440c2ba7882d716965ae273c5c9d56b68ac270a1d34f39bcded960d1eb5c
7. Healthy leaf/healthy_00169.jpg,7. Healthy leaf,healthy_leaf,G04469,1b5c8de6b1d521f41ccb9bb2f1b05faa538b7c632dc2684d30b588242ee62af5
7. Healthy leaf/healthy_00170.jpg,7. Healthy leaf,healthy_leaf,G04470,bfc6f0af01216664890c15fd80235bd2e4af15cffa41d276eb8803ea8e907b3d
7. Healthy leaf/healthy_00171.jpg,7. Healthy leaf,healthy_leaf,G04471,9b7e0f8dd0a31df1f0fd6e65ef43a337c21f8bacea593e9a6d5d537e766594e6
7. Healthy leaf/healthy_00172.jpg,7. Healthy leaf,healthy_leaf,G04472,e6be08719084b76a768ff7213af9f265984759dc8a4e22c106648ab3aecc02d6
7. Healthy leaf/healthy_00173.jpg,7. Healthy leaf,healthy_leaf,G04473,81fe2786bc9b21e9a85152a06651e885f7ad3f9004dff22d5fcd5e47fec134db
7. Healthy leaf/healthy_00174.jpg,7. Healthy leaf,healthy_leaf,G04474,ab663dde84137ca4ca70ed3d26df8ab90d401e11c1e7a9221139f35014190a3d
7. Healthy leaf/healthy_00176.jpg,7. Healthy leaf,healthy_leaf,G04476,0946981f577c223e303857eef504404d2ea2bb997e81d9725ac69cbfebe69ccf
7. Healthy leaf/healthy_00179.jpg,7. Healthy leaf,healthy_leaf,G04479,91c8ad6e772e6dfefbe95cd7771a0e006690ab817062a3cf079dbac9240e1899
7. Healthy leaf/healthy_00180.jpg,7. Healthy leaf,healthy_leaf,G04480,8c923da4d20595674b2dccc1fe3da39654075204c4fbffb0fabde559368db189
7. Healthy leaf/healthy_00181.jpg,7. Healthy leaf,healthy_leaf,G04481,d686fe32b692b926f029c76be05c4fedca46d24778d9f72b85a8dfcb4a48b981
7. Healthy leaf/healthy_00183.jpg,7. Healthy leaf,healthy_leaf,G04483,b2e9b3c9200817fc9c8a3fb6f1bdee8212c8af7034f163ffbf65b828e44fd5d9
7. Healthy leaf/healthy_00184.jpg,7. Healthy leaf,healthy_leaf,G04484,e42a03f49b37f05878c8f2fface7767e1216f2849fbfb0437bc730617cfd9419
7. Healthy leaf/healthy_00185.jpg,7. Healthy leaf,healthy_leaf,G04485,67282c688ba6cccfc5f29fdbe472a9130183f79a9a776432989e6e91cb2015a8
7. Healthy leaf/healthy_00187.jpg,7. Healthy leaf,healthy_leaf,G04487,c8f5345c346cba9c9e98e2435eb96ffeee71718d1483f872ebb8cba5a03aec31
7. Healthy leaf/healthy_00189.jpg,7. Healthy leaf,healthy_leaf,G04489,a2c23c767933dd8f7019ea60e3412289e677e9fcfe9979903d1ebd7a5b30ae57
7. Healthy leaf/healthy_00190.jpg,7. Healthy leaf,healthy_leaf,G04490,8769ff16dbf8f90cbbcbd36866749ecebf4d84fd872acca90f5c4003e51fbfa8
7. Healthy leaf/healthy_00191.jpg,7. Healthy leaf,healthy_leaf,G04491,72cf5e763023b5f8cf7d8e0ac75d26be8342bc4a44dc0adab9d4bd8ac17761c2
7. Healthy leaf/healthy_00192.jpg,7. Healthy leaf,healthy_leaf,G04492,d76e061e3ad44f212d34942b67eccf31a60370554a5751496b7889f168ec0893
7. Healthy leaf/healthy_00194.jpg,7. Healthy leaf,healthy_leaf,G04494,9619a6139c2938e6fd88547aeacab861aa8a0e87df8334ef99c718015db0afe2
7. Healthy leaf/healthy_00196.jpg,7. Healthy leaf,healthy_leaf,G04496,5d37df7944573ba2df979cffd27ba633e85de8fb7b6050e5229cad5ffcaf4f09
7. Healthy leaf/healthy_00197.jpg,7. Healthy leaf,healthy_leaf,G04497,b6dd2b9e4eae79480315d03c440c92fc61098667ef19c23229042a126a5e062b
7. Healthy leaf/healthy_00199.jpg,7. Healthy leaf,healthy_leaf,G04499,11651806e241d96289f93394754a8b900d1a0c05d3d04fb94b3ee3d56662e1d0
7. Healthy leaf/healthy_00200.jpg,7. Healthy leaf,healthy_leaf,G04500,edb9499fcbc61050989014196c0b24a8ef61eb7ddad1769c40b8374e241540ee
7. Healthy leaf/healthy_00201.jpg,7. Healthy leaf,healthy_leaf,G04501,245bd8a95e68aa1c86df2c485c8d728d9026e9618dd532e713b0ff9931135df7
7. Healthy leaf/healthy_00202.jpg,7. Healthy leaf,healthy_leaf,G04502,ce3b1a1d61fb701a991422b697b32d3bbfbaa5897e22debd1799b59592655753
7. Healthy leaf/healthy_00203.jpg,7. Healthy leaf,healthy_leaf,G04503,b385d56300889d9471ae75fbfb39d09880e72c0358d74a044006a3bed1a71648
7. Healthy leaf/healthy_00205.jpg,7. Healthy leaf,healthy_leaf,G04505,17abf61802e16c5cc02b510e3535fdd0f15ec925f8c01fc01bf8ac361d15d7a8
7. Healthy leaf/healthy_00208.jpg,7. Healthy leaf,healthy_leaf,G04508,75cbd5abc2a0557affa87b8db05459b3e41f0c5349e1195dc53ff5e093cd4ef9
7. Healthy leaf/healthy_00209.jpg,7. Healthy leaf,healthy_leaf,G04509,de103c2fa53bb63d56470fc561a8fc5c9734312a936d8bec2ad712fc30c39b74
7. Healthy leaf/healthy_00210.jpg,7. Healthy leaf,healthy_leaf,G04510,8940972d00e61d6566cbe3384fab2d2eda24a16348b4d9eeee5a8289427e9a33
7. Healthy leaf/healthy_00211.jpg,7. Healthy leaf,healthy_leaf,G04511,88ba773945cd257ee3ce772817b64875f227400e1cb09f73eb561bf9c7fd5226
7. Healthy leaf/healthy_00213.jpg,7. Healthy leaf,healthy_leaf,G04513,da834ae5c20dac97e8791421b14250af2337f92cece0d10585fd5abfeec593ef
7. Healthy leaf/healthy_00214.jpg,7. Healthy leaf,healthy_leaf,G04514,de5d5ef30b0f531eb2b160a5ae8dc343532d06cee1a1428e02ae02340f68b178
7. Healthy leaf/healthy_00215.jpg,7. Healthy leaf,healthy_leaf,G04515,e1c99f7fa79ba0268569d5ec6e4cb261d346cf0bf501f1ac0fc10bab678d7c4c
7. Healthy leaf/healthy_00216.jpg,7. Healthy leaf,healthy_leaf,G04516,034a23e5225c3b870fe6dfdcbadc4ed820836d72126e9e7722111df568738e2f
7. Healthy leaf/healthy_00218.jpg,7. Healthy leaf,healthy_leaf,G04518,6f3269c3812495baeb2d46ec492b39db037452387f18a1138232d3ce8bc0afb2
7. Healthy leaf/healthy_00219.jpg,7. Healthy leaf,healthy_leaf,G04519,ace4447b22ce9549b8abe1251bcc7b895089c996971b4d3dbbf3ec8d04cc853e
7. Healthy leaf/healthy_00221.jpg,7. Healthy leaf,healthy_leaf,G04521,82805b871b0faff02ea139ef5611bcdf127be7f47b9283bff2207d78cba2eba4
7. Healthy leaf/healthy_00222.jpg,7. Healthy leaf,healthy_leaf,G04522,0d530d279d17eaa0b1c2b637f0abb8a400cc2c1168876bb255a1ab663f4b13a9
7. Healthy leaf/healthy_00223.jpg,7. Healthy leaf,healthy_leaf,G04523,9e11b90f5583c25408d4b08b05c1186018e038f2dc22c6de5a20d96e0c9d0ffc
7. Healthy leaf/healthy_00225.jpg,7. Healthy leaf,healthy_leaf,G04525,039f6efe82ca748746c4924f9a9cffedf144a2058d020e621d052e94cc9102b1
7. Healthy leaf/healthy_00226.jpg,7. Healthy leaf,healthy_leaf,G04526,7811dd481a1299c2396c3cd4889e54c65739eeb87c913ad53f7ff83e8d5c36d2
7. Healthy leaf/healthy_00232.jpg,7. Healthy leaf,healthy_leaf,G04532,ba7a2c26e7a82021f0082f61ecad5b0b234a103a695190a3af215a440768d9df
7. Healthy leaf/healthy_00233.jpg,7. Healthy leaf,healthy_leaf,G04533,fe3cffeaa8e54771e49d28dec905563b65ab7440737248bb91bfda5ed3dab5ac
7. Healthy leaf/healthy_00235.jpg,7. Healthy leaf,healthy_leaf,G04535,02bc38f8710cc83d6a879e466d73ccb5b90bf70dd58a710dd70dfb07dfd8d32c
7. Healthy leaf/healthy_00236.jpg,7. Healthy leaf,healthy_leaf,G04536,2799fa31b7ce41a9a303031119e106939f8f6c95efc2af7532701c553f0645ad
7. Healthy leaf/healthy_00237.jpg,7. Healthy leaf,healthy_leaf,G04537,95be90f92b2ceed152761ae64cdc1abde8a7e9b70a2d46f46c7a37c0b06f69f4
7. Healthy leaf/healthy_00238.jpg,7. Healthy leaf,healthy_leaf,G04538,8f0d37e770dfe81c2eb7da7290b092752dfce705b8e83ed9119a139817040b44
7. Healthy leaf/healthy_00239.jpg,7. Healthy leaf,healthy_leaf,G04539,6ec4a3a9756e3555b5b2706730fae8ca49272cc0324ebf2c3dcfc488f85afa9d
7. Healthy leaf/healthy_00240.jpg,7. Healthy leaf,healthy_leaf,G04540,bbbfea0f961a058e7dbc2b76c547225e1c9d8ec30caac319f55c3379a6d5acd6
7. Healthy leaf/healthy_00241.jpg,7. Healthy leaf,healthy_leaf,G04541,9a8aca125bc7495cb9ec7049d2dbe6452e042526c3a928e6db53ef555b325d27
7. Healthy leaf/healthy_00242.jpg,7. Healthy leaf,healthy_leaf,G04542,b9e3ee48f3e1055e83326be49fbbf34b2b9738dddb3650f16eb0f9194af86fc0
7. Healthy leaf/healthy_00243.jpg,7. Healthy leaf,healthy_leaf,G04543,094bd38b131884cfe21daa8bd3159c9814ac30637f546080d05d177e47f659fe
7. Healthy leaf/healthy_00245.jpg,7. Healthy leaf,healthy_leaf,G04545,6c96e46670e075c0d3664085d713030af915ea4bc53fe67e4000c16b27a70aa0
7. Healthy leaf/healthy_00246.jpg,7. Healthy leaf,healthy_leaf,G04546,44efcfd25b91c785bffb49e7f2b8f3d4de25e323b5dcc4c1fbef162fa7c87fa6
7. Healthy leaf/healthy_00249.jpg,7. Healthy leaf,healthy_leaf,G04549,144fc5eddb4b62dd38f2ff05d5067e498d727c628412e7ef6451fed561592bca
7. Healthy leaf/healthy_00250.jpg,7. Healthy leaf,healthy_leaf,G04550,532d56ca3493e731b49aa0d6b262ce9433dec974a5cd35ac11de323348903569
7. Healthy leaf/healthy_00251.jpg,7. Healthy leaf,healthy_leaf,G04551,cd18b0e0ee4c94c976d13d25423cb3d3cf006521c769b0bb01249274d8561ad8
7. Healthy leaf/healthy_00252.jpg,7. Healthy leaf,healthy_leaf,G04552,d61bf67fbb3bbf44afc539a7494a9538ba9d436c431134d5da3ed19d1a9ed13c
7. Healthy leaf/healthy_00253.jpg,7. Healthy leaf,healthy_leaf,G04553,edeb64b5f57aa4656dcae0c6d8ad615f884214c86eed2b9298d0e4c069458a64
7. Healthy leaf/healthy_00254.jpg,7. Healthy leaf,healthy_leaf,G04554,60729540e8c759162c48f2304fa78b7474bb694c01bc3b1c6b5ebf89a4fb75e6
7. Healthy leaf/healthy_00255.jpg,7. Healthy leaf,healthy_leaf,G04555,d20121563da4ef34bb91ea8a530714169407426e64d117510325ce43d6fb7d08
7. Healthy leaf/healthy_00257.jpg,7. Healthy leaf,healthy_leaf,G04557,eacaa04b528241600a285908edca617b8bd44d3408d876095e269bf6cbe9de16
7. Healthy leaf/healthy_00258.jpg,7. Healthy leaf,healthy_leaf,G04558,316985cacc8404826b293efcdd3e24d09c70a8a021460a8e90372bd60d0c9bbc
7. Healthy leaf/healthy_00260.jpg,7. Healthy leaf,healthy_leaf,G04560,10eb6560c96ccb4632776bb39b997d70c2e1939439beafb11f5999b476cc6cfc
7. Healthy leaf/healthy_00261.jpg,7. Healthy leaf,healthy_leaf,G04561,d3213d7ab3fa44a2db70fcb6aa12af31b55f0247b37340c864833adf37347d83
7. Healthy leaf/healthy_00262.jpg,7. Healthy leaf,healthy_leaf,G04562,8288534574432cb4426fa92c0be413f18282803554b7f6aa4b03b5e0e2576c59
7. Healthy leaf/healthy_00263.jpg,7. Healthy leaf,healthy_leaf,G04563,964f1e76febdd2c1d9e833a817e4feca077f8b2745f21769fc13e84c524669d9
7. Healthy leaf/healthy_00264.jpg,7. Healthy leaf,healthy_leaf,G04564,c3453d29f41f673a5f7b8c9d5297c2eccf8b2393f6d8a8fadbb9cecead32dd00
7. Healthy leaf/healthy_00267.jpg,7. Healthy leaf,healthy_leaf,G04567,3d7befcb7b98813961cbb2f41e796b0ee6503cbb9a7bc0314c915531fc234b72
7. Healthy leaf/healthy_00269.jpg,7. Healthy leaf,healthy_leaf,G04569,061a719adfaa346db768d6b271aeeea72d7e9a448903c94adb9a20311f5f0cb7
7. Healthy leaf/healthy_00270.jpg,7. Healthy leaf,healthy_leaf,G04570,1e560b0006ffdb198b1d6d4b2c9be3abf598f42d86d3c2207279dea365f18392
7. Healthy leaf/healthy_00272.jpg,7. Healthy leaf,healthy_leaf,G04572,8135e11c3195637e2b3d51522d12421eb8f831760f0445c4e575277948911e71
7. Healthy leaf/healthy_00273.jpg,7. Healthy leaf,healthy_leaf,G04573,326ed57e9a0ab2a85c937c3ce0db422cb94e6fe8e3b5fc45bb6a7c454633528f
7. Healthy leaf/healthy_00274.jpg,7. Healthy leaf,healthy_leaf,G04574,15245acda2653a10378e170ca450649e0434aa138a1f89fffdca40931bba4f5d
7. Healthy leaf/healthy_00275.jpg,7. Healthy leaf,healthy_leaf,G04575,a988be65b1174ea3141dd51f1dec41b9032f6e229fd07c6aa46ec7abf98657c7
7. Healthy leaf/healthy_00277.jpg,7. Healthy leaf,healthy_leaf,G04577,faee30c2f6f12978e18f9efce088b48e20bef7303ae8f8eb4affd9870fbaa926
7. Healthy leaf/healthy_00278.jpg,7. Healthy leaf,healthy_leaf,G04578,4b314490fc3b83d43cee1c1c7cfef555a98281e5ed54caebf51ddcb662b58fca
7. Healthy leaf/healthy_00279.jpg,7. Healthy leaf,healthy_leaf,G04579,ae9cb3e49c4e0ccda18a93e23e6f4424deac89acd4347245f08a06e59b76642e
7. Healthy leaf/healthy_00280.jpg,7. Healthy leaf,healthy_leaf,G04580,cf3748e22e01336af7a5cb95ce62ba0359e9c35a0fda69c97a6c78be44ea53fe
7. Healthy leaf/healthy_00285.jpg,7. Healthy leaf,healthy_leaf,G04585,f68948d727d63f14fccdf76d9fa4a700aea79403e0af95978353e188499fcde8
7. Healthy leaf/healthy_00286.jpg,7. Healthy leaf,healthy_leaf,G04586,dd25661328a9ec6ddcf07ac3dc0797f108bfbbe0d6663d2d6fbbcbabef155895
7. Healthy leaf/healthy_00287.jpg,7. Healthy leaf,healthy_leaf,G04587,7a519ac7c2124f72dc859ddce5a30141c34adcf1cac27e49bf831eb171754312
7. Healthy leaf/healthy_00289.jpg,7. Healthy leaf,healthy_leaf,G04589,3cc3201d36242b627782ae7285ce105480995cc2883c4b58f3511015d367de1f
7. Healthy leaf/healthy_00291.jpg,7. Healthy leaf,healthy_leaf,G04591,a83542582034b80b896e504d1a52d2ef8ae0f711bf5dc2d89a3333fa75979524
7. Healthy leaf/healthy_00294.jpg,7. Healthy leaf,healthy_leaf,G00043,a1edad4856d25dcb2038c08c97da02266f3d8e21fddac8bccbc7394575674eff
7. Healthy leaf/healthy_00295.jpg,7. Healthy leaf,healthy_leaf,G04593,794771065f5c1deb6fb7c58d8c713fa10fbbfc660d23532be587a28235248491
7. Healthy leaf/healthy_00296.jpg,7. Healthy leaf,healthy_leaf,G04594,0c743033fae7b814102c9cb8404acd8913c1cf610a14fa4f74b5c143db444f7c
7. Healthy leaf/healthy_00297.jpg,7. Healthy leaf,healthy_leaf,G04595,45fde7f674758ade1859a540726cc3ece68b9ebf8823a2cfbef609ec6bd1e6bf
7. Healthy leaf/healthy_00298.jpg,7. Healthy leaf,healthy_leaf,G04596,7a189d37acd20edc4f38919c5d3dcde378114dfbc9c3110432f255219a2c76a7
7. Healthy leaf/healthy_00299.jpg,7. Healthy leaf,healthy_leaf,G04597,2ecd775389d0c899cccb5993c416a14cfa2496609a9db2c6253e8899ed515371
7. Healthy leaf/healthy_00300.jpg,7. Healthy leaf,healthy_leaf,G04598,c625df8bfcf1663e4a577a77d4af05cf303b6c039e5ecdc046397fc76baeed39
7. Healthy leaf/healthy_00302.jpg,7. Healthy leaf,healthy_leaf,G04600,953db6ede9fcd4cb487e04d89e0d8484a89d5a9b938dc334e88c4ac478927470
7. Healthy leaf/healthy_00304.jpg,7. Healthy leaf,healthy_leaf,G04602,2d41b0c2602efea3695b8284c3b52a205c9633abfa936ae6f7852fe2a65323d5
7. Healthy leaf/healthy_00305.jpg,7. Healthy leaf,healthy_leaf,G04603,89ac0994e47da20c75b56ab3f5a6facf92e45805078c9c499b4294cedda1ce30
7. Healthy leaf/healthy_00307.jpg,7. Healthy leaf,healthy_leaf,G04605,3a5ba63ec2e874f75541a4b472d1d91b7db553cd830ca95eb1219acf000d8ba6
7. Healthy leaf/healthy_00309.jpg,7. Healthy leaf,healthy_leaf,G04607,49e9d26e6c1d02293ba2ac6449cbedf89654701889205f7cd9f6de5ddfb41b22
7. Healthy leaf/healthy_00312.jpg,7. Healthy leaf,healthy_leaf,G04610,6aff0489742959585f0e8b2c0bdf265f221505a7324d32b632c702aff373ce9a
7. Healthy leaf/healthy_00314.jpg,7. Healthy leaf,healthy_leaf,G04612,50896cc59aa879473e3cc072d312335b1463dd10315eef8393289ae600475abf
7. Healthy leaf/healthy_00316.jpg,7. Healthy leaf,healthy_leaf,G04614,8336c92f90cf5b51e6469f408bd25e12eb4b8f3923371c764500363f0453a47c
7. Healthy leaf/healthy_00317.jpg,7. Healthy leaf,healthy_leaf,G04615,e68a29df2af701cbab3136ae55b6f5c4cabc2eb70030173f24f66dd3ea9797ce
7. Healthy leaf/healthy_00318.jpg,7. Healthy leaf,healthy_leaf,G04616,6896aa19b7241cf4c2623ee9abaa8d82709fcfbde239aeff1ced37eabb375bb9
7. Healthy leaf/healthy_00320.jpg,7. Healthy leaf,healthy_leaf,G04618,4b0d2508c39ae79bbd3b7fe59c16b5df287c131c0d0977dcbec3b03605c020ec
7. Healthy leaf/healthy_00321.jpg,7. Healthy leaf,healthy_leaf,G04619,bd0b7677c923cd778aa9412609e2f180e6ef88f23642cb7ea306b1374b630f9f
7. Healthy leaf/healthy_00322.jpg,7. Healthy leaf,healthy_leaf,G04620,2f922b33129f93edcbb80eb20644a75a40d94225658534dc60bd845eaec77c42
7. Healthy leaf/healthy_00323.jpg,7. Healthy leaf,healthy_leaf,G04621,b33bcfed2125ade6dbc755ef873cbc8b26dd3d9834a76feaf78dea0f5dfde749
7. Healthy leaf/healthy_00324.jpg,7. Healthy leaf,healthy_leaf,G04622,9d66f5705a4e8b341937e739b21d42f994480187f708226e315a71375118337d
7. Healthy leaf/healthy_00325.jpg,7. Healthy leaf,healthy_leaf,G04623,e29d2cc48ac23fd00fd94b14d0e4c7cd197b59417b355fe69a5f0f2fa875fe73
7. Healthy leaf/healthy_00326.jpg,7. Healthy leaf,healthy_leaf,G04624,b3b228c6e4c7985dbaaac72a3129eb099e588141adf907d3477b0e350651e7d5
7. Healthy leaf/healthy_00327.jpg,7. Healthy leaf,healthy_leaf,G04625,ee0c29e5151b271e553833c0e15504b9fa513d9aed3e925ee848f2c119244cc7
7. Healthy leaf/healthy_00330.jpg,7. Healthy leaf,healthy_leaf,G04628,b98ace852b54483b8412a084551500f5f44fb6d3af947bb9202731db411601b9
7. Healthy leaf/healthy_00331.jpg,7. Healthy leaf,healthy_leaf,G04629,28992e0aa99c2d2f4cf35d58664ee3f08c90f71c0221a5c4f5a9d5d5ece1a8b5
7. Healthy leaf/healthy_00332.jpg,7. Healthy leaf,healthy_leaf,G04630,97d7cc5552129663a468d9b520967f54167446b7f9e0da39441051cb84c5c22a
7. Healthy leaf/healthy_00335.jpg,7. Healthy leaf,healthy_leaf,G04633,218bea366405b6209c47f2d1d52ffab82024f7b8441695b8652d2179629b539f
7. Healthy leaf/healthy_00336.jpg,7. Healthy leaf,healthy_leaf,G04634,0e43e36114ef6e332e8cf064ee9375dd570397fcfd3b1b72fd01c05c0aab8b8f
7. Healthy leaf/healthy_00337.jpg,7. Healthy leaf,healthy_leaf,G04635,a078a90751860affd30878fa24721e114d0045310565537a12caf16cb0d8e4b4
7. Healthy leaf/healthy_00338.jpg,7. Healthy leaf,healthy_leaf,G04636,8b5b3e9643584ffb9c212fbad1a73a8cbd349162e3e7ee90670bb8f56ad055d7
7. Healthy leaf/healthy_00339.jpg,7. Healthy leaf,healthy_leaf,G04637,7019d5591322a1339f10a8ee12b1659979ca321686ec59cfc05aa3b066a9af52
7. Healthy leaf/healthy_00341.jpg,7. Healthy leaf,healthy_leaf,G04639,276ae4d9f6e96afa5c029a08c1ec30f378c21d584059f908b80133a7112780d1
7. Healthy leaf/healthy_00342.jpg,7. Healthy leaf,healthy_leaf,G04640,32eed8285b734ce7e82bf96f775b89ec7430c56ab10f8150d5b2fdcbdf2dfd24
7. Healthy leaf/healthy_00343.jpg,7. Healthy leaf,healthy_leaf,G04641,3b5a7d2743ddf32fffb8a5ae50398c43464541901ecc1aa5e43e5fdccb18c645
7. Healthy leaf/healthy_00347.jpg,7. Healthy leaf,healthy_leaf,G04645,a21b7fb3fdbd22f6dcd967f0bcc6c9564fa28eeb9f62170af391ba7f2681f97a
7. Healthy leaf/healthy_00348.jpg,7. Healthy leaf,healthy_leaf,G04646,1d70f3e8e9941ebfa4c9a440a09cbe5440081812ca8fa37b7dce46da9dd65611
7. Healthy leaf/healthy_00349.jpg,7. Healthy leaf,healthy_leaf,G04647,55b19800e1a58296a18145222cfb7f67151a55ebdd020f9e431f0ef41590e004
7. Healthy leaf/healthy_00350.jpg,7. Healthy leaf,healthy_leaf,G04648,ab23bb8b05aa097feee154c774c04db4c3671a9e6f1ac3106b325ba60999e919
7. Healthy leaf/healthy_00351.jpg,7. Healthy leaf,healthy_leaf,G04649,9cb4223c884d5d46831560686cf761f71ea350575c8d2d94a95619e76b84336e
7. Healthy leaf/healthy_00354.jpg,7. Healthy leaf,healthy_leaf,G04652,947b5be11407d0a47e0be9617cad57e6155b6cc4984c17b89953e5c8f7273066
7. Healthy leaf/healthy_00355.jpg,7. Healthy leaf,healthy_leaf,G04653,0d4dffe2d3422c4eed37df020d4ee7e2fe5618d84a97a66b72913dbe90e8ec4b
7. Healthy leaf/healthy_00356.jpg,7. Healthy leaf,healthy_leaf,G04654,cc7e61147600fbcede55bf6e0b6da533039682c000e4b4f62ce9984fe94b893a
7. Healthy leaf/healthy_00357.jpg,7. Healthy leaf,healthy_leaf,G04655,fc9a12b866a53fa0fffa160f5af8ea2cc10769c10b749e19298a021183568833
7. Healthy leaf/healthy_00360.jpg,7. Healthy leaf,healthy_leaf,G04658,c5e5f58a33aeb6f4a8de8d6617549110f14e41f37e4fd2350cad3400455d760b
7. Healthy leaf/healthy_00361.jpg,7. Healthy leaf,healthy_leaf,G04659,9c961fce6198f6be3dc1c8dbe28bf19423f0866bc7c84344f3bfde1700cb85b8
7. Healthy leaf/healthy_00362.jpg,7. Healthy leaf,healthy_leaf,G04660,0867d06b3972c773437017f4ca89e31afcaa5ae4930259e6c24df003a43bddac
7. Healthy leaf/healthy_00363.jpg,7. Healthy leaf,healthy_leaf,G04661,bf87e9e4d34b03d29cdc5251f5d8b101e9bebbb9683ae8a71b88e9001c77bfd5
7. Healthy leaf/healthy_00365.jpg,7. Healthy leaf,healthy_leaf,G04663,a327b1a4377a2461e39897434f72fddd76944139b346ef5d4e4c0691c35b1ec4
7. Healthy leaf/healthy_00366.jpg,7. Healthy leaf,healthy_leaf,G04664,7706842c7e26dec6726451e22792f459e9c8599f0176244292c53fafda4a5273
7. Healthy leaf/healthy_00367.jpg,7. Healthy leaf,healthy_leaf,G04665,7ad38f2a6ad3ab274932b14e5572f05898012ca528f8e0f885755be661fbef72
7. Healthy leaf/healthy_00369.jpg,7. Healthy leaf,healthy_leaf,G04667,459ad49c62d601d68696e4a7f0398cf730020eec6ad3bdfa4b579b624ee3af4f
7. Healthy leaf/healthy_00371.jpg,7. Healthy leaf,healthy_leaf,G04669,79bb23fbbca9e3f44d76d4e59ad1125abd5a2961e7ffdcd968f0863aa450f3bd
7. Healthy leaf/healthy_00372.jpg,7. Healthy leaf,healthy_leaf,G04670,2a40495bb071caade5c0e27294c5d9da8f877265d61f71e627a521c3e2a128d7
7. Healthy leaf/healthy_00373.jpg,7. Healthy leaf,healthy_leaf,G04671,51cb0ab2b9bc465391adbd55ee474b9d301b7b7aed432cca0401aa0d180c46df
7. Healthy leaf/healthy_00374.jpg,7. Healthy leaf,healthy_leaf,G04672,2597e6331d4dc9eccb7a6dee52e1e55832b3c8f8e562c917b1b862e15eff89e2
7. Healthy leaf/healthy_00375.jpg,7. Healthy leaf,healthy_leaf,G04673,26393f9bb7d6f8f6ac7e7bb8d1efb7a67fb7cdf872f3b1f81a3deb36d34d978e
7. Healthy leaf/healthy_00376.jpg,7. Healthy leaf,healthy_leaf,G04674,5907597a376dab091e6f9ae15f2251b7957bad16b59239964e33eb009fe04ec8
7. Healthy leaf/healthy_00377.jpg,7. Healthy leaf,healthy_leaf,G04675,760d641112941ee8990bb24ff8d75e53225489e1da1ad12b355e574d91bf88a6
7. Healthy leaf/healthy_00379.jpg,7. Healthy leaf,healthy_leaf,G04677,9a94850150e5770cfdb2b3369827190d667120def0896198190893aefecefdda
7. Healthy leaf/healthy_00380.jpg,7. Healthy leaf,healthy_leaf,G04678,704972dc4295ee8fec5a21bb4fd5e388ac6162b472ac0a39cc78c4bfb15d0617
7. Healthy leaf/healthy_00381.jpg,7. Healthy leaf,healthy_leaf,G04679,87eb42cf47735be94839b31f6e87b8ae5369be0e8117c0402a7ca7a54d165f79
7. Healthy leaf/healthy_00385.jpg,7. Healthy leaf,healthy_leaf,G04683,b362f3eb677cf205d9918edc79afbcb6a5b48ae3a84f8114d533ea3f435209b4
7. Healthy leaf/healthy_00387.jpg,7. Healthy leaf,healthy_leaf,G04685,f087ce6c01b4b2e79936c60deed818e9c5ab5721719bd96d38388ff0e566f4f0
7. Healthy leaf/healthy_00388.jpg,7. Healthy leaf,healthy_leaf,G04686,e343efaf05925c4308f5a153dc7144c6acc72bddcb47dc48afa220ab99acf6e6
7. Healthy leaf/healthy_00389.jpg,7. Healthy leaf,healthy_leaf,G04687,51e52e30d23c7d06e944aeefcb295237522febc3144c1c48bfb488bb975b81a3
7. Healthy leaf/healthy_00390.jpg,7. Healthy leaf,healthy_leaf,G04688,7394d76085b741eefb23dc0064fedc8f717922c737db1bf39741d9c99ca9f03b
7. Healthy leaf/healthy_00391.jpg,7. Healthy leaf,healthy_leaf,G04689,35a944f40458cfdfd3a5eeaab92c84bdd66e11f8b23a082d02872ff47fb0c8c3
7. Healthy leaf/healthy_00392.jpg,7. Healthy leaf,healthy_leaf,G04690,6326b5911e7572b9e90faf7c70943316d2aa0d913cacee5bc4209efe7954c60a
7. Healthy leaf/healthy_00394.jpg,7. Healthy leaf,healthy_leaf,G04692,9e661eff27697df75ad037513762b6b7f232a21727c27cb59608d8a4e3a3ef39
7. Healthy leaf/healthy_00395.jpg,7. Healthy leaf,healthy_leaf,G04693,643f0fcb50369d52fc1221e8244d94ae56640549bd3e53850ae22a152868d95c
7. Healthy leaf/healthy_00397.jpg,7. Healthy leaf,healthy_leaf,G04695,cc023604f29e3f4250d2e6ef4475c7223c4c8a2d4a15454551336aa2773bdec7
7. Healthy leaf/healthy_00399.jpg,7. Healthy leaf,healthy_leaf,G04697,ec7bc4544b8b63fc709c593c9639165e99a22c3b181e861156e13329b9421fc6
7. Healthy leaf/healthy_00400.jpg,7. Healthy leaf,healthy_leaf,G04698,6ae68bf1d81958afd084d439b679e631cf99cebd8a42b497157093edfa4fe55f
7. Healthy leaf/healthy_00401.jpg,7. Healthy leaf,healthy_leaf,G04699,7c7a7f91c03cdbec1996a3008c0b042e4849a5b7e60b3f4f9f9c0162abfa4929
7. Healthy leaf/healthy_00402.jpg,7. Healthy leaf,healthy_leaf,G04700,f530ba6d51f4a5159a1bd0ee941a0e0c34fb52a354775a22def66ac961d5a95c
7. Healthy leaf/healthy_00403.jpg,7. Healthy leaf,healthy_leaf,G04701,52d90c411bbdfed34ccafd555f91554d6c2f644fc3c694408ad619fcd4623b17
7. Healthy leaf/healthy_00404.jpg,7. Healthy leaf,healthy_leaf,G04702,5bb2b8fad39beba211b320ede6c76a1552565a0851609c8880ad961aac9e7478
7. Healthy leaf/healthy_00405.jpg,7. Healthy leaf,healthy_leaf,G04703,68b518f5da58cce0b87062901d6e0cf9318b7ace79161fa995ce6d970d9a760a
7. Healthy leaf/healthy_00408.jpg,7. Healthy leaf,healthy_leaf,G04706,69b61b87b1231a0c21fbc7bff8fb756f01fcbec20a278d76bc4613f24b9f35ff
7. Healthy leaf/healthy_00409.jpg,7. Healthy leaf,healthy_leaf,G04707,d290f080bb915eba18024a9d3ebee35031eb554b7ed6f5e65cefc648ced96b9a
7. Healthy leaf/healthy_00410.jpg,7. Healthy leaf,healthy_leaf,G04708,ce3cc3e323f2fccdc1bffcc3793b37ca07baeb7709b9b1a71549bc1d14502b12
7. Healthy leaf/healthy_00411.jpg,7. Healthy leaf,healthy_leaf,G04709,d39ea4831329b55851e86d3fbb6885ba6cce9b799a116ed7921ec54bfb097851
7. Healthy leaf/healthy_00416.jpg,7. Healthy leaf,healthy_leaf,G04714,0fee5c87847707f6322ebf13b770add2c8f386a68c0f08c13b2af16627a0e0b5
7. Healthy leaf/healthy_00418.jpg,7. Healthy leaf,healthy_leaf,G04716,1f8432199d028f786ed6246f9e246c841c93b4dc155953d5597b5e9fa5db04bc
7. Healthy leaf/healthy_00419.jpg,7. Healthy leaf,healthy_leaf,G04717,47f47074fce0f2ee224d6fee1e8b9e4d8e48315ae8da5a8d8faa499a0459095b
7. Healthy leaf/healthy_00422.jpg,7. Healthy leaf,healthy_leaf,G04720,d27db5d2c4d9b9c86b069e7ff238c094fa4dc73eb4b0da20aedb2f9d2da08ecd
7. Healthy leaf/healthy_00423.jpg,7. Healthy leaf,healthy_leaf,G04721,9911f78ea8c7864ea1e301f26452c6f618479b3bb847f1bb67cda501afabb68b
7. Healthy leaf/healthy_00424.jpg,7. Healthy leaf,healthy_leaf,G04722,6d266458af8f99de792a2bd226ad3ba70ca29a9a26ee4c6e7204af4c257fc90b
7. Healthy leaf/healthy_00426.jpg,7. Healthy leaf,healthy_leaf,G04724,731fe1e0d8833075f49c36d66d742627ab94d7f35fb9abff397163de27507779
7. Healthy leaf/healthy_00428.jpg,7. Healthy leaf,healthy_leaf,G04726,f846c1758b643c0dc987a3b375d089c25fa381d2ede68b725ebd1faaf2d737ec
7. Healthy leaf/healthy_00432.jpg,7. Healthy leaf,healthy_leaf,G04730,b558b9ce68d8fae1ef3d5d4b8f5096e00f48d78abd2ff4201dcd43d6ade01128
7. Healthy leaf/healthy_00433.jpg,7. Healthy leaf,healthy_leaf,G04731,9c43796cf1c301339456dcdb72bd12a635cfd1603d1e07e883b112f14d80b858
7. Healthy leaf/healthy_00435.jpg,7. Healthy leaf,healthy_leaf,G04733,7f246dfc136fde022f84589dd04fc9a2a52def31016e3c75e06111c4c82755f1
7. Healthy leaf/healthy_00436.jpg,7. Healthy leaf,healthy_leaf,G04734,dc8ad3ee6eb3628d24a5b45a00380d380a8b9910e98bfc0bc6e380dac8826879
7. Healthy leaf/healthy_00437.jpg,7. Healthy leaf,healthy_leaf,G04735,0deb7b6115327e65845e21de11e122fbcc15b3125297758509e39ed2b25cc45b
7. Healthy leaf/healthy_00438.jpg,7. Healthy leaf,healthy_leaf,G04736,6654ededf71cd84bc141e1626080a47d88141d842268816f61b4571034a8e017
7. Healthy leaf/healthy_00439.jpg,7. Healthy leaf,healthy_leaf,G04737,be03c2e37041ad15903d13b606f25c3b6fe40ddd9b40be907dedf4ed9acf2b2e
7. Healthy leaf/healthy_00440.jpg,7. Healthy leaf,healthy_leaf,G04738,33eef297628886c70f140fd8667dcb48b292339c67d276af7ff4360def01c7f5
7. Healthy leaf/healthy_00441.jpg,7. Healthy leaf,healthy_leaf,G04739,78df77fffc770a7dbd41a61a30eef5c2fd1cee527d3c148929481c7d5aac0270
7. Healthy leaf/healthy_00442.jpg,7. Healthy leaf,healthy_leaf,G04740,8566993a2e851976bee37e0a433799aa0cf1de09b00d05bea737cfb159964bfe
7. Healthy leaf/healthy_00443.jpg,7. Healthy leaf,healthy_leaf,G04741,5369ecb9131b51e3436d806570067e7fb3460a4a86008f52ba22a3a30255504e
7. Healthy leaf/healthy_00444.jpg,7. Healthy leaf,healthy_leaf,G04742,39b562362c4c7bcd28d1ae9eba777b0c5ce4821cc026fa481e95d461914ac973
7. Healthy leaf/healthy_00445.jpg,7. Healthy leaf,healthy_leaf,G04743,cc8887cef855c33b7e0ff278c9773947bbc9defd5748a8aaca7dfdbe362889bc
7. Healthy leaf/healthy_00447.jpg,7. Healthy leaf,healthy_leaf,G04745,40790dab1f428116015b6aaebab5640133c2ac696c4a4d0e9611391a567f0a15
7. Healthy leaf/healthy_00448.jpg,7. Healthy leaf,healthy_leaf,G04746,9b80b7b631d50486c74307c1985c6fe0db3eb4f80bb8ce617044228ac67ff834
7. Healthy leaf/healthy_00449.jpg,7. Healthy leaf,healthy_leaf,G04747,6a1c7e94eb8db54711ca5dfcad5d7dd70eb3aaa19df10baccbf0591216310399
7. Healthy leaf/healthy_00450.jpg,7. Healthy leaf,healthy_leaf,G04748,ba0fde3717884811a104afa48fc3e389fba0c953475321ba434eaca02769b7c5
7. Healthy leaf/healthy_00451.jpg,7. Healthy leaf,healthy_leaf,G04749,2ade03cb52cdd33b57f3e24bdb22afba6a11390bf2c75fe8af24e5427fc30bd7
7. Healthy leaf/healthy_00452.jpg,7. Healthy leaf,healthy_leaf,G04750,860feeccb2a735bd09995f1ad027ddf4388fdd7910965c0cb2193aac43e4fbd9
7. Healthy leaf/healthy_00455.jpg,7. Healthy leaf,healthy_leaf,G04753,3191c916c45809677fcaa2b83a0d8781176dd49c8e19afc37c01ae4745ca1d34
7. Healthy leaf/healthy_00456.jpg,7. Healthy leaf,healthy_leaf,G04754,13cfd5a525dcec915219649c38bf4f56f27b618abe50b05e3ec583388552b729
7. Healthy leaf/healthy_00458.jpg,7. Healthy leaf,healthy_leaf,G04756,090c0910c05217bdb21d1ba88876ce59f3df36a5f99b045c4ac852f3be554c91
7. Healthy leaf/healthy_00459.jpg,7. Healthy leaf,healthy_leaf,G04757,35a1bd3158f02089c7c36f705af86e1f634a958d47710323ee0b41046be12af1
7. Healthy leaf/healthy_00460.jpg,7. Healthy leaf,healthy_leaf,G04758,e1d43fab55b62dae8b6e619f848c5850686268f2c4e94a17794321de511fcd41
7. Healthy leaf/healthy_00461.jpg,7. Healthy leaf,healthy_leaf,G04759,af20cbfd50010cd9f5323b33993f102048bd874c36958e7c0b95844a9a09a00d
7. Healthy leaf/healthy_00462.jpg,7. Healthy leaf,healthy_leaf,G04760,bbf9b09f80cfadb35a9f7785347af5bdb0c42890e95d4c8002f72a7d1a09f52e
7. Healthy leaf/healthy_00463.jpg,7. Healthy leaf,healthy_leaf,G04761,91e32c74f248fd28669486460b8c8a26e40ed144e526131cff99c51bb3363388
7. Healthy leaf/healthy_00464.jpg,7. Healthy leaf,healthy_leaf,G04762,bdd2f2f87225896363719b32c37139b98746ad9d9e20739ea7ff748798fcb2b7
7. Healthy leaf/healthy_00465.jpg,7. Healthy leaf,healthy_leaf,G04763,8ecf9b1226e1f6f0fd820c6308cf9c3e99572fa7d4eb6cdc5b951469447562c6
7. Healthy leaf/healthy_00466.jpg,7. Healthy leaf,healthy_leaf,G04764,77deb8acf127838a013bfdc46b467012a7675a74107ef8a4aa2da017f253ccb9
7. Healthy leaf/healthy_00467.jpg,7. Healthy leaf,healthy_leaf,G04765,64d9e757f7ce40cc95559c8a90c6bb5e32ac3df102f187a0dc71f10ee9e83bf9
7. Healthy leaf/healthy_00469.jpg,7. Healthy leaf,healthy_leaf,G04767,3e46fc8fdc6d9cce373b2699410a6d4224dfe15e9292848d59e0fd3898efa95d
7. Healthy leaf/healthy_00472.jpg,7. Healthy leaf,healthy_leaf,G04770,f7461232f3e2b1da1cb469de7b7c05a332db58a578c637a2fa5ecb66fad21dd2
7. Healthy leaf/healthy_00473.jpg,7. Healthy leaf,healthy_leaf,G04771,92bb15b813a0d2765cb735ef99c684945dd2e23e175b242b2e34e19d11456984
7. Healthy leaf/healthy_00474.jpg,7. Healthy leaf,healthy_leaf,G04772,0d9f97848d5c189cc04210b7c1dc12ab3a2d1be53ddd45cdd3aabacfeebda249
7. Healthy leaf/healthy_00475.jpg,7. Healthy leaf,healthy_leaf,G04773,b8fe89dc4bba2d56c67c62811c9a662b061abcb762d86d8254157d7ee7bdc909
7. Healthy leaf/healthy_00477.jpg,7. Healthy leaf,healthy_leaf,G04775,9cce59fb2fb223627113590b9db3c96263b6d6b7ef924e02168837bb00095c67
7. Healthy leaf/healthy_00479.jpg,7. Healthy leaf,healthy_leaf,G04777,49318b1e1e29edeaa1f9370d3ac53278f818a04abd4d753b6c0d63d0802fb295
7. Healthy leaf/healthy_00480.jpg,7. Healthy leaf,healthy_leaf,G04778,889d37e115f2f620b7640bd4acf83bd1718ee3263f0b04e7011dce04135a6270
7. Healthy leaf/healthy_00481.jpg,7. Healthy leaf,healthy_leaf,G04779,68cd95b952af48efe2b4110c8177bb36063027a6e9b5e345bc15ba8b9c5a22ce
7. Healthy leaf/healthy_00482.jpg,7. Healthy leaf,healthy_leaf,G04780,8b6871e1f1968f2311be0a7684fee536f2e62e32af776c4a425c385b829b8638
7. Healthy leaf/healthy_00484.jpg,7. Healthy leaf,healthy_leaf,G04782,369333c199302e3636139fce2cd19bcf79845ceb1db4ef9421a0d8bb42134eb9
7. Healthy leaf/healthy_00489.jpg,7. Healthy leaf,healthy_leaf,G04787,810173f35c47245fcc54669d3adbf0aa8235ec65bb17a0f2a3f8b507c57c6254
7. Healthy leaf/healthy_00490.jpg,7. Healthy leaf,healthy_leaf,G04788,c5146df088f8d5208e6a07811b92960a201b3dfce9a8544bbfb58309857a9383
7. Healthy leaf/healthy_00491.jpg,7. Healthy leaf,healthy_leaf,G04789,90b16d3ad3d4ffe3b9b6a5d7a0c796967467b81ec4888f7aa084bb705ba952de
7. Healthy leaf/healthy_00492.jpg,7. Healthy leaf,healthy_leaf,G04790,18947ff102939bf0dd0c79a6c3a355a4394753737e1fea717bfb442eba0094d9
7. Healthy leaf/healthy_00493.jpg,7. Healthy leaf,healthy_leaf,G04791,b0c8d238477f3af5caa58b4c203093fa3c005db20fdcc180d83a4082fb4ac7c3
7. Healthy leaf/healthy_00495.jpg,7. Healthy leaf,healthy_leaf,G04793,917deadc81d8bc23df27af248f31522bd7ffcc021b4eab072f1b7d4a20ac1942
7. Healthy leaf/healthy_00496.jpg,7. Healthy leaf,healthy_leaf,G04794,832a12772e0604dea2b2feece89bff750cc0bde52cda311b36a69ced2005daa3
7. Healthy leaf/healthy_00499.jpg,7. Healthy leaf,healthy_leaf,G04797,5f2ba2e7e0b47f7c0adc1ec15c3696101d23849cfc34c038a145b3c0ccf5f51b
7. Healthy leaf/healthy_00500.jpg,7. Healthy leaf,healthy_leaf,G04798,047a63aee5ef8ae16886cd26be0a0772cee0627deafde28e52b70bd8338ed673
7. Healthy leaf/healthy_00502.jpg,7. Healthy leaf,healthy_leaf,G04800,4fbeddfe6a836b40f855cb59bac9d5def7444e859e0131ad90202b1847adfc7b
7. Healthy leaf/healthy_00503.jpg,7. Healthy leaf,healthy_leaf,G04801,df40cd848e15a2690d6daae299c25024d24f9a161d6ea0c00d9c75b856a8a682
7. Healthy leaf/healthy_00505.jpg,7. Healthy leaf,healthy_leaf,G04803,7d1d3bea0dea15f9af4b0a8ab9e37a139b710b077586d98c8848fb9bbf407a3b
7. Healthy leaf/healthy_00506.jpg,7. Healthy leaf,healthy_leaf,G04804,c3c9c13b6bcadb1d7740f02dea9c31446d5e2333811697d220922947d22dcaae
7. Healthy leaf/healthy_00507.jpg,7. Healthy leaf,healthy_leaf,G04805,671e655216dca022451ebd09a5545ec2ebe3ec8a25fe3e05c79b4cab7c439a21
7. Healthy leaf/healthy_00508.jpg,7. Healthy leaf,healthy_leaf,G04806,0f705b51851de6aea37685faa49c80f35a95b31543605f4fe73827b241e96330
7. Healthy leaf/healthy_00509.jpg,7. Healthy leaf,healthy_leaf,G04807,45186924df3dc8c01702e237fa73f6c4990420c0834e6067de2a78e1cff6be16
7. Healthy leaf/healthy_00511.jpg,7. Healthy leaf,healthy_leaf,G04809,958cda1226d97286c3840969285020a3a3628c3bb2e0e138b85b6248cfd43721
7. Healthy leaf/healthy_00512.jpg,7. Healthy leaf,healthy_leaf,G04810,a9b2a7cb5e3f23f09c624f049ca77ea4ae234ba4e1e8295032a767be34e47525
7. Healthy leaf/healthy_00513.jpg,7. Healthy leaf,healthy_leaf,G04811,7ceb6b726d061acae14179331eb44c68befabc5174acf68c27eee5e85ed9dbbe
7. Healthy leaf/healthy_00514.jpg,7. Healthy leaf,healthy_leaf,G04812,c1b661028729491e0de693106b6f11bea1be7733fd6139b17857225a6dc5898f
7. Healthy leaf/healthy_00515.jpg,7. Healthy leaf,healthy_leaf,G04813,c2e00170ede93b9d466a97b758d45eff73d093e3879d24329cb263d2ca94ba5c
7. Healthy leaf/healthy_00516.jpg,7. Healthy leaf,healthy_leaf,G04814,fc975729b33a9f10d1025264821fa2eb05017f1e51b95868c937710c4e31c841
7. Healthy leaf/healthy_00517.jpg,7. Healthy leaf,healthy_leaf,G04815,16ec4df00298cadaef1360488a9b00a2ef3fb5ae2866b57b495a7db935fcb76d
7. Healthy leaf/healthy_00521.jpg,7. Healthy leaf,healthy_leaf,G04819,35809321c10149c02c04633595cf1e647783b1a5e5f93c1fc2470537e432b7e4
7. Healthy leaf/healthy_00522.jpg,7. Healthy leaf,healthy_leaf,G04820,74125b421976b40db7775e17b4c086288d8134fe0db3b5247243f42fa180b38a
7. Healthy leaf/healthy_00523.jpg,7. Healthy leaf,healthy_leaf,G04821,248bab405528dd39aef3e0b44b900d0ca62b7cb38a33729c70cc15c50cb73e2a
7. Healthy leaf/healthy_00525.jpg,7. Healthy leaf,healthy_leaf,G04823,83ee4e5ad66a91d04cd43ca43d9e369191f85eb5b0501e09350ca4c90ff304d6
7. Healthy leaf/healthy_00527.jpg,7. Healthy leaf,healthy_leaf,G04825,3ac0b12288081b41c577c81d5e4258f0cd2bf65b6fae0eebad3a8ec548959cd2
7. Healthy leaf/healthy_00531.jpg,7. Healthy leaf,healthy_leaf,G04829,a375bfbe3e88721f7aa786caf2c16d1890a8296db3f285554dd13f88789520f5
7. Healthy leaf/healthy_00532.jpg,7. Healthy leaf,healthy_leaf,G04830,11a83847c859d8ecc999decd23aee62cc33e8ab4c390634f7755cfc421e23db2
7. Healthy leaf/healthy_00535.jpg,7. Healthy leaf,healthy_leaf,G04833,315e341209dfdb5f61061ad5a1078c81a48ddacd368951b2e30031b16beeae2c
7. Healthy leaf/healthy_00538.jpg,7. Healthy leaf,healthy_leaf,G04836,db0db9ca4bb7d8540d3522620a3cd2e388807d1124ea700fed91e10debea1ced
7. Healthy leaf/healthy_00539.jpg,7. Healthy leaf,healthy_leaf,G04837,f3e0a3b8ecd09d086a1dfe47bc493c1c709842c99d6563b7454b7ab504df7ceb
7. Healthy leaf/healthy_00540.jpg,7. Healthy leaf,healthy_leaf,G04838,8769fba4929e97895c68c32fee3eef8a667bb52ca31d8ca1c4c949b6f99e6995
7. Healthy leaf/healthy_00541.jpg,7. Healthy leaf,healthy_leaf,G04839,f2b1dd6f4b348058738af1bae39720f51acfb70b1d3dbcac57ffef6a3f8d2246
7. Healthy leaf/healthy_00542.jpg,7. Healthy leaf,healthy_leaf,G04840,fdc4377ffb7869b8560c928d3b6a48de4bda295a3c807e89db87924242e596ab
7. Healthy leaf/healthy_00543.jpg,7. Healthy leaf,healthy_leaf,G04841,d1be431cb212b7334e8e0e7d9ee1ced4dd36d45fd8d603aa5c15ecb8c6a01c18
7. Healthy leaf/healthy_00544.jpg,7. Healthy leaf,healthy_leaf,G04842,637004da1614593b2bde9e33c92c34dea3a0f54df5aed22aec96dc69a1ff9f73
7. Healthy leaf/healthy_00545.jpg,7. Healthy leaf,healthy_leaf,G04843,86436f8a06d88a6b218a5ff37ec5f7ebe3ea08c12e4bcab02f792dac5c899332
7. Healthy leaf/healthy_00546.jpg,7. Healthy leaf,healthy_leaf,G04844,7e09be7ccfa3f0335cc7bde549b07708f7855e2acbed942a9d546dfd37913c18
7. Healthy leaf/healthy_00547.jpg,7. Healthy leaf,healthy_leaf,G04845,6a0785dbe4f5b733d966fb3c7ba67d9111dbd16cd5af1d6303caee228ab0b4c0
7. Healthy leaf/healthy_00550.jpg,7. Healthy leaf,healthy_leaf,G04848,2acdc173886cae5e212690d41428b870588ece40c5524c2ff4c4b43ca4b4dfcd
7. Healthy leaf/healthy_00551.jpg,7. Healthy leaf,healthy_leaf,G04849,c6140b9d5ebba11dceb91bd6e0a81cc1acb115692a082bf32b09c5ce02e42ddd
7. Healthy leaf/healthy_00552.jpg,7. Healthy leaf,healthy_leaf,G04850,f243d16eb3410e338fce959bf84ac3344c0b2ba2762b3927ec99a45db163a1d4
7. Healthy leaf/healthy_00553.jpg,7. Healthy leaf,healthy_leaf,G04851,05f0f7db3da55932c071a87903d3359dc27f0c3abc3d510c5cc00d39846cef56
7. Healthy leaf/healthy_00554.jpg,7. Healthy leaf,healthy_leaf,G04852,7c6f69c663832375a4f52a60c6d8aaa7b7acbcd0b16a229016c0a796f450cfd2
7. Healthy leaf/healthy_00555.jpg,7. Healthy leaf,healthy_leaf,G04853,3cd34de59220f2ff29ec19296c97292e6632f7f000c92cc7e7c7e5af44b837f7
7. Healthy leaf/healthy_00556.jpg,7. Healthy leaf,healthy_leaf,G04854,f5360b8c4477843aeefc045c9e53e0ba261a2529ef8e404206230bbea05f5b4f
7. Healthy leaf/healthy_00557.jpg,7. Healthy leaf,healthy_leaf,G04855,a66fc2d689b6045147d3a11fbd15c393d921370386e7aeb6080b3aece4def41a
7. Healthy leaf/healthy_00558.jpg,7. Healthy leaf,healthy_leaf,G04856,ad4c9440feb2f625ae82b621416acf49614276bbc3cb0e9d0b9a177d6541d8b0
7. Healthy leaf/healthy_00559.jpg,7. Healthy leaf,healthy_leaf,G04857,407891d3149552676c1fe4f44c1d6ddbc7e552dc31ca8b4fad5cdbdd1e7e0ad9
7. Healthy leaf/healthy_00560.jpg,7. Healthy leaf,healthy_leaf,G04858,f7d2fb37f16019132d3f3017385443a5b5356a6b8e4a049f15fab91c01506d85
7. Healthy leaf/healthy_00561.jpg,7. Healthy leaf,healthy_leaf,G04859,4100d42699e5ede50e863533af8a7c3baae451715206086c732575d2bc98f1d2
7. Healthy leaf/healthy_00562.jpg,7. Healthy leaf,healthy_leaf,G04860,3acd0eb28bae6779b50da2d41a0806dd6c83e979d4f4519c4567e5514f4147c5
7. Healthy leaf/healthy_00563.jpg,7. Healthy leaf,healthy_leaf,G04861,2a8cc728dbb36d4cf9eedecf1aba4bed5f033d25de55cfe5ab3cc56f89f30a67
7. Healthy leaf/healthy_00564.jpg,7. Healthy leaf,healthy_leaf,G04862,be52a029810c351c5900ea2f9bd94f197d77c3d161c7540a1d5a8a749707e86e
7. Healthy leaf/healthy_00567.jpg,7. Healthy leaf,healthy_leaf,G04865,aa30e28b5bd3fbdec9f33c019adc1672edef4e557f30fa1f1422d9a1af3e6ed2
7. Healthy leaf/healthy_00568.jpg,7. Healthy leaf,healthy_leaf,G04866,efacacde6d53fddec7cd8685de18f379bbe8b009310dd5a9017daabb5a08fbe8
7. Healthy leaf/healthy_00569.jpg,7. Healthy leaf,healthy_leaf,G04867,8851404ebeff704f4f71e3003ec7c28e6a1a14b0405756741a37aa0eade3a446
7. Healthy leaf/healthy_00571.jpg,7. Healthy leaf,healthy_leaf,G04869,6cfa6be588ff710aa1b05f5e91bbcbbbd3a9fce29d8f17ac21c843d9d6c40773
7. Healthy leaf/healthy_00574.jpg,7. Healthy leaf,healthy_leaf,G04872,954effb070d08f4ea6cf23f842e09b4d95a9c2da73254f27f2884933a9440967
7. Healthy leaf/healthy_00576.jpg,7. Healthy leaf,healthy_leaf,G04874,21fe45c108a6cb833594e6443c771931e8d9159ae9aa35fe36f8bef7937f0db6
7. Healthy leaf/healthy_00578.jpg,7. Healthy leaf,healthy_leaf,G04876,010c8b650b6be96b753d612038c1647f7bb248068c726ffb2b7b694aafeb2217
7. Healthy leaf/healthy_00579.jpg,7. Healthy leaf,healthy_leaf,G04877,d95d61de725d7928773d157548b5f589fafd880534e98994fb0eeff309c76b12
7. Healthy leaf/healthy_00580.jpg,7. Healthy leaf,healthy_leaf,G04878,0a536f14e5a2b8f6a39e2cde15858bac919c8211165493614a0a35a22c6b5f43
7. Healthy leaf/healthy_00582.jpg,7. Healthy leaf,healthy_leaf,G04880,1c8716b68d3ba0fc5c9c8c07a7764dc610994a0c2114c2fa4d87bc5e4657b65c
7. Healthy leaf/healthy_00584.jpg,7. Healthy leaf,healthy_leaf,G04882,3f35e672a89a1baec81acbeeb8cc5757d4952665cfec2c3b3ae1631d79eafd56
7. Healthy leaf/healthy_00585.jpg,7. Healthy leaf,healthy_leaf,G04883,612ab980d90a91680c3286522f3bf9a5788c054359cb3e44a80319d7a2c880d2
7. Healthy leaf/healthy_00587.jpg,7. Healthy leaf,healthy_leaf,G04885,3625c3f0d999adf244ff693ae4f9333b1ba9a77bad359b2214ebccc988b8c51b
7. Healthy leaf/healthy_00588.jpg,7. Healthy leaf,healthy_leaf,G04886,5225a83bbd4c9dd383f0b3746f717cde8dbe61b3ff2e22217ef5adb691ecbc69
7. Healthy leaf/healthy_00589.jpg,7. Healthy leaf,healthy_leaf,G04887,62b533d4702ccf4de3f535c1d5a7fd9d66745ec0d7e1438fb9d94e114775764a
7. Healthy leaf/healthy_00590.jpg,7. Healthy leaf,healthy_leaf,G04888,00b56439571658995fb94c25ad816f39d64c67f87f1d602c0ba87d33510a172f
7. Healthy leaf/healthy_00591.jpg,7. Healthy leaf,healthy_leaf,G04889,141583fbef067ac87a242856b058377973a261ac6de042133a30b29a6504b644
7. Healthy leaf/healthy_00592.jpg,7. Healthy leaf,healthy_leaf,G04890,b23023a16e9287c991fefb9d405ac6ef36b861ba464dd737fe0af3d976576431
7. Healthy leaf/healthy_00593.jpg,7. Healthy leaf,healthy_leaf,G04891,ff819b419ad498b748ba5e41b5f14010efe4bf1875658ab95df0f70aabc4b11b
7. Healthy leaf/healthy_00594.jpg,7. Healthy leaf,healthy_leaf,G04892,402acdb5951cc522c1718985887685a9171502bf8147d6a89a6385f30829e027
7. Healthy leaf/healthy_00595.jpg,7. Healthy leaf,healthy_leaf,G04893,ee5750de31eaea16d344d25a95f37ea60dd4e957cdbdb3558c506b563b748ddf
7. Healthy leaf/healthy_00596.jpg,7. Healthy leaf,healthy_leaf,G04894,6441c609a4ef726177086bfe84e0d183620ce27885bc0eda1fd517a98dd88b2c
7. Healthy leaf/healthy_00600.jpg,7. Healthy leaf,healthy_leaf,G04898,c8df6ae19c4dca4b3778ea79e02af63fc2fc3258ae4fa5d4f7b2177f23ed4f09
7. Healthy leaf/healthy_00604.jpg,7. Healthy leaf,healthy_leaf,G04902,9f824a18d3957f543ccfb24251a939f1c442ab2eb4081584f1ff31f33a0cd1c8
7. Healthy leaf/healthy_00605.jpg,7. Healthy leaf,healthy_leaf,G04903,e14f68b0f170db97920c2fceea5c355a9303bb08a51a2a157e00e5954528c2e5
7. Healthy leaf/healthy_00606.jpg,7. Healthy leaf,healthy_leaf,G04904,d21deb675708091302f379347e6a01f555435a31f7b07654f0662d5ca51fd323
7. Healthy leaf/healthy_00607.jpg,7. Healthy leaf,healthy_leaf,G04905,44596a9b15104abdbce80ad7ff9601b686a006407fdfabbcbb539ce730559485
7. Healthy leaf/healthy_00608.jpg,7. Healthy leaf,healthy_leaf,G04906,b800f4d90d46b271ac3031a6d0c06c7614431e82f7a7fd5032d3d7e51db04ca9
7. Healthy leaf/healthy_00611.jpg,7. Healthy leaf,healthy_leaf,G04909,eccf0811e6ab86a11f22ced06487eb6880cd815913897f6c9617503d303f052c
7. Healthy leaf/healthy_00612.jpg,7. Healthy leaf,healthy_leaf,G04910,9ad366311830f814d129d843e89b5ee7a32fa7f25a588b1883cdceb2cc22bb47
7. Healthy leaf/healthy_00613.jpg,7. Healthy leaf,healthy_leaf,G04911,ffba7df237d1bcf63220d67720e582e8fe3c2a16a20437dc0a27b42173c34bf9
7. Healthy leaf/healthy_00614.jpg,7. Healthy leaf,healthy_leaf,G04912,90dbcbe5f2d937778a8638045843c8193f8d90ab7971663c2423b584432e8425
7. Healthy leaf/healthy_00617.jpg,7. Healthy leaf,healthy_leaf,G04915,b7fd279c9b51b800cf71dca683c7fe33ba512b807adead3590d841dbc4fc4fd7
7. Healthy leaf/healthy_00618.jpg,7. Healthy leaf,healthy_leaf,G04916,608144faa2dddd475cf276734c2c58f514a1bf943f752639a2117b0c77bf421a
7. Healthy leaf/healthy_00619.jpg,7. Healthy leaf,healthy_leaf,G04917,a00bd8ddbd8e90d4030593e5ebf3a7b7fe0cebf3e3aca5b622cb2956a5c39611
7. Healthy leaf/healthy_00621.jpg,7. Healthy leaf,healthy_leaf,G04919,989babd53bbebab3ffe68c87648f29f6f449a24260769bd1cfbc60a08c62600e
7. Healthy leaf/healthy_00622.jpg,7. Healthy leaf,healthy_leaf,G04920,a7e62bbe356cd49634b51771b7492cf0d076c8a86f4ca1c51513a588beaa2da7
7. Healthy leaf/healthy_00625.jpg,7. Healthy leaf,healthy_leaf,G04923,afc5b8eb2948443c58e96be0c6cc48e3d31f5dc5a66da1bf6d01c5887ceb58ca
7. Healthy leaf/healthy_00626.jpg,7. Healthy leaf,healthy_leaf,G04924,3a9fef70dec10095030cf8562c6428f746d89691fd9f265cc2590f154e1c066a
7. Healthy leaf/healthy_00627.jpg,7. Healthy leaf,healthy_leaf,G04925,e19cfc4e8efc60479ac547f453294e31ad8c0f60ab8b4f0e4c444ebb34583fc4
7. Healthy leaf/healthy_00628.jpg,7. Healthy leaf,healthy_leaf,G04926,694fdb813e263c386ce87d48fd6bd47c120b7fb95d00bea780eab8c47147d284
7. Healthy leaf/healthy_00629.jpg,7. Healthy leaf,healthy_leaf,G04927,f37f791d04adc2199d3b760f25873d34e0372514a700a3b4a4696e5669a3614a
7. Healthy leaf/healthy_00630.jpg,7. Healthy leaf,healthy_leaf,G04928,4c011f9036baa526f837f4e2edd9a41956dd906b89d575b4080f5f9d464b22d9
7. Healthy leaf/healthy_00631.jpg,7. Healthy leaf,healthy_leaf,G04929,d6c83669582b9e1ade19e9ea90f740a7129e4c0c0f05ab04a4d021635749d7f6
7. Healthy leaf/healthy_00632.jpg,7. Healthy leaf,healthy_leaf,G04930,75d97e17a8ccf6da7620f5a64ec5db10d608531351fbd045dbd7e3b3df6aaf21
7. Healthy leaf/healthy_00633.jpg,7. Healthy leaf,healthy_leaf,G04931,31a40509ed509e533a6bd420e0a93b6dce890ef36a53203ccdf6fe842283327a
7. Healthy leaf/healthy_00635.jpg,7. Healthy leaf,healthy_leaf,G04933,e02742d143e3a8aa7f5e228ee9dbd96072ef13351ee329324dd33296eea0b919
7. Healthy leaf/healthy_00636.jpg,7. Healthy leaf,healthy_leaf,G04934,183478606aaf1ebcf8aec62916d9bba6a655b4a54606e17c1ee2b97d2acca5ff
7. Healthy leaf/healthy_00637.jpg,7. Healthy leaf,healthy_leaf,G04935,e05861d92d7633387c6127b9579f7491e4c2ca05ba5b9990a9b0d754c80f37da
7. Healthy leaf/healthy_00638.jpg,7. Healthy leaf,healthy_leaf,G04936,b6e3addae333ba754291a3e9de3774a61e7efaca452be49c04f28abcf9fe8688
7. Healthy leaf/healthy_00640.jpg,7. Healthy leaf,healthy_leaf,G04938,fa19c29863335c5a6be7f859f1559dfdea3c79c5e5c6fbebfeca7df15d01aa31
7. Healthy leaf/healthy_00641.jpg,7. Healthy leaf,healthy_leaf,G04939,56d309b482e8c5b22515fbc67ce93134d4c4ec16283129324f29392b09e74bc1
7. Healthy leaf/healthy_00642.jpg,7. Healthy leaf,healthy_leaf,G04940,e6be84db65507b3a65a55981cddac36642542a561802b976002fbeff14ef9c52
7. Healthy leaf/healthy_00644.jpg,7. Healthy leaf,healthy_leaf,G04942,1059477bff92d355c8e9e66c03fa0dbae56a2720429588bc1b0cd233d9d1a1de
7. Healthy leaf/healthy_00645.jpg,7. Healthy leaf,healthy_leaf,G04943,bb2b67be797ab98c19ec2c233fbb5a091585af2b1f8345605552f981665130e6
7. Healthy leaf/healthy_00646.jpg,7. Healthy leaf,healthy_leaf,G04944,fba4c0bc0d4eb72e7d78087d4208589398f7be3a8d5260aeedca4d4733a8b67f
7. Healthy leaf/healthy_00647.jpg,7. Healthy leaf,healthy_leaf,G04945,c0986a03f9b0b9ffe6a6cd31221af03b66af57b5c204bbb9295d84acbce16380
7. Healthy leaf/healthy_00648.jpg,7. Healthy leaf,healthy_leaf,G04946,5468d5143f433058ee7930da665d04eeee807eb7dcb328f1810f4244678964a5
7. Healthy leaf/healthy_00649.jpg,7. Healthy leaf,healthy_leaf,G04947,24365cd681945226004d1602b7d8e9bf49948316f0d82c02dc472773a8c69257
7. Healthy leaf/healthy_00650.jpg,7. Healthy leaf,healthy_leaf,G04948,c64ef741e3880386e37829aebdaf2258f06c53a5caec2c8572da68a22b2be7aa
7. Healthy leaf/healthy_00652.jpg,7. Healthy leaf,healthy_leaf,G04950,02c10e39ae5e7988ccba27a0ab48de74e84799ab241eaf9c676bfd9e8895a514
7. Healthy leaf/healthy_00653.jpg,7. Healthy leaf,healthy_leaf,G04951,ca81f25cff9063a1b73ea5fe2b41b3e3d2ba59caec58d882e3effd406066aec0
7. Healthy leaf/healthy_00655.jpg,7. Healthy leaf,healthy_leaf,G04953,5dad9428dd036f283981fbff18c8666b7fe734bbeb0dde9738431debcfdb247f
7. Healthy leaf/healthy_00657.jpg,7. Healthy leaf,healthy_leaf,G04955,dced26fceba6ca4f6379387fc7c1410bc55dbb3630ec30733d9da5f3acef2032
7. Healthy leaf/healthy_00658.jpg,7. Healthy leaf,healthy_leaf,G04956,0b6241c766449a22f69d455b635ad38a79512c3d28f651db7c2bab15409d4f1c
7. Healthy leaf/healthy_00660.jpg,7. Healthy leaf,healthy_leaf,G04958,9d380a4a650cc4862889298c4186a8a3a4414ed785250e6cee684389e85006cc
7. Healthy leaf/healthy_00661.jpg,7. Healthy leaf,healthy_leaf,G04959,20bc77dc587c8898b8326bfdcc0e9da8bdb9593c97ad8d249c3fc62888e55ace
7. Healthy leaf/healthy_00664.jpg,7. Healthy leaf,healthy_leaf,G04962,84ebe879d0dd2ea545166758ec986a22f0bf78b42a4b2a366203720ec6ffeb6a
7. Healthy leaf/healthy_00665.jpg,7. Healthy leaf,healthy_leaf,G04963,16ea33c1959fdbc3ab2896b6f1466cd74ffaeb0a5c8137b83c7c8a03f4f1a0d6
7. Healthy leaf/healthy_00666.jpg,7. Healthy leaf,healthy_leaf,G04964,7e8056ed57527971484483084807031b350aa26d1c2a9e35470dc4667ee23947
7. Healthy leaf/healthy_00667.jpg,7. Healthy leaf,healthy_leaf,G04965,ff34e50844e9e1bfafae170b761988d2506917b41f5572f09493b374040fb2ed
7. Healthy leaf/healthy_00669.jpg,7. Healthy leaf,healthy_leaf,G04967,d1c80419e1b0d4ef98f6118c2ba3a720eb3772b1e380701cd09dd75377856de4
7. Healthy leaf/healthy_00670.jpg,7. Healthy leaf,healthy_leaf,G04968,596b882b04f5e65e3d0fec6889deb099f34cd8c84d2532884ad176330a1af711
7. Healthy leaf/healthy_00673.jpg,7. Healthy leaf,healthy_leaf,G04971,4708b2aceb617d928b53ec220df40c6e250e550e28d337cfff881cdb5de9625b
7. Healthy leaf/healthy_00674.jpg,7. Healthy leaf,healthy_leaf,G04972,4ccaaf86f40b53b44245843e14414c0dfebf1fab6171fe9bb46409d09ab8d368
7. Healthy leaf/healthy_00675.jpg,7. Healthy leaf,healthy_leaf,G04973,f1ca864a7b3806bf14062e1f509cdd1f29d5b4932377fe1a1c48f7d98412aecf
7. Healthy leaf/healthy_00676.jpg,7. Healthy leaf,healthy_leaf,G04974,2956e012b5c1c9aa09e6e970ccb8dd592ccf7a137a78ec89ed2abd7cf68349f5
7. Healthy leaf/healthy_00680.jpg,7. Healthy leaf,healthy_leaf,G04978,8042a3a713080eb508c3dcc99b169e06dd60e34895d27d0cac325bc781cfe516
7. Healthy leaf/healthy_00681.jpg,7. Healthy leaf,healthy_leaf,G04979,38cedb63f40cd5548f2dfef9ca24f89e77cd9f05ec27e92ac09fa416be832763
7. Healthy leaf/healthy_00682.jpg,7. Healthy leaf,healthy_leaf,G04980,189af907b314c7aef0035158a9ba5daa150bdbdbc41cbfc4a1a585dfd434094a
7. Healthy leaf/healthy_00683.jpg,7. Healthy leaf,healthy_leaf,G04981,3a20d893f028168f21631954bf7a3b10adde00403134ff4651ec6041fd5b223e
7. Healthy leaf/healthy_00684.jpg,7. Healthy leaf,healthy_leaf,G04982,cbbbf098769a0725e3af26af8846d3401010f099182c1e245366cf225524b5c5
7. Healthy leaf/healthy_00685.jpg,7. Healthy leaf,healthy_leaf,G04983,762fe3d0fee8272f9f21df5cc4cb7109195b93eb802710a530d8c867cb106b99
7. Healthy leaf/healthy_00686.jpg,7. Healthy leaf,healthy_leaf,G04984,6a9e1744be1adf7340805634c440de243e5b3a43964638bce94442713be3912e
7. Healthy leaf/healthy_00687.jpg,7. Healthy leaf,healthy_leaf,G04985,e3d6667af3d08abcee46eb48bae81d9274ce84a8f84084c86062fdf6fa434de6
7. Healthy leaf/healthy_00688.jpg,7. Healthy leaf,healthy_leaf,G04986,2b298cef6215891fcc5ed1fe6a824468f82618ee535a229d024fe32843fe5d26
7. Healthy leaf/healthy_00689.jpg,7. Healthy leaf,healthy_leaf,G04987,36ec8cf461950305dfd899c740e1593cd764f676301e2fcb30f105eb86bf7732
7. Healthy leaf/healthy_00690.jpg,7. Healthy leaf,healthy_leaf,G04988,876c83f67176c2c3a255fd69a25b65dae9ad2721121230992b7d657f9c837252
7. Healthy leaf/healthy_00691.jpg,7. Healthy leaf,healthy_leaf,G04989,90f7bd2c572736a07b3a52192c81851edfb2ec12eaedf42deeec538e7d77b04b
7. Healthy leaf/healthy_00692.jpg,7. Healthy leaf,healthy_leaf,G04990,d9ec246e84d9eb467752671a124a5f1f064fc24e11ecbc9d25b88065234a428b
7. Healthy leaf/healthy_00693.jpg,7. Healthy leaf,healthy_leaf,G04991,0ac26a73bcd40d825625addf205d65a5907c69a831f57d8fa555511e6de168d4
7. Healthy leaf/healthy_00695.jpg,7. Healthy leaf,healthy_leaf,G04993,eb1ef7c42676f3e8184a892d88dad44f91998cb7af05ff802ebe981c1622da65
7. Healthy leaf/healthy_00696.jpg,7. Healthy leaf,healthy_leaf,G04994,3e2cde337967cd89b062e2185553d2d533dbd47dc845c8cfc362a492fc86c77c
7. Healthy leaf/healthy_00697.jpg,7. Healthy leaf,healthy_leaf,G04995,3cc831ed31099839787c5c00dc9454d5cb274158a31f596751d3dbe2524dae1b
7. Healthy leaf/healthy_00703.jpg,7. Healthy leaf,healthy_leaf,G05001,40720ef4dbaba57fb04a8dbb4890c5a4ef237086a01c4dd3e0dd67376e7477ab
7. Healthy leaf/healthy_00705.jpg,7. Healthy leaf,healthy_leaf,G05003,e3327b9c2c081b8ad89d3958b6b6440fd8931c54a943fd003b3750f9936c49f9
7. Healthy leaf/healthy_00707.jpg,7. Healthy leaf,healthy_leaf,G05005,a6643440cdc89ef5ea03e2f5e5965dcafbc296ce2ed4f404d90ba2eb6e680dba
7. Healthy leaf/healthy_00710.jpg,7. Healthy leaf,healthy_leaf,G05008,79515308accd97c5946a1c1d4d7e8094aa61db273d830494ac032b5f84476413
7. Healthy leaf/healthy_00712.jpg,7. Healthy leaf,healthy_leaf,G05010,9efff27a781f32a77133b4b23d3623d5d277a03ee54339532d1bc6832a0835c4
7. Healthy leaf/healthy_00714.jpg,7. Healthy leaf,healthy_leaf,G05012,2882bc0ae30fea680f596f6e3ea51117b2d03ad2c04fb1c5f05ec7b9ff69757e
7. Healthy leaf/healthy_00716.jpg,7. Healthy leaf,healthy_leaf,G05014,6d5ba9b06102e6067fc406b168f36d41ebae6a27a5a4f2779ec4434df25c70bd
7. Healthy leaf/healthy_00717.jpg,7. Healthy leaf,healthy_leaf,G05015,c2d4991f101c31e2865b4f0234129d149e673865202a43d0fa942bd902ce6d34
7. Healthy leaf/healthy_00719.jpg,7. Healthy leaf,healthy_leaf,G05017,56e1d363f21733b42335c88cf0cc9a57472ca778cd0f21a39a1cbe47dceba87c
7. Healthy leaf/healthy_00720.jpg,7. Healthy leaf,healthy_leaf,G05018,e8bf92f14950452d9a438ca1bce058d946c8f847c3ee0d7a5d6665d00b5d21f5
7. Healthy leaf/healthy_00721.jpg,7. Healthy leaf,healthy_leaf,G05019,7524c2d28ad385ee0e726c9de9305e15f498bbbbd9e046c5f02ebbf1de122899
7. Healthy leaf/healthy_00723.jpg,7. Healthy leaf,healthy_leaf,G05021,78b2f43706b2dad4d904fe2e3130ff68dc1b398ffb3937f1c7de5fbc9574f5e9
7. Healthy leaf/healthy_00724.jpg,7. Healthy leaf,healthy_leaf,G05022,8dd9f3e4d1622307275daeeed6041d62f2d568b4d31633236970eaee340d6b5b
7. Healthy leaf/healthy_00725.jpg,7. Healthy leaf,healthy_leaf,G05023,d107697e7d9407f7e1573e02d328b2ab717a61947eb4306c9a9557a87442d19e
7. Healthy leaf/healthy_00726.jpg,7. Healthy leaf,healthy_leaf,G05024,be099cc480aa8458453fd6fe5d1cfbae3c6990dbfbba248783dd6c1ee2d59ad4
7. Healthy leaf/healthy_00728.jpg,7. Healthy leaf,healthy_leaf,G05026,10c3ac6b2eda6e294d90dd6f0e5d9c2629eaf0af9f2684b8b275e7814e5e278b
7. Healthy leaf/healthy_00729.jpg,7. Healthy leaf,healthy_leaf,G05027,f8591c93f45de5150ced2036fb9a342acfcd533bb5154c116cb4e0a78fd0a53d
7. Healthy leaf/healthy_00731.jpg,7. Healthy leaf,healthy_leaf,G05029,fd725b9a31943bd29a82422865d626909102ad3bd0e5256aed4224cc2c51eb62
7. Healthy leaf/healthy_00732.jpg,7. Healthy leaf,healthy_leaf,G05030,0fbf3ce8a784149a7f72349998efd536e92f91b02b3cd1a40f9467ba92405453
7. Healthy leaf/healthy_00733.jpg,7. Healthy leaf,healthy_leaf,G05031,81e63fa41ab8a587e56d4a597a63d36081caae463024a2ec7dc2bc1ece7bd291
7. Healthy leaf/healthy_00734.jpg,7. Healthy leaf,healthy_leaf,G05032,a89ded85b23e82df080285e45f7a4b9eafe528dfdfc57b7f2bcc046ee22f6ae3
7. Healthy leaf/healthy_00735.jpg,7. Healthy leaf,healthy_leaf,G05033,65aec8f1c6feed6a84666278d98c8af880fbc9f264d7c2f4504f0f546f753dd7
7. Healthy leaf/healthy_00736.jpg,7. Healthy leaf,healthy_leaf,G05034,875785c43edd2ef80a4ba2be3a5f1acb5ad06fcb9365910394e7da7e4dd49dc7
7. Healthy leaf/healthy_00737.jpg,7. Healthy leaf,healthy_leaf,G05035,5c6e0485d105c31e73baf43c2dc0655a634304fe98184334017b77d248c30f39
7. Healthy leaf/healthy_00738.jpg,7. Healthy leaf,healthy_leaf,G05036,9f972f644363673ac033ec79434096ec490eb1ea01cbc1483250484a4dd68589
7. Healthy leaf/healthy_00739.jpg,7. Healthy leaf,healthy_leaf,G05037,28ecb1950ea30cfb0d96f63089050e59c0232373d455a97a0da4f4dd3d5ee2eb
7. Healthy leaf/healthy_00740.jpg,7. Healthy leaf,healthy_leaf,G05038,079aa0a1a0ca85454d4e89150e1c3ba9e90dcfd05cf314c88e6fddb6682de440
7. Healthy leaf/healthy_00741.jpg,7. Healthy leaf,healthy_leaf,G05039,aa251d77a0deeefbb0988202bb1228a906091c3b87aaaf6ea47789ca59bd74e8
7. Healthy leaf/healthy_00742.jpg,7. Healthy leaf,healthy_leaf,G05040,9b8461df2b7c4ec35aec2f5a43e9aa999a9582cbccedd931b9bbce5e9033cb91
7. Healthy leaf/healthy_00743.jpg,7. Healthy leaf,healthy_leaf,G05041,c6b1fc7fd305c28543ec06d958d3bfe72e85281da07060f0516a7d82d8b27dd8
7. Healthy leaf/healthy_00744.jpg,7. Healthy leaf,healthy_leaf,G05042,ba5cbc6aa0035066177413f45e9dfb7c0046fd4459559d77a2a1531c1477a4c7
7. Healthy leaf/healthy_00746.jpg,7. Healthy leaf,healthy_leaf,G05044,09967362ec8aea0182a7820cec874a218efbd961fa5ae92feff63f2f0647c96b
7. Healthy leaf/healthy_00748.jpg,7. Healthy leaf,healthy_leaf,G05046,66bb1079fa0e654d4b4afd7fd3201764941b152772607cdd0ffa2d5660128364
7. Healthy leaf/healthy_00749.jpg,7. Healthy leaf,healthy_leaf,G05047,02fb0343258e39625761c47ab75fc68504bca00a22cfa31920f2875f8b338ee6
7. Healthy leaf/healthy_00751.jpg,7. Healthy leaf,healthy_leaf,G05049,6caf8218e364e6bf09ff1bf2e553e0edb212d841ac148b8bc5a7ab5a715b1c2d
7. Healthy leaf/healthy_00752.jpg,7. Healthy leaf,healthy_leaf,G05050,73f1b300d42f9da0e989c81706f52acf7d7e1c14abe710cd6cecb271d43ca0d7
7. Healthy leaf/healthy_00753.jpg,7. Healthy leaf,healthy_leaf,G05051,92d57c612bdd9f7db9025fe9d97636ec4fdb938749f6aac576f90673d7f78a2d
7. Healthy leaf/healthy_00754.jpg,7. Healthy leaf,healthy_leaf,G05052,9b870b51a1b023ecd12b8d136c99792707bc143dc46fe620e83462b552a3c850
7. Healthy leaf/healthy_00755.jpg,7. Healthy leaf,healthy_leaf,G05053,d3254b7b37d53c3ab35879e2ee51f77e79f81f8e4df89203bc05300a2be06db8
7. Healthy leaf/healthy_00756.jpg,7. Healthy leaf,healthy_leaf,G05054,ff83c6696bd77f18000bbeb43ef3fde6bb2232959472a259ef7fb47dd1146c67
7. Healthy leaf/healthy_00757.jpg,7. Healthy leaf,healthy_leaf,G05055,a35ec33c59cb8b6aa7f770ca64c129502f64499f2c05548ef41bcc7e1bae4014
7. Healthy leaf/healthy_00760.jpg,7. Healthy leaf,healthy_leaf,G05058,4d13344751a9ae8cff25af1994c23eaf8e9027528b79dd44ca16bf9d70ed3f28
7. Healthy leaf/healthy_00765.jpg,7. Healthy leaf,healthy_leaf,G05063,5419ac16dca6014f6b5abd764f19add0cbc50c44b4a3390d0101bbb162800dda
7. Healthy leaf/healthy_00768.jpg,7. Healthy leaf,healthy_leaf,G05066,296994564647ecb58c1bee3748262ee6151e7bda0ec747e515ad7386e7afd579
7. Healthy leaf/healthy_00769.jpg,7. Healthy leaf,healthy_leaf,G05067,46e49928285f4344f06ddd9e7aeb636fd066a6e39b1d16004fb3a67fa40583a0
7. Healthy leaf/healthy_00770.jpg,7. Healthy leaf,healthy_leaf,G05068,975e901d0e42c47ae454205afc889a7f34f47b55086539f855d87b7dc412681e
7. Healthy leaf/healthy_00771.jpg,7. Healthy leaf,healthy_leaf,G05069,28848ea7be900506598a7e70f463d9a49f7542c7d16b410edb7a479b2c7f81c1
7. Healthy leaf/healthy_00772.jpg,7. Healthy leaf,healthy_leaf,G05070,7cd19ffdac3f30534657e4ff29aa2e6e4492e7403e7db9c6b64dac339fcc1b57
7. Healthy leaf/healthy_00773.jpg,7. Healthy leaf,healthy_leaf,G05071,12b02796158bcae94b45529c490b252e705a67a7fd85e456af179feb0b09ad31
7. Healthy leaf/healthy_00774.jpg,7. Healthy leaf,healthy_leaf,G05072,8e8e1f736d1f66ef65be1a7f34eb279ac980772a55c795c7d10b2157a4b4fd64
7. Healthy leaf/healthy_00776.jpg,7. Healthy leaf,healthy_leaf,G05074,67fce89a77c293af394e3f973762e1d83a8688217d65b09fa54dd2e2329c7c12
7. Healthy leaf/healthy_00779.jpg,7. Healthy leaf,healthy_leaf,G05077,79539343e0fb2323c32202a1bed2708eadfb958fd152653449ebef7b9adda392
7. Healthy leaf/healthy_00780.jpg,7. Healthy leaf,healthy_leaf,G05078,9491efce5388077b8301ea633b578081e66e34f8f9c35d00932ceab7f89c7c68
7. Healthy leaf/healthy_00782.jpg,7. Healthy leaf,healthy_leaf,G05080,df1bcdefa641df018fc85bcf54a275a06eb8b3142cfa035a4bf6251b260b8622
7. Healthy leaf/healthy_00783.jpg,7. Healthy leaf,healthy_leaf,G05081,7ee382912301c69bbb569a0e0ec64b32ad39da6447ff2a6328c56012a061cb50
7. Healthy leaf/healthy_00785.jpg,7. Healthy leaf,healthy_leaf,G05083,bf91aafad28b1f8370631c011c57acaf7c984793cbd563b78c501e3b43220c4d
7. Healthy leaf/healthy_00786.jpg,7. Healthy leaf,healthy_leaf,G05084,5b7484674eaa3e90c17b713fb9a5bbeb93ba0e6d887aba4bf80493fb58b66799
7. Healthy leaf/healthy_00787.jpg,7. Healthy leaf,healthy_leaf,G05085,a4dbe959f923727d2666f614ea7ab3f93cf6c14c258875b01276b8d538b8c7b6
7. Healthy leaf/healthy_00788.jpg,7. Healthy leaf,healthy_leaf,G05086,4259c07283dfd1232182c9d6671059135686e8ddb004645343094bdd059b9d4e
7. Healthy leaf/healthy_00789.jpg,7. Healthy leaf,healthy_leaf,G05087,331eacedd100cf00b279a1c0d7fee597f0010ef5657c178ca4f322681d2dc2f1
7. Healthy leaf/healthy_00790.jpg,7. Healthy leaf,healthy_leaf,G05088,e6b311087d493f5426e00945e629df6a35af1b141b8750c0fea2031cb839e782
7. Healthy leaf/healthy_00791.jpg,7. Healthy leaf,healthy_leaf,G05089,3c566f644abfdb329afa2e3569fc3906bdcb3138a82db9b8cff1a578f1dac5b1
7. Healthy leaf/healthy_00794.jpg,7. Healthy leaf,healthy_leaf,G05092,8f9bf9dadf12a2ffa52241346bac59dca11ec9fe9e6e846ffbe537f8ab4a12b8
7. Healthy leaf/healthy_00795.jpg,7. Healthy leaf,healthy_leaf,G05093,6a7ba4b84d195e52c5a6d3873ab31492565f458ceddefeb205dc2b6bb2579ca9
7. Healthy leaf/healthy_00796.jpg,7. Healthy leaf,healthy_leaf,G05094,c6d1320a65e6b3181be6c64c90570dd2897f1d85b1ecca875a501983c082d563
7. Healthy leaf/healthy_00797.jpg,7. Healthy leaf,healthy_leaf,G05095,1febeeee853574ebb00392018f7dcd4967d520a592d55cfddfc51e7d78dba154
7. Healthy leaf/healthy_00798.jpg,7. Healthy leaf,healthy_leaf,G05096,bbbda1228287d6f8462704a41f3e74c2d19c64bf00547ee118710b455ad170a9
7. Healthy leaf/healthy_00802.jpg,7. Healthy leaf,healthy_leaf,G05100,96fa80e3a616b5de7d7a01b58dc1331980085edda0d88ede7b4edc8b57586b8e
7. Healthy leaf/healthy_00803.jpg,7. Healthy leaf,healthy_leaf,G05101,a7613093b07c7c6cb309ad6b3bdb54656c7bdbd7f028efd5a756761287eb8265
7. Healthy leaf/healthy_00804.jpg,7. Healthy leaf,healthy_leaf,G05102,11477f4ac8d4be2caf75c46d095084d9c2ffb0952cb0a9607a2f06c130da60a8
7. Healthy leaf/healthy_00808.jpg,7. Healthy leaf,healthy_leaf,G05106,d755fc49114c0e7628e08aa38621d0abbf5a41e659498d31c3b3f4688e95ff32
7. Healthy leaf/healthy_00809.jpg,7. Healthy leaf,healthy_leaf,G05107,005ec379aef363fe6e9cd38394287f45e29f39c79c63f9ef130799554a7023bf
7. Healthy leaf/healthy_00810.jpg,7. Healthy leaf,healthy_leaf,G05108,c02e20f41dca1c6d66be973a0b2b911e45efe0bd044c27d737d2c33311462bb2
7. Healthy leaf/healthy_00812.jpg,7. Healthy leaf,healthy_leaf,G05110,7ea9d8659a54c5450b4c5df7a032cbfc8bb9705c99522fb76e276b676c1ba165
7. Healthy leaf/healthy_00814.jpg,7. Healthy leaf,healthy_leaf,G05112,59acd26781b0637741f3e5f8366fcb32e44318ccc1276d0cb827bdd893c34766
7. Healthy leaf/healthy_00816.jpg,7. Healthy leaf,healthy_leaf,G05114,65808689688b0e2d9584b393323386387f5d99570cd15a130c2d2a7528d125f2
7. Healthy leaf/healthy_00817.jpg,7. Healthy leaf,healthy_leaf,G05115,a2f1ff566a7f320a9d573236552e44ecddf5dd28332c7023954e9429621a95c0
7. Healthy leaf/healthy_00818.jpg,7. Healthy leaf,healthy_leaf,G05116,48b5bc2c7597242733b8089ab018434f8e1bcfa762546bae968679d6dc52c71f
7. Healthy leaf/healthy_00819.jpg,7. Healthy leaf,healthy_leaf,G05117,65833706302ba11d0346d593b9609a06cbde3a3a0199ceacd32445ad396a70f6
7. Healthy leaf/healthy_00820.jpg,7. Healthy leaf,healthy_leaf,G05118,17d6c756eda9a3369fb3e8aec40a2875d7f86a3dbe178256f42ee2d40201de55
7. Healthy leaf/healthy_00821.jpg,7. Healthy leaf,healthy_leaf,G05119,151cef49d811d2b0a204ebbd772a775054f664add234c6ebcf96f42e83eb2cf9
7. Healthy leaf/healthy_00822.jpg,7. Healthy leaf,healthy_leaf,G05120,9d10f9ac386b86292837110921bb0b985d6ecaeea070726d4d84606333695f8e
7. Healthy leaf/healthy_00823.jpg,7. Healthy leaf,healthy_leaf,G05121,30f4b120e636ab0588c3b185e51341d7033c5ae0e62c59e7bf8720cee21f4a23
7. Healthy leaf/healthy_00824.jpg,7. Healthy leaf,healthy_leaf,G05122,d5a9c579af620a3f7b93e9fd7e16e9948c4316fd9e757acbcf0baddaa18e152c
7. Healthy leaf/healthy_00825.jpg,7. Healthy leaf,healthy_leaf,G05123,802557bcc6a44d59a141f9863bd86eda01a51f941a3e959b728aa682f1c3c8ec
7. Healthy leaf/healthy_00826.jpg,7. Healthy leaf,healthy_leaf,G05124,4a7c05e76ccb7ddb66e60a0c9bf07c78a06b7091eaf2153cbbe34bf3bce6a0a0
7. Healthy leaf/healthy_00828.jpg,7. Healthy leaf,healthy_leaf,G05126,a8e91b059b0376859327cc6f3764461f3a6cf69ea632289e31276dea1a6a1556
7. Healthy leaf/healthy_00829.jpg,7. Healthy leaf,healthy_leaf,G05127,fddf5bbeb3028cfac600ec1da763847faadd66a5b95e7d0053551ee82ef8bb92
7. Healthy leaf/healthy_00832.jpg,7. Healthy leaf,healthy_leaf,G05130,d3393d99d782d34616499afe16ce9c739b97ce44b6296058c8b24e781a210358
7. Healthy leaf/healthy_00833.jpg,7. Healthy leaf,healthy_leaf,G05131,e385987db94a231dd6affd39d14b0cee16d29cd00c5e7da40cc5fecb86efd357
7. Healthy leaf/healthy_00834.jpg,7. Healthy leaf,healthy_leaf,G05132,1f8cc573eb9bba8a856ba6f4de8c853099ff9ca9d6af7be0becbba2c5c810378
7. Healthy leaf/healthy_00835.jpg,7. Healthy leaf,healthy_leaf,G05133,483557c142ca8f73d2e37e95b6e04e016170860b6b52f8861245eab7f0935e7b
7. Healthy leaf/healthy_00837.jpg,7. Healthy leaf,healthy_leaf,G05135,a3589a9a6436a18d4f9d1fbc876f2a7aa9c5266ee46558a078b83f7410a9d4ca
7. Healthy leaf/healthy_00839.jpg,7. Healthy leaf,healthy_leaf,G05137,ae966f80a3397fb977d7bc37fd6e5faf19c66ceb534e8d16a7176fc931e52b5e
7. Healthy leaf/healthy_00840.jpg,7. Healthy leaf,healthy_leaf,G05138,a78f2425b977dde5ec26e9f878272b9448a4cd6dde37e86120cfa7320d5c4220
7. Healthy leaf/healthy_00842.jpg,7. Healthy leaf,healthy_leaf,G05140,c81a5a6b1a96bd0687b8afb86555dca81ba2eac38f40b45a001b918deb1625d4
7. Healthy leaf/healthy_00844.jpg,7. Healthy leaf,healthy_leaf,G05142,b8fc43cb7d74b0088d1979c99fe46081c31d5e9f46ddcb6b8f41cb3db43d8f8f
7. Healthy leaf/healthy_00845.jpg,7. Healthy leaf,healthy_leaf,G05143,49b2d05418c76fa544277ad987f5271d174a32b9f4c8e9de91b6e089aa169130
7. Healthy leaf/healthy_00846.jpg,7. Healthy leaf,healthy_leaf,G05144,69f7f41ffea62889ca569480a64a89bd98dbd062b8aa8b8c04701a70478918ee
7. Healthy leaf/healthy_00847.jpg,7. Healthy leaf,healthy_leaf,G05145,0aab5353278eb21b82e0fb0858ff628d77af7e27150214ac9888a62df164e159
7. Healthy leaf/healthy_00848.jpg,7. Healthy leaf,healthy_leaf,G05146,974589b74afefd25480bb2d1c2469de3fc30f0a4faf133adf55b7ba9736f261b
7. Healthy leaf/healthy_00850.jpg,7. Healthy leaf,healthy_leaf,G05148,5f4337090173ee9d821b3f2c96ef0d3fdc53fe7c712752fde5f326a420e3b713
7. Healthy leaf/healthy_00852.jpg,7. Healthy leaf,healthy_leaf,G05150,c64303661c70c07967827b6e3a30f2f6f88149aaef7fff6e96f0b28f6c3a35db
7. Healthy leaf/healthy_00853.jpg,7. Healthy leaf,healthy_leaf,G05151,c07d894cbb9c8e42580cfd029aa18c58bfebf7f784b57c5e5250f3a349e10d08
7. Healthy leaf/healthy_00857.jpg,7. Healthy leaf,healthy_leaf,G05155,7e02294d1401673edab9d91b09773a058cfd91b8eb31c7751352cee984a8c804
7. Healthy leaf/healthy_00858.jpg,7. Healthy leaf,healthy_leaf,G05156,78002e4ea1f49dedf8dc612ab4f1166c7d1aca669d3a03c98e64d27d8fcfc4d5
7. Healthy leaf/healthy_00860.jpg,7. Healthy leaf,healthy_leaf,G05158,91bf5d7eb555fbf46b3e1777c1de77c621cbc7d6e9a8633fde104eac524e56d7
7. Healthy leaf/healthy_00861.jpg,7. Healthy leaf,healthy_leaf,G05159,aa01530b8911070a74eab69d7840b2157c7a1998e5a67231657a1b8ccff90c22
7. Healthy leaf/healthy_00862.jpg,7. Healthy leaf,healthy_leaf,G05160,4dd37376b05dae7c0a7b2b16ab4d73dcc6cd433fe06be8c5fcb4539c9f37b746
7. Healthy leaf/healthy_00863.jpg,7. Healthy leaf,healthy_leaf,G05161,509ce8529c8fbaa3f68fdc3b065fbec8e5e998cf2612076b1f7700f5ed1c13f2
7. Healthy leaf/healthy_00864.jpg,7. Healthy leaf,healthy_leaf,G05162,18acff3f3644bab8b7b5dae2d48ea3529c5dad272e298d8a462f75b6d5e67959
7. Healthy leaf/healthy_00865.jpg,7. Healthy leaf,healthy_leaf,G05163,db34524849ddb0b3e0913f9fe9dcd56dac44e133e81183743d22e6f66c1f5ddb
7. Healthy leaf/healthy_00866.jpg,7. Healthy leaf,healthy_leaf,G05164,f3a95bbadc10182a535ba25c1bdabce046da8a58a4a2011177ec1ef11fa11462
7. Healthy leaf/healthy_00869.jpg,7. Healthy leaf,healthy_leaf,G05167,c5b7dde807bd813c05526821518b120b8ef04586e92e9db14703b0a97bdecaf6
7. Healthy leaf/healthy_00870.jpg,7. Healthy leaf,healthy_leaf,G05168,035c82114893b54f73420f30cc5dd27b2737624becb8b6faa9bfbee4a29b32c5
7. Healthy leaf/healthy_00871.jpg,7. Healthy leaf,healthy_leaf,G05169,203cd94251151d58e8a1adccedbabbf4663e09b4fa7b0a777b566a1d594d8500
7. Healthy leaf/healthy_00872.jpg,7. Healthy leaf,healthy_leaf,G05170,09a7b2799ac1fd577598a51d053ce84ea5278a87768d7f7d57fb73f31aa29eb3
7. Healthy leaf/healthy_00873.jpg,7. Healthy leaf,healthy_leaf,G05171,9b17c82451f0b3766c6171522050e61f3546918fcc5d9b7575bb22a2b83613ea
7. Healthy leaf/healthy_00874.jpg,7. Healthy leaf,healthy_leaf,G05172,d6f873256e8c79a0f732fe9e2e2d6ea1de9b4fd3b422fc4d1dc46bca263f7948
7. Healthy leaf/healthy_00875.jpg,7. Healthy leaf,healthy_leaf,G05173,7bd6a05dff5e196eef3cde93b077ab66edb7df5c5013d9ce40695fe845dd566a
7. Healthy leaf/healthy_00879.jpg,7. Healthy leaf,healthy_leaf,G05177,9f68980de23e8d314747bfe558f7bebffd1fd0db98ac120a8a8acb5355b1f580
7. Healthy leaf/healthy_00880.jpg,7. Healthy leaf,healthy_leaf,G05178,a76d0434b4e6b77e0d1bf4ce3b8a85bfaa751f4014f9e3752af363a57729b42b
7. Healthy leaf/healthy_00881.jpg,7. Healthy leaf,healthy_leaf,G05179,8688256045c32cf6a4aea308bb64ac0958a80c12e9648bb91becb3a1ef25220f
7. Healthy leaf/healthy_00882.jpg,7. Healthy leaf,healthy_leaf,G05180,a333824c536287f1f358a19c8d97d4685fc2b68dd437dc61069ae886bd29178f
7. Healthy leaf/healthy_00884.jpg,7. Healthy leaf,healthy_leaf,G05182,6ba3720e98902bc4f6ef54c41214a54d0246555caba37fc8806595cbd099db74
7. Healthy leaf/healthy_00885.jpg,7. Healthy leaf,healthy_leaf,G05183,2293d8ff6e7bb1db2423c669d9e81cf232aa83a8ae1ebcaadad22258e545d483
7. Healthy leaf/healthy_00886.jpg,7. Healthy leaf,healthy_leaf,G05184,22072eb0b13891123746ff23d5beec780b73974b4aff5fba60b38e72de757d2b
7. Healthy leaf/healthy_00887.jpg,7. Healthy leaf,healthy_leaf,G05185,b2895eaf77bb27b8823c17138e48df970579aafd031704899ad9d0247529855a
7. Healthy leaf/healthy_00888.jpg,7. Healthy leaf,healthy_leaf,G05186,1bd09cdefc89f73d3ce5ee1bba8f01f1395fc123b0237773583412611642a228
7. Healthy leaf/healthy_00889.jpg,7. Healthy leaf,healthy_leaf,G05187,8e344b8f05537b49924d5a167f6f085164645c00f0e6de205958c9a8e844c185
7. Healthy leaf/healthy_00890.jpg,7. Healthy leaf,healthy_leaf,G05188,28c2760122325ed885597661f261fc31104fad230d10a76c66f379c960230259
7. Healthy leaf/healthy_00891.jpg,7. Healthy leaf,healthy_leaf,G05189,84de7723ced94323a9d352909163c88e32144f745ff657e3cdeb927734bc6bb9
7. Healthy leaf/healthy_00892.jpg,7. Healthy leaf,healthy_leaf,G05190,54358185fb604dbd7924f7228dfca6ffc3d7ec34310408485e2b999ed1ef9a80
7. Healthy leaf/healthy_00893.jpg,7. Healthy leaf,healthy_leaf,G05191,3e8e9e25f0131372d44e43f5a8f9502faf127de78f1407075998dddfcb70db5d
7. Healthy leaf/healthy_00894.jpg,7. Healthy leaf,healthy_leaf,G05192,4a5f1a071e2670a0540d005fd02d16ecdb1eb0b3a21bdeea557b23f7fbb66c48
7. Healthy leaf/healthy_00896.jpg,7. Healthy leaf,healthy_leaf,G05194,8fe312118145f6113709a1b85049ff085553fac8202c639ebdc93d869e5bfdbe
7. Healthy leaf/healthy_00898.jpg,7. Healthy leaf,healthy_leaf,G05196,897466916bf1bcec88b0242fbfe79951bb3d7e35615137b4c4787d0953e9dc07
7. Healthy leaf/healthy_00899.jpg,7. Healthy leaf,healthy_leaf,G05197,b020846ecb793572bf55731a4417aa1c6c31e0aa6def3a79d16e42d6a37a6d0b
7. Healthy leaf/healthy_00900.jpg,7. Healthy leaf,healthy_leaf,G05198,4f5d265a2479392135c6bfa018ead989b33dc01ffe5409aae85ade8568db30d5
7. Healthy leaf/healthy_00901.jpg,7. Healthy leaf,healthy_leaf,G05199,cf6141d3228201ccf9284bc4c7ee0bde50c35d453d19b2fcaa3adf3ece4fbd88
7. Healthy leaf/healthy_00902.jpg,7. Healthy leaf,healthy_leaf,G05200,cdfd7ac18c95be5ee89f3a26e86a6c4de9f82e746df28ca5ced58d8435afeeeb
7. Healthy leaf/healthy_00903.jpg,7. Healthy leaf,healthy_leaf,G05201,f1be6bbfd30b1839a2ffbbbbaea2e348e774df5daff213e2057e33da6c34b7a3
7. Healthy leaf/healthy_00905.jpg,7. Healthy leaf,healthy_leaf,G05203,886473649ca49ecaa6c6cbb53a2331baa20ae8892174d0a7935bae5cb1cc82d3
7. Healthy leaf/healthy_00906.jpg,7. Healthy leaf,healthy_leaf,G05204,a878c20d78e7d3af5ed06a1377a4c54dae1824ccb3e184cec586c92d5f93153e
7. Healthy leaf/healthy_00907.jpg,7. Healthy leaf,healthy_leaf,G05205,b5e74904d9cbcf55e1d7eb68dc19035d6518e4c144ae18bb4b851033c4332264
7. Healthy leaf/healthy_00908.jpg,7. Healthy leaf,healthy_leaf,G05206,920708fa761f9d6c45eef1d2b2693ac05ca44472ef6be94b111947f18a8c5346
7. Healthy leaf/healthy_00909.jpg,7. Healthy leaf,healthy_leaf,G05207,2eeaefeafbe9a4c5eb8a84e0db99a43fe0e614993ff3e8987b95cb9dc9a1f016
7. Healthy leaf/healthy_00910.jpg,7. Healthy leaf,healthy_leaf,G05208,773a7d2cdd87aa79f8a2087f4ded2e84afda1fb51ce8256cc828adc45a593f07
7. Healthy leaf/healthy_00912.jpg,7. Healthy leaf,healthy_leaf,G05210,6125cecdfac34752f406d2d8d8e13f5394adf45f60f7bd49ccd9d2f39edf10d2
7. Healthy leaf/healthy_00913.jpg,7. Healthy leaf,healthy_leaf,G05211,4512aedf7b663751677ab8a7a10dafcbc3073881c19fb16e1459ade4b82a7dd4
7. Healthy leaf/healthy_00914.jpg,7. Healthy leaf,healthy_leaf,G05212,bbdec20026489ebb45cbe039dcd470c18a646ee549c255538e1a3c9be518c17e
7. Healthy leaf/healthy_00916.jpg,7. Healthy leaf,healthy_leaf,G05214,f46ff843e7f36092aaba1fb8d6e298edf44adf7dde77525191a8818b25e4a7bd
7. Healthy leaf/healthy_00918.jpg,7. Healthy leaf,healthy_leaf,G05216,65776c263abd631d3d123a3ea6fbafb20233cc0a90f12b95eabae2f1f2687788
7. Healthy leaf/healthy_00919.jpg,7. Healthy leaf,healthy_leaf,G05217,b9cb265623fba6fc104160f5090b0300f9b8bc8ce8668299f549af5e14b38391
7. Healthy leaf/healthy_00920.jpg,7. Healthy leaf,healthy_leaf,G05218,071dc7feb2e86d14ed5fe169e1c50f53ac9d552fe0a81ab22cf63a88b5325ed8
7. Healthy leaf/healthy_00924.jpg,7. Healthy leaf,healthy_leaf,G05222,1c3a846d901fed913a5a5867317af60caee5fdbc69a0608421bd043cbaa2429f
7. Healthy leaf/healthy_00927.jpg,7. Healthy leaf,healthy_leaf,G05225,92feb74ba787332e03f666f3bde421d46191f85e0e5929a0237d7b4bdc59b60b
7. Healthy leaf/healthy_00928.jpg,7. Healthy leaf,healthy_leaf,G05226,a90070f065c3723c92ea97bba4a5e628f64df230154427c1eebc04ae433a8980
7. Healthy leaf/healthy_00929.jpg,7. Healthy leaf,healthy_leaf,G05227,8cb1d6d78ba7640419417051e5f2be264b48ee07df3fd9d669289974fb439c96
7. Healthy leaf/healthy_00930.jpg,7. Healthy leaf,healthy_leaf,G05228,20d17a3e8a09cc2c25a13ddfb0e76ca641eae3b89ee1adc8caedfee3a574b737
7. Healthy leaf/healthy_00931.jpg,7. Healthy leaf,healthy_leaf,G05229,6c52c214fa61846ff15235f0bb295e79647b1dcd950c62a077ef127bd55189f7
7. Healthy leaf/healthy_00932.jpg,7. Healthy leaf,healthy_leaf,G05230,74a394cac5399cfb6dc40e972bafd079a5e22c7a327d06aa69f82755edd8dbaa
7. Healthy leaf/healthy_00934.jpg,7. Healthy leaf,healthy_leaf,G05232,a217591ded4ba1075dbfbacb7455c647134720224bfdb17dfa91e39b45374917
7. Healthy leaf/healthy_00935.jpg,7. Healthy leaf,healthy_leaf,G05233,c120f0be136b63354ae5c715d9789f9a308fddc04a2650cb6ab940e37141174b
