test_index,true,pred,correct,confidence_calibrated,answered,mask_basis,mask_status,leaf_area_fraction,mask_touches_border,flagged,zero_map,cam_mass_on_leaf,concentration_ratio,cam_mass_on_leaf_dilated,concentration_ratio_dilated,peak_on_leaf,peak_on_leaf_dilated
0,1. Tea algal leaf spot,1. Tea algal leaf spot,True,0.9345386300043079,True,lab_distance_from_border_median,ok,0.19062898596938777,False,False,False,0.6623690128326416,3.4746500353257317,0.7119178771972656,3.2129152191266415,True,True
1,1. Tea algal leaf spot,1. Tea algal leaf spot,True,0.875672037001667,True,lab_distance_from_border_median,ok,0.12908561862244897,False,False,False,0.6229133605957031,4.8255829521769344,0.6850587129592896,4.531176638735211,True,True
2,1. Tea algal leaf spot,1. Tea algal leaf spot,True,0.9835272528382314,True,lab_distance_from_border_median,ok,0.14142219387755103,False,False,False,0.6077879667282104,4.297684472738823,0.6755144596099854,4.05777726869276,True,True
3,1. Tea algal leaf spot,1. Tea algal leaf spot,True,0.9995805626454157,True,lab_distance_from_border_median,ok,0.13791454081632654,False,False,False,0.6522523164749146,4.729394831133716,0.7108646631240845,4.420964964912502,True,True
4,1. Tea algal leaf spot,1. Tea algal leaf spot,True,0.9907218895122245,True,lab_distance_from_border_median,ok,0.08701371173469388,False,False,False,0.585570752620697,6.729637673727918,0.6530776023864746,6.152613927402131,True,True
5,1. Tea algal leaf spot,1. Tea algal leaf spot,True,0.9935046720573334,True,lab_distance_from_border_median,ok,0.16501913265306123,False,False,False,0.727484405040741,4.408485206198577,0.7825204133987427,4.08019788659413,True,True
6,1. Tea algal leaf spot,1. Tea algal leaf spot,True,0.9989647133963163,True,lab_distance_from_border_median,ok,0.2100207270408163,False,False,False,0.7217214107513428,3.436429446371169,0.774325966835022,3.2120188253897206,True,True
7,1. Tea algal leaf spot,7. Healthy leaf,False,0.6902570223751302,False,lab_distance_from_border_median,ok,0.08729272959183673,False,False,False,0.46197202801704407,5.292216547439088,0.5509092807769775,4.866623956384793,True,True
8,1. Tea algal leaf spot,1. Tea algal leaf spot,True,0.8059922740024924,True,lab_distance_from_border_median,ok,0.07898198341836735,False,False,False,0.5757955312728882,7.29021362027465,0.653457760810852,6.724343028393214,True,True
9,1. Tea algal leaf spot,1. Tea algal leaf spot,True,0.6399277503326494,False,lab_distance_from_border_median,ok,0.14795918367346939,False,False,False,0.6458323001861572,4.364935546085753,0.7107553482055664,4.115736913048182,True,True
10,1. Tea algal leaf spot,1. Tea algal leaf spot,True,0.8072655612963816,True,lab_distance_from_border_median,ok,0.1660754145408163,False,False,False,0.6471666097640991,3.896823690330426,0.7091408967971802,3.666342466532232,True,True
11,1. Tea algal leaf spot,1. Tea algal leaf spot,True,0.9117111755925467,True,lab_distance_from_border_median,ok,0.7741948341836735,True,True,False,0.8466023206710815,1.0935261813826953,0.9136463403701782,1.0941078466447272,True,True
12,1. Tea algal leaf spot,1. Tea algal leaf spot,True,0.915681673913908,True,lab_distance_from_border_median,ok,0.4653220663265306,True,True,False,0.3772800862789154,0.8107934559333073,0.49540525674819946,0.8838520182974561,False,False
13,1. Tea algal leaf spot,1. Tea algal leaf spot,True,0.9703201796998421,True,lab_distance_from_border_median,ok,0.14634486607142858,False,False,False,0.51930171251297,3.5484791947502083,0.5841785073280334,3.356050009582254,True,True
14,1. Tea algal leaf spot,1. Tea algal leaf spot,True,0.995385697840328,True,lab_distance_from_border_median,ok,0.10094467474489796,False,False,False,0.46497583389282227,4.606244312222359,0.5234527587890625,4.349191194734227,True,True
15,1. Tea algal leaf spot,1. Tea algal leaf spot,True,0.9402407663251844,True,lab_distance_from_border_median,ok,0.11029177295918367,False,False,False,0.4719495177268982,4.279099927984251,0.5656086802482605,4.051389170611951,True,True
16,1. Tea algal leaf spot,1. Tea algal leaf spot,True,0.9684107652243796,True,lab_distance_from_border_median,ok,0.10606664540816327,False,False,False,0.5073344707489014,4.783166930533047,0.5805637240409851,4.495426761956862,True,True
17,1. Tea algal leaf spot,1. Tea algal leaf spot,True,0.9935289656401832,True,saturation,ok,0.13938934948979592,False,False,False,0.541650652885437,3.8858826364283225,0.6069289445877075,3.6331742691043685,True,True
18,1. Tea algal leaf spot,1. Tea algal leaf spot,True,0.9983340744215399,True,saturation,ok,0.08304767219387756,False,False,False,0.37682127952575684,4.537409292412857,0.48618102073669434,4.353849526411632,True,True
19,1. Tea algal leaf spot,1. Tea algal leaf spot,True,0.8815017942751492,True,lab_distance_from_border_median,ok,0.09249441964285714,False,False,False,0.41560041904449463,4.493248572716347,0.48876476287841797,4.253991455713357,True,True
20,1. Tea algal leaf spot,1. Tea algal leaf spot,True,0.9135417832444392,True,lab_distance_from_border_median,ok,0.17044005102040816,False,False,False,0.3915059566497803,2.29703027138206,0.4402402937412262,2.172238861122998,True,True
21,1. Tea algal leaf spot,2. Brown Blight,False,0.5686864762539678,False,lab_distance_from_border_median,ok,0.13699776785714285,False,False,False,0.6338231563568115,4.626521776747072,0.7028446197509766,4.28244464367031,True,True
22,1. Tea algal leaf spot,1. Tea algal leaf spot,True,0.9200253254909749,True,lab_distance_from_border_median,ok,0.18201929209183673,False,False,False,0.6331291198730469,3.478362719670426,0.684157133102417,3.240350038752773,True,True
23,1. Tea algal leaf spot,2. Brown Blight,False,0.5566041662182233,False,lab_distance_from_border_median,ok,0.05568399234693878,False,False,False,0.4017146825790405,7.2141860819921035,0.47197043895721436,6.538263043930753,True,True
24,1. Tea algal leaf spot,1. Tea algal leaf spot,True,0.8104188180857236,True,lab_distance_from_border_median,ok,0.11916055484693877,False,False,False,0.6520503759384155,5.47203205604381,0.7275189161300659,5.05665454159055,True,True
25,1. Tea algal leaf spot,2. Brown Blight,False,0.8208091349304646,True,lab_distance_from_border_median,ok,0.14239875637755103,False,False,False,0.6522101163864136,4.580167221806114,0.7019928097724915,4.182283450860191,True,True
26,1. Tea algal leaf spot,1. Tea algal leaf spot,True,0.9579258059963409,True,lab_distance_from_border_median,ok,0.1952327806122449,False,False,False,0.6304410696029663,3.2291763075131112,0.6865745782852173,3.047285806283862,True,True
27,1. Tea algal leaf spot,1. Tea algal leaf spot,True,0.9961938189879382,True,lab_distance_from_border_median,ok,0.17671795280612246,False,False,False,0.6546671390533447,3.7045876135266296,0.7110674977302551,3.5033899024070383,True,True
28,1. Tea algal leaf spot,1. Tea algal leaf spot,True,0.9345363128193778,True,lab_distance_from_border_median,ok,0.23026945153061223,False,False,False,0.6133396625518799,2.6635737327508333,0.6621483564376831,2.5221252510906544,True,True
29,1. Tea algal leaf spot,1. Tea algal leaf spot,True,0.9208003442102716,True,lab_distance_from_border_median,ok,0.12013711734693877,False,False,False,0.4442637860774994,3.6979727488760137,0.509134829044342,3.461564929827765,False,False
30,1. Tea algal leaf spot,7. Healthy leaf,False,0.5685499357539314,False,lab_distance_from_border_median,ok,0.17321029974489796,False,False,False,0.4537796676158905,2.6198191925319207,0.5210577249526978,2.54721282221615,True,True
31,1. Tea algal leaf spot,1. Tea algal leaf spot,True,0.9986649875145963,True,lab_distance_from_border_median,ok,0.19064891581632654,False,False,False,0.5850954055786133,3.0689679145214823,0.6458054780960083,2.916908422805411,True,True
32,1. Tea algal leaf spot,6. Green mirid bug,False,0.3258256173384158,False,lab_distance_from_border_median,ok,0.11832350127551021,False,False,False,0.7720537185668945,6.524939764664392,0.8188977241516113,5.805992964113502,True,True
33,1. Tea algal leaf spot,5. Red spider,False,0.7915560801441666,True,lab_distance_from_border_median,ok,0.08374521683673469,False,False,False,0.2613775134086609,3.121103786956918,0.32087817788124084,3.12811024934314,False,True
34,1. Tea algal leaf spot,1. Tea algal leaf spot,True,0.23635164256561988,False,lab_distance_from_border_median,ok,0.08974410076530612,False,False,False,0.057560138404369354,0.6413807471857954,0.09404797852039337,0.8545728667582865,False,False
35,1. Tea algal leaf spot,1. Tea algal leaf spot,True,0.9998854626176829,True,lab_distance_from_border_median,ok,0.19698660714285715,False,False,False,0.5728027820587158,2.9078260211026024,0.6327043771743774,2.7882113849553454,True,True
36,1. Tea algal leaf spot,1. Tea algal leaf spot,True,0.5430777588522957,False,lab_distance_from_border_median,ok,0.08884725765306123,False,False,False,0.44135206937789917,4.967537333581308,0.5029991865158081,4.579656538308326,True,True
37,1. Tea algal leaf spot,1. Tea algal leaf spot,True,0.6014019241975538,False,lab_distance_from_border_median,ok,0.16276705994897958,False,False,False,0.42671942710876465,2.6216571537418116,0.4707105755805969,2.4992988190827545,True,True
38,1. Tea algal leaf spot,1. Tea algal leaf spot,True,0.7550518651970172,True,lab_distance_from_border_median,ok,0.18160076530612246,False,False,False,0.43676918745040894,2.405106535284429,0.48911556601524353,2.3209629884982843,True,True
39,1. Tea algal leaf spot,1. Tea algal leaf spot,True,0.9458436727508165,True,lab_distance_from_border_median,ok,0.20252710459183673,False,False,False,0.5065937042236328,2.5013624978473725,0.5663028955459595,2.439877561988156,True,True
40,1. Tea algal leaf spot,1. Tea algal leaf spot,True,0.9898037395862922,True,lab_distance_from_border_median,ok,0.12404336734693877,False,False,False,0.6246201395988464,5.035498091984531,0.6860806941986084,4.662709591237895,True,True
41,1. Tea algal leaf spot,1. Tea algal leaf spot,True,0.9737558696757764,True,lab_distance_from_border_median,ok,0.22751913265306123,False,False,False,0.6271772384643555,2.756591198071785,0.6771352887153625,2.604118973448458,True,True
42,1. Tea algal leaf spot,1. Tea algal leaf spot,True,0.7591566008778191,True,lab_distance_from_border_median,ok,0.13805404974489796,False,False,False,0.6228660941123962,4.511755325275529,0.6744394302368164,4.035858419983602,True,True
43,1. Tea algal leaf spot,1. Tea algal leaf spot,True,0.9935816658283324,True,lab_distance_from_border_median,ok,0.13006218112244897,False,False,False,0.5276541709899902,4.056937738828341,0.5879272222518921,3.849645870248067,True,True
44,1. Tea algal leaf spot,1. Tea algal leaf spot,True,0.9972091442339174,True,lab_distance_from_border_median,ok,0.1760204081632653,False,False,False,0.6939558386802673,3.942473750183548,0.7500840425491333,3.646920244083848,True,True
45,1. Tea algal leaf spot,1. Tea algal leaf spot,True,0.9875677282538408,True,lab_distance_from_border_median,ok,0.14303651147959184,True,True,False,0.450379341840744,3.1487019445731046,0.5438529253005981,2.949455726316776,True,True
46,1. Tea algal leaf spot,1. Tea algal leaf spot,True,0.9515362464273198,True,lab_distance_from_border_median,ok,0.11362005739795919,False,False,False,0.58507239818573,5.149376013219994,0.6476647853851318,4.773388406504755,True,True
47,1. Tea algal leaf spot,1. Tea algal leaf spot,True,0.9060732159400706,True,lab_distance_from_border_median,ok,0.10809948979591837,False,False,False,0.5771855711936951,5.339392186617781,0.6414279937744141,4.967478162621546,True,True
48,1. Tea algal leaf spot,1. Tea algal leaf spot,True,0.6301088470225992,False,lab_distance_from_border_median,ok,0.09937021683673469,False,False,False,0.5980236530303955,6.018137748586668,0.6669052839279175,5.600441761735095,True,True
49,1. Tea algal leaf spot,1. Tea algal leaf spot,True,0.8506717340262568,True,lab_distance_from_border_median,ok,0.12765066964285715,False,False,False,0.5819774866104126,4.559141665599385,0.6442247629165649,4.288222566211403,True,True
50,1. Tea algal leaf spot,1. Tea algal leaf spot,True,0.8984782186316265,True,lab_distance_from_border_median,ok,0.13095902423469388,False,False,False,0.5760276317596436,4.398533320829687,0.6492246389389038,4.173135470586528,True,True
51,1. Tea algal leaf spot,2. Brown Blight,False,0.8110254631893232,True,lab_distance_from_border_median,ok,0.17426658163265307,False,False,False,0.7677137851715088,4.405398774561485,0.8170191645622253,4.048464704826607,True,True
52,1. Tea algal leaf spot,3. Gray Blight,False,0.6048761854605201,False,lab_distance_from_border_median,ok,0.13524394132653061,False,False,False,0.5136063694953918,3.797629412879573,0.5802903771400452,3.6286951599425357,True,True
53,1. Tea algal leaf spot,1. Tea algal leaf spot,True,0.9807543624990676,True,lab_distance_from_border_median,ok,0.1521045918367347,False,False,False,0.6625462174415588,4.35585940858853,0.7239587306976318,4.099927005810877,True,True
54,1. Tea algal leaf spot,1. Tea algal leaf spot,True,0.9956348201085214,True,lab_distance_from_border_median,ok,0.13157684948979592,False,False,False,0.5820648074150085,4.42376306829074,0.6431942582130432,4.1364925788384586,True,True
55,1. Tea algal leaf spot,1. Tea algal leaf spot,True,0.890297211416464,True,lab_distance_from_border_median,ok,0.23692602040816327,False,False,False,0.5932033658027649,2.503749333993904,0.6509520411491394,2.4026901292260714,True,True
56,1. Tea algal leaf spot,4. Helopeltis,False,0.40156531796140543,False,lab_distance_from_border_median,ok,0.08850845025510204,False,False,False,0.3753790855407715,4.241166628257994,0.4461585283279419,4.154101005266805,True,True
57,1. Tea algal leaf spot,3. Gray Blight,False,0.7758724858618923,True,lab_distance_from_border_median,ok,0.08278858418367346,False,False,False,0.4905060827732086,5.924803372467144,0.5567389726638794,5.432698306569975,True,True
58,1. Tea algal leaf spot,1. Tea algal leaf spot,True,0.8948540372290307,True,lab_distance_from_border_median,ok,0.20009566326530612,False,False,False,0.5887330174446106,2.9422577573008746,0.652800440788269,2.867201936011221,True,True
59,1. Tea algal leaf spot,1. Tea algal leaf spot,True,0.9899678963763489,True,lab_distance_from_border_median,ok,0.10339604591836735,False,False,False,0.6010154485702515,5.812750799433489,0.6686902642250061,5.4177624249562255,True,True
60,1. Tea algal leaf spot,1. Tea algal leaf spot,True,0.7517757421060693,True,lab_distance_from_border_median,ok,0.10552853954081633,False,False,False,0.572583794593811,5.425866756853458,0.6429517269134521,5.025821132514313,True,True
61,1. Tea algal leaf spot,1. Tea algal leaf spot,True,0.9824013825360054,True,lab_distance_from_border_median,ok,0.1449298469387755,False,False,False,0.6099687218666077,4.208717077609861,0.673704206943512,3.9694436692810777,True,True
62,1. Tea algal leaf spot,1. Tea algal leaf spot,True,0.9836056898101434,True,lab_distance_from_border_median,ok,0.11672911352040816,False,False,False,0.6652801632881165,5.699350772263024,0.7227891087532043,5.14493776717276,True,True
63,2. Brown Blight,2. Brown Blight,True,0.9805202397454573,True,lab_distance_from_border_median,ok,0.18016581632653061,False,False,False,0.669513463973999,3.716095969951258,0.7319478988647461,3.523236547720405,True,True
64,2. Brown Blight,1. Tea algal leaf spot,False,0.5840133738019601,False,lab_distance_from_border_median,ok,0.09795519770408163,False,False,False,0.2781815230846405,2.8398852700498316,0.3284466564655304,2.7772395407506663,True,True
65,2. Brown Blight,2. Brown Blight,True,0.7206507447215537,True,lab_distance_from_border_median,ok,0.12111367984693877,False,False,False,0.758328914642334,6.261298604754608,0.8145012855529785,5.642470868963999,True,True
66,2. Brown Blight,1. Tea algal leaf spot,False,0.9927376234835427,True,lab_distance_from_border_median,ok,0.20846619897959184,False,False,False,0.7029862403869629,3.372183326735779,0.760055661201477,3.1682772166192,True,True
67,2. Brown Blight,6. Green mirid bug,False,0.7097104518017697,True,lab_distance_from_border_median,ok,0.050701530612244895,False,False,False,0.3909125328063965,7.710073603024274,0.45922690629959106,6.9091961770579555,True,True
68,2. Brown Blight,2. Brown Blight,True,0.7812255406077471,True,lab_distance_from_border_median,ok,0.1204360650510204,True,True,False,0.5358843207359314,4.449533621917276,0.6228541731834412,4.183712315080634,True,True
69,2. Brown Blight,2. Brown Blight,True,0.9962841171776575,True,lab_distance_from_border_median,ok,0.10178172831632654,False,False,False,0.5966941118240356,5.862487518089448,0.675536036491394,5.428522768576584,True,True
70,2. Brown Blight,2. Brown Blight,True,0.7378282197260486,True,lab_distance_from_border_median,ok,0.16051498724489796,True,True,False,0.6089527010917664,3.793743572135643,0.678010106086731,3.4308022471770685,True,True
71,2. Brown Blight,2. Brown Blight,True,0.6577021987545641,False,lab_distance_from_border_median,ok,0.15868144132653061,True,True,False,0.5782588720321655,3.6441493548211428,0.6489490270614624,3.32431509768616,True,True
72,2. Brown Blight,2. Brown Blight,True,0.8530433981156348,True,lab_distance_from_border_median,ok,0.19756457270408162,False,False,False,0.5672512054443359,2.8712192559643905,0.6426160931587219,2.7556537979943623,True,True
73,2. Brown Blight,2. Brown Blight,True,0.8583335513153417,True,lab_distance_from_border_median,ok,0.09717793367346939,True,True,False,0.519692599773407,5.347845751893042,0.5981458425521851,4.86348497745883,True,True
74,2. Brown Blight,3. Gray Blight,False,0.6632357943989804,False,lab_distance_from_border_median,ok,0.057318239795918366,False,False,False,0.5286737680435181,9.223482261944214,0.610030472278595,8.297340465451553,True,True
75,2. Brown Blight,2. Brown Blight,True,0.9979939776646568,True,lab_distance_from_border_median,ok,0.17352917729591838,False,False,False,0.6259233355522156,3.6070207057158568,0.6822391152381897,3.4041398017294555,True,True
76,2. Brown Blight,2. Brown Blight,True,0.733353916456224,True,lab_distance_from_border_median,ok,0.13486527423469388,False,False,False,0.6804282665252686,5.045244377297454,0.7449914216995239,4.555842727019538,True,True
77,2. Brown Blight,2. Brown Blight,True,0.9743151031860029,True,lab_distance_from_border_median,ok,0.27431441326530615,False,False,False,0.6780888438224792,2.471940266465905,0.7305821180343628,2.358469301582203,True,True
78,2. Brown Blight,2. Brown Blight,True,0.5739774240587002,False,lab_distance_from_border_median,ok,0.2787587691326531,False,False,False,0.7689425349235535,2.7584514643829428,0.8183438181877136,2.597331862950643,True,True
79,2. Brown Blight,2. Brown Blight,True,0.992797819227702,True,lab_distance_from_border_median,ok,0.22945232780612246,False,False,False,0.7468329668045044,3.2548502512275523,0.7990744113922119,3.0886956063489426,True,True
80,2. Brown Blight,2. Brown Blight,True,0.9997565895724759,True,lab_distance_from_border_median,ok,0.11258370535714286,False,False,False,0.5166041254997253,4.588622517449853,0.6159361004829407,4.22029356518258,True,True
81,2. Brown Blight,2. Brown Blight,True,0.9989155459078731,True,lab_distance_from_border_median,ok,0.1551139987244898,False,False,False,0.6086515188217163,3.923898060953159,0.6795920133590698,3.6049486058044917,True,True
82,2. Brown Blight,6. Green mirid bug,False,0.8289794386689286,True,lab_distance_from_border_median,ok,0.18183992346938777,False,False,False,0.6355615854263306,3.495170770533928,0.7318230867385864,3.4069359064942764,True,True
83,2. Brown Blight,2. Brown Blight,True,0.9578904349358549,True,lab_distance_from_border_median,ok,0.16697225765306123,False,False,False,0.6935335397720337,4.153585448985624,0.7509036064147949,3.798118886639995,True,True
84,2. Brown Blight,2. Brown Blight,True,0.9142168677142217,True,lab_distance_from_border_median,ok,0.08272879464285714,False,False,False,0.4958512783050537,5.993696396105608,0.5793330669403076,5.43237076561332,True,True
85,2. Brown Blight,2. Brown Blight,True,0.9385171348830047,True,lab_distance_from_border_median,ok,0.2565170599489796,False,False,False,0.6685236692428589,2.6061567576668234,0.731073260307312,2.487949803932426,True,True
86,2. Brown Blight,2. Brown Blight,True,0.8780235960056605,True,lab_distance_from_border_median,ok,0.11371970663265306,False,False,False,0.5488859415054321,4.826656326844824,0.6279701590538025,4.470000099401843,True,True
87,2. Brown Blight,2. Brown Blight,True,0.9679307911183639,True,lab_distance_from_border_median,ok,0.10961415816326531,False,False,False,0.5551522970199585,5.064603937322443,0.6430809497833252,4.624137250835214,True,True
88,2. Brown Blight,2. Brown Blight,True,0.9553079717534794,True,lab_distance_from_border_median,ok,0.06002869897959184,False,False,False,0.3998841345310211,6.661549247751831,0.5040974617004395,6.157155364722797,True,True
89,2. Brown Blight,2. Brown Blight,True,0.9988635581173707,True,lab_distance_from_border_median,ok,0.09044164540816327,False,False,False,0.5018365383148193,5.548732954271568,0.5678274631500244,5.196299615359407,True,True
90,2. Brown Blight,2. Brown Blight,True,0.9940745539656443,True,lab_distance_from_border_median,ok,0.1180843431122449,False,False,False,0.5853256583213806,4.95684392100145,0.6477339267730713,4.660266347829886,True,True
91,2. Brown Blight,2. Brown Blight,True,0.9837218050992216,True,lab_distance_from_border_median,ok,0.13095902423469388,False,False,False,0.5249395370483398,4.008425842480216,0.6018277406692505,3.739141742919801,True,True
92,2. Brown Blight,2. Brown Blight,True,0.8970846027975687,True,lab_distance_from_border_median,ok,0.08129384566326531,False,False,False,0.5370351672172546,6.606098688475845,0.6030302047729492,6.113890392945544,True,True
93,2. Brown Blight,2. Brown Blight,True,0.9952394643753685,True,lab_distance_from_border_median,ok,0.13673867984693877,False,False,False,0.6410548090934753,4.688174624846847,0.699957013130188,4.277316172307917,True,True
94,2. Brown Blight,2. Brown Blight,True,0.6470264571477221,False,lab_distance_from_border_median,ok,0.15246332908163265,False,False,False,0.6505109667778015,4.266671669155944,0.6983909010887146,3.808549272147304,True,True
95,2. Brown Blight,1. Tea algal leaf spot,False,0.6091838713740136,False,lab_distance_from_border_median,ok,0.1843311543367347,False,False,False,0.6376634836196899,3.459336463844909,0.6859844923019409,3.2012609640757246,True,True
96,2. Brown Blight,2. Brown Blight,True,0.8961656399824484,True,lab_distance_from_border_median,ok,0.1204360650510204,False,False,False,0.5967570543289185,4.954969710079069,0.6659649014472961,4.543229761389467,True,True
97,2. Brown Blight,2. Brown Blight,True,0.9479083695412611,True,lab_distance_from_border_median,ok,0.10614636479591837,False,False,False,0.6573882699012756,6.193224526955765,0.7198672890663147,5.591340726964614,True,True
98,2. Brown Blight,2. Brown Blight,True,0.9607056168095733,True,lab_distance_from_border_median,ok,0.07702885841836735,False,False,False,0.6190650463104248,8.036793729281209,0.6896135807037354,7.289246055485702,True,True
99,2. Brown Blight,2. Brown Blight,True,0.511351888060697,False,lab_distance_from_border_median,ok,0.03693000637755102,False,False,False,0.43411630392074585,11.755110450905205,0.5282324552536011,10.81820068359375,True,True
100,2. Brown Blight,5. Red spider,False,0.6319690341222236,False,lab_distance_from_border_median,ok,0.03908242984693878,False,False,False,0.42343154549598694,10.834319850487832,0.5061270594596863,9.854649334671796,True,True
101,2. Brown Blight,2. Brown Blight,True,0.9190572033051203,True,lab_distance_from_border_median,ok,0.10841836734693877,False,False,False,0.6903184056282043,6.3671721177942615,0.7647918462753296,5.88922585615576,True,True
102,2. Brown Blight,1. Tea algal leaf spot,False,0.5360892870017397,False,lab_distance_from_border_median,ok,0.24543606505102042,False,False,False,0.5747321248054504,2.341677555358366,0.63899165391922,2.3116110473720823,True,True
103,2. Brown Blight,2. Brown Blight,True,0.6115607611022504,False,lab_distance_from_border_median,ok,0.05169802295918367,False,False,False,0.5416264533996582,10.476734358435332,0.6376104354858398,9.429042502486737,True,True
104,2. Brown Blight,1. Tea algal leaf spot,False,0.5756033262417531,False,lab_distance_from_border_median,ok,0.1898517219387755,False,False,False,0.6743717193603516,3.552096933720869,0.7277342081069946,3.34017486516434,True,True
105,2. Brown Blight,2. Brown Blight,True,0.9549095466055224,True,lab_distance_from_border_median,ok,0.3266501913265306,False,False,False,0.7633265256881714,2.3368317115881445,0.8104133605957031,2.230203520059782,True,True
106,2. Brown Blight,2. Brown Blight,True,0.8691361355845889,True,lab_distance_from_border_median,ok,0.2987085459183674,False,False,False,0.7368247509002686,2.466701274431003,0.7853847742080688,2.3142745143683383,True,True
107,2. Brown Blight,2. Brown Blight,True,0.8451053976252797,True,lab_distance_from_border_median,ok,0.15178571428571427,False,False,False,0.601064145565033,3.9599520178402177,0.6705492734909058,3.7880522795180913,True,True
108,2. Brown Blight,2. Brown Blight,True,0.8154953411988769,True,lab_distance_from_border_median,ok,0.1892139668367347,False,False,False,0.6246163845062256,3.3011114081508715,0.699275016784668,3.153588283496989,True,True
109,2. Brown Blight,1. Tea algal leaf spot,False,0.9864833801395793,True,lab_distance_from_border_median,ok,0.1376953125,False,False,False,0.6150516271591187,4.466757916389628,0.6774621605873108,4.163177142636731,True,True
110,2. Brown Blight,2. Brown Blight,True,0.6609757874830651,False,lab_distance_from_border_median,ok,0.17898995535714285,False,False,False,0.7103747129440308,3.968796525629628,0.7580132484436035,3.5915082864878425,True,True
111,2. Brown Blight,2. Brown Blight,True,0.8744796331870601,True,lab_distance_from_border_median,ok,0.36244419642857145,True,True,False,0.6711284518241882,1.85167388093756,0.7432184815406799,1.8469481714518923,True,True
112,2. Brown Blight,1. Tea algal leaf spot,False,0.8022826499512291,True,lab_distance_from_border_median,ok,0.2145049426020408,False,False,False,0.45091506838798523,2.102119713038702,0.5123210549354553,2.0752580328119326,True,True
113,2. Brown Blight,3. Gray Blight,False,0.6356050723775667,False,lab_distance_from_border_median,ok,0.12928491709183673,False,False,False,0.5747949481010437,4.445955189751499,0.6383774280548096,4.115008457101506,True,True
114,2. Brown Blight,2. Brown Blight,True,0.7052024314707326,True,lab_distance_from_border_median,ok,0.19094786352040816,False,False,False,0.7259624004364014,3.8018880497126477,0.7816122174263,3.5233289571091575,True,True
115,2. Brown Blight,2. Brown Blight,True,0.8682448423086827,True,lab_distance_from_border_median,ok,0.2803930165816326,False,False,False,0.6926811933517456,2.470393884257388,0.7660884857177734,2.3876797229253373,True,True
116,2. Brown Blight,3. Gray Blight,False,0.5492006494346474,False,lab_distance_from_border_median,ok,0.33864795918367346,False,False,False,0.6912528276443481,2.0412136228744595,0.7508894801139832,1.9393952001955639,True,True
117,2. Brown Blight,3. Gray Blight,False,0.9817360663192982,True,lab_distance_from_border_median,ok,0.13829320790816327,False,False,False,0.6760696172714233,4.8886682686570015,0.7446567416191101,4.538860139392671,True,True
118,2. Brown Blight,3. Gray Blight,False,0.666285911958307,False,lab_distance_from_border_median,ok,0.13897082270408162,False,False,False,0.6202585697174072,4.463228738583196,0.6976661682128906,4.185830163368409,True,True
119,2. Brown Blight,3. Gray Blight,False,0.8493763096584581,True,lab_distance_from_border_median,ok,0.18943319515306123,False,False,False,0.8483754992485046,4.4784943766746945,0.8846607208251953,4.055617754968022,True,True
120,2. Brown Blight,2. Brown Blight,True,0.9203440341415355,True,lab_distance_from_border_median,ok,0.21291055484693877,False,False,False,0.6949015259742737,3.2638190552546247,0.7498549222946167,3.0296095161490206,True,True
121,2. Brown Blight,2. Brown Blight,True,0.601366610114684,False,lab_distance_from_border_median,ok,0.09731744260204081,False,False,False,0.4829614758491516,4.962743193161383,0.5573273301124573,4.6912357181215665,True,True
122,2. Brown Blight,1. Tea algal leaf spot,False,0.8998728533810538,True,lab_distance_from_border_median,ok,0.08286830357142858,False,False,False,0.43126899003982544,5.20426956330887,0.5145318508148193,4.801404155939069,True,True
123,2. Brown Blight,2. Brown Blight,True,0.6316275398895724,False,lab_distance_from_border_median,ok,0.24093191964285715,False,False,False,0.8362307548522949,3.4708176321837,0.8784228563308716,3.2045765042356993,True,True
124,2. Brown Blight,1. Tea algal leaf spot,False,0.9969537247257709,True,lab_distance_from_border_median,ok,0.09520487882653061,False,False,False,0.5237817764282227,5.5016274678799455,0.5982917547225952,5.139511570785985,True,True
125,2. Brown Blight,2. Brown Blight,True,0.41266284371054995,False,lab_distance_from_border_median,ok,0.16454081632653061,False,False,False,0.6297838091850281,3.8275233054345894,0.701720118522644,3.578202100304084,True,True
126,2. Brown Blight,2. Brown Blight,True,0.8759360126606017,True,lab_distance_from_border_median,ok,0.1963687818877551,False,False,False,0.7258924245834351,3.696577519120921,0.7785024642944336,3.4749701671059072,True,True
127,2. Brown Blight,3. Gray Blight,False,0.598718992520289,False,lab_distance_from_border_median,ok,0.17703683035714285,False,False,False,0.6450920104980469,3.6438294178487,0.6984692811965942,3.362732167848811,True,True
128,2. Brown Blight,3. Gray Blight,False,0.6720039697838119,False,lab_distance_from_border_median,ok,0.13819355867346939,False,False,False,0.5742596387863159,4.155473267340956,0.6426960229873657,3.9245364061596764,True,True
129,2. Brown Blight,1. Tea algal leaf spot,False,0.9578320274651696,True,lab_distance_from_border_median,ok,0.1211734693877551,False,False,False,0.5900853872299194,4.869757300929019,0.6537270545959473,4.521214154570124,True,True
130,2. Brown Blight,2. Brown Blight,True,0.6025850957626347,False,lab_distance_from_border_median,ok,0.22285554846938777,False,False,False,0.7157226204872131,3.211598837915078,0.7650537490844727,3.008411983860697,True,True
131,2. Brown Blight,1. Tea algal leaf spot,False,0.7708985184409308,True,lab_distance_from_border_median,ok,0.13103874362244897,False,False,False,0.5437290072441101,4.1493759190084365,0.6151546239852905,3.8766639554240063,True,True
132,2. Brown Blight,3. Gray Blight,False,0.45827597188643077,False,lab_distance_from_border_median,ok,0.16689253826530612,False,False,False,0.6253293752670288,3.74689834408866,0.665194034576416,3.4555104957973133,True,True
133,2. Brown Blight,3. Gray Blight,False,0.7154621907123911,True,lab_distance_from_border_median,ok,0.24228714923469388,False,False,False,0.7470802068710327,3.0834495730822518,0.8115130662918091,2.8884499974645537,True,True
134,2. Brown Blight,2. Brown Blight,True,0.8282654872076524,True,lab_distance_from_border_median,ok,0.22712053571428573,False,False,False,0.5511800050735474,2.4268171230756677,0.6422460079193115,2.4472460277460035,True,True
135,2. Brown Blight,2. Brown Blight,True,0.8297188552000742,True,lab_distance_from_border_median,ok,0.1633250956632653,False,False,False,0.6790100336074829,4.1574139653799955,0.7369498014450073,3.887834427221605,True,True
136,2. Brown Blight,2. Brown Blight,True,0.9726888799431124,True,lab_distance_from_border_median,ok,0.17735570790816327,False,False,False,0.5734426379203796,3.233291133868184,0.6420211791992188,3.125757295507471,True,True
137,2. Brown Blight,6. Green mirid bug,False,0.7188110544887033,True,lab_distance_from_border_median,ok,0.08476163903061225,False,False,False,0.4551856815814972,5.3701849891919125,0.5314732789993286,5.127322293226363,True,True
138,2. Brown Blight,2. Brown Blight,True,0.9977905119324344,True,lab_distance_from_border_median,ok,0.10391422193877552,False,False,False,0.603522777557373,5.8078939176675775,0.6819181442260742,5.476300384873159,True,True
139,3. Gray Blight,3. Gray Blight,True,0.9956513663051203,True,lab_distance_from_border_median,ok,0.14772002551020408,False,False,False,0.6436101198196411,4.356959170543755,0.7064448595046997,4.109271652041249,True,True
140,3. Gray Blight,3. Gray Blight,True,0.8653941416035983,True,lab_distance_from_border_median,ok,0.1424984056122449,False,False,False,0.667749285697937,4.686012329955202,0.7285396456718445,4.392598565396596,True,True
141,3. Gray Blight,3. Gray Blight,True,0.982196165105572,True,lab_distance_from_border_median,ok,0.17990672831632654,False,False,False,0.7209160923957825,4.0071658194362225,0.7845588326454163,3.739174010905814,True,True
142,3. Gray Blight,3. Gray Blight,True,0.985449943964424,True,lab_distance_from_border_median,ok,0.09317203443877552,False,False,False,0.56144779920578,6.025926154641544,0.6385574340820312,5.598507393412546,True,True
143,3. Gray Blight,3. Gray Blight,True,0.9866975942062043,True,lab_distance_from_border_median,ok,0.09923070790816327,False,False,False,0.5515249371528625,5.558006677361323,0.6299684047698975,5.151449588939761,True,True
144,3. Gray Blight,3. Gray Blight,True,0.7989795712956461,True,lab_distance_from_border_median,ok,0.09956951530612244,False,False,False,0.6727858185768127,6.756945803224611,0.7364379167556763,6.121853696344071,True,True
145,3. Gray Blight,3. Gray Blight,True,0.9997529060877671,True,lab_distance_from_border_median,ok,0.12579719387755103,False,False,False,0.702255368232727,5.5824406458246685,0.7654558420181274,5.104666710406907,True,True
146,3. Gray Blight,3. Gray Blight,True,0.9993903615922735,True,lab_distance_from_border_median,ok,0.07832429846938775,False,False,False,0.6236895322799683,7.962912460987198,0.6933849453926086,7.257255531918968,True,True
147,3. Gray Blight,3. Gray Blight,True,0.936575068141081,True,lab_distance_from_border_median,ok,0.2391980229591837,False,False,False,0.9057607650756836,3.78665656960819,0.9273415803909302,3.426131443759319,True,True
148,3. Gray Blight,3. Gray Blight,True,0.9969082055850158,True,lab_distance_from_border_median,ok,0.13538345025510204,False,False,False,0.731155276298523,5.400625223546988,0.7981845736503601,5.008091680315176,True,True
149,3. Gray Blight,3. Gray Blight,True,0.9997434863481978,True,lab_distance_from_border_median,ok,0.19162547831632654,False,False,False,0.8192152976989746,4.27508546826248,0.8628921508789062,3.9299697342743034,True,True
150,3. Gray Blight,3. Gray Blight,True,0.9549601208506423,True,lab_distance_from_border_median,ok,0.1416812818877551,False,False,False,0.59808349609375,4.221330355886904,0.6886212825775146,4.087090309274826,True,True
151,3. Gray Blight,3. Gray Blight,True,0.9361309639564106,True,lab_distance_from_border_median,ok,0.09337133290816327,False,False,False,0.6178650856018066,6.617288908251067,0.6994237899780273,6.123588917455505,True,True
152,3. Gray Blight,3. Gray Blight,True,0.945690346555821,True,lab_distance_from_border_median,ok,0.12521922831632654,False,False,False,0.6142150163650513,4.9051174058782125,0.6834943294525146,4.477740106359757,False,True
153,3. Gray Blight,3. Gray Blight,True,0.9959202966564753,True,lab_distance_from_border_median,ok,0.11898118622448979,False,False,False,0.5934246182441711,4.987550024291379,0.6830296516418457,4.662815755208333,True,True
154,3. Gray Blight,3. Gray Blight,True,0.994872437073496,True,lab_distance_from_border_median,ok,0.1453483737244898,False,False,False,0.723334014415741,4.976553888293462,0.7914332151412964,4.671876823874081,True,True
155,3. Gray Blight,3. Gray Blight,True,0.8955290632819572,True,lab_distance_from_border_median,ok,0.14714205994897958,False,False,False,0.7818616032600403,5.3136513348470515,0.8206735849380493,4.7566267526685415,True,True
156,3. Gray Blight,3. Gray Blight,True,0.9265680255306509,True,lab_distance_from_border_median,ok,0.08551897321428571,False,False,False,0.6153034567832947,7.194935037883615,0.6872187256813049,6.47790471158842,True,True
157,3. Gray Blight,5. Red spider,False,0.50097372315529,False,lab_distance_from_border_median,ok,0.14791932397959184,False,False,False,0.7558522820472717,5.109895459984358,0.8047584295272827,4.716687181399479,True,True
158,3. Gray Blight,3. Gray Blight,True,0.9977034966779552,True,lab_distance_from_border_median,ok,0.1649792729591837,False,False,False,0.6229374408721924,3.775852746219271,0.710470974445343,3.6012316005424316,True,True
159,3. Gray Blight,3. Gray Blight,True,0.9270654171972262,True,lab_distance_from_border_median,ok,0.24162946428571427,False,False,False,0.7998242378234863,3.310127099722142,0.8441734910011292,3.102413321941892,True,True
160,3. Gray Blight,5. Red spider,False,0.6250357322554857,False,lab_distance_from_border_median,ok,0.08946508290816327,False,False,False,0.6257047653198242,6.993843240072956,0.6871665120124817,6.33810053432689,True,True
161,3. Gray Blight,3. Gray Blight,True,0.9245687665581012,True,lab_distance_from_border_median,ok,0.10038663903061225,False,False,False,0.6690120100975037,6.664353110711206,0.7331193685531616,6.084187468826238,True,True
162,3. Gray Blight,3. Gray Blight,True,0.9761436482137312,True,lab_distance_from_border_median,ok,0.1796077806122449,False,False,False,0.8156992793083191,4.54155870379208,0.8513215184211731,4.135932272298682,True,True
163,3. Gray Blight,3. Gray Blight,True,0.9990440842330248,True,lab_distance_from_border_median,ok,0.1625079719387755,False,False,False,0.777778685092926,4.786095573120267,0.8298641443252563,4.420773256785653,True,True
164,3. Gray Blight,3. Gray Blight,True,0.4355750246777214,False,lab_distance_from_border_median,ok,0.09909119897959184,False,False,False,0.40072351694107056,4.043986964206588,0.49005842208862305,4.056949577086083,False,True
165,3. Gray Blight,3. Gray Blight,True,0.9989472747076108,True,lab_distance_from_border_median,ok,0.06774154974489796,False,False,False,0.5022268891334534,7.413867722612579,0.6001158356666565,6.774220960722196,True,True
166,3. Gray Blight,3. Gray Blight,True,0.9989289848853642,True,lab_distance_from_border_median,ok,0.10094467474489796,False,False,False,0.6322119235992432,6.262954684800715,0.7216221690177917,5.738211402953522,True,True
167,3. Gray Blight,3. Gray Blight,True,0.9995532002040488,True,lab_distance_from_border_median,ok,0.08334661989795919,False,False,False,0.6172802448272705,7.406182105321167,0.6895219087600708,6.813204272143622,True,True
168,3. Gray Blight,3. Gray Blight,True,0.9854131022277096,True,lab_distance_from_border_median,ok,0.0797592474489796,False,False,False,0.5281640291213989,6.621978592002827,0.6221398115158081,6.147398027297595,True,True
169,3. Gray Blight,3. Gray Blight,True,0.9692613566757573,True,lab_distance_from_border_median,ok,0.039341517857142856,False,False,False,0.4950355589389801,12.58303151232131,0.5878125429153442,11.370116481619242,True,True
170,3. Gray Blight,3. Gray Blight,True,0.9174873102033164,True,lab_distance_from_border_median,ok,0.08438297193877552,False,False,False,0.5672078728675842,6.721828585026902,0.6431838274002075,6.226585321943433,True,True
171,3. Gray Blight,3. Gray Blight,True,0.6879987360502368,False,lab_distance_from_border_median,ok,0.0538703762755102,False,False,False,0.4581791162490845,8.505214701041089,0.5519063472747803,7.796298671413112,True,True
172,3. Gray Blight,3. Gray Blight,True,0.9969854721061819,True,lab_distance_from_border_median,ok,0.2007732780612245,True,True,False,0.8498903512954712,4.233084997677344,0.8929201364517212,3.798165544811933,True,True
173,3. Gray Blight,3. Gray Blight,True,0.998619272387612,True,lab_distance_from_border_median,ok,0.6751036352040817,True,True,False,0.9266427755355835,1.3725933726537591,0.9447688460350037,1.312096144887828,True,True
174,3. Gray Blight,3. Gray Blight,True,0.9873962748101867,True,saturation,ok,0.5873923788265306,True,True,False,0.8463765382766724,1.4409048683395078,0.8872456550598145,1.4111334470737051,True,True
175,3. Gray Blight,3. Gray Blight,True,0.9990781737095038,True,saturation,ok,0.31702407525510207,True,True,False,0.6230111718177795,1.965185676565594,0.7030747532844543,1.8685105307627532,True,True
176,3. Gray Blight,6. Green mirid bug,False,0.7044588847617592,True,lab_distance_from_border_median,ok,0.12968351403061223,False,False,False,0.706810474395752,5.4502723779439455,0.759309709072113,4.946653331914093,True,True
177,3. Gray Blight,3. Gray Blight,True,0.9881316859670076,True,lab_distance_from_border_median,ok,0.09135841836734694,False,False,False,0.3904644250869751,4.27398407355237,0.4802873432636261,3.9826305958677413,True,True
178,3. Gray Blight,3. Gray Blight,True,0.9877670047449304,True,lab_distance_from_border_median,ok,0.21520248724489796,True,True,False,0.6996603608131409,3.2511722785849377,0.765639066696167,3.0332969451675384,True,True
179,3. Gray Blight,3. Gray Blight,True,0.996865564579396,True,saturation,ok,0.13115832270408162,False,False,False,0.7244920134544373,5.523797487781469,0.7915202975273132,5.076089270032013,True,True
180,3. Gray Blight,3. Gray Blight,True,0.9980565027237118,True,lab_distance_from_border_median,ok,0.17424665178571427,True,True,False,0.6311294436454773,3.6220463186955816,0.6988471746444702,3.3664896154916413,True,True
181,3. Gray Blight,3. Gray Blight,True,0.9703785148042348,True,lab_distance_from_border_median,ok,0.1834343112244898,True,True,False,0.7058181762695312,3.847798002227292,0.7643555998802185,3.5315199428719932,True,True
182,3. Gray Blight,3. Gray Blight,True,0.9983847968155739,True,saturation,ok,0.15288185586734693,False,False,False,0.7822116613388062,5.11644535514743,0.8178040981292725,4.631915388614333,True,True
183,3. Gray Blight,3. Gray Blight,True,0.9992103243963313,True,saturation,ok,0.07595264668367346,False,False,False,0.556164026260376,7.322510149997541,0.6423059701919556,6.691931968511537,True,True
184,3. Gray Blight,3. Gray Blight,True,0.8749967489814702,True,lab_distance_from_border_median,ok,0.216796875,False,False,False,0.7244938015937805,3.3418092469911316,0.7748939990997314,3.1042779480102296,False,True
185,3. Gray Blight,3. Gray Blight,True,0.9963424304886858,True,lab_distance_from_border_median,ok,0.5372688137755102,True,True,False,0.4081330895423889,0.7596441093878963,0.5792685151100159,0.9488876306408591,True,True
186,3. Gray Blight,3. Gray Blight,True,0.9997762199418406,True,saturation,ok,0.466976243622449,True,True,False,0.7554594874382019,1.6177685647944695,0.8139174580574036,1.5521691450529542,True,True
187,3. Gray Blight,3. Gray Blight,True,0.9970171181986842,True,lab_distance_from_border_median,ok,0.12242904974489796,False,False,False,0.6833223104476929,5.581373962074465,0.7420538067817688,5.06506486315903,True,True
188,3. Gray Blight,3. Gray Blight,True,0.6714778989073713,False,lab_distance_from_border_median,ok,0.17809311224489796,False,False,False,0.8705418705940247,4.888127674454541,0.9047280550003052,4.416777085784716,True,True
189,3. Gray Blight,3. Gray Blight,True,0.9978502490639791,True,lab_distance_from_border_median,ok,0.1659359056122449,False,False,False,0.7640747427940369,4.604637796593034,0.816996693611145,4.238819780646553,True,True
190,3. Gray Blight,3. Gray Blight,True,0.9995385777331444,True,lab_distance_from_border_median,ok,0.12938456632653061,False,False,False,0.7058960199356079,5.455797704295912,0.766858696937561,5.076240366429955,True,True
191,3. Gray Blight,3. Gray Blight,True,0.8643324387345533,True,lab_distance_from_border_median,ok,0.09847337372448979,False,False,False,0.5255598425865173,5.337075624695627,0.6130112409591675,4.985970501923681,True,True
192,3. Gray Blight,3. Gray Blight,True,0.8303549222348894,True,lab_distance_from_border_median,ok,0.05193718112244898,False,False,False,0.482038289308548,9.28117928025545,0.5708287954330444,8.53708066755542,True,True
193,3. Gray Blight,3. Gray Blight,True,0.9998670002253117,True,lab_distance_from_border_median,ok,0.09594228316326531,False,False,False,0.726472795009613,7.571977349896623,0.7897558212280273,6.658845250535625,True,True
194,3. Gray Blight,3. Gray Blight,True,0.9972806866993269,True,lab_distance_from_border_median,ok,0.16069435586734693,False,False,False,0.7032519578933716,4.376332660208088,0.7700401544570923,4.134125271778201,True,True
195,3. Gray Blight,5. Red spider,False,0.762113887875755,True,lab_distance_from_border_median,ok,0.11862244897959184,False,False,False,0.5767016410827637,4.861656845256846,0.6572691202163696,4.561429512583204,True,True
196,3. Gray Blight,3. Gray Blight,True,0.9675816677722069,True,lab_distance_from_border_median,ok,0.2077686543367347,False,False,False,0.7963478565216064,3.8328585178732015,0.8778426647186279,3.496042030710523,True,True
197,3. Gray Blight,3. Gray Blight,True,0.8369464146574055,True,lab_distance_from_border_median,ok,0.08340640943877552,False,False,False,0.5075989961624146,6.085851190309513,0.6007306575775146,5.648849601688414,True,True
198,3. Gray Blight,3. Gray Blight,True,0.9916546654354047,True,lab_distance_from_border_median,ok,0.2633529974489796,True,True,False,0.8509811162948608,3.2313325632821956,0.8833594918251038,2.9811303377600487,True,True
199,3. Gray Blight,3. Gray Blight,True,0.5906212601930342,False,lab_distance_from_border_median,ok,0.2051578443877551,False,False,False,0.691033124923706,3.36829979368291,0.7507721185684204,3.0948687004016646,True,True
200,3. Gray Blight,3. Gray Blight,True,0.9886781760328162,True,lab_distance_from_border_median,ok,0.06485172193877552,False,False,False,0.6060644388198853,9.3453869951526,0.6799494624137878,8.380531620258958,True,True
201,3. Gray Blight,3. Gray Blight,True,0.968623718321269,True,lab_distance_from_border_median,ok,0.17643893494897958,False,False,False,0.7667332887649536,4.345601434211037,0.8089244961738586,4.005585267938373,True,True
202,3. Gray Blight,3. Gray Blight,True,0.9550676183979521,True,lab_distance_from_border_median,ok,0.1529815051020408,False,False,False,0.671822190284729,4.391525562757499,0.7336339950561523,4.086458629655584,True,True
203,3. Gray Blight,3. Gray Blight,True,0.9807981378784217,True,lab_distance_from_border_median,ok,0.2355110012755102,False,False,False,0.8052060008049011,3.4189740455603554,0.8414674401283264,3.1588710366511226,True,True
204,3. Gray Blight,3. Gray Blight,True,0.9995261930613984,True,lab_distance_from_border_median,ok,0.21023995535714285,False,False,False,0.7385514974594116,3.5128978989973874,0.7989809513092041,3.2914341718301006,True,True
205,3. Gray Blight,3. Gray Blight,True,0.9180553026262342,True,lab_distance_from_border_median,ok,0.15419722576530612,False,False,False,0.6570323705673218,4.260986975001414,0.7315794229507446,4.062387021467083,True,True
206,3. Gray Blight,3. Gray Blight,True,0.9645192656388301,True,lab_distance_from_border_median,ok,0.11246412627551021,False,False,False,0.6383394002914429,5.675937931778032,0.7059419751167297,5.3002161519462865,True,True
207,3. Gray Blight,3. Gray Blight,True,0.9353340313467781,True,lab_distance_from_border_median,ok,0.11162707270408163,False,False,False,0.6275237798690796,5.6216092088396605,0.6925376653671265,5.109361843473157,False,True
208,3. Gray Blight,3. Gray Blight,True,0.9990704648017584,True,lab_distance_from_border_median,ok,0.13669882015306123,False,False,False,0.6530415415763855,4.77722880742626,0.7159279584884644,4.411987379650846,True,True
209,3. Gray Blight,1. Tea algal leaf spot,False,0.7303925794784402,True,lab_distance_from_border_median,ok,0.17713647959183673,False,False,False,0.7077960968017578,3.995766983924955,0.762352705001831,3.719545831016324,True,True
210,3. Gray Blight,3. Gray Blight,True,0.9967443218443117,True,lab_distance_from_border_median,ok,0.2374641262755102,False,False,False,0.8351168632507324,3.5168127344077846,0.8778381943702698,3.229208888616031,True,True
211,3. Gray Blight,3. Gray Blight,True,0.991331176087198,True,lab_distance_from_border_median,ok,0.1785514987244898,False,False,False,0.7163749933242798,4.012147746962726,0.7752264738082886,3.68734131669397,True,True
212,3. Gray Blight,3. Gray Blight,True,0.9971311426272489,True,lab_distance_from_border_median,ok,0.09707828443877552,False,False,False,0.695249080657959,7.161736372632673,0.7739567160606384,6.543226989900353,True,True
213,3. Gray Blight,3. Gray Blight,True,0.9332166047716536,True,lab_distance_from_border_median,ok,0.1497528698979592,False,False,False,0.5460186004638672,3.646131128144131,0.6188147068023682,3.5287699430066626,False,True
214,3. Gray Blight,3. Gray Blight,True,0.9889132741000075,True,lab_distance_from_border_median,ok,0.11754623724489796,False,False,False,0.5400031208992004,4.593963478168579,0.6462700963020325,4.311560743524901,True,True
215,3. Gray Blight,3. Gray Blight,True,0.8647487101363092,True,lab_distance_from_border_median,ok,0.16884566326530612,False,False,False,0.7302137017250061,4.324740639489366,0.8177114129066467,3.9661177239249787,True,True
216,3. Gray Blight,3. Gray Blight,True,0.9846483425097402,True,lab_distance_from_border_median,ok,0.1535594706632653,False,False,False,0.5936118364334106,3.8656804029698653,0.685715913772583,3.6912865239194423,True,True
217,3. Gray Blight,3. Gray Blight,True,0.60581068303111,False,lab_distance_from_border_median,ok,0.14496970663265307,False,False,False,0.8245005011558533,5.687398562825968,0.8818793296813965,4.926428105777528,True,True
218,3. Gray Blight,3. Gray Blight,True,0.9882698198962707,True,lab_distance_from_border_median,ok,0.1255779655612245,False,False,False,0.4926472306251526,3.9230387944528893,0.5578230023384094,3.6779667497151163,True,True
219,3. Gray Blight,5. Red spider,False,0.5479062332491051,False,lab_distance_from_border_median,ok,0.08470184948979592,False,False,False,0.5045552253723145,5.956838350183824,0.5872895121574402,5.5884389459532935,True,True
220,3. Gray Blight,3. Gray Blight,True,0.9380729388906803,True,lab_distance_from_border_median,ok,0.19626913265306123,False,False,False,0.8015710711479187,4.084040420990858,0.8537551760673523,3.718255334984417,True,True
221,3. Gray Blight,3. Gray Blight,True,0.5559858296850511,False,lab_distance_from_border_median,ok,0.11623086734693877,False,False,False,0.47913840413093567,4.122299136775348,0.5460418462753296,3.9421864285915014,True,True
222,3. Gray Blight,3. Gray Blight,True,0.8863235235350924,True,lab_distance_from_border_median,ok,0.10325653698979592,False,False,False,0.6859620213508606,6.643279363694418,0.7615135908126831,6.071779108949181,True,True
223,3. Gray Blight,3. Gray Blight,True,0.9618337717028058,True,lab_distance_from_border_median,ok,0.15284199617346939,False,False,False,0.7598282694816589,4.97133175766224,0.8127077221870422,4.529929201117199,True,True
224,3. Gray Blight,7. Healthy leaf,False,0.4466436258859677,False,lab_distance_from_border_median,ok,0.13707748724489796,False,False,False,0.402351975440979,2.9352155742550976,0.47337132692337036,2.74842394118341,True,True
225,3. Gray Blight,3. Gray Blight,True,0.9940098273271429,True,lab_distance_from_border_median,ok,0.28200733418367346,False,False,False,0.7728722095489502,2.7406103170549914,0.8129440546035767,2.549073920996692,True,True
226,3. Gray Blight,3. Gray Blight,True,0.9436979886692632,True,lab_distance_from_border_median,ok,0.1412627551020408,False,False,False,0.5917143821716309,4.188750118488114,0.6763944625854492,3.973629382354233,True,True
227,3. Gray Blight,3. Gray Blight,True,0.9896203388212892,True,lab_distance_from_border_median,ok,0.15642936862244897,False,False,False,0.6104598045349121,3.9024628809203405,0.6924358606338501,3.7314640471661544,True,True
228,3. Gray Blight,3. Gray Blight,True,0.997758625442533,True,lab_distance_from_border_median,ok,0.22795758928571427,False,False,False,0.7823901176452637,3.4321740289358935,0.8305357694625854,3.2006883846816194,True,True
229,3. Gray Blight,5. Red spider,False,0.8738931586709406,True,lab_distance_from_border_median,ok,0.10913584183673469,False,False,False,0.5020378828048706,4.600119212494008,0.5673324465751648,4.3052741741311955,True,True
230,3. Gray Blight,3. Gray Blight,True,0.9985845268534674,True,lab_distance_from_border_median,ok,0.13458625637755103,False,False,False,0.6644536256790161,4.937009495345818,0.7431394457817078,4.519729070490056,True,True
231,3. Gray Blight,3. Gray Blight,True,0.999357443676954,True,lab_distance_from_border_median,ok,0.12290736607142858,False,False,False,0.557569146156311,4.5364990234375,0.6247471570968628,4.302994283389457,True,True
232,3. Gray Blight,3. Gray Blight,True,0.9932678720588065,True,lab_distance_from_border_median,ok,0.1372967155612245,False,False,False,0.5070341229438782,3.6929807160447132,0.5868418216705322,3.5463537569722536,True,True
233,3. Gray Blight,3. Gray Blight,True,0.9334155872023602,True,lab_distance_from_border_median,ok,0.12037627551020408,False,False,False,0.46062690019607544,3.8265588318275303,0.5483876466751099,3.737049919811261,False,False
234,3. Gray Blight,3. Gray Blight,True,0.6646034351476726,False,lab_distance_from_border_median,ok,0.12723214285714285,False,False,False,0.6585142612457275,5.175691035755894,0.7235171794891357,4.695188566741707,True,True
235,3. Gray Blight,3. Gray Blight,True,0.6644862465603157,False,lab_distance_from_border_median,ok,0.1443718112244898,False,False,False,0.47953587770462036,3.3215339867072102,0.5775812864303589,3.369067499178062,True,True
236,3. Gray Blight,3. Gray Blight,True,0.9972384364157818,True,lab_distance_from_border_median,ok,0.2336375956632653,False,False,False,0.7903203964233398,3.3826764660016635,0.8358626365661621,3.1758476186842155,True,True
237,3. Gray Blight,3. Gray Blight,True,0.9877844084046286,True,lab_distance_from_border_median,ok,0.12555803571428573,False,False,False,0.6963772177696228,5.546257663302951,0.746059775352478,4.9294568459423145,True,True
238,3. Gray Blight,3. Gray Blight,True,0.9936141568739484,True,lab_distance_from_border_median,ok,0.11342075892857142,False,False,False,0.6276951432228088,5.534217449718443,0.6972904205322266,5.1527605509020615,True,True
239,3. Gray Blight,3. Gray Blight,True,0.7371012934657034,True,lab_distance_from_border_median,ok,0.15495455994897958,False,False,False,0.48508700728416443,3.1305113411563004,0.540808916091919,2.9858745789863694,True,True
240,3. Gray Blight,3. Gray Blight,True,0.9999160670979553,True,lab_distance_from_border_median,ok,0.2020886479591837,False,False,False,0.8077802062034607,3.9971577540892347,0.8520045876502991,3.7106312116952873,True,True
241,3. Gray Blight,3. Gray Blight,True,0.9415599737889677,True,lab_distance_from_border_median,ok,0.14229910714285715,False,False,False,0.5799893140792847,4.075846473843443,0.6517033576965332,3.839815368222317,True,True
242,3. Gray Blight,3. Gray Blight,True,0.9862975687596415,True,lab_distance_from_border_median,ok,0.09530452806122448,False,False,False,0.5752501487731934,6.035916241079831,0.6430389881134033,5.5078737227002605,True,True
243,3. Gray Blight,5. Red spider,False,0.47893414785648225,False,lab_distance_from_border_median,ok,0.17613998724489796,False,False,False,0.6981465220451355,3.9635890348649827,0.7545372247695923,3.651939788756541,True,True
244,3. Gray Blight,3. Gray Blight,True,0.9448565152798462,True,lab_distance_from_border_median,ok,0.08187181122448979,False,False,False,0.6448943614959717,7.876879133987798,0.7322219610214233,7.099510940330616,True,True
245,3. Gray Blight,3. Gray Blight,True,0.6025325048542002,False,lab_distance_from_border_median,ok,0.12149234693877552,False,False,False,0.6903201937675476,5.682005584396402,0.7615436315536499,5.213700812776086,True,True
246,3. Gray Blight,3. Gray Blight,True,0.8720041227218769,True,lab_distance_from_border_median,ok,0.1319156568877551,False,False,False,0.4876672625541687,3.696811084139291,0.5767979621887207,3.63311756851384,True,True
247,3. Gray Blight,3. Gray Blight,True,0.9949177895985294,True,lab_distance_from_border_median,ok,0.09859295280612244,False,False,False,0.6407536268234253,6.498979983725933,0.7143421769142151,5.786702142209824,True,True
248,3. Gray Blight,3. Gray Blight,True,0.9984975617827594,True,lab_distance_from_border_median,ok,0.1510283801020408,False,False,False,0.781086802482605,5.171788255656795,0.840069055557251,4.6918193378941035,True,True
249,3. Gray Blight,3. Gray Blight,True,0.9949318835706501,True,lab_distance_from_border_median,ok,0.08739237882653061,False,False,False,0.6749905943870544,7.723678007745688,0.7427865862846375,6.870057097404234,True,True
250,3. Gray Blight,3. Gray Blight,True,0.6003476273432707,False,lab_distance_from_border_median,ok,0.08765146683673469,False,False,False,0.519372284412384,5.925426044264616,0.5903686881065369,5.342171198274769,True,True
251,3. Gray Blight,3. Gray Blight,True,0.9102126784194333,True,lab_distance_from_border_median,ok,0.1319156568877551,False,False,False,0.6662154793739319,5.050313928549087,0.7325812578201294,4.712563742613182,True,True
252,3. Gray Blight,3. Gray Blight,True,0.8315918335865103,True,lab_distance_from_border_median,ok,0.12900589923469388,False,False,False,0.5448564291000366,4.223500106059546,0.601942777633667,3.907254956086271,True,True
253,3. Gray Blight,3. Gray Blight,True,0.9000196685544088,True,lab_distance_from_border_median,ok,0.09199617346938775,False,False,False,0.5829688310623169,6.33688129709333,0.6613614559173584,5.801481190928213,True,True
254,3. Gray Blight,3. Gray Blight,True,0.7940918396576773,True,lab_distance_from_border_median,ok,0.12384406887755102,False,False,False,0.6238151788711548,5.037101772616521,0.6971873044967651,4.682381232824212,True,True
255,3. Gray Blight,3. Gray Blight,True,0.9614136419960593,True,lab_distance_from_border_median,ok,0.23838089923469388,False,False,False,0.7336978912353516,3.0778384240970653,0.7869148254394531,2.882902911890333,True,True
256,3. Gray Blight,3. Gray Blight,True,0.9048387442427631,True,lab_distance_from_border_median,ok,0.10301737882653061,False,False,False,0.7239648103713989,7.027598824762103,0.7883135080337524,6.251686198688409,True,True
257,3. Gray Blight,3. Gray Blight,True,0.9979786397542728,True,lab_distance_from_border_median,ok,0.15341996173469388,False,False,False,0.6525136232376099,4.253120753386634,0.7125506401062012,3.942759254297392,True,True
258,3. Gray Blight,3. Gray Blight,True,0.9686684730319379,True,lab_distance_from_border_median,ok,0.20300542091836735,False,False,False,0.6830306053161621,3.3645929366133664,0.7440577745437622,3.1596007866882037,True,True
259,3. Gray Blight,3. Gray Blight,True,0.9999250986646252,True,lab_distance_from_border_median,ok,0.19545200892857142,False,False,False,0.8131601214408875,4.160408101704697,0.8655921220779419,3.8568466670262684,True,True
260,3. Gray Blight,3. Gray Blight,True,0.9792480214175735,True,lab_distance_from_border_median,ok,0.16832748724489796,False,False,False,0.7424345016479492,4.41065516868192,0.7998752593994141,4.093272923572157,True,True
261,3. Gray Blight,3. Gray Blight,True,0.8930435819459684,True,lab_distance_from_border_median,ok,0.1318957270408163,False,False,False,0.5976325273513794,4.531098472708192,0.6601700186729431,4.253844979701245,True,True
262,3. Gray Blight,3. Gray Blight,True,0.9971556939965839,True,lab_distance_from_border_median,ok,0.1260363520408163,False,False,False,0.7246976494789124,5.749909750198278,0.7888820171356201,5.29183744542739,True,True
263,3. Gray Blight,3. Gray Blight,True,0.9201932425837823,True,lab_distance_from_border_median,ok,0.10648517219387756,False,False,False,0.5548729300498962,5.210799950998239,0.6223231554031372,4.888944206279601,True,True
264,3. Gray Blight,3. Gray Blight,True,0.9948837376180185,True,lab_distance_from_border_median,ok,0.2429249043367347,False,False,False,0.7410557270050049,3.050554775469942,0.7898521423339844,2.882090109355683,True,True
265,3. Gray Blight,3. Gray Blight,True,0.9997744763342646,True,lab_distance_from_border_median,ok,0.27341757015306123,True,True,False,0.7610360383987427,2.7834203850641672,0.8081480264663696,2.5683832895855434,True,True
266,3. Gray Blight,3. Gray Blight,True,0.9971629431795378,True,lab_distance_from_border_median,ok,0.3989357461734694,False,False,False,0.9358487129211426,2.345863267199443,0.9530008435249329,2.1570628980831392,True,True
267,3. Gray Blight,3. Gray Blight,True,0.843873261691558,True,lab_distance_from_border_median,ok,0.08623644770408163,False,False,False,0.627606987953186,7.277746297097079,0.7163784503936768,6.525963167565926,True,True
268,3. Gray Blight,3. Gray Blight,True,0.9987967222598683,True,lab_distance_from_border_median,ok,0.2906967474489796,False,False,False,0.8729573488235474,3.002982855791191,0.9034497737884521,2.7862013429384986,True,True
269,3. Gray Blight,3. Gray Blight,True,0.9994569451021875,True,lab_distance_from_border_median,ok,0.2721420599489796,False,False,False,0.8557713031768799,3.1445756798391153,0.8899009823799133,2.855148774978869,True,True
270,3. Gray Blight,3. Gray Blight,True,0.9953345333020137,True,lab_distance_from_border_median,ok,0.3881337691326531,False,False,False,0.8908672332763672,2.295258243741977,0.9163730144500732,2.1531225648816146,True,True
271,3. Gray Blight,2. Brown Blight,False,0.48039639031664516,False,lab_distance_from_border_median,ok,0.13472576530612246,False,False,False,0.724594235420227,5.378289993556998,0.7629536986351013,4.836023848245938,True,True
272,3. Gray Blight,3. Gray Blight,True,0.9796213817740462,True,lab_distance_from_border_median,ok,0.1770966198979592,False,False,False,0.7722381949424744,4.360547340697006,0.8168480396270752,3.967683178734571,True,True
273,3. Gray Blight,3. Gray Blight,True,0.9568588416288464,True,lab_distance_from_border_median,ok,0.15668845663265307,False,False,False,0.5781674385070801,3.689917246824122,0.6526103019714355,3.5229020453704947,False,True
274,3. Gray Blight,3. Gray Blight,True,0.9605133615100557,True,lab_distance_from_border_median,ok,0.3665298150510204,False,False,False,0.7834232449531555,2.1374065977254926,0.8211735486984253,2.0081491363433175,True,True
275,3. Gray Blight,3. Gray Blight,True,0.8996547084471783,True,lab_distance_from_border_median,ok,0.2381218112244898,False,False,False,0.6918659210205078,2.9055125923271676,0.7529240250587463,2.7646334344198795,True,True
276,3. Gray Blight,3. Gray Blight,True,0.8180272917454157,True,lab_distance_from_border_median,ok,0.1639827806122449,False,False,False,0.7155117392539978,4.363334592708871,0.7636650800704956,4.003098522525824,True,True
277,3. Gray Blight,3. Gray Blight,True,0.6085573113584924,False,lab_distance_from_border_median,ok,0.12053571428571429,False,False,False,0.6211167573928833,5.152968653926143,0.689163088798523,4.814067540519934,True,True
278,3. Gray Blight,3. Gray Blight,True,0.9612454601279572,True,lab_distance_from_border_median,ok,0.2746532206632653,False,False,False,0.7475289106369019,2.7217190784498357,0.7928750514984131,2.502409018995117,True,True
279,3. Gray Blight,3. Gray Blight,True,0.9985906860855842,True,lab_distance_from_border_median,ok,0.1340282206632653,False,False,False,0.823546290397644,6.144573779478392,0.8689436912536621,5.445930383755153,True,True
280,3. Gray Blight,3. Gray Blight,True,0.703627107945927,True,lab_distance_from_border_median,ok,0.13919005102040816,False,False,False,0.6257977485656738,4.495994821310316,0.6927279829978943,4.208028967905852,True,True
281,3. Gray Blight,3. Gray Blight,True,0.7187339136954171,True,lab_distance_from_border_median,ok,0.10128348214285714,False,False,False,0.5852600336074829,5.778435152752669,0.660507082939148,5.2572340408557565,True,True
282,3. Gray Blight,3. Gray Blight,True,0.6258366145484933,False,lab_distance_from_border_median,ok,0.12741151147959184,False,False,False,0.7147663831710815,5.609904276864099,0.7853455543518066,5.114940100617374,True,True
283,3. Gray Blight,3. Gray Blight,True,0.9955798371224164,True,lab_distance_from_border_median,ok,0.1720344387755102,False,False,False,0.7296731472015381,4.241436496059358,0.7848206162452698,3.9155970210522675,True,True
284,3. Gray Blight,3. Gray Blight,True,0.9998281461537107,True,lab_distance_from_border_median,ok,0.07808514030612244,False,False,False,0.5078355073928833,6.503612664355619,0.5971390008926392,6.186670763739224,True,True
285,3. Gray Blight,3. Gray Blight,True,0.9185236964606098,True,lab_distance_from_border_median,ok,0.24200813137755103,False,False,False,0.7872149348258972,3.2528449781622513,0.8286257386207581,3.022911521087331,True,True
286,3. Gray Blight,3. Gray Blight,True,0.9990477125354623,True,lab_distance_from_border_median,ok,0.07439811862244898,False,False,False,0.6185195446014404,8.31364496917275,0.6969878673553467,7.503124486681372,True,True
287,3. Gray Blight,7. Healthy leaf,False,0.465500501802294,False,lab_distance_from_border_median,ok,0.14977279974489796,False,False,False,0.4600805640220642,3.0718566041744637,0.5331250429153442,3.0226081529175493,True,True
288,3. Gray Blight,3. Gray Blight,True,0.9078278241047619,True,lab_distance_from_border_median,ok,0.2557397959183674,False,False,False,0.7806699872016907,3.052594862673942,0.8248579502105713,2.8504182169260073,True,True
289,3. Gray Blight,3. Gray Blight,True,0.9676485084049238,True,lab_distance_from_border_median,ok,0.14481026785714285,False,False,False,0.6772626042366028,4.67689628821577,0.740274965763092,4.272375969879102,True,True
290,3. Gray Blight,3. Gray Blight,True,0.9984882926659989,True,lab_distance_from_border_median,ok,0.10495057397959184,False,False,False,0.7339296340942383,6.993097858016045,0.7969080209732056,6.3977050976562495,True,True
291,4. Helopeltis,7. Healthy leaf,False,0.5963829361077402,False,lab_distance_from_border_median,ok,0.09956951530612244,False,False,False,0.31054919958114624,3.1189184624066444,0.3833845853805542,3.1036955398603885,True,True
292,4. Helopeltis,4. Helopeltis,True,0.9988142538734177,True,lab_distance_from_border_median,ok,0.04922672193877551,False,False,False,0.42244279384613037,8.581574746568194,0.5182406306266785,7.681903067156343,True,True
293,4. Helopeltis,4. Helopeltis,True,0.9888899808518723,True,lab_distance_from_border_median,ok,0.04942602040816327,False,False,False,0.43356263637542725,8.771951146279612,0.5354949235916138,7.727636838117002,True,True
294,4. Helopeltis,4. Helopeltis,True,0.5034924784117853,False,lab_distance_from_border_median,ok,0.1123046875,False,False,False,0.617935299873352,5.502310844089674,0.6837185621261597,5.039850532281797,True,True
295,4. Helopeltis,4. Helopeltis,True,0.9973919013095197,True,lab_distance_from_border_median,ok,0.05349170918367347,False,False,False,0.48156994581222534,9.002702533932272,0.5698102712631226,8.168800048828125,True,True
296,4. Helopeltis,4. Helopeltis,True,0.9766479696329453,True,lab_distance_from_border_median,ok,0.05626195790816327,False,False,False,0.44172346591949463,7.8511925703069645,0.5309514999389648,7.2178332324403955,True,True
297,4. Helopeltis,4. Helopeltis,True,0.8629944872065264,True,lab_distance_from_border_median,ok,0.039560746173469385,False,False,False,0.4140756130218506,10.46683020603747,0.5115643739700317,9.6424695823893,True,True
298,4. Helopeltis,4. Helopeltis,True,0.9859645297742903,True,lab_distance_from_border_median,ok,0.06833944515306123,False,False,False,0.4655376076698303,6.812136192021407,0.5613048076629639,6.2936379953736035,True,True
299,4. Helopeltis,4. Helopeltis,True,0.9836353478169088,True,lab_distance_from_border_median,ok,0.05313297193877551,False,False,False,0.4308640956878662,8.109166115991888,0.5157765746116638,7.440944625564934,True,True
300,4. Helopeltis,4. Helopeltis,True,0.5049789340838559,False,lab_distance_from_border_median,ok,0.04428411989795918,False,False,False,0.3861314058303833,8.719410179543345,0.47539615631103516,8.185819333926734,False,True
301,4. Helopeltis,4. Helopeltis,True,0.97952610232236,True,lab_distance_from_border_median,ok,0.04807079081632653,False,False,False,0.4178445637226105,8.692275634057092,0.5096286535263062,8.143671120807625,True,True
302,4. Helopeltis,4. Helopeltis,True,0.972377987087781,True,lab_distance_from_border_median,ok,0.03784677933673469,False,False,False,0.39520615339279175,10.44226643108832,0.48999887704849243,9.611486964341342,True,True
303,4. Helopeltis,4. Helopeltis,True,0.9886132052769007,True,lab_distance_from_border_median,ok,0.035076530612244895,False,False,False,0.35899674892425537,10.234670951149681,0.46050405502319336,9.354757678074392,True,True
304,4. Helopeltis,3. Gray Blight,False,0.871090217534727,True,lab_distance_from_border_median,ok,0.04235092474489796,False,False,False,0.3867248594760895,9.131438376034007,0.5008962154388428,8.569031198724643,False,True
305,4. Helopeltis,6. Green mirid bug,False,0.5668428521880592,False,lab_distance_from_border_median,ok,0.0225406568877551,False,False,False,0.28158095479011536,12.492136151678894,0.3897017240524292,11.632167582423966,True,True
306,4. Helopeltis,4. Helopeltis,True,0.9911922925127477,True,lab_distance_from_border_median,ok,0.022700095663265307,False,False,False,0.2773576080799103,12.218345340665126,0.378997266292572,11.326126762058426,True,True
307,4. Helopeltis,4. Helopeltis,True,0.995923491373842,True,lab_distance_from_border_median,ok,0.03852439413265306,False,False,False,0.38928043842315674,10.104777691836686,0.49317505955696106,9.117742000121622,True,True
308,4. Helopeltis,4. Helopeltis,True,0.5539645397004597,False,lab_distance_from_border_median,ok,0.047154017857142856,False,False,False,0.41761159896850586,8.856331187592456,0.5014209747314453,8.095012492961711,True,True
309,4. Helopeltis,4. Helopeltis,True,0.9831929552204599,True,lab_distance_from_border_median,ok,0.06513073979591837,False,False,False,0.534503161907196,8.206618926516361,0.6126989126205444,7.501898643154816,True,True
310,4. Helopeltis,4. Helopeltis,True,0.9497629519130917,True,lab_distance_from_border_median,ok,0.01709980867346939,False,True,False,0.24703571200370789,14.446694505242478,0.3463901877403259,13.147105945581387,True,True
311,4. Helopeltis,3. Gray Blight,False,0.8250234841819423,True,lab_distance_from_border_median,ok,0.30650111607142855,True,True,False,0.7102605104446411,2.317317860203545,0.7683984637260437,2.285833954818164,False,False
312,4. Helopeltis,3. Gray Blight,False,0.6992188172535878,True,lab_distance_from_border_median,ok,0.3094905931122449,True,True,False,0.7313792705535889,2.3631712460104883,0.7905215620994568,2.335308207235934,True,True
313,4. Helopeltis,4. Helopeltis,True,0.8957248806981972,True,lab_distance_from_border_median,ok,0.051658163265306124,False,False,False,0.549168586730957,10.630819061656057,0.6427227258682251,9.518670452527765,True,True
314,4. Helopeltis,4. Helopeltis,True,0.9925639378152626,True,lab_distance_from_border_median,ok,0.04408482142857143,False,False,False,0.43565189838409424,9.882129138029073,0.5358490943908691,9.03149619084859,True,True
315,4. Helopeltis,4. Helopeltis,True,0.9942216458543173,True,lab_distance_from_border_median,ok,0.06375558035714286,False,False,False,0.5398119688034058,8.466897576330005,0.6286270022392273,7.909224790460248,True,True
316,4. Helopeltis,4. Helopeltis,True,0.9590878338371306,True,lab_distance_from_border_median,ok,0.06915656887755102,False,False,False,0.5876847505569458,8.49788762073352,0.6829450130462646,7.841521504487271,True,True
317,4. Helopeltis,6. Green mirid bug,False,0.6465084805054818,False,lab_distance_from_border_median,ok,0.06521045918367346,False,False,False,0.5508445501327515,8.44718097416288,0.6447840929031372,7.7011870139271155,True,True
318,4. Helopeltis,4. Helopeltis,True,0.968620053660753,True,lab_distance_from_border_median,ok,0.04946588010204082,False,False,False,0.4273808002471924,8.639910972281678,0.5392482876777649,7.87007623109934,True,True
319,4. Helopeltis,4. Helopeltis,True,0.7839763493657126,True,lab_distance_from_border_median,ok,0.05787627551020408,False,False,False,0.3733319938182831,6.450518636992483,0.4562165141105652,6.000293528705561,True,True
320,4. Helopeltis,4. Helopeltis,True,0.7848073251941187,True,lab_distance_from_border_median,ok,0.06251992984693877,False,False,False,0.33689770102500916,5.388644898511591,0.4417434632778168,5.1414799381646334,True,True
321,4. Helopeltis,6. Green mirid bug,False,0.9718645384489454,True,lab_distance_from_border_median,ok,0.09000318877551021,False,False,False,0.6341323852539062,7.045665757860938,0.7081856727600098,6.4583650157045165,True,True
322,4. Helopeltis,4. Helopeltis,True,0.9980337690004423,True,lab_distance_from_border_median,ok,0.03647161989795918,False,False,False,0.4009167551994324,10.992567819063781,0.5115615129470825,10.00316074576493,True,True
323,4. Helopeltis,4. Helopeltis,True,0.718679392814934,True,lab_distance_from_border_median,ok,0.12830835459183673,False,False,False,0.6358358860015869,4.955529887545143,0.7035772204399109,4.62137591475232,True,True
324,4. Helopeltis,6. Green mirid bug,False,0.550500596093946,False,lab_distance_from_border_median,ok,0.08729272959183673,False,False,False,0.6516275405883789,7.464854675014269,0.7212554216384888,6.74300578277116,True,True
325,4. Helopeltis,4. Helopeltis,True,0.6540903407607959,False,lab_distance_from_border_median,ok,0.10720264668367346,False,False,False,0.48558032512664795,4.5295553808430356,0.5645307898521423,4.346462622621005,True,True
326,4. Helopeltis,4. Helopeltis,True,0.946944164030968,True,lab_distance_from_border_median,ok,0.04661591198979592,False,False,False,0.3945898115634918,8.46470217401016,0.4763341546058655,7.775062635492487,True,True
327,4. Helopeltis,4. Helopeltis,True,0.9128157803687249,True,lab_distance_from_border_median,ok,0.04526068239795918,False,False,False,0.36413735151290894,8.04533498437328,0.4419819116592407,7.417018193783967,True,True
328,4. Helopeltis,4. Helopeltis,True,0.8492320802821728,True,lab_distance_from_border_median,ok,0.042470503826530615,False,False,False,0.35904714465141296,8.454035443467525,0.44544196128845215,7.817592112490162,True,True
329,4. Helopeltis,6. Green mirid bug,False,0.9606924862278071,True,lab_distance_from_border_median,ok,0.1132015306122449,False,False,False,0.685286283493042,6.053683901504732,0.7558315992355347,5.420898559640107,True,True
330,4. Helopeltis,4. Helopeltis,True,0.9961792107912288,True,lab_distance_from_border_median,ok,0.04486208545918367,False,False,False,0.3377641439437866,7.528944329863811,0.4066070318222046,6.986956996133882,True,True
331,4. Helopeltis,4. Helopeltis,True,0.8464255349594099,True,lab_distance_from_border_median,ok,0.04398517219387755,False,False,False,0.3666454553604126,8.33566033899595,0.4471869468688965,7.598392226919659,True,True
332,4. Helopeltis,4. Helopeltis,True,0.9974219634298017,True,lab_distance_from_border_median,ok,0.045041454081632654,False,False,False,0.37572720646858215,8.341808987507777,0.45436710119247437,7.80497215660171,True,True
333,4. Helopeltis,4. Helopeltis,True,0.6038414662526519,False,lab_distance_from_border_median,ok,0.03519610969387755,False,False,False,0.18977689743041992,5.391985054059315,0.24824194610118866,5.034675783174309,True,True
334,4. Helopeltis,4. Helopeltis,True,0.9961101712392152,True,lab_distance_from_border_median,ok,0.17183514030612246,False,False,False,0.6068782210350037,3.5317468822375715,0.6707174777984619,3.3383513705005083,True,True
335,4. Helopeltis,4. Helopeltis,True,0.9586901564346495,True,lab_distance_from_border_median,ok,0.03354193239795918,False,False,False,0.38312822580337524,11.42236592864537,0.47342538833618164,10.359612858768536,True,True
336,4. Helopeltis,4. Helopeltis,True,0.9998938745349142,True,lab_distance_from_border_median,ok,0.046556122448979595,False,False,False,0.3568352460861206,7.664625559767631,0.4537277817726135,7.150202631351336,True,True
337,4. Helopeltis,1. Tea algal leaf spot,False,0.653012470271037,False,lab_distance_from_border_median,ok,0.19730548469387754,False,False,False,0.5224268436431885,2.6478070006707703,0.5918431282043457,2.582064237960286,True,True
338,4. Helopeltis,4. Helopeltis,True,0.9411959254912771,True,lab_distance_from_border_median,ok,0.08669483418367346,False,False,False,0.5991816520690918,6.911388177981323,0.6823183298110962,6.313111657127339,True,True
339,4. Helopeltis,4. Helopeltis,True,0.9192640336640593,True,lab_distance_from_border_median,ok,0.06507095025510204,False,False,False,0.543340265750885,8.34996666900962,0.6393447518348694,7.700375004336632,True,True
340,4. Helopeltis,4. Helopeltis,True,0.9762120070820833,True,lab_distance_from_border_median,ok,0.08368542729591837,False,False,False,0.5939619541168213,7.0975553726519705,0.6709703207015991,6.478084820381651,True,True
341,4. Helopeltis,1. Tea algal leaf spot,False,0.7711445977484083,True,lab_distance_from_border_median,ok,0.1447704081632653,False,False,False,0.3623698651790619,2.503065852866824,0.4138743579387665,2.4748611350179415,True,True
342,4. Helopeltis,4. Helopeltis,True,0.6937929612128856,False,lab_distance_from_border_median,ok,0.12091438137755102,False,False,False,0.6817238926887512,5.638071211397854,0.748998761177063,5.139737669696432,True,True
343,4. Helopeltis,4. Helopeltis,True,0.9901326347031864,True,lab_distance_from_border_median,ok,0.09099968112244898,False,False,False,0.5621215105056763,6.177181101868772,0.6345399022102356,5.644154251604464,True,True
344,4. Helopeltis,7. Healthy leaf,False,0.5054287556369134,False,lab_distance_from_border_median,ok,0.1096938775510204,False,False,False,0.5130367279052734,4.676985984624818,0.5863402485847473,4.35145811462628,True,True
345,4. Helopeltis,4. Helopeltis,True,0.7915452071480581,True,lab_distance_from_border_median,ok,0.13649952168367346,False,False,False,0.6225200891494751,4.560602714726831,0.6936279535293579,4.172078182245152,True,True
346,4. Helopeltis,4. Helopeltis,True,0.9965962155134493,True,lab_distance_from_border_median,ok,0.03924186862244898,False,False,False,0.3867904245853424,9.856575085827394,0.48167502880096436,8.92156745851502,True,True
347,4. Helopeltis,4. Helopeltis,True,0.993101437258893,True,lab_distance_from_border_median,ok,0.034658003826530615,False,False,False,0.351350873708725,10.137654651644038,0.44104477763175964,9.043670928668236,True,True
348,4. Helopeltis,4. Helopeltis,True,0.9970400272449784,True,lab_distance_from_border_median,ok,0.03477758290816327,False,False,False,0.3698863983154297,10.635770728868193,0.4651964604854584,9.469248519804609,True,True
349,4. Helopeltis,4. Helopeltis,True,0.9500595670964841,True,lab_distance_from_border_median,ok,0.06987404336734694,False,False,False,0.5217206478118896,7.466587343014653,0.6040483713150024,6.96752438600036,True,True
350,4. Helopeltis,4. Helopeltis,True,0.7790036540581194,True,lab_distance_from_border_median,ok,0.07164779974489796,False,False,False,0.4267413020133972,5.956097794109658,0.509088933467865,5.73894547869773,True,True
351,4. Helopeltis,4. Helopeltis,True,0.9981068518779844,True,lab_distance_from_border_median,ok,0.08633609693877552,False,False,False,0.45253896713256836,5.241596309982398,0.5485172867774963,5.048129747129064,True,True
352,4. Helopeltis,4. Helopeltis,True,0.9998045622257405,True,lab_distance_from_border_median,ok,0.05548469387755102,False,False,False,0.46711182594299316,8.418751069869119,0.5562595129013062,7.7530214775933155,True,True
353,4. Helopeltis,4. Helopeltis,True,0.9919709636609565,True,lab_distance_from_border_median,ok,0.05608258928571429,False,False,False,0.44423365592956543,7.921061805231654,0.5244453549385071,7.381366095201832,True,True
354,4. Helopeltis,4. Helopeltis,True,0.674625533801858,False,lab_distance_from_border_median,ok,0.07009327168367346,False,False,False,0.2935817837715149,4.188444578481527,0.3732627034187317,4.240169664192502,True,True
355,4. Helopeltis,4. Helopeltis,True,0.9000290343676387,True,lab_distance_from_border_median,ok,0.09217554209183673,False,False,False,0.5149242281913757,5.5863433672930745,0.588575005531311,5.218649845827719,True,True
356,4. Helopeltis,4. Helopeltis,True,0.9963445811370131,True,lab_distance_from_border_median,ok,0.06405452806122448,False,False,False,0.4513275921344757,7.045990436508854,0.5296601057052612,6.47253420941724,True,True
357,4. Helopeltis,4. Helopeltis,True,0.9935551699462736,True,lab_distance_from_border_median,ok,0.06409438775510204,False,False,False,0.4575560688972473,7.1387852341381475,0.534060001373291,6.647728759341665,True,True
358,4. Helopeltis,4. Helopeltis,True,0.9711323789552007,True,lab_distance_from_border_median,ok,0.08173230229591837,False,False,False,0.5361214876174927,6.559481044305124,0.6231868863105774,5.94016436313061,True,True
359,4. Helopeltis,4. Helopeltis,True,0.9998222338230881,True,lab_distance_from_border_median,ok,0.07001355229591837,False,False,False,0.46413713693618774,6.629247077401127,0.5544298887252808,6.169677111705409,True,True
360,4. Helopeltis,4. Helopeltis,True,0.9409561220597149,True,lab_distance_from_border_median,ok,0.08539939413265306,False,False,False,0.504692554473877,5.909790808233664,0.5706671476364136,5.509677660150989,True,True
361,4. Helopeltis,4. Helopeltis,True,0.6806510713990981,False,lab_distance_from_border_median,ok,0.18249760841836735,False,False,False,0.7091052532196045,3.8855591553507565,0.7657290697097778,3.5206837534828015,True,True
362,4. Helopeltis,7. Healthy leaf,False,0.9916726118540838,True,lab_distance_from_border_median,ok,0.09580277423469388,False,False,False,0.45246922969818115,4.722924083489898,0.5324656963348389,4.416762899536597,True,True
363,4. Helopeltis,7. Healthy leaf,False,0.8406822917776526,True,lab_distance_from_border_median,ok,0.11734693877551021,False,False,False,0.35819190740585327,3.0524179935455322,0.412881463766098,2.943973330386206,True,True
364,4. Helopeltis,4. Helopeltis,True,0.5229708252162626,False,lab_distance_from_border_median,ok,0.08874760841836735,False,False,False,0.45942923426628113,5.176806929832679,0.5410856604576111,4.763908422376047,True,True
365,4. Helopeltis,4. Helopeltis,True,0.9956316519055128,True,lab_distance_from_border_median,ok,0.04709422831632653,False,False,False,0.3612412214279175,7.670604962491404,0.4560864567756653,7.203208704808241,True,True
366,4. Helopeltis,4. Helopeltis,True,0.897282652978555,True,lab_distance_from_border_median,ok,0.11009247448979592,False,False,False,0.5158112645149231,4.685254527208686,0.5784212350845337,4.39940334873451,True,True
367,4. Helopeltis,4. Helopeltis,True,0.9999402213560712,True,lab_distance_from_border_median,ok,0.05743781887755102,False,False,False,0.4513901472091675,7.858761980002494,0.5311181545257568,7.152277112583031,True,True
368,4. Helopeltis,4. Helopeltis,True,0.9999882990528366,True,lab_distance_from_border_median,ok,0.05317283163265306,False,False,False,0.40879732370376587,7.6880863996102535,0.4924710988998413,7.092488478300354,True,True
369,4. Helopeltis,4. Helopeltis,True,0.9995233299801424,True,lab_distance_from_border_median,ok,0.05100047831632653,False,False,False,0.34951820969581604,6.8532339545514915,0.44733625650405884,6.470321131838471,True,True
370,4. Helopeltis,4. Helopeltis,True,0.9960508865886468,True,lab_distance_from_border_median,ok,0.05000398596938776,False,False,False,0.4173473119735718,8.346280879069724,0.519511342048645,7.753420909765857,True,True
371,4. Helopeltis,4. Helopeltis,True,0.996976245848852,True,lab_distance_from_border_median,ok,0.031748246173469385,False,False,False,0.32730215787887573,10.309298853565895,0.428324431180954,9.372702424306825,True,True
372,4. Helopeltis,4. Helopeltis,True,0.5821854877657402,False,lab_distance_from_border_median,ok,0.058872767857142856,False,False,False,0.4460400938987732,7.576339793996223,0.5318900346755981,7.041718833742166,True,True
373,4. Helopeltis,4. Helopeltis,True,0.9916559176574485,True,lab_distance_from_border_median,ok,0.10630580357142858,False,False,False,0.5526338815689087,5.198529741582595,0.6249147653579712,4.878749535802329,True,True
374,4. Helopeltis,4. Helopeltis,True,0.921721939910842,True,lab_distance_from_border_median,ok,0.06750239158163265,False,False,False,0.48367834091186523,7.165351176142235,0.5632357597351074,6.592236407853686,True,True
375,4. Helopeltis,4. Helopeltis,True,0.9784678435906831,True,lab_distance_from_border_median,ok,0.040138711734693876,False,False,False,0.3818399906158447,9.513010610298226,0.4776044189929962,8.81363711930584,True,True
376,4. Helopeltis,4. Helopeltis,True,0.8574463869586137,True,lab_distance_from_border_median,ok,0.05351163903061224,False,False,False,0.34225183725357056,6.395839175432088,0.4377293586730957,5.9732141149799425,True,True
377,4. Helopeltis,4. Helopeltis,True,0.9821922116595256,True,lab_distance_from_border_median,ok,0.07957987882653061,False,False,False,0.4073992967605591,5.119375686014979,0.4923175275325775,4.791024876158768,True,True
378,4. Helopeltis,4. Helopeltis,True,0.9632012574128361,True,lab_distance_from_border_median,ok,0.03126992984693878,False,False,False,0.33230048418045044,10.626838173510695,0.4351235628128052,9.707763400487021,True,True
379,4. Helopeltis,4. Helopeltis,True,0.9085907596569935,True,lab_distance_from_border_median,ok,0.07786591198979592,False,False,False,0.4998975992202759,6.419980020086143,0.5733948945999146,5.870365686889475,True,True
380,4. Helopeltis,6. Green mirid bug,False,0.9365750684706344,True,lab_distance_from_border_median,ok,0.06778140943877552,False,False,False,0.53590989112854,7.9064436040181185,0.634577214717865,7.10250866064769,True,True
381,4. Helopeltis,4. Helopeltis,True,0.9193002845859545,True,lab_distance_from_border_median,ok,0.08958466198979592,False,False,False,0.5746833086013794,6.414974347582383,0.6518802642822266,5.8796951538063995,True,True
382,5. Red spider,5. Red spider,True,0.9946155164351037,True,lab_distance_from_border_median,ok,0.16862643494897958,False,False,False,0.7249213457107544,4.298978069067819,0.7783595323562622,4.027115683182905,True,True
383,5. Red spider,5. Red spider,True,0.9780834342077954,True,lab_distance_from_border_median,ok,0.07346141581632654,False,False,False,0.5467590093612671,7.44280522347014,0.6336326003074646,6.9478036173573745,True,True
384,5. Red spider,5. Red spider,True,0.6868014394744012,False,lab_distance_from_border_median,ok,0.24661192602040816,False,False,False,0.7913299798965454,3.2088066163964006,0.831700325012207,2.9852919026977967,True,True
385,5. Red spider,5. Red spider,True,0.9060430495089696,True,lab_distance_from_border_median,ok,0.1895328443877551,False,False,False,0.73108971118927,3.857324642337835,0.763338029384613,3.517102751368443,True,True
386,5. Red spider,5. Red spider,True,0.9991498576657634,True,lab_distance_from_border_median,ok,0.14277742346938777,False,False,False,0.6514812707901001,4.562915165154112,0.7097195982933044,4.276043535538526,True,True
387,5. Red spider,5. Red spider,True,0.9668664353298692,True,lab_distance_from_border_median,ok,0.20366310586734693,False,False,False,0.7764974236488342,3.8126562999318825,0.810462474822998,3.482254250446887,True,True
388,5. Red spider,5. Red spider,True,0.9896722378829729,True,lab_distance_from_border_median,ok,0.18638392857142858,False,False,False,0.7833032608032227,4.202633063950224,0.828673243522644,3.9085832550284065,True,True
389,5. Red spider,7. Healthy leaf,False,0.4324934818755566,False,lab_distance_from_border_median,ok,0.09751674107142858,False,False,False,0.4862997531890869,4.986833520542739,0.5563122630119324,4.765839868343302,True,True
390,5. Red spider,5. Red spider,True,0.9986197412281784,True,lab_distance_from_border_median,ok,0.17875079719387754,False,False,False,0.8193397521972656,4.583698450914261,0.863461434841156,4.214498147333643,True,True
391,5. Red spider,5. Red spider,True,0.9997359132378192,True,lab_distance_from_border_median,ok,0.12111367984693877,False,False,False,0.6651360988616943,5.491832959763761,0.7236921191215515,5.070088769763051,True,True
392,5. Red spider,5. Red spider,True,0.6644671876802523,False,lab_distance_from_border_median,ok,0.055963010204081634,False,False,False,0.38898539543151855,6.950758974776309,0.4913378357887268,6.528963784040031,True,True
393,5. Red spider,5. Red spider,True,0.9996148814434789,True,lab_distance_from_border_median,ok,0.05681999362244898,False,False,False,0.46110495924949646,8.1151885076474,0.5537847876548767,7.532313772125533,True,True
394,5. Red spider,5. Red spider,True,0.9780024327447705,True,lab_distance_from_border_median,ok,0.11912069515306123,False,False,False,0.6799163818359375,5.707793939267191,0.7478331327438354,5.254624740030064,True,True
395,5. Red spider,5. Red spider,True,0.977951476495034,True,lab_distance_from_border_median,ok,0.062181122448979595,False,False,False,0.4937329590320587,7.9402387667924925,0.5792019367218018,7.170499969640544,True,True
396,5. Red spider,3. Gray Blight,False,0.9643796693674871,True,saturation,ok,0.04165338010204082,False,False,False,0.34524422883987427,8.288504510176809,0.4249313771724701,7.787201161799072,True,True
397,5. Red spider,5. Red spider,True,0.9412855807861775,True,saturation,ok,0.09145806760204081,False,False,False,0.47109660506248474,5.150957344871483,0.5413395762443542,4.744498616181087,True,True
398,5. Red spider,5. Red spider,True,0.9151578093058352,True,lab_distance_from_border_median,ok,0.1744658801020408,True,True,False,0.6060969829559326,3.4740144181856154,0.691365122795105,3.4920411114724366,True,True
399,5. Red spider,5. Red spider,True,0.8759518142159013,True,lab_distance_from_border_median,ok,0.13584183673469388,True,True,False,0.6108334064483643,4.496651555450869,0.682759702205658,4.14697383099759,True,True
400,5. Red spider,3. Gray Blight,False,0.46392791227058083,False,lab_distance_from_border_median,ok,0.23646763392857142,False,False,False,0.757599949836731,3.2038209088080754,0.8022664785385132,2.9703750610351562,True,True
401,5. Red spider,5. Red spider,True,0.4605244335787902,False,lab_distance_from_border_median,ok,0.24392139668367346,False,False,False,0.8362208008766174,3.4282388189219017,0.8724223375320435,3.1631377417449102,True,True
402,5. Red spider,5. Red spider,True,0.9988945747230729,True,lab_distance_from_border_median,ok,0.08721301020408163,False,False,False,0.649267315864563,7.44461536581817,0.7138227224349976,6.835261244446267,True,True
403,5. Red spider,5. Red spider,True,0.9824614893129123,True,lab_distance_from_border_median,ok,0.05837452168367347,False,False,False,0.5543994307518005,9.49728434189223,0.6320778131484985,8.712949547400841,True,True
404,5. Red spider,5. Red spider,True,0.8896813360509446,True,lab_distance_from_border_median,ok,0.09701849489795919,False,False,False,0.6462541818618774,6.661144171960058,0.7133961915969849,5.985847376182326,True,True
405,5. Red spider,5. Red spider,True,0.8220661464602069,True,lab_distance_from_border_median,ok,0.1090561224489796,False,False,False,0.6936045289039612,6.360069598370825,0.7424124479293823,5.7459952163049035,True,True
406,5. Red spider,3. Gray Blight,False,0.39615789096019166,False,lab_distance_from_border_median,ok,0.15644929846938777,False,False,False,0.5731725096702576,3.663631063084693,0.645524799823761,3.5133802316907508,True,True
407,5. Red spider,7. Healthy leaf,False,0.42183415555287546,False,lab_distance_from_border_median,ok,0.13552295918367346,False,False,False,0.45066186785697937,3.325354394351735,0.4983760118484497,3.0589008893587537,True,True
408,5. Red spider,7. Healthy leaf,False,0.9852225929705354,True,lab_distance_from_border_median,ok,0.29494180484693877,False,False,False,0.774360179901123,2.6254676928656497,0.8184537887573242,2.4833245029139204,True,True
409,5. Red spider,7. Healthy leaf,False,0.443257484096077,False,lab_distance_from_border_median,ok,0.263492506377551,False,False,False,0.5602880120277405,2.1263906884126698,0.6002359390258789,2.0364756559985464,True,True
410,5. Red spider,5. Red spider,True,0.9885978251601363,True,lab_distance_from_border_median,ok,0.10313695790816327,False,False,False,0.515207052230835,4.995367932895531,0.5879440903663635,4.777438490400431,False,True
411,5. Red spider,5. Red spider,True,0.928711189879525,True,lab_distance_from_border_median,ok,0.10608657525510204,False,False,False,0.5373684167861938,5.065376231573185,0.6110717058181763,4.745570950492619,False,True
412,5. Red spider,5. Red spider,True,0.9710947437571085,True,lab_distance_from_border_median,ok,0.04846938775510204,False,False,False,0.5153040289878845,10.631535755960565,0.6024448871612549,9.364397353842357,True,True
413,5. Red spider,5. Red spider,True,0.9312360395242576,True,lab_distance_from_border_median,ok,0.10487085459183673,False,False,False,0.6610884666442871,6.3038340749418,0.7390944957733154,5.83277845547686,True,True
414,5. Red spider,4. Helopeltis,False,0.48741687144309365,False,lab_distance_from_border_median,ok,0.09913105867346939,False,False,False,0.28708136081695557,2.8959779574490474,0.3463798761367798,2.859486124553975,True,True
415,5. Red spider,5. Red spider,True,0.7308399521927781,True,lab_distance_from_border_median,ok,0.13643973214285715,False,False,False,0.6811882257461548,4.992594276225396,0.7210062742233276,4.493505255922207,True,True
416,5. Red spider,5. Red spider,True,0.990747560542333,True,lab_distance_from_border_median,ok,0.11108896683673469,False,False,False,0.7265273332595825,6.5400494211756035,0.7928739786148071,5.894687324192704,True,True
417,5. Red spider,5. Red spider,True,0.9889145918061104,True,lab_distance_from_border_median,ok,0.12420280612244898,False,False,False,0.6717621684074402,5.408590911747709,0.754259467124939,4.999435009572118,True,True
418,5. Red spider,5. Red spider,True,0.94187938914065,True,lab_distance_from_border_median,ok,0.17018096301020408,False,False,False,0.6847105026245117,4.0234259491377795,0.7339818477630615,3.723788998317429,True,True
419,5. Red spider,5. Red spider,True,0.9983736463200431,True,lab_distance_from_border_median,ok,0.12723214285714285,False,False,False,0.7129928469657898,5.603873604222348,0.776835560798645,5.164083346400744,True,True
420,5. Red spider,5. Red spider,True,0.9892008971414046,True,lab_distance_from_border_median,ok,0.1937579719387755,False,False,False,0.7001765966415405,3.613666006283269,0.7421243190765381,3.3235299744720077,True,True
421,5. Red spider,5. Red spider,True,0.9598853115528498,True,lab_distance_from_border_median,ok,0.13197544642857142,False,False,False,0.5391479730606079,4.085214239850357,0.601847767829895,3.8750562811026326,True,True
422,5. Red spider,5. Red spider,True,0.8224296673494548,True,lab_distance_from_border_median,ok,0.07896205357142858,False,False,False,0.3710324764251709,4.698870655504638,0.45110300183296204,4.515169403544924,True,True
423,5. Red spider,5. Red spider,True,0.9531470244277286,True,lab_distance_from_border_median,ok,0.09829400510204081,False,False,False,0.5625686645507812,5.723326300182482,0.6435174942016602,5.245148438769087,True,True
424,5. Red spider,7. Healthy leaf,False,0.8173344570016676,True,lab_distance_from_border_median,ok,0.11463647959183673,False,False,False,0.4733043909072876,4.128741501767048,0.5327223539352417,3.929130799802247,True,True
425,5. Red spider,5. Red spider,True,0.9855352631186324,True,lab_distance_from_border_median,ok,0.06823979591836735,False,False,False,0.4882858395576477,7.155441088097118,0.5727697610855103,6.519803886621271,True,True
426,5. Red spider,5. Red spider,True,0.9982541366700813,True,lab_distance_from_border_median,ok,0.0654296875,False,False,False,0.5176498889923096,7.911544572061567,0.6049663424491882,7.383797421243121,True,True
427,5. Red spider,5. Red spider,True,0.9677477375956651,True,lab_distance_from_border_median,ok,0.1418407206632653,False,False,False,0.7619595527648926,5.371937968179184,0.8044540882110596,4.877270218714128,True,True
428,5. Red spider,5. Red spider,True,0.6894263497069589,False,lab_distance_from_border_median,ok,0.15644929846938777,False,False,False,0.5612110495567322,3.5871752385424958,0.6202954053878784,3.373869079755251,True,True
429,5. Red spider,3. Gray Blight,False,0.6681108515653937,False,lab_distance_from_border_median,ok,0.11108896683673469,False,False,False,0.49407869577407837,4.447594660775055,0.5882572531700134,4.152559923334074,True,True
430,5. Red spider,5. Red spider,True,0.9892715024370186,True,lab_distance_from_border_median,ok,0.1071029974489796,False,False,False,0.6955872178077698,6.494563498459742,0.7650154232978821,5.9977209186553955,True,True
431,5. Red spider,5. Red spider,True,0.9912675320060919,True,lab_distance_from_border_median,ok,0.09428810586734694,False,False,False,0.5759978294372559,6.1089129338075985,0.6492097973823547,5.53709855404675,True,True
432,5. Red spider,7. Healthy leaf,False,0.6043621818042839,False,lab_distance_from_border_median,ok,0.07465720663265306,False,False,False,0.2578738033771515,3.4541046338099184,0.31363725662231445,3.3298906026832946,True,True
433,5. Red spider,5. Red spider,True,0.9444826237831119,True,lab_distance_from_border_median,ok,0.15557238520408162,False,False,False,0.5961281061172485,3.831837541959911,0.6648381352424622,3.619674291875627,True,True
434,5. Red spider,5. Red spider,True,0.7969994219814487,True,lab_distance_from_border_median,ok,0.04392538265306122,False,False,False,0.2808252274990082,6.39323349137488,0.3621532618999481,6.112143312846214,False,True
435,5. Red spider,5. Red spider,True,0.9974204407189867,True,lab_distance_from_border_median,ok,0.07447783801020408,False,False,False,0.5205352306365967,6.989129176457554,0.5996466875076294,6.351672407089469,True,True
436,5. Red spider,5. Red spider,True,0.9537409183109721,True,lab_distance_from_border_median,ok,0.11369977678571429,False,False,False,0.6737130284309387,5.9253680831815565,0.740079402923584,5.537462588889613,True,True
437,5. Red spider,5. Red spider,True,0.9921910266263082,True,lab_distance_from_border_median,ok,0.10813934948979592,False,False,False,0.6660378575325012,6.159070316909469,0.7277042865753174,5.6295544685789585,True,True
438,5. Red spider,5. Red spider,True,0.8302233907856841,True,lab_distance_from_border_median,ok,0.1015625,False,False,False,0.6076128482818604,5.9826495830829325,0.6743386387825012,5.535931861837497,True,True
439,5. Red spider,5. Red spider,True,0.9348164060857596,True,lab_distance_from_border_median,ok,0.2256656568877551,False,False,False,0.7815297842025757,3.463219858001275,0.8173096179962158,3.1854378897450775,True,True
440,5. Red spider,5. Red spider,True,0.9994449767779398,True,lab_distance_from_border_median,ok,0.09624123086734694,False,False,False,0.6040205359458923,6.276109838811575,0.6807148456573486,5.792021043870294,True,True
441,5. Red spider,5. Red spider,True,0.9795945010603873,True,lab_distance_from_border_median,ok,0.19477439413265307,False,False,False,0.6989518404006958,3.588520162073602,0.7512513995170593,3.340256111844747,True,True
442,5. Red spider,5. Red spider,True,0.9997535818904395,True,lab_distance_from_border_median,ok,0.11497528698979592,False,False,False,0.6082128286361694,5.289943991965408,0.6786978840827942,4.909088227149817,True,True
443,5. Red spider,5. Red spider,True,0.9946238691242107,True,lab_distance_from_border_median,ok,0.11623086734693877,False,False,False,0.637438952922821,5.4842484399615,0.7064254879951477,5.035602398869801,True,True
444,5. Red spider,5. Red spider,True,0.9908238260386485,True,lab_distance_from_border_median,ok,0.06774154974489796,False,False,False,0.459673136472702,6.785689701575256,0.5413521528244019,6.2544060833795045,True,True
445,5. Red spider,5. Red spider,True,0.9987787928093766,True,lab_distance_from_border_median,ok,0.1162906568877551,False,False,False,0.6737560629844666,5.793724801423924,0.7360230684280396,5.32142557369529,True,True
446,5. Red spider,5. Red spider,True,0.8945743950180826,True,lab_distance_from_border_median,ok,0.15579161352040816,False,False,False,0.616113543510437,3.954728560724023,0.6763123273849487,3.627434242529897,True,True
447,5. Red spider,6. Green mirid bug,False,0.8494496671093685,True,lab_distance_from_border_median,ok,0.1673309948979592,False,False,False,0.7076697945594788,4.22916145924445,0.7775481939315796,4.000641732845667,True,True
448,5. Red spider,5. Red spider,True,0.7041901558723156,True,lab_distance_from_border_median,ok,0.12727200255102042,False,False,False,0.6768588423728943,5.318206901801181,0.7582106590270996,4.845749334778213,True,True
449,5. Red spider,5. Red spider,True,0.7724303740653322,True,lab_distance_from_border_median,ok,0.13508450255102042,False,False,False,0.6073024272918701,4.495722424283988,0.6820339560508728,4.295435644384159,True,True
450,5. Red spider,5. Red spider,True,0.997496846903462,True,lab_distance_from_border_median,ok,0.1714764030612245,False,False,False,0.6662592887878418,3.8854284140189153,0.7182525396347046,3.6154734579364907,True,True
451,5. Red spider,7. Healthy leaf,False,0.4999388946414,False,lab_distance_from_border_median,ok,0.11595184948979592,False,False,False,0.6580283641815186,5.675013956887568,0.7191888093948364,5.235168678397695,True,True
452,5. Red spider,5. Red spider,True,0.8205503257231361,True,lab_distance_from_border_median,ok,0.04986447704081633,False,False,False,0.4283894896507263,8.591075552643822,0.517937958240509,8.006178371126241,True,True
453,5. Red spider,5. Red spider,True,0.9901845518993716,True,lab_distance_from_border_median,ok,0.16521843112244897,False,False,False,0.7892178297042847,4.776814695204124,0.8294026851654053,4.350419102117852,True,True
454,5. Red spider,5. Red spider,True,0.928031784001506,True,lab_distance_from_border_median,ok,0.18845663265306123,False,False,False,0.7892475128173828,4.187952961413388,0.8266368508338928,3.8238527360045547,True,True
455,5. Red spider,5. Red spider,True,0.9804069529321834,True,lab_distance_from_border_median,ok,0.12822863520408162,False,False,False,0.6725161075592041,5.2446640057337,0.7395250797271729,4.767010585867244,True,True
456,5. Red spider,5. Red spider,True,0.958030949391,True,lab_distance_from_border_median,ok,0.16818797831632654,False,False,False,0.7649064064025879,4.547925565547606,0.812909722328186,4.183012842532977,True,True
457,5. Red spider,5. Red spider,True,0.5577379979036311,False,lab_distance_from_border_median,ok,0.11792490433673469,False,False,False,0.7577717304229736,6.425883783285977,0.792517364025116,5.6476851664996754,True,True
458,5. Red spider,5. Red spider,True,0.9991579207739371,True,lab_distance_from_border_median,ok,0.058274872448979595,False,False,False,0.5692418813705444,9.768221832985102,0.6563017964363098,8.8905504692193,True,True
459,6. Green mirid bug,6. Green mirid bug,True,0.8297462012873831,True,lab_distance_from_border_median,ok,0.05885283801020408,False,False,False,0.5275242328643799,8.963445956045758,0.6185651421546936,8.161221291810126,True,True
460,6. Green mirid bug,6. Green mirid bug,True,0.7633855318042683,True,lab_distance_from_border_median,ok,0.20266661352040816,True,True,False,0.7172452807426453,3.5390401422502675,0.7863072752952576,3.3093234226820036,True,True
461,6. Green mirid bug,6. Green mirid bug,True,0.9624389200942692,True,lab_distance_from_border_median,ok,0.09052136479591837,False,False,False,0.5258481502532959,5.809105413278154,0.6102475523948669,5.30580162692165,True,True
462,6. Green mirid bug,6. Green mirid bug,True,0.9976411087027318,True,lab_distance_from_border_median,ok,0.10142299107142858,False,False,False,0.6038991808891296,5.954263175534087,0.6915827989578247,5.463841681704899,True,True
463,6. Green mirid bug,6. Green mirid bug,True,0.9994929373149573,True,lab_distance_from_border_median,ok,0.10168207908163265,False,False,False,0.5106793642044067,5.022314343065526,0.6041308641433716,4.705506091160791,True,True
464,6. Green mirid bug,6. Green mirid bug,True,0.9999749395439347,True,lab_distance_from_border_median,ok,0.13855229591836735,False,False,False,0.5973827838897705,4.311605086946652,0.6756742596626282,4.08514660234149,True,True
465,6. Green mirid bug,6. Green mirid bug,True,0.9996622508277752,True,lab_distance_from_border_median,ok,0.1494140625,False,False,False,0.562430202960968,3.7642387440002043,0.6388599872589111,3.5467402877520606,True,True
466,6. Green mirid bug,6. Green mirid bug,True,0.9997884854955031,True,lab_distance_from_border_median,ok,0.17259247448979592,False,False,False,0.631743848323822,3.6603209392027822,0.702594518661499,3.4137099417410064,True,True
467,6. Green mirid bug,6. Green mirid bug,True,0.9999144031806992,True,lab_distance_from_border_median,ok,0.16013632015306123,False,False,False,0.6318045854568481,3.945417159910742,0.6952861547470093,3.6595697157857905,True,True
468,6. Green mirid bug,6. Green mirid bug,True,0.9999647667918856,True,lab_distance_from_border_median,ok,0.1871014030612245,False,False,False,0.6321117877960205,3.378444936562966,0.7007548809051514,3.229935412851082,True,True
469,6. Green mirid bug,6. Green mirid bug,True,0.9339522516173863,True,lab_distance_from_border_median,ok,0.08653539540816327,False,False,False,0.46779823303222656,5.405860004750115,0.5748485326766968,5.103255480464603,True,True
470,6. Green mirid bug,6. Green mirid bug,True,0.9997463135229461,True,lab_distance_from_border_median,ok,0.09199617346938775,False,False,False,0.5192407965660095,5.644156457646468,0.592922568321228,5.229474914411309,True,True
471,6. Green mirid bug,6. Green mirid bug,True,0.7440222207688112,True,lab_distance_from_border_median,ok,0.08795041454081633,False,False,False,0.5118858814239502,5.820164510838007,0.6073301434516907,5.300643116686734,True,True
472,6. Green mirid bug,6. Green mirid bug,True,0.999984368692966,True,lab_distance_from_border_median,ok,0.09219547193877552,False,False,False,0.5037738084793091,5.464192523618204,0.603553295135498,5.080337214681891,True,True
473,6. Green mirid bug,6. Green mirid bug,True,0.9999796488072553,True,lab_distance_from_border_median,ok,0.034458705357142856,False,False,False,0.29104551672935486,8.446211594801683,0.4003821015357971,8.130138537701399,False,False
474,6. Green mirid bug,6. Green mirid bug,True,0.9998322931619528,True,lab_distance_from_border_median,ok,0.04350685586734694,False,False,False,0.29347074031829834,6.745390685392092,0.40686988830566406,6.532833125,False,True
475,6. Green mirid bug,6. Green mirid bug,True,0.9999886394764421,True,lab_distance_from_border_median,ok,0.05004384566326531,False,False,False,0.3657415509223938,7.3084221661019635,0.4765845537185669,6.957552099907714,True,True
476,6. Green mirid bug,6. Green mirid bug,True,0.9999488261339441,True,lab_distance_from_border_median,ok,0.05179767219387755,False,False,False,0.41236352920532227,7.961043648097826,0.505659282207489,7.4448239859281005,True,True
477,6. Green mirid bug,6. Green mirid bug,True,0.9994233156449678,True,lab_distance_from_border_median,ok,0.05622209821428571,False,False,False,0.4139304459095001,7.362415474638454,0.5254870653152466,6.895093877943988,True,True
478,6. Green mirid bug,6. Green mirid bug,True,0.9848830016972049,True,lab_distance_from_border_median,ok,0.050502232142857144,False,False,False,0.41242510080337524,8.16647271425026,0.5033423900604248,7.505410925311106,True,True
479,6. Green mirid bug,6. Green mirid bug,True,0.9830026930812231,True,lab_distance_from_border_median,ok,0.060447225765306124,False,False,False,0.3936442732810974,6.512197512743931,0.5029217004776001,6.093841884367077,True,True
480,6. Green mirid bug,6. Green mirid bug,True,0.9990322266011478,True,lab_distance_from_border_median,ok,0.03362165178571429,False,False,False,0.26461702585220337,7.870435026176737,0.3654855489730835,7.4943207622694885,True,True
481,6. Green mirid bug,6. Green mirid bug,True,0.9683903858242463,True,lab_distance_from_border_median,ok,0.050701530612244895,False,False,False,0.43272703886032104,8.534792414251363,0.5327997803688049,7.869815066171668,True,True
482,6. Green mirid bug,6. Green mirid bug,True,0.9863266258501479,True,lab_distance_from_border_median,ok,0.054787149234693876,False,False,False,0.4292316436767578,7.834531448935977,0.5193833708763123,7.259214489440068,True,True
483,6. Green mirid bug,6. Green mirid bug,True,0.9962296593860631,True,lab_distance_from_border_median,ok,0.07445790816326531,False,False,False,0.4510123133659363,6.05727886387827,0.5488612651824951,5.751809281912464,False,True
484,6. Green mirid bug,6. Green mirid bug,True,0.9996575709699185,True,lab_distance_from_border_median,ok,0.06040736607142857,False,False,False,0.4114348292350769,6.811004286274899,0.5202604532241821,6.32072360798464,True,True
485,6. Green mirid bug,6. Green mirid bug,True,0.9999593403576006,True,lab_distance_from_border_median,ok,0.06812021683673469,False,False,False,0.4170534610748291,6.122315524543776,0.5228986144065857,5.718605247703758,True,True
486,6. Green mirid bug,6. Green mirid bug,True,0.9962171493669609,True,lab_distance_from_border_median,ok,0.03902264030612245,False,False,False,0.35085421800613403,8.991042514134719,0.45670217275619507,8.257833592870215,True,True
487,6. Green mirid bug,6. Green mirid bug,True,0.9968638550162122,True,lab_distance_from_border_median,ok,0.019152582908163265,False,True,False,0.23726511001586914,12.388152091733872,0.33442801237106323,11.509094615041475,True,True
488,6. Green mirid bug,6. Green mirid bug,True,0.9997963038498942,True,lab_distance_from_border_median,ok,0.07688934948979592,False,False,False,0.48456841707229614,6.302152642565975,0.5653150081634521,5.981705155969923,True,True
489,6. Green mirid bug,6. Green mirid bug,True,0.9997943115436513,True,lab_distance_from_border_median,ok,0.08189174107142858,False,False,False,0.4372512400150299,5.339381411290859,0.538716197013855,5.007525732005777,True,True
490,6. Green mirid bug,6. Green mirid bug,True,0.9960597547253927,True,lab_distance_from_border_median,ok,0.03752790178571429,False,False,False,0.3732624351978302,9.946264444230657,0.4675181210041046,9.31619906255042,True,True
491,6. Green mirid bug,6. Green mirid bug,True,0.9949695348924238,True,lab_distance_from_border_median,ok,0.05100047831632653,False,False,False,0.4011215567588806,7.865054799505117,0.48581036925315857,7.364356824062382,True,True
492,6. Green mirid bug,6. Green mirid bug,True,0.996646300377286,True,lab_distance_from_border_median,ok,0.06299824617346939,False,False,False,0.4708768129348755,7.474443203359796,0.5695984959602356,6.88844881496765,True,True
493,6. Green mirid bug,6. Green mirid bug,True,0.999769985949917,True,lab_distance_from_border_median,ok,0.0555046237244898,False,False,False,0.4351174235343933,7.839300482320186,0.5302375555038452,7.249373183913063,True,True
494,6. Green mirid bug,6. Green mirid bug,True,0.9993092058887244,True,lab_distance_from_border_median,ok,0.049485809948979595,False,False,False,0.39424076676368713,7.966743742704295,0.4972962737083435,7.349731319466817,True,True
495,6. Green mirid bug,6. Green mirid bug,True,0.645381401950551,False,lab_distance_from_border_median,ok,0.07750717474489796,False,False,False,0.5544673204421997,7.153754762280229,0.6383944749832153,6.441198708376797,True,True
496,6. Green mirid bug,6. Green mirid bug,True,0.9998371014037436,True,lab_distance_from_border_median,ok,0.0960220025510204,False,False,False,0.5085551738739014,5.296235866396197,0.5988332033157349,4.987063038932832,True,True
497,6. Green mirid bug,6. Green mirid bug,True,0.999352574125163,True,lab_distance_from_border_median,ok,0.20390226403061223,False,False,False,0.7471734285354614,3.6643704379039503,0.8069096207618713,3.3644255552058877,True,True
498,6. Green mirid bug,6. Green mirid bug,True,0.999830027668573,True,lab_distance_from_border_median,ok,0.06030771683673469,False,False,False,0.4562673568725586,7.565654626053371,0.5500035285949707,6.9742170964825,True,True
499,6. Green mirid bug,6. Green mirid bug,True,0.9999589407775662,True,lab_distance_from_border_median,ok,0.07268415178571429,False,False,False,0.4670148491859436,6.425263798397013,0.556028425693512,5.972871395332404,True,True
500,6. Green mirid bug,6. Green mirid bug,True,0.991760977048716,True,lab_distance_from_border_median,ok,0.06275908801020408,False,False,False,0.3658577799797058,5.829558579949737,0.4605514109134674,5.479873747686541,True,True
501,6. Green mirid bug,6. Green mirid bug,True,0.9883030611381558,True,lab_distance_from_border_median,ok,0.09388950892857142,False,False,False,0.48468345403671265,5.162274886382105,0.5778604745864868,4.896103879238697,True,True
502,6. Green mirid bug,6. Green mirid bug,True,0.9950173697240196,True,lab_distance_from_border_median,ok,0.10333625637755102,False,False,False,0.5650702118873596,5.46826672163166,0.6470431685447693,4.9764006782499,True,True
503,6. Green mirid bug,6. Green mirid bug,True,0.9999740448474354,True,lab_distance_from_border_median,ok,0.03489716198979592,False,False,False,0.28819817304611206,8.25849887536363,0.38450193405151367,7.726379272314277,True,True
504,6. Green mirid bug,6. Green mirid bug,True,0.9997700638602328,True,lab_distance_from_border_median,ok,0.08165258290816327,False,False,False,0.5049722790718079,6.1844005552128465,0.5891550779342651,5.752373066828116,True,True
505,6. Green mirid bug,6. Green mirid bug,True,0.9998889030173096,True,lab_distance_from_border_median,ok,0.06945551658163265,False,False,False,0.4598073363304138,6.620170131338549,0.5456802845001221,6.2227395352450285,True,True
506,6. Green mirid bug,6. Green mirid bug,True,0.9999097718692952,True,lab_distance_from_border_median,ok,0.13863201530612246,False,False,False,0.6207422018051147,4.477625175068061,0.7021613121032715,4.256571945885436,True,True
507,6. Green mirid bug,6. Green mirid bug,True,0.9999412513579233,True,lab_distance_from_border_median,ok,0.10431281887755102,False,False,False,0.5653804540634155,5.420047700245689,0.6458170413970947,5.075100371047866,True,True
508,6. Green mirid bug,6. Green mirid bug,True,0.999919846816469,True,lab_distance_from_border_median,ok,0.046954719387755105,False,False,False,0.39045530557632446,8.315571057978632,0.4867722690105438,7.623060352644522,True,True
509,6. Green mirid bug,6. Green mirid bug,True,0.9998772095171936,True,lab_distance_from_border_median,ok,0.05600286989795918,False,False,False,0.36447960138320923,6.50823077544623,0.46359527111053467,5.97057400493896,True,True
510,6. Green mirid bug,6. Green mirid bug,True,0.930390890644961,True,lab_distance_from_border_median,ok,0.16563695790816327,False,False,False,0.6415635347366333,3.8733115051071247,0.7136120796203613,3.6649129689898925,True,True
511,6. Green mirid bug,6. Green mirid bug,True,0.9937771143957194,True,lab_distance_from_border_median,ok,0.07374043367346939,False,False,False,0.4954646825790405,6.71903673326647,0.5809181928634644,6.3145908243321465,True,True
512,6. Green mirid bug,6. Green mirid bug,True,0.9696289697366641,True,lab_distance_from_border_median,ok,0.07930086096938775,False,False,False,0.5271762609481812,6.647799967161583,0.605480968952179,6.178688854615523,True,True
513,6. Green mirid bug,6. Green mirid bug,True,0.9693338817865945,True,lab_distance_from_border_median,ok,0.05974968112244898,False,False,False,0.5540128946304321,9.272231821539881,0.643329381942749,8.41713039592161,True,True
514,6. Green mirid bug,6. Green mirid bug,True,0.9990411486353845,True,lab_distance_from_border_median,ok,0.09877232142857142,False,False,False,0.5189456939697266,5.253958664371469,0.6271466016769409,5.005202463136979,True,True
515,6. Green mirid bug,6. Green mirid bug,True,0.9746237999569209,True,lab_distance_from_border_median,ok,0.07344148596938775,False,False,False,0.5353168249130249,7.289024967933769,0.6182503700256348,6.829883436020751,True,True
516,6. Green mirid bug,6. Green mirid bug,True,0.998669915370744,True,lab_distance_from_border_median,ok,0.07559390943877552,False,False,False,0.5466876029968262,7.231900123376944,0.6413009166717529,6.660715130391612,True,True
517,6. Green mirid bug,6. Green mirid bug,True,0.9718961202885417,True,lab_distance_from_border_median,ok,0.12673389668367346,False,False,False,0.6752057075500488,5.327743604659735,0.7470712661743164,4.882772938851439,True,True
518,6. Green mirid bug,6. Green mirid bug,True,0.9996230650589762,True,lab_distance_from_border_median,ok,0.023856026785714284,False,False,False,0.2279425859451294,9.554926643594664,0.3257826566696167,9.173103580838768,False,False
519,6. Green mirid bug,6. Green mirid bug,True,0.992621211221353,True,lab_distance_from_border_median,ok,0.06626674107142858,False,False,False,0.50904780626297,7.6817993164062495,0.5860313773155212,7.104303065519109,True,True
520,6. Green mirid bug,6. Green mirid bug,True,0.9590812497764752,True,lab_distance_from_border_median,ok,0.07326211734693877,False,False,False,0.5712847709655762,7.797819550589976,0.6475632786750793,7.194892619752165,True,True
521,6. Green mirid bug,6. Green mirid bug,True,0.9231587290581926,True,lab_distance_from_border_median,ok,0.0607063137755102,False,False,False,0.4790884852409363,7.8919053957482665,0.5599555373191833,7.36469961743836,True,True
522,6. Green mirid bug,6. Green mirid bug,True,0.9985553205159504,True,lab_distance_from_border_median,ok,0.026028380102040817,False,False,False,0.32510682940483093,12.49047494044165,0.4222186803817749,11.519980699747656,True,True
523,6. Green mirid bug,7. Healthy leaf,False,0.9017861155612595,True,lab_distance_from_border_median,ok,0.07904177295918367,False,False,False,0.5008558034896851,6.336596267246202,0.5733494758605957,5.875895282022314,True,True
524,6. Green mirid bug,6. Green mirid bug,True,0.999636408733285,True,lab_distance_from_border_median,ok,0.02863919005102041,False,False,False,0.344155490398407,12.016942161607842,0.4334447383880615,11.090526870657508,True,True
525,6. Green mirid bug,6. Green mirid bug,True,0.9894243969614639,True,lab_distance_from_border_median,ok,0.03326291454081633,False,False,False,0.3340547978878021,10.042860119124242,0.41966742277145386,9.438472705056238,True,True
526,6. Green mirid bug,6. Green mirid bug,True,0.9999634673093579,True,lab_distance_from_border_median,ok,0.054029815051020405,False,False,False,0.45310139656066895,8.386136360689092,0.5436708331108093,7.807449262211782,True,True
527,6. Green mirid bug,6. Green mirid bug,True,0.7448563454641264,True,lab_distance_from_border_median,ok,0.044443558673469385,False,False,False,0.3525514602661133,7.932565950812781,0.4335218071937561,7.381197895403429,True,True
528,6. Green mirid bug,6. Green mirid bug,True,0.9997514229019987,True,lab_distance_from_border_median,ok,0.02857940051020408,False,False,False,0.3241651654243469,11.342615997442142,0.4164138436317444,10.395015431873833,True,True
529,6. Green mirid bug,6. Green mirid bug,True,0.9978333898118171,True,lab_distance_from_border_median,ok,0.03533561862244898,False,False,False,0.3545079231262207,10.032594219278765,0.4450650215148926,9.239380438366261,True,True
530,6. Green mirid bug,6. Green mirid bug,True,0.9542874891929408,True,lab_distance_from_border_median,ok,0.07395966198979592,False,False,False,0.5475438833236694,7.403277254014669,0.636520504951477,6.760807124565053,True,True
531,6. Green mirid bug,6. Green mirid bug,True,0.99073158493851,True,lab_distance_from_border_median,ok,0.09588249362244898,False,False,False,0.5596739053726196,5.837081246305667,0.6472699642181396,5.4056953602878455,True,True
532,6. Green mirid bug,6. Green mirid bug,True,0.6446172569191908,False,lab_distance_from_border_median,ok,0.08141342474489796,False,False,False,0.4818018674850464,5.917965851390377,0.5710002183914185,5.420073204314758,True,True
533,6. Green mirid bug,6. Green mirid bug,True,0.5790374877797371,False,lab_distance_from_border_median,ok,0.08922592474489796,False,False,False,0.5840449333190918,6.545686525400659,0.6682738065719604,6.019983216975707,True,True
534,6. Green mirid bug,6. Green mirid bug,True,0.8087675567371907,True,lab_distance_from_border_median,ok,0.1443718112244898,False,False,False,0.7231502532958984,5.008943554579652,0.7830344438552856,4.53899448415929,True,True
535,6. Green mirid bug,6. Green mirid bug,True,0.8722690296347626,True,lab_distance_from_border_median,ok,0.09837372448979592,False,False,False,0.5599587559700012,5.692157726813367,0.6383553743362427,5.332132389328336,True,True
536,6. Green mirid bug,6. Green mirid bug,True,0.8258959815814783,True,lab_distance_from_border_median,ok,0.08900669642857142,False,False,False,0.6096215844154358,6.849165387288156,0.6947777271270752,6.3708273458201985,True,True
537,6. Green mirid bug,6. Green mirid bug,True,0.9992367468971466,True,lab_distance_from_border_median,ok,0.08254942602040816,False,False,False,0.5234284996986389,6.340789087609587,0.6080203056335449,5.852297497692068,True,True
538,6. Green mirid bug,4. Helopeltis,False,0.4529408172448563,False,lab_distance_from_border_median,ok,0.08940529336734694,False,False,False,0.5175638198852539,5.788961708997436,0.5896754264831543,5.333974075936317,True,True
539,6. Green mirid bug,4. Helopeltis,False,0.8378992947943479,True,lab_distance_from_border_median,ok,0.06058673469387755,False,False,False,0.4393506348133087,7.251597846181769,0.5369027853012085,6.748405349517394,True,True
540,6. Green mirid bug,6. Green mirid bug,True,0.9821505332103836,True,lab_distance_from_border_median,ok,0.1005062181122449,False,False,False,0.5819404721260071,5.790094215624535,0.65532386302948,5.424204907846781,True,True
541,6. Green mirid bug,6. Green mirid bug,True,0.7872914884514838,True,lab_distance_from_border_median,ok,0.0372688137755102,False,False,False,0.4131146967411041,11.084728889669327,0.5273247957229614,9.928348574182106,True,True
542,6. Green mirid bug,6. Green mirid bug,True,0.9850360220767618,True,lab_distance_from_border_median,ok,0.17275191326530612,False,False,False,0.6200835704803467,3.589445458285865,0.6987566351890564,3.4903746069931403,True,True
543,6. Green mirid bug,6. Green mirid bug,True,0.8791123018804022,True,lab_distance_from_border_median,ok,0.18971221301020408,False,False,False,0.6874977350234985,3.6238981355750672,0.747998833656311,3.453085792394798,True,True
544,6. Green mirid bug,6. Green mirid bug,True,0.9629211048857381,True,lab_distance_from_border_median,ok,0.1866828762755102,False,False,False,0.7950904369354248,4.259043211665621,0.8433942794799805,3.9197991262678307,True,True
545,6. Green mirid bug,5. Red spider,False,0.3742584774275385,False,lab_distance_from_border_median,ok,0.10385443239795919,False,False,False,0.463922381401062,4.46704459972744,0.5175484418869019,4.096625748559266,True,True
546,6. Green mirid bug,6. Green mirid bug,True,0.6678267270620037,False,lab_distance_from_border_median,ok,0.05173788265306122,False,False,False,0.4741760492324829,9.1649681996491,0.5621401071548462,8.374685871912577,True,True
547,6. Green mirid bug,6. Green mirid bug,True,0.820261249036979,True,lab_distance_from_border_median,ok,0.07577327806122448,False,False,False,0.5055572390556335,6.6719726530393135,0.6054388880729675,6.188327897321088,False,False
548,6. Green mirid bug,6. Green mirid bug,True,0.9014950597908661,True,lab_distance_from_border_median,ok,0.15906010841836735,False,False,False,0.7009894251823425,4.40707247186433,0.7581979632377625,4.052337132873665,True,True
549,6. Green mirid bug,6. Green mirid bug,True,0.9785418096419497,True,lab_distance_from_border_median,ok,0.12641501913265307,False,False,False,0.680813193321228,5.385540404869294,0.7414771318435669,4.953316012166531,True,True
550,6. Green mirid bug,6. Green mirid bug,True,0.7978295050913785,True,lab_distance_from_border_median,ok,0.15296157525510204,False,False,False,0.6649338006973267,4.3470642845327765,0.7256059646606445,3.9877332839882254,True,True
551,6. Green mirid bug,6. Green mirid bug,True,0.9196964174338901,True,lab_distance_from_border_median,ok,0.2171356823979592,False,False,False,0.6928505897521973,3.1908647261501835,0.7522880434989929,3.0221621193439128,True,True
552,6. Green mirid bug,6. Green mirid bug,True,0.9545473323881218,True,lab_distance_from_border_median,ok,0.03461814413265306,False,False,False,0.3800281882286072,10.977716967506387,0.5026730895042419,10.028677908137116,True,True
553,6. Green mirid bug,6. Green mirid bug,True,0.6031704437460932,False,lab_distance_from_border_median,ok,0.07856345663265306,False,False,False,0.5929996967315674,7.548034698935344,0.6859891414642334,6.87029763714758,True,True
554,6. Green mirid bug,6. Green mirid bug,True,0.9474265635259457,True,lab_distance_from_border_median,ok,0.07641103316326531,False,False,False,0.567568838596344,7.427838822485695,0.6503196954727173,6.739041933093569,True,True
555,6. Green mirid bug,6. Green mirid bug,True,0.9084798360620817,True,lab_distance_from_border_median,ok,0.07051179846938775,False,False,False,0.5308831334114075,7.5289972023885765,0.6131857633590698,6.800886132251257,True,True
556,6. Green mirid bug,6. Green mirid bug,True,0.9974420010947952,True,lab_distance_from_border_median,ok,0.072265625,False,False,False,0.5241009593009949,7.252424085462415,0.6115037202835083,6.759817287716526,True,True
557,6. Green mirid bug,6. Green mirid bug,True,0.9866397392557087,True,lab_distance_from_border_median,ok,0.07019292091836735,False,False,False,0.451149046421051,6.427272729478323,0.5347434878349304,6.117485008117982,True,True
558,6. Green mirid bug,6. Green mirid bug,True,0.7980171777253532,True,lab_distance_from_border_median,ok,0.08573820153061225,False,False,False,0.6101869344711304,7.116861837290432,0.6908831596374512,6.603000651041667,True,True
559,6. Green mirid bug,6. Green mirid bug,True,0.9793192743090149,True,lab_distance_from_border_median,ok,0.07957987882653061,False,False,False,0.6236283779144287,7.836508262017124,0.7095154523849487,7.114437917439486,True,True
560,6. Green mirid bug,1. Tea algal leaf spot,False,0.856328742661142,True,lab_distance_from_border_median,ok,0.22604432397959184,False,False,False,0.63786780834198,2.821870494742302,0.6807233691215515,2.6326480475599636,True,True
561,6. Green mirid bug,6. Green mirid bug,True,0.27975823467642535,False,lab_distance_from_border_median,ok,0.19646843112244897,False,False,False,0.7017297148704529,3.571717404477566,0.758649468421936,3.376440990556951,True,True
562,6. Green mirid bug,6. Green mirid bug,True,0.999603876201709,True,lab_distance_from_border_median,ok,0.09408880739795919,False,False,False,0.596697211265564,6.3418511485831255,0.6709796190261841,5.887910696792202,True,True
563,6. Green mirid bug,6. Green mirid bug,True,0.9924678345999157,True,lab_distance_from_border_median,ok,0.12460140306122448,False,False,False,0.6223882436752319,4.995033991466481,0.7081202268600464,4.650607395671425,True,True
564,6. Green mirid bug,6. Green mirid bug,True,0.5185503665978396,False,lab_distance_from_border_median,ok,0.05606265943877551,False,False,False,0.45717325806617737,8.154683752836302,0.5447322130203247,7.421255368044477,True,True
565,6. Green mirid bug,6. Green mirid bug,True,0.8914265648625009,True,lab_distance_from_border_median,ok,0.09825414540816327,False,False,False,0.5980435609817505,6.086700550876331,0.6903824806213379,5.447496673636775,True,True
566,6. Green mirid bug,6. Green mirid bug,True,0.9905742494022123,True,lab_distance_from_border_median,ok,0.05725845025510204,False,False,False,0.47387176752090454,8.276014551732999,0.5739867687225342,7.669869535931259,True,True
567,6. Green mirid bug,6. Green mirid bug,True,0.9976900524077696,True,lab_distance_from_border_median,ok,0.06724330357142858,False,False,False,0.4934265613555908,7.337928613686462,0.5919585227966309,6.692679323984621,True,True
568,6. Green mirid bug,6. Green mirid bug,True,0.9986882017895254,True,lab_distance_from_border_median,ok,0.0693359375,False,False,False,0.44839364290237427,6.466973103268046,0.5597004890441895,6.158669240851151,False,True
569,6. Green mirid bug,6. Green mirid bug,True,0.9716772548181041,True,lab_distance_from_border_median,ok,0.27975526147959184,False,False,False,0.6765345335006714,2.4183085241098303,0.7411603927612305,2.3575798064655444,True,True
570,6. Green mirid bug,6. Green mirid bug,True,0.999919751452188,True,lab_distance_from_border_median,ok,0.11535395408163265,False,False,False,0.5994037389755249,5.196213200904619,0.6799009442329407,4.879106089506869,True,True
571,6. Green mirid bug,6. Green mirid bug,True,0.9935351019609435,True,lab_distance_from_border_median,ok,0.19969706632653061,False,False,False,0.6788986921310425,3.3996427920526133,0.7542904615402222,3.1791077864966137,True,True
572,6. Green mirid bug,6. Green mirid bug,True,0.9988485466953693,True,lab_distance_from_border_median,ok,0.11369977678571429,False,False,False,0.5643347501754761,4.963376060439034,0.6423011422157288,4.754809989940455,True,True
573,6. Green mirid bug,6. Green mirid bug,True,0.999788924404684,True,lab_distance_from_border_median,ok,0.14766023596938777,False,False,False,0.607309103012085,4.112881840023535,0.6803581118583679,3.9283830403458535,True,True
574,6. Green mirid bug,6. Green mirid bug,True,0.9954641580285538,True,lab_distance_from_border_median,ok,0.1270129145408163,False,False,False,0.5871955156326294,4.623116615782648,0.6647516489028931,4.338524809489017,True,True
575,6. Green mirid bug,6. Green mirid bug,True,0.8675003253314294,True,lab_distance_from_border_median,ok,0.10610650510204081,False,False,False,0.5995470285415649,5.650426691228693,0.6722095012664795,5.244718385250641,True,True
576,6. Green mirid bug,6. Green mirid bug,True,0.9990082642415669,True,lab_distance_from_border_median,ok,0.24832589285714285,False,False,False,0.7007763385772705,2.8220026937763345,0.7701573371887207,2.6674545834735452,True,True
577,6. Green mirid bug,6. Green mirid bug,True,0.9999431674948726,True,lab_distance_from_border_median,ok,0.13113839285714285,False,False,False,0.5974153280258179,4.555609650307513,0.6825034618377686,4.303253795070606,True,True
578,6. Green mirid bug,6. Green mirid bug,True,0.9998079343199613,True,lab_distance_from_border_median,ok,0.06277901785714286,False,False,False,0.5075047016143799,8.083986002604165,0.5963814854621887,7.471669766429658,True,True
579,6. Green mirid bug,6. Green mirid bug,True,0.7306015143177703,True,lab_distance_from_border_median,ok,0.08928571428571429,False,False,False,0.5295090079307556,5.930500888824462,0.6198513507843018,5.472754069497294,True,True
580,6. Green mirid bug,6. Green mirid bug,True,0.9763306630913395,True,lab_distance_from_border_median,ok,0.07860331632653061,False,False,False,0.5036113858222961,6.4069992127331465,0.5901225805282593,5.8104377159705525,True,True
581,6. Green mirid bug,6. Green mirid bug,True,0.998162365244718,True,lab_distance_from_border_median,ok,0.11961894132653061,False,False,False,0.5446574687957764,4.553271102015474,0.639412522315979,4.286327684666207,True,True
582,6. Green mirid bug,6. Green mirid bug,True,0.999800891454744,True,lab_distance_from_border_median,ok,0.09556361607142858,False,False,False,0.519887387752533,5.440223058992928,0.6060497760772705,5.1654753804065106,True,True
583,6. Green mirid bug,6. Green mirid bug,True,0.9996241713278882,True,lab_distance_from_border_median,ok,0.18044483418367346,False,False,False,0.6820874214172363,3.780032964107715,0.7443620562553406,3.587466192937083,True,True
584,6. Green mirid bug,6. Green mirid bug,True,0.9977121534778749,True,lab_distance_from_border_median,ok,0.06034757653061224,False,False,False,0.4464263916015625,7.397586071664465,0.5423961281776428,6.94089980296899,True,True
585,6. Green mirid bug,6. Green mirid bug,True,0.9931695941843813,True,lab_distance_from_border_median,ok,0.25548070790816324,False,False,False,0.6637507081031799,2.598046300786735,0.7314131259918213,2.5409807525974952,True,True
586,6. Green mirid bug,6. Green mirid bug,True,0.9995675444575394,True,lab_distance_from_border_median,ok,0.10301737882653061,False,False,False,0.597525954246521,5.800244202026202,0.6802183389663696,5.404692854469764,True,True
587,6. Green mirid bug,6. Green mirid bug,True,0.9977009317645396,True,lab_distance_from_border_median,ok,0.1698421556122449,False,False,False,0.5865379571914673,3.4534297747053584,0.6652520895004272,3.3200406646880287,True,True
588,6. Green mirid bug,6. Green mirid bug,True,0.51474490833255,False,lab_distance_from_border_median,ok,0.09151785714285714,False,False,False,0.5403524041175842,5.9043384645043355,0.6246774792671204,5.558399929013484,True,True
589,6. Green mirid bug,6. Green mirid bug,True,0.9999181084195042,True,lab_distance_from_border_median,ok,0.11631058673469388,False,False,False,0.5918872952461243,5.088851426708281,0.6673324108123779,4.746820391965108,True,True
590,6. Green mirid bug,6. Green mirid bug,True,0.9449795454911376,True,lab_distance_from_border_median,ok,0.11668925382653061,False,False,False,0.5888118147850037,5.045981489095191,0.6647912859916687,4.675717348740954,True,True
591,6. Green mirid bug,6. Green mirid bug,True,0.8927838989486643,True,lab_distance_from_border_median,ok,0.06963488520408163,False,False,False,0.49965792894363403,7.175396749477899,0.5783079862594604,6.544244816994742,True,True
592,6. Green mirid bug,6. Green mirid bug,True,0.8252475470046777,True,lab_distance_from_border_median,ok,0.06612723214285714,False,False,False,0.4583813548088074,6.931809179893526,0.5516033172607422,6.674041004792621,True,True
593,6. Green mirid bug,6. Green mirid bug,True,0.9990623765411293,True,lab_distance_from_border_median,ok,0.272640306122449,False,False,False,0.7517155408859253,2.7571695160447502,0.805312991142273,2.5477543911446836,True,True
594,6. Green mirid bug,6. Green mirid bug,True,0.992159764346997,True,lab_distance_from_border_median,ok,0.05819515306122449,False,False,False,0.4632900357246399,7.960972887849154,0.5560418367385864,7.56506377445643,True,True
595,6. Green mirid bug,6. Green mirid bug,True,0.9949546640173228,True,lab_distance_from_border_median,ok,0.0703922193877551,False,False,False,0.514764666557312,7.31280631630229,0.6005797386169434,6.875356825198209,True,True
596,6. Green mirid bug,6. Green mirid bug,True,0.9884144456133765,True,lab_distance_from_border_median,ok,0.10174186862244898,False,False,False,0.5299286842346191,5.208560560265671,0.6148703098297119,4.8600713084460665,True,True
597,6. Green mirid bug,6. Green mirid bug,True,0.9815589566165254,True,lab_distance_from_border_median,ok,0.1184829400510204,False,False,False,0.48479294776916504,4.091668788438288,0.5619016885757446,3.8706725873114447,False,True
598,6. Green mirid bug,6. Green mirid bug,True,0.9936246474576736,True,lab_distance_from_border_median,ok,0.10851801658163265,False,False,False,0.6859861612319946,6.32140342074868,0.7543740272521973,5.7788505635734735,True,True
599,6. Green mirid bug,6. Green mirid bug,True,0.7400984795505972,True,lab_distance_from_border_median,ok,0.13741629464285715,False,False,False,0.6684439182281494,4.864371579552665,0.7340108156204224,4.438385958612956,True,True
600,6. Green mirid bug,6. Green mirid bug,True,0.998456129990799,True,lab_distance_from_border_median,ok,0.18602519132653061,False,False,False,0.6581615209579468,3.538023620697015,0.7209697961807251,3.3498824421857636,True,True
601,6. Green mirid bug,6. Green mirid bug,True,0.9989610772748467,True,lab_distance_from_border_median,ok,0.12796954719387754,False,False,False,0.581310510635376,4.542569098526807,0.6610411405563354,4.347673386886182,True,True
602,6. Green mirid bug,6. Green mirid bug,True,0.977441560326225,True,lab_distance_from_border_median,ok,0.12513950892857142,False,False,False,0.6583225131034851,5.260708778066646,0.7199673652648926,4.8470525318034685,True,True
603,6. Green mirid bug,6. Green mirid bug,True,0.957866480134431,True,lab_distance_from_border_median,ok,0.14104352678571427,False,False,False,0.7011224031448364,4.970964773236585,0.7693005204200745,4.5412262250114885,True,True
604,6. Green mirid bug,6. Green mirid bug,True,0.6728220457314181,False,lab_distance_from_border_median,ok,0.06596779336734694,False,False,False,0.4944652020931244,7.495554676805018,0.5832740664482117,6.754294843781553,True,True
605,6. Green mirid bug,6. Green mirid bug,True,0.954821922153998,True,lab_distance_from_border_median,ok,0.16687260841836735,False,False,False,0.6946713924407959,4.16288448430782,0.7572634220123291,3.882338761917914,True,True
606,6. Green mirid bug,6. Green mirid bug,True,0.9791830989571242,True,lab_distance_from_border_median,ok,0.18096301020408162,False,False,False,0.6706344485282898,3.705920053893774,0.7370258569717407,3.525358379353104,True,True
607,6. Green mirid bug,6. Green mirid bug,True,0.9862995916508447,True,lab_distance_from_border_median,ok,0.1233657525510204,False,False,False,0.6188434362411499,5.016330897711783,0.6828758716583252,4.7182566422924985,True,True
608,6. Green mirid bug,6. Green mirid bug,True,0.5671514504501497,False,lab_distance_from_border_median,ok,0.1162109375,False,False,False,0.5331261157989502,4.587572626706932,0.6146296858787537,4.3126358717175695,True,True
609,6. Green mirid bug,6. Green mirid bug,True,0.9991547370185617,True,lab_distance_from_border_median,ok,0.1053890306122449,False,False,False,0.6015468835830688,5.707869975541615,0.6850141882896423,5.291144075064823,True,True
610,6. Green mirid bug,6. Green mirid bug,True,0.9742321539504957,True,lab_distance_from_border_median,ok,0.09161750637755102,False,False,False,0.5805038213729858,6.3361670091822795,0.6503126621246338,5.87929515941723,True,True
611,6. Green mirid bug,6. Green mirid bug,True,0.9349052313645196,True,lab_distance_from_border_median,ok,0.09518494897959184,False,False,False,0.6125950813293457,6.435839782408134,0.6862655282020569,5.868108238423042,True,True
612,6. Green mirid bug,6. Green mirid bug,True,0.9753636863712178,True,lab_distance_from_border_median,ok,0.10588727678571429,False,False,False,0.5760365128517151,5.4400918631371455,0.6511716842651367,5.094837116745283,True,True
613,6. Green mirid bug,6. Green mirid bug,True,0.9946352229123683,True,lab_distance_from_border_median,ok,0.18805803571428573,False,False,False,0.7430853843688965,3.9513620438844583,0.8000450730323792,3.7152301327600794,True,True
614,6. Green mirid bug,6. Green mirid bug,True,0.7293032538816979,True,lab_distance_from_border_median,ok,0.20517777423469388,False,False,False,0.6827621459960938,3.327661334385624,0.7452130913734436,3.131904855746202,True,True
615,6. Green mirid bug,6. Green mirid bug,True,0.999965104663842,True,lab_distance_from_border_median,ok,0.23349808673469388,False,False,False,0.6902794241905212,2.9562530205004776,0.754786491394043,2.8047224314735617,True,True
616,6. Green mirid bug,6. Green mirid bug,True,0.6867969031440061,False,lab_distance_from_border_median,ok,0.18088329081632654,False,False,False,0.6329104900360107,3.4989992009747546,0.7021276950836182,3.3151368428075303,True,True
617,6. Green mirid bug,6. Green mirid bug,True,0.9998353574843569,True,lab_distance_from_border_median,ok,0.10951450892857142,False,False,False,0.5225223302841187,4.7712612273586785,0.6040012836456299,4.509876251220703,False,True
618,6. Green mirid bug,6. Green mirid bug,True,0.9970957788221539,True,lab_distance_from_border_median,ok,0.13404815051020408,False,False,False,0.5968217253684998,4.452293620590224,0.6652289628982544,4.19908522359829,True,True
619,6. Green mirid bug,6. Green mirid bug,True,0.999854172248864,True,lab_distance_from_border_median,ok,0.20107222576530612,False,False,False,0.6333354711532593,3.149790920862914,0.6997689604759216,2.929873778441242,True,True
620,6. Green mirid bug,6. Green mirid bug,True,0.9946692073635389,True,lab_distance_from_border_median,ok,0.21643813775510204,False,False,False,0.6924291849136353,3.199201361162667,0.7576751112937927,2.9963040971214805,True,True
621,6. Green mirid bug,6. Green mirid bug,True,0.9831078173766372,True,lab_distance_from_border_median,ok,0.23032924107142858,False,False,False,0.5664502382278442,2.459306667242391,0.6390376687049866,2.4283818589019543,False,True
622,6. Green mirid bug,6. Green mirid bug,True,0.9970150403997381,True,lab_distance_from_border_median,ok,0.23628826530612246,False,False,False,0.5996967554092407,2.5379878879397824,0.6678938865661621,2.452235010415904,True,True
623,6. Green mirid bug,6. Green mirid bug,True,0.9993994274624949,True,lab_distance_from_border_median,ok,0.07334183673469388,False,False,False,0.5473898649215698,7.4635418104088815,0.6389114856719971,6.92547476886544,True,True
624,6. Green mirid bug,6. Green mirid bug,True,0.9649701357133378,True,lab_distance_from_border_median,ok,0.05385044642857143,False,False,False,0.4311443865299225,8.006328918773276,0.5199376344680786,7.398862945850912,True,True
625,6. Green mirid bug,6. Green mirid bug,True,0.9682055724618452,True,lab_distance_from_border_median,ok,0.24716996173469388,False,False,False,0.7392792701721191,2.990975379790054,0.7986572980880737,2.830044391869152,True,True
626,6. Green mirid bug,6. Green mirid bug,True,0.9021097055260858,True,lab_distance_from_border_median,ok,0.08613679846938775,False,False,False,0.5134809613227844,5.961226449637213,0.5998134613037109,5.530363879892502,True,True
627,6. Green mirid bug,6. Green mirid bug,True,0.8688759973326533,True,lab_distance_from_border_median,ok,0.07176737882653061,False,False,False,0.4886682331562042,6.809057835836074,0.5776629447937012,6.3549256562088905,True,True
628,6. Green mirid bug,6. Green mirid bug,True,0.9944923577769331,True,lab_distance_from_border_median,ok,0.1343670280612245,False,False,False,0.6593035459518433,4.906736090430093,0.7286056280136108,4.578398997020781,True,True
629,6. Green mirid bug,6. Green mirid bug,True,0.9712761944317708,True,lab_distance_from_border_median,ok,0.09994818239795919,False,False,False,0.6506102681159973,6.509475735391481,0.7292664051055908,5.972200284409682,True,True
630,6. Green mirid bug,6. Green mirid bug,True,0.9990528503007314,True,lab_distance_from_border_median,ok,0.09727758290816327,False,False,False,0.5518426895141602,5.672865967847264,0.6319326758384705,5.312978207585639,True,True
631,6. Green mirid bug,6. Green mirid bug,True,0.9885784196074078,True,lab_distance_from_border_median,ok,0.06383529974489796,False,False,False,0.5389726161956787,8.44317514524957,0.6333659887313843,7.709794238376015,True,True
632,6. Green mirid bug,6. Green mirid bug,True,0.9931473529645123,True,lab_distance_from_border_median,ok,0.09036192602040816,False,False,False,0.5564245581626892,6.157732384290052,0.635547399520874,5.66516722656944,True,True
633,6. Green mirid bug,6. Green mirid bug,True,0.9944781306922633,True,lab_distance_from_border_median,ok,0.15666852678571427,False,False,False,0.6225557923316956,3.9737131962899324,0.7012694478034973,3.8089300512002904,True,True
634,6. Green mirid bug,6. Green mirid bug,True,0.9895129055799188,True,lab_distance_from_border_median,ok,0.1808235012755102,False,False,False,0.7363024950027466,4.0719402611327915,0.7950124740600586,3.7632590470224057,True,True
635,6. Green mirid bug,6. Green mirid bug,True,0.999530416018755,True,lab_distance_from_border_median,ok,0.16623485331632654,False,False,False,0.7455744743347168,4.485067117158464,0.8070359826087952,4.138781425120493,True,True
636,6. Green mirid bug,6. Green mirid bug,True,0.9999269026428361,True,lab_distance_from_border_median,ok,0.18385283801020408,False,False,False,0.7331323027610779,3.9876039483295225,0.8007278442382812,3.6558071257961786,True,True
637,6. Green mirid bug,6. Green mirid bug,True,0.9997185070300985,True,lab_distance_from_border_median,ok,0.09428810586734694,False,False,False,0.5624221563339233,5.964932174214952,0.6378899812698364,5.5432573086586965,True,True
638,6. Green mirid bug,6. Green mirid bug,True,0.734493961995741,True,lab_distance_from_border_median,ok,0.05416932397959184,False,False,False,0.5031077861785889,9.287688108644913,0.6000223159790039,8.480766120158451,True,True
639,6. Green mirid bug,6. Green mirid bug,True,0.9814075337021214,True,lab_distance_from_border_median,ok,0.1572863520408163,False,False,False,0.6373519897460938,4.05217605644957,0.7130247354507446,3.8665004999434305,False,True
640,6. Green mirid bug,6. Green mirid bug,True,0.9993736848299041,True,lab_distance_from_border_median,ok,0.1614716198979592,False,False,False,0.6446229219436646,3.9921747385146027,0.7124693393707275,3.768989095652675,True,True
641,6. Green mirid bug,6. Green mirid bug,True,0.9999902600532864,True,lab_distance_from_border_median,ok,0.21924824617346939,False,False,False,0.6963495016098022,3.1760778649916768,0.7573996186256409,3.0032624675328083,True,True
642,6. Green mirid bug,6. Green mirid bug,True,0.9993730085970675,True,lab_distance_from_border_median,ok,0.18558673469387754,False,False,False,0.6729409694671631,3.626018694585951,0.7326421737670898,3.3987660605526533,True,True
643,6. Green mirid bug,6. Green mirid bug,True,0.9971603494141009,True,lab_distance_from_border_median,ok,0.09709821428571429,False,False,False,0.5929456949234009,6.106659110935255,0.6844863295555115,5.568220828757676,True,True
644,6. Green mirid bug,6. Green mirid bug,True,0.9989237512703211,True,lab_distance_from_border_median,ok,0.07669005102040816,False,False,False,0.5471259355545044,7.134249205400939,0.6288021802902222,6.59368405396911,True,True
645,6. Green mirid bug,6. Green mirid bug,True,0.8692970118685581,True,lab_distance_from_border_median,ok,0.05919164540816327,False,False,False,0.489020973443985,8.26165534125434,0.5937337279319763,7.680119497992998,True,True
646,6. Green mirid bug,6. Green mirid bug,True,0.9900649653337916,True,lab_distance_from_border_median,ok,0.08741230867346939,False,False,False,0.5691897869110107,6.511551926139279,0.6518340110778809,6.0277226944054085,True,True
647,6. Green mirid bug,6. Green mirid bug,True,0.9316929721365177,True,lab_distance_from_border_median,ok,0.07505580357142858,False,False,False,0.49472659826278687,6.591450290609026,0.5901933908462524,6.113448302869852,True,True
648,6. Green mirid bug,6. Green mirid bug,True,0.9944785550318014,True,lab_distance_from_border_median,ok,0.16438137755102042,False,False,False,0.789971649646759,4.80572472025652,0.8421090841293335,4.457137700978211,True,True
649,6. Green mirid bug,6. Green mirid bug,True,0.999858348748666,True,lab_distance_from_border_median,ok,0.1175063775510204,False,False,False,0.6157881021499634,5.240465368635781,0.6883933544158936,4.862165674432978,True,True
650,6. Green mirid bug,6. Green mirid bug,True,0.9988087351888207,True,lab_distance_from_border_median,ok,0.06255978954081633,False,False,False,0.4558015465736389,7.285854858515102,0.5423619151115417,6.835858189559588,True,True
651,7. Healthy leaf,7. Healthy leaf,True,0.991027829902876,True,lab_distance_from_border_median,ok,0.1672313456632653,False,False,False,0.6836391687393188,4.087984618122281,0.73746657371521,3.8072973353981245,True,True
652,7. Healthy leaf,7. Healthy leaf,True,0.9873540092579012,True,lab_distance_from_border_median,ok,0.1503109056122449,False,False,False,0.6536133885383606,4.348409623879712,0.7133162021636963,4.022856441470791,True,True
653,7. Healthy leaf,7. Healthy leaf,True,0.9995567712977949,True,lab_distance_from_border_median,ok,0.14124282525510204,False,False,False,0.6211246252059937,4.397565852171009,0.68388831615448,4.103166345972401,True,True
654,7. Healthy leaf,7. Healthy leaf,True,0.9987623632023398,True,lab_distance_from_border_median,ok,0.10395408163265306,False,False,False,0.5547915697097778,5.336890682852341,0.6271384954452515,4.993224555293707,True,True
655,7. Healthy leaf,7. Healthy leaf,True,0.9836630966240191,True,lab_distance_from_border_median,ok,0.13909040178571427,False,False,False,0.657072126865387,4.7240652009740165,0.7175184488296509,4.388907191085769,True,True
656,7. Healthy leaf,7. Healthy leaf,True,0.9998134174076801,True,lab_distance_from_border_median,ok,0.059091996173469385,False,False,False,0.44033682346343994,7.4517168479263285,0.5226216316223145,6.920840060248417,True,True
657,7. Healthy leaf,7. Healthy leaf,True,0.9993896761820872,True,lab_distance_from_border_median,ok,0.057118941326530615,False,False,False,0.4612475037574768,8.07521100786293,0.5468811988830566,7.528206045310357,True,True
658,7. Healthy leaf,7. Healthy leaf,True,0.9967680458105227,True,lab_distance_from_border_median,ok,0.09658003826530612,False,False,False,0.44539952278137207,4.611714084828338,0.5393933057785034,4.304166429825411,True,True
659,7. Healthy leaf,7. Healthy leaf,True,0.999011107403018,True,lab_distance_from_border_median,ok,0.08169244260204081,False,False,False,0.47220295667648315,5.780252635813423,0.5551741123199463,5.403766490740179,True,True
660,7. Healthy leaf,7. Healthy leaf,True,0.9981416084304587,True,lab_distance_from_border_median,ok,0.07308274872448979,False,False,False,0.4620637595653534,6.322473738737708,0.5489656925201416,5.9160014149249625,True,True
661,7. Healthy leaf,7. Healthy leaf,True,0.9993260013260508,True,lab_distance_from_border_median,ok,0.05943080357142857,False,False,False,0.4581272602081299,7.708582631858862,0.5560464859008789,7.1557292835502695,True,True
662,7. Healthy leaf,7. Healthy leaf,True,0.9969367301888624,True,lab_distance_from_border_median,ok,0.11449697066326531,False,False,False,0.6085830926895142,5.315276807448052,0.6772672533988953,4.946515532247885,True,True
663,7. Healthy leaf,7. Healthy leaf,True,0.9983743322489131,True,lab_distance_from_border_median,ok,0.1543765943877551,False,False,False,0.5723146200180054,3.7072628936255403,0.6320055723190308,3.479810336517029,True,True
664,7. Healthy leaf,7. Healthy leaf,True,0.9995425121050879,True,lab_distance_from_border_median,ok,0.16169084821428573,False,False,False,0.6769911050796509,4.18694757654093,0.7354568243026733,3.9497251007396916,True,True
665,7. Healthy leaf,7. Healthy leaf,True,0.9975855498832905,True,lab_distance_from_border_median,ok,0.111328125,False,False,False,0.6149939298629761,5.524156001576206,0.6871529817581177,5.131505880740484,True,True
666,7. Healthy leaf,7. Healthy leaf,True,0.9927980898591438,True,lab_distance_from_border_median,ok,0.08508051658163265,False,False,False,0.5881455540657043,6.912811272148227,0.6565484404563904,6.390489728096963,True,True
667,7. Healthy leaf,7. Healthy leaf,True,0.9998239846356787,True,lab_distance_from_border_median,ok,0.07914142219387756,False,False,False,0.5297704935073853,6.693972370240886,0.6020324230194092,6.182476229517372,True,True
668,7. Healthy leaf,7. Healthy leaf,True,0.9995783027995297,True,lab_distance_from_border_median,ok,0.17362882653061223,False,False,False,0.7051776647567749,4.06140891951744,0.7543599605560303,3.7983708360119794,True,True
669,7. Healthy leaf,7. Healthy leaf,True,0.9914019834219355,True,lab_distance_from_border_median,ok,0.12230947066326531,False,False,False,0.6750192642211914,5.518945185198387,0.7353295087814331,5.021215763829231,True,True
670,7. Healthy leaf,7. Healthy leaf,True,0.9999226531227766,True,lab_distance_from_border_median,ok,0.17861128826530612,False,False,False,0.6666949391365051,3.7326584764687887,0.7241524457931519,3.4920781470559525,True,True
671,7. Healthy leaf,7. Healthy leaf,True,0.9972130262113578,True,lab_distance_from_border_median,ok,0.07916135204081633,False,False,False,0.5147507190704346,6.5025508761526,0.5831103324890137,6.000439713488259,True,True
672,7. Healthy leaf,7. Healthy leaf,True,0.9989131288730487,True,lab_distance_from_border_median,ok,0.1067641900510204,False,False,False,0.6066303849220276,5.6819649419166804,0.672676682472229,5.284519370553713,True,True
673,7. Healthy leaf,7. Healthy leaf,True,0.9976935816112095,True,lab_distance_from_border_median,ok,0.11059072066326531,False,False,False,0.5884816646575928,5.321257164508808,0.6542347073554993,4.92452455389582,True,True
674,7. Healthy leaf,7. Healthy leaf,True,0.9941635127515129,True,lab_distance_from_border_median,ok,0.06415417729591837,False,False,False,0.45398879051208496,7.076527354064733,0.5311688184738159,6.489390464022933,True,True
675,7. Healthy leaf,7. Healthy leaf,True,0.5096189766125192,False,lab_distance_from_border_median,ok,0.11292251275510204,False,False,False,0.4972560405731201,4.403515547440324,0.5616983771324158,4.101845112937868,True,True
676,7. Healthy leaf,7. Healthy leaf,True,0.9966133770573572,True,lab_distance_from_border_median,ok,0.10622608418367346,False,False,False,0.47291433811187744,4.451960568311738,0.5544451475143433,4.203662695932259,True,True
677,7. Healthy leaf,7. Healthy leaf,True,0.9997066468445583,True,lab_distance_from_border_median,ok,0.03168845663265306,False,False,False,0.2981151342391968,9.407688663890527,0.3960666358470917,8.816787719726562,True,True
678,7. Healthy leaf,7. Healthy leaf,True,0.9875332684499458,True,lab_distance_from_border_median,ok,0.046875,False,False,False,0.39577245712280273,8.443145751953125,0.5004448890686035,7.693113588819316,True,True
679,7. Healthy leaf,7. Healthy leaf,True,0.9986481256586001,True,lab_distance_from_border_median,ok,0.07045200892857142,False,False,False,0.4922938644886017,6.987648357731281,0.5918302536010742,6.303475865991828,True,True
680,7. Healthy leaf,7. Healthy leaf,True,0.996422400080452,True,lab_distance_from_border_median,ok,0.06855867346938775,False,False,False,0.44574856758117676,6.50170933923056,0.5205780267715454,6.091539895356592,True,True
681,7. Healthy leaf,7. Healthy leaf,True,0.9984003113199833,True,lab_distance_from_border_median,ok,0.1969268176020408,False,False,False,0.7358784675598145,3.736811859961669,0.7850322127342224,3.487055267895923,True,True
682,7. Healthy leaf,7. Healthy leaf,True,0.9961830470981865,True,lab_distance_from_border_median,ok,0.19056919642857142,False,False,False,0.7197298407554626,3.7767375538324717,0.7740139961242676,3.551291721793275,True,True
683,7. Healthy leaf,7. Healthy leaf,True,0.997745086745799,True,lab_distance_from_border_median,ok,0.1617705676020408,False,False,False,0.6357014179229736,3.9296481884567114,0.6980920433998108,3.7259298340207323,True,True
684,7. Healthy leaf,7. Healthy leaf,True,0.9975328858239008,True,lab_distance_from_border_median,ok,0.06134406887755102,False,False,False,0.4184236526489258,6.820930862674627,0.5111784338951111,6.348734925525023,True,True
685,7. Healthy leaf,7. Healthy leaf,True,0.990964894698314,True,lab_distance_from_border_median,ok,0.05161830357142857,False,False,False,0.4618627429008484,8.9476544354413,0.5491210222244263,8.166181508930887,True,True
686,7. Healthy leaf,7. Healthy leaf,True,0.9997252696869167,True,lab_distance_from_border_median,ok,0.1311981823979592,False,False,False,0.614289402961731,4.682148729000123,0.6773086786270142,4.364839488670571,True,True
687,7. Healthy leaf,7. Healthy leaf,True,0.9972884789374029,True,lab_distance_from_border_median,ok,0.15824298469387754,False,False,False,0.6305201649665833,3.9845062717082222,0.7047949433326721,3.7509324434302247,True,True
688,7. Healthy leaf,7. Healthy leaf,True,0.8699501313083765,True,lab_distance_from_border_median,ok,0.08938536352040816,False,False,False,0.4927789568901062,5.512971447250384,0.5537235140800476,5.059849033414764,True,True
689,7. Healthy leaf,7. Healthy leaf,True,0.7422929747071966,True,lab_distance_from_border_median,ok,0.05719866071428571,False,False,False,0.47921013832092285,8.377995784108233,0.5572305917739868,7.610125795550235,True,True
690,7. Healthy leaf,7. Healthy leaf,True,0.9995876569000485,True,lab_distance_from_border_median,ok,0.06299824617346939,False,False,False,0.4913637042045593,7.799641006696605,0.5768910646438599,7.163099742531628,True,True
691,7. Healthy leaf,7. Healthy leaf,True,0.9619470885293644,True,saturation,ok,0.34646045918367346,True,True,False,0.4241611361503601,1.2242699705177444,0.5218336582183838,1.3331734029921398,True,True
692,7. Healthy leaf,7. Healthy leaf,True,0.9992200057066745,True,lab_distance_from_border_median,ok,0.1149154974489796,False,False,False,0.5576725602149963,4.852892539255577,0.6293951272964478,4.479507788259087,True,True
693,7. Healthy leaf,7. Healthy leaf,True,0.999706483930286,True,lab_distance_from_border_median,ok,0.2499402104591837,False,False,False,0.750486433506012,3.002663845594263,0.7938190698623657,2.8389640519895982,True,True
694,7. Healthy leaf,7. Healthy leaf,True,0.9994563013974622,True,lab_distance_from_border_median,ok,0.12607621173469388,False,False,False,0.6031368970870972,4.783907200164746,0.6667138338088989,4.4550583733114015,True,True
695,7. Healthy leaf,7. Healthy leaf,True,0.9986138384320337,True,lab_distance_from_border_median,ok,0.1545360331632653,False,False,False,0.5435522794723511,3.517317407119511,0.6214768290519714,3.3251462331533075,True,True
696,7. Healthy leaf,7. Healthy leaf,True,0.9966565422244739,True,lab_distance_from_border_median,ok,0.13996731505102042,False,False,False,0.48671770095825195,3.4773668465443897,0.5504796504974365,3.3406950826511097,True,True
697,7. Healthy leaf,7. Healthy leaf,True,0.9961476187235412,True,lab_distance_from_border_median,ok,0.13653938137755103,False,False,False,0.605118989944458,4.431827534586647,0.6651228666305542,4.087849700643641,True,True
698,7. Healthy leaf,7. Healthy leaf,True,0.9932377595900941,True,lab_distance_from_border_median,ok,0.23088727678571427,False,False,False,0.73362135887146,3.177400544042674,0.7828536629676819,3.015543174655797,True,True
699,7. Healthy leaf,7. Healthy leaf,True,0.9974623582117449,True,lab_distance_from_border_median,ok,0.21691645408163265,False,False,False,0.6709833145141602,3.093279932842935,0.7345297336578369,2.909129680007548,True,True
700,7. Healthy leaf,7. Healthy leaf,True,0.998458594970716,True,lab_distance_from_border_median,ok,0.17986686862244897,False,False,False,0.5777983665466309,3.2123668520602497,0.6476622223854065,3.0056510978921716,True,True
701,7. Healthy leaf,7. Healthy leaf,True,0.9950338969718485,True,lab_distance_from_border_median,ok,0.20731026785714285,False,False,False,0.6374656558036804,3.074935276447363,0.6929579973220825,2.8885819119076857,True,True
702,7. Healthy leaf,7. Healthy leaf,True,0.9992156786961862,True,lab_distance_from_border_median,ok,0.1676299426020408,False,False,False,0.677154541015625,4.039579865652122,0.7327601909637451,3.7307940478738586,True,True
703,7. Healthy leaf,7. Healthy leaf,True,0.9991019772111771,True,lab_distance_from_border_median,ok,0.1499920280612245,False,False,False,0.5361367464065552,3.5744349438872325,0.5943695306777954,3.3580774204806962,True,True
704,7. Healthy leaf,7. Healthy leaf,True,0.9994538254191506,True,lab_distance_from_border_median,ok,0.13645966198979592,False,False,False,0.6189635992050171,4.535872287675031,0.6770512461662292,4.227968055710854,True,True
705,7. Healthy leaf,7. Healthy leaf,True,0.9991219754754586,True,lab_distance_from_border_median,ok,0.13506457270408162,False,False,False,0.5794628858566284,4.290265568945284,0.645006537437439,4.029363548613165,True,True
706,7. Healthy leaf,7. Healthy leaf,True,0.9994638022617249,True,lab_distance_from_border_median,ok,0.1310188137755102,False,False,False,0.5530481338500977,4.221135254648996,0.6140341758728027,3.9509847151312836,True,True
707,7. Healthy leaf,7. Healthy leaf,True,0.99937956350329,True,lab_distance_from_border_median,ok,0.13203523596938777,False,False,False,0.5874903202056885,4.449496499115566,0.6574211716651917,4.129022995302623,True,True
708,7. Healthy leaf,7. Healthy leaf,True,0.999824277136284,True,lab_distance_from_border_median,ok,0.1048110650510204,False,False,False,0.565611720085144,5.396488622740481,0.6358556151390076,5.049009549804532,True,True
709,7. Healthy leaf,7. Healthy leaf,True,0.9998089957864363,True,lab_distance_from_border_median,ok,0.11862244897959184,False,False,False,0.5364737510681152,4.522531406853789,0.5989765524864197,4.2282284042710465,True,True
710,7. Healthy leaf,7. Healthy leaf,True,0.9996498193726487,True,lab_distance_from_border_median,ok,0.13295200892857142,False,False,False,0.6021475791931152,4.52905965126574,0.6674041748046875,4.235193104211458,True,True
711,7. Healthy leaf,7. Healthy leaf,True,0.9970211030945038,True,lab_distance_from_border_median,ok,0.1823780293367347,False,False,False,0.650514543056488,3.566847089105272,0.7112634181976318,3.3356718638643215,True,True
712,7. Healthy leaf,7. Healthy leaf,True,0.9998448494231601,True,lab_distance_from_border_median,ok,0.15110809948979592,False,False,False,0.6442252397537231,4.263340230794356,0.7040820121765137,3.9645403482177923,True,True
713,7. Healthy leaf,7. Healthy leaf,True,0.9995054790689989,True,lab_distance_from_border_median,ok,0.1824577487244898,False,False,False,0.574353814125061,3.1478729631391658,0.6394925117492676,2.9904171733020735,True,True
714,7. Healthy leaf,7. Healthy leaf,True,0.9975289354677281,True,lab_distance_from_border_median,ok,0.20535714285714285,False,False,False,0.7804038524627686,3.800227455470873,0.8270703554153442,3.4955426342082476,True,True
715,7. Healthy leaf,7. Healthy leaf,True,0.9973984115759801,True,lab_distance_from_border_median,ok,0.1644610969387755,False,False,False,0.597271203994751,3.63168685550662,0.6610336303710938,3.392801088123977,True,True
716,7. Healthy leaf,7. Healthy leaf,True,0.9960141746231872,True,lab_distance_from_border_median,ok,0.08151307397959184,False,False,False,0.4323031008243561,5.30348175720364,0.5026024580001831,4.9721176917620635,True,True
717,7. Healthy leaf,7. Healthy leaf,True,0.9992686796809171,True,lab_distance_from_border_median,ok,0.14979272959183673,False,False,False,0.6233685612678528,4.161540836904708,0.6873313188552856,3.887671768107633,True,True
718,7. Healthy leaf,7. Healthy leaf,True,0.9966367354942982,True,lab_distance_from_border_median,ok,0.1600765306122449,False,False,False,0.5784540176391602,3.6136091619848734,0.647643506526947,3.358429163238538,True,True
719,7. Healthy leaf,7. Healthy leaf,True,0.9971091102222318,True,lab_distance_from_border_median,ok,0.11158721301020408,False,False,False,0.4966545104980469,4.4508192032059295,0.5678774118423462,4.163328026972759,True,True
720,7. Healthy leaf,7. Healthy leaf,True,0.9886787870969014,True,lab_distance_from_border_median,ok,0.12037627551020408,False,False,False,0.5172269344329834,4.296751434124069,0.5772402286529541,3.976332470193661,True,True
721,7. Healthy leaf,7. Healthy leaf,True,0.9987622978183115,True,lab_distance_from_border_median,ok,0.12836814413265307,False,False,False,0.6221144199371338,4.8463302491485205,0.6850770115852356,4.479335956906539,True,True
722,7. Healthy leaf,7. Healthy leaf,True,0.9902247909995049,True,lab_distance_from_border_median,ok,0.13622050382653061,False,False,False,0.5621917247772217,4.12707124834263,0.6271805763244629,3.9034250307189593,True,True
723,7. Healthy leaf,7. Healthy leaf,True,0.9986493724999733,True,lab_distance_from_border_median,ok,0.20735012755102042,False,False,False,0.6010258793830872,2.898603856586484,0.6611833572387695,2.7298227707407636,True,True
724,7. Healthy leaf,7. Healthy leaf,True,0.9988275860608058,True,lab_distance_from_border_median,ok,0.07792570153061225,False,False,False,0.4581015706062317,5.878696779216951,0.5366356372833252,5.501885928959568,True,True
725,7. Healthy leaf,7. Healthy leaf,True,0.9963519461737906,True,lab_distance_from_border_median,ok,0.11868223852040816,False,False,False,0.5175285339355469,4.36062329450042,0.592228889465332,4.091377771969228,True,True
726,7. Healthy leaf,7. Healthy leaf,True,0.999045314117209,True,lab_distance_from_border_median,ok,0.1754424426020408,False,False,False,0.6291722059249878,3.5862029540488685,0.6889997720718384,3.3257578223642676,True,True
727,7. Healthy leaf,7. Healthy leaf,True,0.9926406976436607,True,lab_distance_from_border_median,ok,0.07099011479591837,False,False,False,0.4229238033294678,5.957502738871245,0.5112216472625732,5.601890668933583,True,True
728,7. Healthy leaf,7. Healthy leaf,True,0.9964115601496965,True,lab_distance_from_border_median,ok,0.15603077168367346,False,False,False,0.6401129961013794,4.102479204545001,0.7026876211166382,3.8261588797773673,True,True
729,7. Healthy leaf,7. Healthy leaf,True,0.9979469930508112,True,lab_distance_from_border_median,ok,0.17857142857142858,False,False,False,0.6912469267845154,3.870982789993286,0.7510185837745667,3.6426397737527942,True,True
730,7. Healthy leaf,7. Healthy leaf,True,0.9997676129897066,True,lab_distance_from_border_median,ok,0.2087452168367347,False,False,False,0.6217366456985474,2.978447387299056,0.6781997680664062,2.7963967098775577,True,True
731,7. Healthy leaf,7. Healthy leaf,True,0.9955307409934357,True,lab_distance_from_border_median,ok,0.29502152423469385,False,False,False,0.7898684740066528,2.6773249038544766,0.8257691860198975,2.522298330658938,True,True
732,7. Healthy leaf,7. Healthy leaf,True,0.9948764631543628,True,lab_distance_from_border_median,ok,0.2420280612244898,False,False,False,0.699813961982727,2.8914579509589355,0.7499269843101501,2.7186139993314136,True,True
733,7. Healthy leaf,7. Healthy leaf,True,0.9960454534600638,True,lab_distance_from_border_median,ok,0.19551179846938777,False,False,False,0.6471622586250305,3.310093118121257,0.7011988759040833,3.10587524694238,True,True
734,7. Healthy leaf,7. Healthy leaf,True,0.9995767878929146,True,lab_distance_from_border_median,ok,0.08175223214285714,False,False,False,0.45390889048576355,5.552250728672275,0.5317948460578918,5.238189673302077,True,True
735,7. Healthy leaf,7. Healthy leaf,True,0.9993801121250776,True,lab_distance_from_border_median,ok,0.13952885841836735,False,False,False,0.6031009554862976,4.322410161759816,0.6738290786743164,4.046200077975407,True,True
736,7. Healthy leaf,7. Healthy leaf,True,0.9991687287849379,True,lab_distance_from_border_median,ok,0.23513233418367346,False,False,False,0.8005117177963257,3.40451567656793,0.8431732058525085,3.154653551327676,True,True
737,7. Healthy leaf,7. Healthy leaf,True,0.9996749239321243,True,lab_distance_from_border_median,ok,0.20356345663265307,False,False,False,0.7162188291549683,3.518405714869756,0.7710047960281372,3.316126919724654,True,True
738,7. Healthy leaf,7. Healthy leaf,True,0.9872728141101994,True,lab_distance_from_border_median,ok,0.06915656887755102,False,False,False,0.4997323155403137,7.226100479697632,0.5767906904220581,6.696216955718924,True,True
739,7. Healthy leaf,7. Healthy leaf,True,0.9908196177568944,True,lab_distance_from_border_median,ok,0.07348134566326531,False,False,False,0.3892090618610382,5.296705692416451,0.4805799722671509,4.863570126760098,True,True
740,7. Healthy leaf,7. Healthy leaf,True,0.8232959780786888,True,lab_distance_from_border_median,ok,0.038185586734693876,False,False,False,0.3915110230445862,10.252848169251125,0.4836287200450897,9.508838031732923,True,True
741,7. Healthy leaf,7. Healthy leaf,True,0.9992092949019727,True,lab_distance_from_border_median,ok,0.18518813775510204,False,False,False,0.6790177226066589,3.6666372416607533,0.7292183637619019,3.4109499972142436,True,True
742,7. Healthy leaf,7. Healthy leaf,True,0.9864798334032377,True,lab_distance_from_border_median,ok,0.08055644132653061,False,False,False,0.4251801371574402,5.278040218211706,0.5013415813446045,4.914107283755983,True,True
743,7. Healthy leaf,7. Healthy leaf,True,0.996820946416144,True,lab_distance_from_border_median,ok,0.12163185586734694,False,False,False,0.6507273316383362,5.349974535848788,0.7127214670181274,4.875461803558495,True,True
744,7. Healthy leaf,7. Healthy leaf,True,0.9993910141252028,True,lab_distance_from_border_median,ok,0.09444754464285714,False,False,False,0.5883985161781311,6.229897435694009,0.6663941144943237,5.794972459075769,True,True
745,7. Healthy leaf,7. Healthy leaf,True,0.9997232187655255,True,lab_distance_from_border_median,ok,0.17881058673469388,False,False,False,0.6510140895843506,3.6408028264583563,0.7083196640014648,3.4445287324033242,True,True
746,7. Healthy leaf,7. Healthy leaf,True,0.9998600247741445,True,lab_distance_from_border_median,ok,0.14455117984693877,False,False,False,0.6494044065475464,4.492556942358981,0.7113842368125916,4.181142727692233,True,True
747,7. Healthy leaf,7. Healthy leaf,True,0.9992649878790449,True,lab_distance_from_border_median,ok,0.1239437181122449,False,False,False,0.6534162163734436,5.271878448746407,0.7210675477981567,4.855110745883026,True,True
748,7. Healthy leaf,7. Healthy leaf,True,0.9998863130159197,True,lab_distance_from_border_median,ok,0.14399314413265307,False,False,False,0.5963295698165894,4.141374739808607,0.6585942506790161,3.893675635922035,True,True
749,7. Healthy leaf,7. Healthy leaf,True,0.9997809527740076,True,lab_distance_from_border_median,ok,0.13960857780612246,False,False,False,0.6282080411911011,4.499781109893602,0.6907457113265991,4.233918496399149,True,True
750,7. Healthy leaf,7. Healthy leaf,True,0.9966104370076246,True,lab_distance_from_border_median,ok,0.21448501275510204,False,False,False,0.7783614993095398,3.6289784974312833,0.8277732133865356,3.3811745974342893,True,True
751,7. Healthy leaf,7. Healthy leaf,True,0.9990351675192,True,lab_distance_from_border_median,ok,0.16085379464285715,False,False,False,0.6659102439880371,4.139847900178881,0.7137314081192017,3.850358793010328,True,True
752,7. Healthy leaf,7. Healthy leaf,True,0.9955412841690301,True,lab_distance_from_border_median,ok,0.10233976403061225,False,False,False,0.6085630059242249,5.9464960828147815,0.6773610711097717,5.52908233349665,True,True
753,7. Healthy leaf,7. Healthy leaf,True,0.9998218633076109,True,lab_distance_from_border_median,ok,0.16677295918367346,False,False,False,0.6939876079559326,4.161271775429837,0.7511378526687622,3.8854734943822486,True,True
754,7. Healthy leaf,7. Healthy leaf,True,0.9992748515415967,True,lab_distance_from_border_median,ok,0.08960459183673469,False,False,False,0.475294291973114,5.304351955970411,0.5484766364097595,4.855392326834173,True,True
755,7. Healthy leaf,7. Healthy leaf,True,0.9988992443883288,True,lab_distance_from_border_median,ok,0.08986367984693877,False,False,False,0.5435435771942139,6.048534603969145,0.6209297180175781,5.607589908432326,True,True
756,7. Healthy leaf,7. Healthy leaf,True,0.9990542138808771,True,lab_distance_from_border_median,ok,0.14512914540816327,False,False,False,0.6274364590644836,4.323297414174613,0.6911623477935791,4.023174241634644,True,True
757,7. Healthy leaf,7. Healthy leaf,True,0.977454644292171,True,lab_distance_from_border_median,ok,0.04982461734693878,False,False,False,0.3341120481491089,6.705762451171875,0.4339100122451782,6.345633568759564,True,True
758,7. Healthy leaf,7. Healthy leaf,True,0.998544270115672,True,lab_distance_from_border_median,ok,0.18337452168367346,False,False,False,0.5870369076728821,3.2013002803384993,0.6555328369140625,3.021219401579866,True,True
759,7. Healthy leaf,7. Healthy leaf,True,0.9994395715036084,True,lab_distance_from_border_median,ok,0.10046635841836735,False,False,False,0.5623100399971008,5.596998327096713,0.6362118721008301,5.178871981591701,True,True
760,7. Healthy leaf,7. Healthy leaf,True,0.9992278729809441,True,lab_distance_from_border_median,ok,0.11774553571428571,False,False,False,0.5406862497329712,4.59198938161841,0.6049248576164246,4.334862847152488,True,True
761,7. Healthy leaf,7. Healthy leaf,True,0.986651964279991,True,lab_distance_from_border_median,ok,0.11985809948979592,False,False,False,0.5358908176422119,4.471043842037849,0.5978825092315674,4.236000110590671,True,True
762,7. Healthy leaf,7. Healthy leaf,True,0.9991158614315773,True,lab_distance_from_border_median,ok,0.10893654336734694,False,False,False,0.5655339956283569,5.191407567626864,0.6299328804016113,4.853733447025683,True,True
763,7. Healthy leaf,7. Healthy leaf,True,0.9855982154915951,True,lab_distance_from_border_median,ok,0.2698501275510204,False,False,False,0.707981526851654,2.6236101249120085,0.7525547742843628,2.4746174948877506,True,True
764,7. Healthy leaf,7. Healthy leaf,True,0.9923891901414368,True,lab_distance_from_border_median,ok,0.11114875637755102,False,False,False,0.5891067981719971,5.300165448283687,0.649138331413269,4.905295921233764,True,True
765,7. Healthy leaf,7. Healthy leaf,True,0.9999309850534416,True,lab_distance_from_border_median,ok,0.154296875,False,False,False,0.624920666217804,4.050118748145767,0.6827342510223389,3.7911546900505617,True,True
766,7. Healthy leaf,7. Healthy leaf,True,0.9957897782965385,True,lab_distance_from_border_median,ok,0.1719547193877551,False,False,False,0.6509984731674194,3.785871510158604,0.7089706659317017,3.5137605821601205,True,True
767,7. Healthy leaf,7. Healthy leaf,True,0.9950066567184314,True,lab_distance_from_border_median,ok,0.20005580357142858,False,False,False,0.669725775718689,3.3476948119606433,0.7255309820175171,3.148338887287982,True,True
768,7. Healthy leaf,7. Healthy leaf,True,0.999543156692343,True,lab_distance_from_border_median,ok,0.07627152423469388,False,False,False,0.4459734261035919,5.847181245929926,0.5150012969970703,5.443586492126606,True,True
769,7. Healthy leaf,7. Healthy leaf,True,0.993034102440087,True,lab_distance_from_border_median,ok,0.10144292091836735,False,False,False,0.5655645728111267,5.575200001055225,0.6342493295669556,5.102468231577932,True,True
770,7. Healthy leaf,7. Healthy leaf,True,0.9990294031147948,True,lab_distance_from_border_median,ok,0.11537388392857142,False,False,False,0.5459772944450378,4.732243345322892,0.604851245880127,4.464403664795712,True,True
771,7. Healthy leaf,7. Healthy leaf,True,0.99919898726021,True,lab_distance_from_border_median,ok,0.06521045918367346,False,False,False,0.46719616651535034,7.164436079179163,0.551080048084259,6.7277353996778055,True,True
772,7. Healthy leaf,7. Healthy leaf,True,0.9932755631851925,True,lab_distance_from_border_median,ok,0.26072225765306123,False,False,False,0.7071378231048584,2.7122265259218294,0.7530567646026611,2.5389985365342778,True,True
773,7. Healthy leaf,7. Healthy leaf,True,0.969656317801088,True,lab_distance_from_border_median,ok,0.15949856505102042,False,False,False,0.5871919393539429,3.6814872858957184,0.64457106590271,3.5021112942863426,True,True
774,7. Healthy leaf,7. Healthy leaf,True,0.9989283301559164,True,lab_distance_from_border_median,ok,0.1789500956632653,False,False,False,0.6811901330947876,3.806592729498169,0.7376090288162231,3.5655366695455504,True,True
775,7. Healthy leaf,7. Healthy leaf,True,0.9867133813896151,True,lab_distance_from_border_median,ok,0.2295719068877551,False,False,False,0.6322434544563293,2.754010553937041,0.6825724840164185,2.6138103455703128,True,True
776,7. Healthy leaf,7. Healthy leaf,True,0.933962650477398,True,lab_distance_from_border_median,ok,0.1659558354591837,False,False,False,0.5996266007423401,3.613169727254432,0.6582640409469604,3.423409672321174,True,True
777,7. Healthy leaf,7. Healthy leaf,True,0.9908960978368676,True,lab_distance_from_border_median,ok,0.09751674107142858,False,False,False,0.5313372611999512,5.448677379515379,0.6025272607803345,5.047146550403015,True,True
778,7. Healthy leaf,7. Healthy leaf,True,0.9994372621179368,True,lab_distance_from_border_median,ok,0.21739477040816327,False,False,False,0.7400596141815186,3.4042199487689655,0.7879747748374939,3.1988205746153797,True,True
779,7. Healthy leaf,7. Healthy leaf,True,0.9996905331274542,True,lab_distance_from_border_median,ok,0.10349569515306123,False,False,False,0.5427169799804688,5.243860425091469,0.6095326542854309,4.897343548667059,True,True
780,7. Healthy leaf,7. Healthy leaf,True,0.9990790014546647,True,lab_distance_from_border_median,ok,0.1502311862244898,False,False,False,0.6423750519752502,4.275910136363778,0.7075309157371521,4.025977685192486,True,True
781,7. Healthy leaf,7. Healthy leaf,True,0.999920268936081,True,lab_distance_from_border_median,ok,0.0787826849489796,False,False,False,0.47381263971328735,6.0141722768160655,0.5413057804107666,5.666713715395499,True,True
782,7. Healthy leaf,7. Healthy leaf,True,0.9969516240613431,True,lab_distance_from_border_median,ok,0.21871014030612246,False,False,False,0.6705669164657593,3.0660074358106377,0.7206199169158936,2.896797384327181,True,True
783,7. Healthy leaf,7. Healthy leaf,True,0.9995837751501141,True,lab_distance_from_border_median,ok,0.12171157525510204,False,False,False,0.6076526641845703,4.9925626458367445,0.6785986423492432,4.649012217164886,True,True
784,7. Healthy leaf,7. Healthy leaf,True,0.7789737147350343,True,lab_distance_from_border_median,ok,0.28007413903061223,False,False,False,0.4217444062232971,1.5058313048217573,0.48680007457733154,1.5204282939304194,True,True
785,7. Healthy leaf,7. Healthy leaf,True,0.9986361927012203,True,lab_distance_from_border_median,ok,0.260562818877551,False,False,False,0.7208194732666016,2.7663942091651372,0.7671221494674683,2.616841455685613,True,True
786,7. Healthy leaf,7. Healthy leaf,True,0.998905600504999,True,lab_distance_from_border_median,ok,0.11854272959183673,False,False,False,0.613741934299469,5.177389928616368,0.6854565143585205,4.814314958630057,True,True
787,7. Healthy leaf,7. Healthy leaf,True,0.9984156576448405,True,lab_distance_from_border_median,ok,0.07471699617346939,False,False,False,0.46458858251571655,6.217977251616056,0.5401284694671631,5.7491485116640595,True,True
788,7. Healthy leaf,7. Healthy leaf,True,0.995605003308259,True,lab_distance_from_border_median,ok,0.12569754464285715,False,False,False,0.6106020212173462,4.8577084218489865,0.6690642833709717,4.511620680341604,True,True
789,7. Healthy leaf,7. Healthy leaf,True,0.6938312216877599,False,lab_distance_from_border_median,ok,0.03268494897959184,False,False,False,0.25410759449005127,7.774452842154154,0.33949702978134155,7.172464406866776,False,False
790,7. Healthy leaf,7. Healthy leaf,True,0.9985008464976877,True,lab_distance_from_border_median,ok,0.07641103316326531,False,False,False,0.5181623697280884,6.781250668616735,0.5877864360809326,6.312665286129468,True,True
