group_id,size,n_distinct_labels,cross_label,labels,members
G00001,2,1,False,1. Tea algal leaf spot,1. Tea algal leaf spot/tea_algal_leaf_spot_00136.jpg|1. Tea algal leaf spot/tea_algal_leaf_spot_00137.jpg
G00002,2,1,False,1. Tea algal leaf spot,1. Tea algal leaf spot/tea_algal_leaf_spot_00144.jpg|1. Tea algal leaf spot/tea_algal_leaf_spot_00145.jpg
G00003,2,1,False,2. Brown Blight,2. Brown Blight/brown_blight_00094.jpg|2. Brown Blight/brown_blight_00095.jpg
G00004,2,1,False,2. Brown Blight,2. Brown Blight/brown_blight_00096.jpg|2. Brown Blight/brown_blight_00097.jpg
G00005,2,1,False,2. Brown Blight,2. Brown Blight/brown_blight_00108.jpg|2. Brown Blight/brown_blight_00109.jpg
G00006,2,1,False,2. Brown Blight,2. Brown Blight/brown_blight_00118.jpg|2. Brown Blight/brown_blight_00119.jpg
G00007,2,1,False,2. Brown Blight,2. Brown Blight/brown_blight_00121.jpg|2. Brown Blight/brown_blight_00122.jpg
G00008,2,1,False,2. Brown Blight,2. Brown Blight/brown_blight_00168.jpg|2. Brown Blight/brown_blight_00170.jpg
G00009,2,1,False,2. Brown Blight,2. Brown Blight/brown_blight_00253.jpg|2. Brown Blight/brown_blight_00254.jpg
G00010,2,1,False,2. Brown Blight,2. Brown Blight/brown_blight_00270.jpg|2. Brown Blight/brown_blight_00271.jpg
G00011,2,1,False,2. Brown Blight,2. Brown Blight/brown_blight_00284.jpg|2. Brown Blight/brown_blight_00285.jpg
G00012,2,1,False,2. Brown Blight,2. Brown Blight/brown_blight_00472.jpg|2. Brown Blight/brown_blight_00473.jpg
G00013,2,1,False,3. Gray Blight,3. Gray Blight/gray_blight_00293.jpg|3. Gray Blight/gray_blight_00294.jpg
G00014,2,1,False,3. Gray Blight,3. Gray Blight/gray_blight_00295.jpg|3. Gray Blight/gray_blight_00296.jpg
G00015,2,1,False,3. Gray Blight,3. Gray Blight/gray_blight_00360.jpg|3. Gray Blight/gray_blight_00361.jpg
G00016,2,1,False,3. Gray Blight,3. Gray Blight/gray_blight_00363.jpg|3. Gray Blight/gray_blight_00364.jpg
G00017,2,1,False,3. Gray Blight,3. Gray Blight/gray_blight_00493.jpg|3. Gray Blight/gray_blight_00494.jpg
G00018,2,1,False,4. Helopeltis,4. Helopeltis/helopeltis_00054.jpg|4. Helopeltis/helopeltis_00055.jpg
G00019,2,1,False,4. Helopeltis,4. Helopeltis/helopeltis_00143.jpg|4. Helopeltis/helopeltis_00144.jpg
G00020,2,1,False,4. Helopeltis,4. Helopeltis/helopeltis_00150.jpg|4. Helopeltis/helopeltis_00151.jpg
G00021,2,1,False,4. Helopeltis,4. Helopeltis/helopeltis_00178.jpg|4. Helopeltis/helopeltis_00179.jpg
G00022,2,1,False,4. Helopeltis,4. Helopeltis/helopeltis_00210.jpg|4. Helopeltis/helopeltis_00211.jpg
G00023,2,1,False,4. Helopeltis,4. Helopeltis/helopeltis_00232.jpg|4. Helopeltis/helopeltis_00233.jpg
G00024,2,1,False,4. Helopeltis,4. Helopeltis/helopeltis_00263.jpg|4. Helopeltis/helopeltis_00264.jpg
G00025,2,1,False,4. Helopeltis,4. Helopeltis/helopeltis_00290.jpg|4. Helopeltis/helopeltis_00291.jpg
G00026,2,1,False,4. Helopeltis,4. Helopeltis/helopeltis_00458.jpg|4. Helopeltis/helopeltis_00459.jpg
G00027,2,1,False,4. Helopeltis,4. Helopeltis/helopeltis_00547.jpg|4. Helopeltis/helopeltis_00548.jpg
G00028,2,1,False,5. Red spider,5. Red spider/red_spider_00076.jpg|5. Red spider/red_spider_00077.jpg
G00029,2,1,False,5. Red spider,5. Red spider/red_spider_00101.jpg|5. Red spider/red_spider_00102.jpg
G00030,2,1,False,5. Red spider,5. Red spider/red_spider_00129.jpg|5. Red spider/red_spider_00130.jpg
G00031,2,1,False,5. Red spider,5. Red spider/red_spider_00226.jpg|5. Red spider/red_spider_00227.jpg
G00032,2,1,False,6. Green mirid bug,6. Green mirid bug/green_mirid_bug_00388.jpg|6. Green mirid bug/green_mirid_bug_00389.jpg
G00033,2,1,False,6. Green mirid bug,6. Green mirid bug/green_mirid_bug_00487.jpg|6. Green mirid bug/green_mirid_bug_00488.jpg
G00034,2,1,False,6. Green mirid bug,6. Green mirid bug/green_mirid_bug_00515.jpg|6. Green mirid bug/green_mirid_bug_00516.jpg
G00035,2,1,False,6. Green mirid bug,6. Green mirid bug/green_mirid_bug_00521.jpg|6. Green mirid bug/green_mirid_bug_00522.jpg
G00036,2,1,False,6. Green mirid bug,6. Green mirid bug/green_mirid_bug_00580.jpg|6. Green mirid bug/green_mirid_bug_00581.jpg
G00037,2,1,False,6. Green mirid bug,6. Green mirid bug/green_mirid_bug_00647.jpg|6. Green mirid bug/green_mirid_bug_00648.jpg
G00038,2,1,False,6. Green mirid bug,6. Green mirid bug/green_mirid_bug_00650.jpg|6. Green mirid bug/green_mirid_bug_00651.jpg
G00039,2,1,False,6. Green mirid bug,6. Green mirid bug/green_mirid_bug_00689.jpg|6. Green mirid bug/green_mirid_bug_00690.jpg
G00040,2,1,False,6. Green mirid bug,6. Green mirid bug/green_mirid_bug_00801.jpg|6. Green mirid bug/green_mirid_bug_00803.jpg
G00041,2,1,False,6. Green mirid bug,6. Green mirid bug/green_mirid_bug_00816.jpg|6. Green mirid bug/green_mirid_bug_00817.jpg
G00042,2,1,False,6. Green mirid bug,6. Green mirid bug/green_mirid_bug_01072.jpg|6. Green mirid bug/green_mirid_bug_01073.jpg
G00043,2,1,False,7. Healthy leaf,7. Healthy leaf/healthy_00293.jpg|7. Healthy leaf/healthy_00294.jpg
G00044,1,1,False,1. Tea algal leaf spot,1. Tea algal leaf spot/tea_algal_leaf_spot_00001.jpg
G00045,1,1,False,1. Tea algal leaf spot,1. Tea algal leaf spot/tea_algal_leaf_spot_00002.jpg
G00046,1,1,False,1. Tea algal leaf spot,1. Tea algal leaf spot/tea_algal_leaf_spot_00003.jpg
G00047,1,1,False,1. Tea algal leaf spot,1. Tea algal leaf spot/tea_algal_leaf_spot_00004.jpg
G00048,1,1,False,1. Tea algal leaf spot,1. Tea algal leaf spot/tea_algal_leaf_spot_00005.jpg
G00049,1,1,False,1. Tea algal leaf spot,1. Tea algal leaf spot/tea_algal_leaf_spot_00006.jpg
G00050,1,1,False,1. Tea algal leaf spot,1. Tea algal leaf spot/tea_algal_leaf_spot_00007.jpg
G00051,1,1,False,1. Tea algal leaf spot,1. Tea algal leaf spot/tea_algal_leaf_spot_00008.jpg
G00052,1,1,False,1. Tea algal leaf spot,1. Tea algal leaf spot/tea_algal_leaf_spot_00009.jpg
G00053,1,1,False,1. Tea algal leaf spot,1. Tea algal leaf spot/tea_algal_leaf_spot_00010.jpg
G00054,1,1,False,1. Tea algal leaf spot,1. Tea algal leaf spot/tea_algal_leaf_spot_00011.jpg
G00055,1,1,False,1. Tea algal leaf spot,1. Tea algal leaf spot/tea_algal_leaf_spot_00012.jpg
G00056,1,1,False,1. Tea algal leaf spot,1. Tea algal leaf spot/tea_algal_leaf_spot_00013.jpg
G00057,1,1,False,1. Tea algal leaf spot,1. Tea algal leaf spot/tea_algal_leaf_spot_00014.jpg
G00058,1,1,False,1. Tea algal leaf spot,1. Tea algal leaf spot/tea_algal_leaf_spot_00015.jpg
G00059,1,1,False,1. Tea algal leaf spot,1. Tea algal leaf spot/tea_algal_leaf_spot_00016.jpg
G00060,1,1,False,1. Tea algal leaf spot,1. Tea algal leaf spot/tea_algal_leaf_spot_00017.jpg
G00061,1,1,False,1. Tea algal leaf spot,1. Tea algal leaf spot/tea_algal_leaf_spot_00018.jpg
G00062,1,1,False,1. Tea algal leaf spot,1. Tea algal leaf spot/tea_algal_leaf_spot_00019.jpg
G00063,1,1,False,1. Tea algal leaf spot,1. Tea algal leaf spot/tea_algal_leaf_spot_00020.jpg
G00064,1,1,False,1. Tea algal leaf spot,1. Tea algal leaf spot/tea_algal_leaf_spot_00021.jpg
G00065,1,1,False,1. Tea algal leaf spot,1. Tea algal leaf spot/tea_algal_leaf_spot_00022.jpg
G00066,1,1,False,1. Tea algal leaf spot,1. Tea algal leaf spot/tea_algal_leaf_spot_00023.jpg
G00067,1,1,False,1. Tea algal leaf spot,1. Tea algal leaf spot/tea_algal_leaf_spot_00024.jpg
G00068,1,1,False,1. Tea algal leaf spot,1. Tea algal leaf spot/tea_algal_leaf_spot_00025.jpg
G00069,1,1,False,1. Tea algal leaf spot,1. Tea algal leaf spot/tea_algal_leaf_spot_00026.jpg
G00070,1,1,False,1. Tea algal leaf spot,1. Tea algal leaf spot/tea_algal_leaf_spot_00027.jpg
G00071,1,1,False,1. Tea algal leaf spot,1. Tea algal leaf spot/tea_algal_leaf_spot_00028.jpg
G00072,1,1,False,1. Tea algal leaf spot,1. Tea algal leaf spot/tea_algal_leaf_spot_00029.jpg
G00073,1,1,False,1. Tea algal leaf spot,1. Tea algal leaf spot/tea_algal_leaf_spot_00030.jpg
G00074,1,1,False,1. Tea algal leaf spot,1. Tea algal leaf spot/tea_algal_leaf_spot_00031.jpg
G00075,1,1,False,1. Tea algal leaf spot,1. Tea algal leaf spot/tea_algal_leaf_spot_00032.jpg
G00076,1,1,False,1. Tea algal leaf spot,1. Tea algal leaf spot/tea_algal_leaf_spot_00033.jpg
G00077,1,1,False,1. Tea algal leaf spot,1. Tea algal leaf spot/tea_algal_leaf_spot_00034.jpg
G00078,1,1,False,1. Tea algal leaf spot,1. Tea algal leaf spot/tea_algal_leaf_spot_00035.jpg
G00079,1,1,False,1. Tea algal leaf spot,1. Tea algal leaf spot/tea_algal_leaf_spot_00036.jpg
G00080,1,1,False,1. Tea algal leaf spot,1. Tea algal leaf spot/tea_algal_leaf_spot_00037.jpg
G00081,1,1,False,1. Tea algal leaf spot,1. Tea algal leaf spot/tea_algal_leaf_spot_00038.jpg
G00082,1,1,False,1. Tea algal leaf spot,1. Tea algal leaf spot/tea_algal_leaf_spot_00039.jpg
G00083,1,1,False,1. Tea algal leaf spot,1. Tea algal leaf spot/tea_algal_leaf_spot_00040.jpg
G00084,1,1,False,1. Tea algal leaf spot,1. Tea algal leaf spot/tea_algal_leaf_spot_00041.jpg
G00085,1,1,False,1. Tea algal leaf spot,1. Tea algal leaf spot/tea_algal_leaf_spot_00042.jpg
G00086,1,1,False,1. Tea algal leaf spot,1. Tea algal leaf spot/tea_algal_leaf_spot_00043.jpg
G00087,1,1,False,1. Tea algal leaf spot,1. Tea algal leaf spot/tea_algal_leaf_spot_00044.jpg
G00088,1,1,False,1. Tea algal leaf spot,1. Tea algal leaf spot/tea_algal_leaf_spot_00045.jpg
G00089,1,1,False,1. Tea algal leaf spot,1. Tea algal leaf spot/tea_algal_leaf_spot_00046.jpg
G00090,1,1,False,1. Tea algal leaf spot,1. Tea algal leaf spot/tea_algal_leaf_spot_00047.jpg
G00091,1,1,False,1. Tea algal leaf spot,1. Tea algal leaf spot/tea_algal_leaf_spot_00048.jpg
G00092,1,1,False,1. Tea algal leaf spot,1. Tea algal leaf spot/tea_algal_leaf_spot_00049.jpg
G00093,1,1,False,1. Tea algal leaf spot,1. Tea algal leaf spot/tea_algal_leaf_spot_00050.jpg
G00094,1,1,False,1. Tea algal leaf spot,1. Tea algal leaf spot/tea_algal_leaf_spot_00051.jpg
G00095,1,1,False,1. Tea algal leaf spot,1. Tea algal leaf spot/tea_algal_leaf_spot_00052.jpg
G00096,1,1,False,1. Tea algal leaf spot,1. Tea algal leaf spot/tea_algal_leaf_spot_00053.jpg
G00097,1,1,False,1. Tea algal leaf spot,1. Tea algal leaf spot/tea_algal_leaf_spot_00054.jpg
G00098,1,1,False,1. Tea algal leaf spot,1. Tea algal leaf spot/tea_algal_leaf_spot_00055.jpg
G00099,1,1,False,1. Tea algal leaf spot,1. Tea algal leaf spot/tea_algal_leaf_spot_00056.jpg
G00100,1,1,False,1. Tea algal leaf spot,1. Tea algal leaf spot/tea_algal_leaf_spot_00057.jpg
G00101,1,1,False,1. Tea algal leaf spot,1. Tea algal leaf spot/tea_algal_leaf_spot_00058.jpg
G00102,1,1,False,1. Tea algal leaf spot,1. Tea algal leaf spot/tea_algal_leaf_spot_00059.jpg
G00103,1,1,False,1. Tea algal leaf spot,1. Tea algal leaf spot/tea_algal_leaf_spot_00060.jpg
G00104,1,1,False,1. Tea algal leaf spot,1. Tea algal leaf spot/tea_algal_leaf_spot_00061.jpg
G00105,1,1,False,1. Tea algal leaf spot,1. Tea algal leaf spot/tea_algal_leaf_spot_00062.jpg
G00106,1,1,False,1. Tea algal leaf spot,1. Tea algal leaf spot/tea_algal_leaf_spot_00063.jpg
G00107,1,1,False,1. Tea algal leaf spot,1. Tea algal leaf spot/tea_algal_leaf_spot_00064.jpg
G00108,1,1,False,1. Tea algal leaf spot,1. Tea algal leaf spot/tea_algal_leaf_spot_00065.jpg
G00109,1,1,False,1. Tea algal leaf spot,1. Tea algal leaf spot/tea_algal_leaf_spot_00066.jpg
G00110,1,1,False,1. Tea algal leaf spot,1. Tea algal leaf spot/tea_algal_leaf_spot_00067.jpg
G00111,1,1,False,1. Tea algal leaf spot,1. Tea algal leaf spot/tea_algal_leaf_spot_00068.jpg
G00112,1,1,False,1. Tea algal leaf spot,1. Tea algal leaf spot/tea_algal_leaf_spot_00069.jpg
G00113,1,1,False,1. Tea algal leaf spot,1. Tea algal leaf spot/tea_algal_leaf_spot_00070.jpg
G00114,1,1,False,1. Tea algal leaf spot,1. Tea algal leaf spot/tea_algal_leaf_spot_00071.jpg
G00115,1,1,False,1. Tea algal leaf spot,1. Tea algal leaf spot/tea_algal_leaf_spot_00072.jpg
G00116,1,1,False,1. Tea algal leaf spot,1. Tea algal leaf spot/tea_algal_leaf_spot_00073.jpg
G00117,1,1,False,1. Tea algal leaf spot,1. Tea algal leaf spot/tea_algal_leaf_spot_00074.jpg
G00118,1,1,False,1. Tea algal leaf spot,1. Tea algal leaf spot/tea_algal_leaf_spot_00075.jpg
G00119,1,1,False,1. Tea algal leaf spot,1. Tea algal leaf spot/tea_algal_leaf_spot_00076.jpg
G00120,1,1,False,1. Tea algal leaf spot,1. Tea algal leaf spot/tea_algal_leaf_spot_00077.jpg
G00121,1,1,False,1. Tea algal leaf spot,1. Tea algal leaf spot/tea_algal_leaf_spot_00078.jpg
G00122,1,1,False,1. Tea algal leaf spot,1. Tea algal leaf spot/tea_algal_leaf_spot_00079.jpg
G00123,1,1,False,1. Tea algal leaf spot,1. Tea algal leaf spot/tea_algal_leaf_spot_00080.jpg
G00124,1,1,False,1. Tea algal leaf spot,1. Tea algal leaf spot/tea_algal_leaf_spot_00081.jpg
G00125,1,1,False,1. Tea algal leaf spot,1. Tea algal leaf spot/tea_algal_leaf_spot_00082.jpg
G00126,1,1,False,1. Tea algal leaf spot,1. Tea algal leaf spot/tea_algal_leaf_spot_00083.jpg
G00127,1,1,False,1. Tea algal leaf spot,1. Tea algal leaf spot/tea_algal_leaf_spot_00084.jpg
G00128,1,1,False,1. Tea algal leaf spot,1. Tea algal leaf spot/tea_algal_leaf_spot_00085.jpg
G00129,1,1,False,1. Tea algal leaf spot,1. Tea algal leaf spot/tea_algal_leaf_spot_00086.jpg
G00130,1,1,False,1. Tea algal leaf spot,1. Tea algal leaf spot/tea_algal_leaf_spot_00087.jpg
G00131,1,1,False,1. Tea algal leaf spot,1. Tea algal leaf spot/tea_algal_leaf_spot_00088.jpg
G00132,1,1,False,1. Tea algal leaf spot,1. Tea algal leaf spot/tea_algal_leaf_spot_00089.jpg
G00133,1,1,False,1. Tea algal leaf spot,1. Tea algal leaf spot/tea_algal_leaf_spot_00090.jpg
G00134,1,1,False,1. Tea algal leaf spot,1. Tea algal leaf spot/tea_algal_leaf_spot_00091.jpg
G00135,1,1,False,1. Tea algal leaf spot,1. Tea algal leaf spot/tea_algal_leaf_spot_00092.jpg
G00136,1,1,False,1. Tea algal leaf spot,1. Tea algal leaf spot/tea_algal_leaf_spot_00093.jpg
G00137,1,1,False,1. Tea algal leaf spot,1. Tea algal leaf spot/tea_algal_leaf_spot_00094.jpg
G00138,1,1,False,1. Tea algal leaf spot,1. Tea algal leaf spot/tea_algal_leaf_spot_00095.jpg
G00139,1,1,False,1. Tea algal leaf spot,1. Tea algal leaf spot/tea_algal_leaf_spot_00096.jpg
G00140,1,1,False,1. Tea algal leaf spot,1. Tea algal leaf spot/tea_algal_leaf_spot_00097.jpg
G00141,1,1,False,1. Tea algal leaf spot,1. Tea algal leaf spot/tea_algal_leaf_spot_00098.jpg
G00142,1,1,False,1. Tea algal leaf spot,1. Tea algal leaf spot/tea_algal_leaf_spot_00099.jpg
G00143,1,1,False,1. Tea algal leaf spot,1. Tea algal leaf spot/tea_algal_leaf_spot_00100.jpg
G00144,1,1,False,1. Tea algal leaf spot,1. Tea algal leaf spot/tea_algal_leaf_spot_00101.jpg
G00145,1,1,False,1. Tea algal leaf spot,1. Tea algal leaf spot/tea_algal_leaf_spot_00102.jpg
G00146,1,1,False,1. Tea algal leaf spot,1. Tea algal leaf spot/tea_algal_leaf_spot_00103.jpg
G00147,1,1,False,1. Tea algal leaf spot,1. Tea algal leaf spot/tea_algal_leaf_spot_00104.jpg
G00148,1,1,False,1. Tea algal leaf spot,1. Tea algal leaf spot/tea_algal_leaf_spot_00105.jpg
G00149,1,1,False,1. Tea algal leaf spot,1. Tea algal leaf spot/tea_algal_leaf_spot_00106.jpg
G00150,1,1,False,1. Tea algal leaf spot,1. Tea algal leaf spot/tea_algal_leaf_spot_00107.jpg
G00151,1,1,False,1. Tea algal leaf spot,1. Tea algal leaf spot/tea_algal_leaf_spot_00108.jpg
G00152,1,1,False,1. Tea algal leaf spot,1. Tea algal leaf spot/tea_algal_leaf_spot_00109.jpg
G00153,1,1,False,1. Tea algal leaf spot,1. Tea algal leaf spot/tea_algal_leaf_spot_00110.jpg
G00154,1,1,False,1. Tea algal leaf spot,1. Tea algal leaf spot/tea_algal_leaf_spot_00111.jpg
G00155,1,1,False,1. Tea algal leaf spot,1. Tea algal leaf spot/tea_algal_leaf_spot_00112.jpg
G00156,1,1,False,1. Tea algal leaf spot,1. Tea algal leaf spot/tea_algal_leaf_spot_00113.jpg
G00157,1,1,False,1. Tea algal leaf spot,1. Tea algal leaf spot/tea_algal_leaf_spot_00114.jpg
G00158,1,1,False,1. Tea algal leaf spot,1. Tea algal leaf spot/tea_algal_leaf_spot_00115.jpg
G00159,1,1,False,1. Tea algal leaf spot,1. Tea algal leaf spot/tea_algal_leaf_spot_00116.jpg
G00160,1,1,False,1. Tea algal leaf spot,1. Tea algal leaf spot/tea_algal_leaf_spot_00117.jpg
G00161,1,1,False,1. Tea algal leaf spot,1. Tea algal leaf spot/tea_algal_leaf_spot_00118.jpg
G00162,1,1,False,1. Tea algal leaf spot,1. Tea algal leaf spot/tea_algal_leaf_spot_00119.jpg
G00163,1,1,False,1. Tea algal leaf spot,1. Tea algal leaf spot/tea_algal_leaf_spot_00120.jpg
G00164,1,1,False,1. Tea algal leaf spot,1. Tea algal leaf spot/tea_algal_leaf_spot_00121.jpg
G00165,1,1,False,1. Tea algal leaf spot,1. Tea algal leaf spot/tea_algal_leaf_spot_00122.jpg
G00166,1,1,False,1. Tea algal leaf spot,1. Tea algal leaf spot/tea_algal_leaf_spot_00123.jpg
G00167,1,1,False,1. Tea algal leaf spot,1. Tea algal leaf spot/tea_algal_leaf_spot_00124.jpg
G00168,1,1,False,1. Tea algal leaf spot,1. Tea algal leaf spot/tea_algal_leaf_spot_00125.jpg
G00169,1,1,False,1. Tea algal leaf spot,1. Tea algal leaf spot/tea_algal_leaf_spot_00126.jpg
G00170,1,1,False,1. Tea algal leaf spot,1. Tea algal leaf spot/tea_algal_leaf_spot_00127.jpg
G00171,1,1,False,1. Tea algal leaf spot,1. Tea algal leaf spot/tea_algal_leaf_spot_00128.jpg
G00172,1,1,False,1. Tea algal leaf spot,1. Tea algal leaf spot/tea_algal_leaf_spot_00129.jpg
G00173,1,1,False,1. Tea algal leaf spot,1. Tea algal leaf spot/tea_algal_leaf_spot_00130.jpg
G00174,1,1,False,1. Tea algal leaf spot,1. Tea algal leaf spot/tea_algal_leaf_spot_00131.jpg
G00175,1,1,False,1. Tea algal leaf spot,1. Tea algal leaf spot/tea_algal_leaf_spot_00132.jpg
G00176,1,1,False,1. Tea algal leaf spot,1. Tea algal leaf spot/tea_algal_leaf_spot_00133.jpg
G00177,1,1,False,1. Tea algal leaf spot,1. Tea algal leaf spot/tea_algal_leaf_spot_00134.jpg
G00178,1,1,False,1. Tea algal leaf spot,1. Tea algal leaf spot/tea_algal_leaf_spot_00135.jpg
G00179,1,1,False,1. Tea algal leaf spot,1. Tea algal leaf spot/tea_algal_leaf_spot_00138.jpg
G00180,1,1,False,1. Tea algal leaf spot,1. Tea algal leaf spot/tea_algal_leaf_spot_00139.jpg
G00181,1,1,False,1. Tea algal leaf spot,1. Tea algal leaf spot/tea_algal_leaf_spot_00140.jpg
G00182,1,1,False,1. Tea algal leaf spot,1. Tea algal leaf spot/tea_algal_leaf_spot_00141.jpg
G00183,1,1,False,1. Tea algal leaf spot,1. Tea algal leaf spot/tea_algal_leaf_spot_00142.jpg
G00184,1,1,False,1. Tea algal leaf spot,1. Tea algal leaf spot/tea_algal_leaf_spot_00143.jpg
G00185,1,1,False,1. Tea algal leaf spot,1. Tea algal leaf spot/tea_algal_leaf_spot_00146.jpg
G00186,1,1,False,1. Tea algal leaf spot,1. Tea algal leaf spot/tea_algal_leaf_spot_00147.jpg
G00187,1,1,False,1. Tea algal leaf spot,1. Tea algal leaf spot/tea_algal_leaf_spot_00148.jpg
G00188,1,1,False,1. Tea algal leaf spot,1. Tea algal leaf spot/tea_algal_leaf_spot_00149.jpg
G00189,1,1,False,1. Tea algal leaf spot,1. Tea algal leaf spot/tea_algal_leaf_spot_00150.jpg
G00190,1,1,False,1. Tea algal leaf spot,1. Tea algal leaf spot/tea_algal_leaf_spot_00151.jpg
G00191,1,1,False,1. Tea algal leaf spot,1. Tea algal leaf spot/tea_algal_leaf_spot_00152.jpg
G00192,1,1,False,1. Tea algal leaf spot,1. Tea algal leaf spot/tea_algal_leaf_spot_00153.jpg
G00193,1,1,False,1. Tea algal leaf spot,1. Tea algal leaf spot/tea_algal_leaf_spot_00154.jpg
G00194,1,1,False,1. Tea algal leaf spot,1. Tea algal leaf spot/tea_algal_leaf_spot_00155.jpg
G00195,1,1,False,1. Tea algal leaf spot,1. Tea algal leaf spot/tea_algal_leaf_spot_00156.jpg
G00196,1,1,False,1. Tea algal leaf spot,1. Tea algal leaf spot/tea_algal_leaf_spot_00157.jpg
G00197,1,1,False,1. Tea algal leaf spot,1. Tea algal leaf spot/tea_algal_leaf_spot_00158.jpg
G00198,1,1,False,1. Tea algal leaf spot,1. Tea algal leaf spot/tea_algal_leaf_spot_00159.jpg
G00199,1,1,False,1. Tea algal leaf spot,1. Tea algal leaf spot/tea_algal_leaf_spot_00160.jpg
G00200,1,1,False,1. Tea algal leaf spot,1. Tea algal leaf spot/tea_algal_leaf_spot_00161.jpg
G00201,1,1,False,1. Tea algal leaf spot,1. Tea algal leaf spot/tea_algal_leaf_spot_00162.jpg
G00202,1,1,False,1. Tea algal leaf spot,1. Tea algal leaf spot/tea_algal_leaf_spot_00163.jpg
G00203,1,1,False,1. Tea algal leaf spot,1. Tea algal leaf spot/tea_algal_leaf_spot_00164.jpg
G00204,1,1,False,1. Tea algal leaf spot,1. Tea algal leaf spot/tea_algal_leaf_spot_00165.jpg
G00205,1,1,False,1. Tea algal leaf spot,1. Tea algal leaf spot/tea_algal_leaf_spot_00166.jpg
G00206,1,1,False,1. Tea algal leaf spot,1. Tea algal leaf spot/tea_algal_leaf_spot_00167.jpg
G00207,1,1,False,1. Tea algal leaf spot,1. Tea algal leaf spot/tea_algal_leaf_spot_00168.jpg
G00208,1,1,False,1. Tea algal leaf spot,1. Tea algal leaf spot/tea_algal_leaf_spot_00169.jpg
G00209,1,1,False,1. Tea algal leaf spot,1. Tea algal leaf spot/tea_algal_leaf_spot_00170.jpg
G00210,1,1,False,1. Tea algal leaf spot,1. Tea algal leaf spot/tea_algal_leaf_spot_00171.jpg
G00211,1,1,False,1. Tea algal leaf spot,1. Tea algal leaf spot/tea_algal_leaf_spot_00172.jpg
G00212,1,1,False,1. Tea algal leaf spot,1. Tea algal leaf spot/tea_algal_leaf_spot_00173.jpg
G00213,1,1,False,1. Tea algal leaf spot,1. Tea algal leaf spot/tea_algal_leaf_spot_00174.jpg
G00214,1,1,False,1. Tea algal leaf spot,1. Tea algal leaf spot/tea_algal_leaf_spot_00175.jpg
G00215,1,1,False,1. Tea algal leaf spot,1. Tea algal leaf spot/tea_algal_leaf_spot_00176.jpg
G00216,1,1,False,1. Tea algal leaf spot,1. Tea algal leaf spot/tea_algal_leaf_spot_00177.jpg
G00217,1,1,False,1. Tea algal leaf spot,1. Tea algal leaf spot/tea_algal_leaf_spot_00178.jpg
G00218,1,1,False,1. Tea algal leaf spot,1. Tea algal leaf spot/tea_algal_leaf_spot_00179.jpg
G00219,1,1,False,1. Tea algal leaf spot,1. Tea algal leaf spot/tea_algal_leaf_spot_00180.jpg
G00220,1,1,False,1. Tea algal leaf spot,1. Tea algal leaf spot/tea_algal_leaf_spot_00181.jpg
G00221,1,1,False,1. Tea algal leaf spot,1. Tea algal leaf spot/tea_algal_leaf_spot_00182.jpg
G00222,1,1,False,1. Tea algal leaf spot,1. Tea algal leaf spot/tea_algal_leaf_spot_00183.jpg
G00223,1,1,False,1. Tea algal leaf spot,1. Tea algal leaf spot/tea_algal_leaf_spot_00184.jpg
G00224,1,1,False,1. Tea algal leaf spot,1. Tea algal leaf spot/tea_algal_leaf_spot_00185.jpg
G00225,1,1,False,1. Tea algal leaf spot,1. Tea algal leaf spot/tea_algal_leaf_spot_00186.jpg
G00226,1,1,False,1. Tea algal leaf spot,1. Tea algal leaf spot/tea_algal_leaf_spot_00187.jpg
G00227,1,1,False,1. Tea algal leaf spot,1. Tea algal leaf spot/tea_algal_leaf_spot_00188.jpg
G00228,1,1,False,1. Tea algal leaf spot,1. Tea algal leaf spot/tea_algal_leaf_spot_00189.jpg
G00229,1,1,False,1. Tea algal leaf spot,1. Tea algal leaf spot/tea_algal_leaf_spot_00190.jpg
G00230,1,1,False,1. Tea algal leaf spot,1. Tea algal leaf spot/tea_algal_leaf_spot_00191.jpg
G00231,1,1,False,1. Tea algal leaf spot,1. Tea algal leaf spot/tea_algal_leaf_spot_00192.jpg
G00232,1,1,False,1. Tea algal leaf spot,1. Tea algal leaf spot/tea_algal_leaf_spot_00193.jpg
G00233,1,1,False,1. Tea algal leaf spot,1. Tea algal leaf spot/tea_algal_leaf_spot_00194.jpg
G00234,1,1,False,1. Tea algal leaf spot,1. Tea algal leaf spot/tea_algal_leaf_spot_00195.jpg
G00235,1,1,False,1. Tea algal leaf spot,1. Tea algal leaf spot/tea_algal_leaf_spot_00196.jpg
G00236,1,1,False,1. Tea algal leaf spot,1. Tea algal leaf spot/tea_algal_leaf_spot_00197.jpg
G00237,1,1,False,1. Tea algal leaf spot,1. Tea algal leaf spot/tea_algal_leaf_spot_00198.jpg
G00238,1,1,False,1. Tea algal leaf spot,1. Tea algal leaf spot/tea_algal_leaf_spot_00199.jpg
G00239,1,1,False,1. Tea algal leaf spot,1. Tea algal leaf spot/tea_algal_leaf_spot_00200.jpg
G00240,1,1,False,1. Tea algal leaf spot,1. Tea algal leaf spot/tea_algal_leaf_spot_00201.jpg
G00241,1,1,False,1. Tea algal leaf spot,1. Tea algal leaf spot/tea_algal_leaf_spot_00202.jpg
G00242,1,1,False,1. Tea algal leaf spot,1. Tea algal leaf spot/tea_algal_leaf_spot_00203.jpg
G00243,1,1,False,1. Tea algal leaf spot,1. Tea algal leaf spot/tea_algal_leaf_spot_00204.jpg
G00244,1,1,False,1. Tea algal leaf spot,1. Tea algal leaf spot/tea_algal_leaf_spot_00205.jpg
G00245,1,1,False,1. Tea algal leaf spot,1. Tea algal leaf spot/tea_algal_leaf_spot_00206.jpg
G00246,1,1,False,1. Tea algal leaf spot,1. Tea algal leaf spot/tea_algal_leaf_spot_00207.jpg
G00247,1,1,False,1. Tea algal leaf spot,1. Tea algal leaf spot/tea_algal_leaf_spot_00208.jpg
G00248,1,1,False,1. Tea algal leaf spot,1. Tea algal leaf spot/tea_algal_leaf_spot_00209.jpg
G00249,1,1,False,1. Tea algal leaf spot,1. Tea algal leaf spot/tea_algal_leaf_spot_00210.jpg
G00250,1,1,False,1. Tea algal leaf spot,1. Tea algal leaf spot/tea_algal_leaf_spot_00211.jpg
G00251,1,1,False,1. Tea algal leaf spot,1. Tea algal leaf spot/tea_algal_leaf_spot_00212.jpg
G00252,1,1,False,1. Tea algal leaf spot,1. Tea algal leaf spot/tea_algal_leaf_spot_00213.jpg
G00253,1,1,False,1. Tea algal leaf spot,1. Tea algal leaf spot/tea_algal_leaf_spot_00214.jpg
G00254,1,1,False,1. Tea algal leaf spot,1. Tea algal leaf spot/tea_algal_leaf_spot_00215.jpg
G00255,1,1,False,1. Tea algal leaf spot,1. Tea algal leaf spot/tea_algal_leaf_spot_00216.jpg
G00256,1,1,False,1. Tea algal leaf spot,1. Tea algal leaf spot/tea_algal_leaf_spot_00217.jpg
G00257,1,1,False,1. Tea algal leaf spot,1. Tea algal leaf spot/tea_algal_leaf_spot_00218.jpg
G00258,1,1,False,1. Tea algal leaf spot,1. Tea algal leaf spot/tea_algal_leaf_spot_00219.jpg
G00259,1,1,False,1. Tea algal leaf spot,1. Tea algal leaf spot/tea_algal_leaf_spot_00220.jpg
G00260,1,1,False,1. Tea algal leaf spot,1. Tea algal leaf spot/tea_algal_leaf_spot_00221.jpg
G00261,1,1,False,1. Tea algal leaf spot,1. Tea algal leaf spot/tea_algal_leaf_spot_00222.jpg
G00262,1,1,False,1. Tea algal leaf spot,1. Tea algal leaf spot/tea_algal_leaf_spot_00223.jpg
G00263,1,1,False,1. Tea algal leaf spot,1. Tea algal leaf spot/tea_algal_leaf_spot_00224.jpg
G00264,1,1,False,1. Tea algal leaf spot,1. Tea algal leaf spot/tea_algal_leaf_spot_00225.jpg
G00265,1,1,False,1. Tea algal leaf spot,1. Tea algal leaf spot/tea_algal_leaf_spot_00226.jpg
G00266,1,1,False,1. Tea algal leaf spot,1. Tea algal leaf spot/tea_algal_leaf_spot_00227.jpg
G00267,1,1,False,1. Tea algal leaf spot,1. Tea algal leaf spot/tea_algal_leaf_spot_00228.jpg
G00268,1,1,False,1. Tea algal leaf spot,1. Tea algal leaf spot/tea_algal_leaf_spot_00229.jpg
G00269,1,1,False,1. Tea algal leaf spot,1. Tea algal leaf spot/tea_algal_leaf_spot_00230.jpg
G00270,1,1,False,1. Tea algal leaf spot,1. Tea algal leaf spot/tea_algal_leaf_spot_00231.jpg
G00271,1,1,False,1. Tea algal leaf spot,1. Tea algal leaf spot/tea_algal_leaf_spot_00232.jpg
G00272,1,1,False,1. Tea algal leaf spot,1. Tea algal leaf spot/tea_algal_leaf_spot_00233.jpg
G00273,1,1,False,1. Tea algal leaf spot,1. Tea algal leaf spot/tea_algal_leaf_spot_00234.jpg
G00274,1,1,False,1. Tea algal leaf spot,1. Tea algal leaf spot/tea_algal_leaf_spot_00235.jpg
G00275,1,1,False,1. Tea algal leaf spot,1. Tea algal leaf spot/tea_algal_leaf_spot_00236.jpg
G00276,1,1,False,1. Tea algal leaf spot,1. Tea algal leaf spot/tea_algal_leaf_spot_00237.jpg
G00277,1,1,False,1. Tea algal leaf spot,1. Tea algal leaf spot/tea_algal_leaf_spot_00238.jpg
G00278,1,1,False,1. Tea algal leaf spot,1. Tea algal leaf spot/tea_algal_leaf_spot_00239.jpg
G00279,1,1,False,1. Tea algal leaf spot,1. Tea algal leaf spot/tea_algal_leaf_spot_00240.jpg
G00280,1,1,False,1. Tea algal leaf spot,1. Tea algal leaf spot/tea_algal_leaf_spot_00241.jpg
G00281,1,1,False,1. Tea algal leaf spot,1. Tea algal leaf spot/tea_algal_leaf_spot_00242.jpg
G00282,1,1,False,1. Tea algal leaf spot,1. Tea algal leaf spot/tea_algal_leaf_spot_00243.jpg
G00283,1,1,False,1. Tea algal leaf spot,1. Tea algal leaf spot/tea_algal_leaf_spot_00244.jpg
G00284,1,1,False,1. Tea algal leaf spot,1. Tea algal leaf spot/tea_algal_leaf_spot_00245.jpg
G00285,1,1,False,1. Tea algal leaf spot,1. Tea algal leaf spot/tea_algal_leaf_spot_00246.jpg
G00286,1,1,False,1. Tea algal leaf spot,1. Tea algal leaf spot/tea_algal_leaf_spot_00247.jpg
G00287,1,1,False,1. Tea algal leaf spot,1. Tea algal leaf spot/tea_algal_leaf_spot_00248.jpg
G00288,1,1,False,1. Tea algal leaf spot,1. Tea algal leaf spot/tea_algal_leaf_spot_00249.jpg
G00289,1,1,False,1. Tea algal leaf spot,1. Tea algal leaf spot/tea_algal_leaf_spot_00250.jpg
G00290,1,1,False,1. Tea algal leaf spot,1. Tea algal leaf spot/tea_algal_leaf_spot_00251.jpg
G00291,1,1,False,1. Tea algal leaf spot,1. Tea algal leaf spot/tea_algal_leaf_spot_00252.jpg
G00292,1,1,False,1. Tea algal leaf spot,1. Tea algal leaf spot/tea_algal_leaf_spot_00253.jpg
G00293,1,1,False,1. Tea algal leaf spot,1. Tea algal leaf spot/tea_algal_leaf_spot_00254.jpg
G00294,1,1,False,1. Tea algal leaf spot,1. Tea algal leaf spot/tea_algal_leaf_spot_00255.jpg
G00295,1,1,False,1. Tea algal leaf spot,1. Tea algal leaf spot/tea_algal_leaf_spot_00256.jpg
G00296,1,1,False,1. Tea algal leaf spot,1. Tea algal leaf spot/tea_algal_leaf_spot_00257.jpg
G00297,1,1,False,1. Tea algal leaf spot,1. Tea algal leaf spot/tea_algal_leaf_spot_00258.jpg
G00298,1,1,False,1. Tea algal leaf spot,1. Tea algal leaf spot/tea_algal_leaf_spot_00259.jpg
G00299,1,1,False,1. Tea algal leaf spot,1. Tea algal leaf spot/tea_algal_leaf_spot_00260.jpg
G00300,1,1,False,1. Tea algal leaf spot,1. Tea algal leaf spot/tea_algal_leaf_spot_00261.jpg
G00301,1,1,False,1. Tea algal leaf spot,1. Tea algal leaf spot/tea_algal_leaf_spot_00262.jpg
G00302,1,1,False,1. Tea algal leaf spot,1. Tea algal leaf spot/tea_algal_leaf_spot_00263.jpg
G00303,1,1,False,1. Tea algal leaf spot,1. Tea algal leaf spot/tea_algal_leaf_spot_00264.jpg
G00304,1,1,False,1. Tea algal leaf spot,1. Tea algal leaf spot/tea_algal_leaf_spot_00265.jpg
G00305,1,1,False,1. Tea algal leaf spot,1. Tea algal leaf spot/tea_algal_leaf_spot_00266.jpg
G00306,1,1,False,1. Tea algal leaf spot,1. Tea algal leaf spot/tea_algal_leaf_spot_00267.jpg
G00307,1,1,False,1. Tea algal leaf spot,1. Tea algal leaf spot/tea_algal_leaf_spot_00268.jpg
G00308,1,1,False,1. Tea algal leaf spot,1. Tea algal leaf spot/tea_algal_leaf_spot_00269.jpg
G00309,1,1,False,1. Tea algal leaf spot,1. Tea algal leaf spot/tea_algal_leaf_spot_00270.jpg
G00310,1,1,False,1. Tea algal leaf spot,1. Tea algal leaf spot/tea_algal_leaf_spot_00271.jpg
G00311,1,1,False,1. Tea algal leaf spot,1. Tea algal leaf spot/tea_algal_leaf_spot_00272.jpg
G00312,1,1,False,1. Tea algal leaf spot,1. Tea algal leaf spot/tea_algal_leaf_spot_00273.jpg
G00313,1,1,False,1. Tea algal leaf spot,1. Tea algal leaf spot/tea_algal_leaf_spot_00274.jpg
G00314,1,1,False,1. Tea algal leaf spot,1. Tea algal leaf spot/tea_algal_leaf_spot_00275.jpg
G00315,1,1,False,1. Tea algal leaf spot,1. Tea algal leaf spot/tea_algal_leaf_spot_00276.jpg
G00316,1,1,False,1. Tea algal leaf spot,1. Tea algal leaf spot/tea_algal_leaf_spot_00277.jpg
G00317,1,1,False,1. Tea algal leaf spot,1. Tea algal leaf spot/tea_algal_leaf_spot_00278.jpg
G00318,1,1,False,1. Tea algal leaf spot,1. Tea algal leaf spot/tea_algal_leaf_spot_00279.jpg
G00319,1,1,False,1. Tea algal leaf spot,1. Tea algal leaf spot/tea_algal_leaf_spot_00280.jpg
G00320,1,1,False,1. Tea algal leaf spot,1. Tea algal leaf spot/tea_algal_leaf_spot_00281.jpg
G00321,1,1,False,1. Tea algal leaf spot,1. Tea algal leaf spot/tea_algal_leaf_spot_00282.jpg
G00322,1,1,False,1. Tea algal leaf spot,1. Tea algal leaf spot/tea_algal_leaf_spot_00283.jpg
G00323,1,1,False,1. Tea algal leaf spot,1. Tea algal leaf spot/tea_algal_leaf_spot_00284.jpg
G00324,1,1,False,1. Tea algal leaf spot,1. Tea algal leaf spot/tea_algal_leaf_spot_00285.jpg
G00325,1,1,False,1. Tea algal leaf spot,1. Tea algal leaf spot/tea_algal_leaf_spot_00286.jpg
G00326,1,1,False,1. Tea algal leaf spot,1. Tea algal leaf spot/tea_algal_leaf_spot_00287.jpg
G00327,1,1,False,1. Tea algal leaf spot,1. Tea algal leaf spot/tea_algal_leaf_spot_00288.jpg
G00328,1,1,False,1. Tea algal leaf spot,1. Tea algal leaf spot/tea_algal_leaf_spot_00289.jpg
G00329,1,1,False,1. Tea algal leaf spot,1. Tea algal leaf spot/tea_algal_leaf_spot_00290.jpg
G00330,1,1,False,1. Tea algal leaf spot,1. Tea algal leaf spot/tea_algal_leaf_spot_00291.jpg
G00331,1,1,False,1. Tea algal leaf spot,1. Tea algal leaf spot/tea_algal_leaf_spot_00292.jpg
G00332,1,1,False,1. Tea algal leaf spot,1. Tea algal leaf spot/tea_algal_leaf_spot_00293.jpg
G00333,1,1,False,1. Tea algal leaf spot,1. Tea algal leaf spot/tea_algal_leaf_spot_00294.jpg
G00334,1,1,False,1. Tea algal leaf spot,1. Tea algal leaf spot/tea_algal_leaf_spot_00295.jpg
G00335,1,1,False,1. Tea algal leaf spot,1. Tea algal leaf spot/tea_algal_leaf_spot_00296.jpg
G00336,1,1,False,1. Tea algal leaf spot,1. Tea algal leaf spot/tea_algal_leaf_spot_00297.jpg
G00337,1,1,False,1. Tea algal leaf spot,1. Tea algal leaf spot/tea_algal_leaf_spot_00298.jpg
G00338,1,1,False,1. Tea algal leaf spot,1. Tea algal leaf spot/tea_algal_leaf_spot_00299.jpg
G00339,1,1,False,1. Tea algal leaf spot,1. Tea algal leaf spot/tea_algal_leaf_spot_00300.jpg
G00340,1,1,False,1. Tea algal leaf spot,1. Tea algal leaf spot/tea_algal_leaf_spot_00301.jpg
G00341,1,1,False,1. Tea algal leaf spot,1. Tea algal leaf spot/tea_algal_leaf_spot_00302.jpg
G00342,1,1,False,1. Tea algal leaf spot,1. Tea algal leaf spot/tea_algal_leaf_spot_00303.jpg
G00343,1,1,False,1. Tea algal leaf spot,1. Tea algal leaf spot/tea_algal_leaf_spot_00304.jpg
G00344,1,1,False,1. Tea algal leaf spot,1. Tea algal leaf spot/tea_algal_leaf_spot_00305.jpg
G00345,1,1,False,1. Tea algal leaf spot,1. Tea algal leaf spot/tea_algal_leaf_spot_00306.jpg
G00346,1,1,False,1. Tea algal leaf spot,1. Tea algal leaf spot/tea_algal_leaf_spot_00307.jpg
G00347,1,1,False,1. Tea algal leaf spot,1. Tea algal leaf spot/tea_algal_leaf_spot_00308.jpg
G00348,1,1,False,1. Tea algal leaf spot,1. Tea algal leaf spot/tea_algal_leaf_spot_00309.jpg
G00349,1,1,False,1. Tea algal leaf spot,1. Tea algal leaf spot/tea_algal_leaf_spot_00310.jpg
G00350,1,1,False,1. Tea algal leaf spot,1. Tea algal leaf spot/tea_algal_leaf_spot_00311.jpg
G00351,1,1,False,1. Tea algal leaf spot,1. Tea algal leaf spot/tea_algal_leaf_spot_00312.jpg
G00352,1,1,False,1. Tea algal leaf spot,1. Tea algal leaf spot/tea_algal_leaf_spot_00313.jpg
G00353,1,1,False,1. Tea algal leaf spot,1. Tea algal leaf spot/tea_algal_leaf_spot_00314.jpg
G00354,1,1,False,1. Tea algal leaf spot,1. Tea algal leaf spot/tea_algal_leaf_spot_00315.jpg
G00355,1,1,False,1. Tea algal leaf spot,1. Tea algal leaf spot/tea_algal_leaf_spot_00316.jpg
G00356,1,1,False,1. Tea algal leaf spot,1. Tea algal leaf spot/tea_algal_leaf_spot_00317.jpg
G00357,1,1,False,1. Tea algal leaf spot,1. Tea algal leaf spot/tea_algal_leaf_spot_00318.jpg
G00358,1,1,False,1. Tea algal leaf spot,1. Tea algal leaf spot/tea_algal_leaf_spot_00319.jpg
G00359,1,1,False,1. Tea algal leaf spot,1. Tea algal leaf spot/tea_algal_leaf_spot_00320.jpg
G00360,1,1,False,1. Tea algal leaf spot,1. Tea algal leaf spot/tea_algal_leaf_spot_00321.jpg
G00361,1,1,False,1. Tea algal leaf spot,1. Tea algal leaf spot/tea_algal_leaf_spot_00322.jpg
G00362,1,1,False,1. Tea algal leaf spot,1. Tea algal leaf spot/tea_algal_leaf_spot_00323.jpg
G00363,1,1,False,1. Tea algal leaf spot,1. Tea algal leaf spot/tea_algal_leaf_spot_00324.jpg
G00364,1,1,False,1. Tea algal leaf spot,1. Tea algal leaf spot/tea_algal_leaf_spot_00325.jpg
G00365,1,1,False,1. Tea algal leaf spot,1. Tea algal leaf spot/tea_algal_leaf_spot_00326.jpg
G00366,1,1,False,1. Tea algal leaf spot,1. Tea algal leaf spot/tea_algal_leaf_spot_00327.jpg
G00367,1,1,False,1. Tea algal leaf spot,1. Tea algal leaf spot/tea_algal_leaf_spot_00328.jpg
G00368,1,1,False,1. Tea algal leaf spot,1. Tea algal leaf spot/tea_algal_leaf_spot_00329.jpg
G00369,1,1,False,1. Tea algal leaf spot,1. Tea algal leaf spot/tea_algal_leaf_spot_00330.jpg
G00370,1,1,False,1. Tea algal leaf spot,1. Tea algal leaf spot/tea_algal_leaf_spot_00331.jpg
G00371,1,1,False,1. Tea algal leaf spot,1. Tea algal leaf spot/tea_algal_leaf_spot_00332.jpg
G00372,1,1,False,1. Tea algal leaf spot,1. Tea algal leaf spot/tea_algal_leaf_spot_00333.jpg
G00373,1,1,False,1. Tea algal leaf spot,1. Tea algal leaf spot/tea_algal_leaf_spot_00334.jpg
G00374,1,1,False,1. Tea algal leaf spot,1. Tea algal leaf spot/tea_algal_leaf_spot_00335.jpg
G00375,1,1,False,1. Tea algal leaf spot,1. Tea algal leaf spot/tea_algal_leaf_spot_00336.jpg
G00376,1,1,False,1. Tea algal leaf spot,1. Tea algal leaf spot/tea_algal_leaf_spot_00337.jpg
G00377,1,1,False,1. Tea algal leaf spot,1. Tea algal leaf spot/tea_algal_leaf_spot_00338.jpg
G00378,1,1,False,1. Tea algal leaf spot,1. Tea algal leaf spot/tea_algal_leaf_spot_00339.jpg
G00379,1,1,False,1. Tea algal leaf spot,1. Tea algal leaf spot/tea_algal_leaf_spot_00340.jpg
G00380,1,1,False,1. Tea algal leaf spot,1. Tea algal leaf spot/tea_algal_leaf_spot_00341.jpg
G00381,1,1,False,1. Tea algal leaf spot,1. Tea algal leaf spot/tea_algal_leaf_spot_00342.jpg
G00382,1,1,False,1. Tea algal leaf spot,1. Tea algal leaf spot/tea_algal_leaf_spot_00343.jpg
G00383,1,1,False,1. Tea algal leaf spot,1. Tea algal leaf spot/tea_algal_leaf_spot_00344.jpg
G00384,1,1,False,1. Tea algal leaf spot,1. Tea algal leaf spot/tea_algal_leaf_spot_00345.jpg
G00385,1,1,False,1. Tea algal leaf spot,1. Tea algal leaf spot/tea_algal_leaf_spot_00346.jpg
G00386,1,1,False,1. Tea algal leaf spot,1. Tea algal leaf spot/tea_algal_leaf_spot_00347.jpg
G00387,1,1,False,1. Tea algal leaf spot,1. Tea algal leaf spot/tea_algal_leaf_spot_00348.jpg
G00388,1,1,False,1. Tea algal leaf spot,1. Tea algal leaf spot/tea_algal_leaf_spot_00349.jpg
G00389,1,1,False,1. Tea algal leaf spot,1. Tea algal leaf spot/tea_algal_leaf_spot_00350.jpg
G00390,1,1,False,1. Tea algal leaf spot,1. Tea algal leaf spot/tea_algal_leaf_spot_00351.jpg
G00391,1,1,False,1. Tea algal leaf spot,1. Tea algal leaf spot/tea_algal_leaf_spot_00352.jpg
G00392,1,1,False,1. Tea algal leaf spot,1. Tea algal leaf spot/tea_algal_leaf_spot_00353.jpg
G00393,1,1,False,1. Tea algal leaf spot,1. Tea algal leaf spot/tea_algal_leaf_spot_00354.jpg
G00394,1,1,False,1. Tea algal leaf spot,1. Tea algal leaf spot/tea_algal_leaf_spot_00355.jpg
G00395,1,1,False,1. Tea algal leaf spot,1. Tea algal leaf spot/tea_algal_leaf_spot_00356.jpg
G00396,1,1,False,1. Tea algal leaf spot,1. Tea algal leaf spot/tea_algal_leaf_spot_00357.jpg
G00397,1,1,False,1. Tea algal leaf spot,1. Tea algal leaf spot/tea_algal_leaf_spot_00358.jpg
G00398,1,1,False,1. Tea algal leaf spot,1. Tea algal leaf spot/tea_algal_leaf_spot_00359.jpg
G00399,1,1,False,1. Tea algal leaf spot,1. Tea algal leaf spot/tea_algal_leaf_spot_00360.jpg
G00400,1,1,False,1. Tea algal leaf spot,1. Tea algal leaf spot/tea_algal_leaf_spot_00361.jpg
G00401,1,1,False,1. Tea algal leaf spot,1. Tea algal leaf spot/tea_algal_leaf_spot_00362.jpg
G00402,1,1,False,1. Tea algal leaf spot,1. Tea algal leaf spot/tea_algal_leaf_spot_00363.jpg
G00403,1,1,False,1. Tea algal leaf spot,1. Tea algal leaf spot/tea_algal_leaf_spot_00364.jpg
G00404,1,1,False,1. Tea algal leaf spot,1. Tea algal leaf spot/tea_algal_leaf_spot_00365.jpg
G00405,1,1,False,1. Tea algal leaf spot,1. Tea algal leaf spot/tea_algal_leaf_spot_00366.jpg
G00406,1,1,False,1. Tea algal leaf spot,1. Tea algal leaf spot/tea_algal_leaf_spot_00367.jpg
G00407,1,1,False,1. Tea algal leaf spot,1. Tea algal leaf spot/tea_algal_leaf_spot_00368.jpg
G00408,1,1,False,1. Tea algal leaf spot,1. Tea algal leaf spot/tea_algal_leaf_spot_00369.jpg
G00409,1,1,False,1. Tea algal leaf spot,1. Tea algal leaf spot/tea_algal_leaf_spot_00370.jpg
G00410,1,1,False,1. Tea algal leaf spot,1. Tea algal leaf spot/tea_algal_leaf_spot_00371.jpg
G00411,1,1,False,1. Tea algal leaf spot,1. Tea algal leaf spot/tea_algal_leaf_spot_00372.jpg
G00412,1,1,False,1. Tea algal leaf spot,1. Tea algal leaf spot/tea_algal_leaf_spot_00373.jpg
G00413,1,1,False,1. Tea algal leaf spot,1. Tea algal leaf spot/tea_algal_leaf_spot_00374.jpg
G00414,1,1,False,1. Tea algal leaf spot,1. Tea algal leaf spot/tea_algal_leaf_spot_00375.jpg
G00415,1,1,False,1. Tea algal leaf spot,1. Tea algal leaf spot/tea_algal_leaf_spot_00376.jpg
G00416,1,1,False,1. Tea algal leaf spot,1. Tea algal leaf spot/tea_algal_leaf_spot_00377.jpg
G00417,1,1,False,1. Tea algal leaf spot,1. Tea algal leaf spot/tea_algal_leaf_spot_00378.jpg
G00418,1,1,False,1. Tea algal leaf spot,1. Tea algal leaf spot/tea_algal_leaf_spot_00379.jpg
G00419,1,1,False,1. Tea algal leaf spot,1. Tea algal leaf spot/tea_algal_leaf_spot_00380.jpg
G00420,1,1,False,1. Tea algal leaf spot,1. Tea algal leaf spot/tea_algal_leaf_spot_00381.jpg
G00421,1,1,False,1. Tea algal leaf spot,1. Tea algal leaf spot/tea_algal_leaf_spot_00382.jpg
G00422,1,1,False,1. Tea algal leaf spot,1. Tea algal leaf spot/tea_algal_leaf_spot_00383.jpg
G00423,1,1,False,1. Tea algal leaf spot,1. Tea algal leaf spot/tea_algal_leaf_spot_00384.jpg
G00424,1,1,False,1. Tea algal leaf spot,1. Tea algal leaf spot/tea_algal_leaf_spot_00385.jpg
G00425,1,1,False,1. Tea algal leaf spot,1. Tea algal leaf spot/tea_algal_leaf_spot_00386.jpg
G00426,1,1,False,1. Tea algal leaf spot,1. Tea algal leaf spot/tea_algal_leaf_spot_00387.jpg
G00427,1,1,False,1. Tea algal leaf spot,1. Tea algal leaf spot/tea_algal_leaf_spot_00388.jpg
G00428,1,1,False,1. Tea algal leaf spot,1. Tea algal leaf spot/tea_algal_leaf_spot_00389.jpg
G00429,1,1,False,1. Tea algal leaf spot,1. Tea algal leaf spot/tea_algal_leaf_spot_00390.jpg
G00430,1,1,False,1. Tea algal leaf spot,1. Tea algal leaf spot/tea_algal_leaf_spot_00391.jpg
G00431,1,1,False,1. Tea algal leaf spot,1. Tea algal leaf spot/tea_algal_leaf_spot_00392.jpg
G00432,1,1,False,1. Tea algal leaf spot,1. Tea algal leaf spot/tea_algal_leaf_spot_00393.jpg
G00433,1,1,False,1. Tea algal leaf spot,1. Tea algal leaf spot/tea_algal_leaf_spot_00394.jpg
G00434,1,1,False,1. Tea algal leaf spot,1. Tea algal leaf spot/tea_algal_leaf_spot_00395.jpg
G00435,1,1,False,1. Tea algal leaf spot,1. Tea algal leaf spot/tea_algal_leaf_spot_00396.jpg
G00436,1,1,False,1. Tea algal leaf spot,1. Tea algal leaf spot/tea_algal_leaf_spot_00397.jpg
G00437,1,1,False,1. Tea algal leaf spot,1. Tea algal leaf spot/tea_algal_leaf_spot_00398.jpg
G00438,1,1,False,1. Tea algal leaf spot,1. Tea algal leaf spot/tea_algal_leaf_spot_00399.jpg
G00439,1,1,False,1. Tea algal leaf spot,1. Tea algal leaf spot/tea_algal_leaf_spot_00400.jpg
G00440,1,1,False,1. Tea algal leaf spot,1. Tea algal leaf spot/tea_algal_leaf_spot_00401.jpg
G00441,1,1,False,1. Tea algal leaf spot,1. Tea algal leaf spot/tea_algal_leaf_spot_00402.jpg
G00442,1,1,False,1. Tea algal leaf spot,1. Tea algal leaf spot/tea_algal_leaf_spot_00403.jpg
G00443,1,1,False,1. Tea algal leaf spot,1. Tea algal leaf spot/tea_algal_leaf_spot_00404.jpg
G00444,1,1,False,1. Tea algal leaf spot,1. Tea algal leaf spot/tea_algal_leaf_spot_00405.jpg
G00445,1,1,False,1. Tea algal leaf spot,1. Tea algal leaf spot/tea_algal_leaf_spot_00406.jpg
G00446,1,1,False,1. Tea algal leaf spot,1. Tea algal leaf spot/tea_algal_leaf_spot_00407.jpg
G00447,1,1,False,1. Tea algal leaf spot,1. Tea algal leaf spot/tea_algal_leaf_spot_00408.jpg
G00448,1,1,False,1. Tea algal leaf spot,1. Tea algal leaf spot/tea_algal_leaf_spot_00409.jpg
G00449,1,1,False,1. Tea algal leaf spot,1. Tea algal leaf spot/tea_algal_leaf_spot_00410.jpg
G00450,1,1,False,1. Tea algal leaf spot,1. Tea algal leaf spot/tea_algal_leaf_spot_00411.jpg
G00451,1,1,False,1. Tea algal leaf spot,1. Tea algal leaf spot/tea_algal_leaf_spot_00412.jpg
G00452,1,1,False,1. Tea algal leaf spot,1. Tea algal leaf spot/tea_algal_leaf_spot_00413.jpg
G00453,1,1,False,1. Tea algal leaf spot,1. Tea algal leaf spot/tea_algal_leaf_spot_00414.jpg
G00454,1,1,False,1. Tea algal leaf spot,1. Tea algal leaf spot/tea_algal_leaf_spot_00415.jpg
G00455,1,1,False,1. Tea algal leaf spot,1. Tea algal leaf spot/tea_algal_leaf_spot_00416.jpg
G00456,1,1,False,1. Tea algal leaf spot,1. Tea algal leaf spot/tea_algal_leaf_spot_00417.jpg
G00457,1,1,False,1. Tea algal leaf spot,1. Tea algal leaf spot/tea_algal_leaf_spot_00418.jpg
G00458,1,1,False,2. Brown Blight,2. Brown Blight/brown_blight_00001.jpg
G00459,1,1,False,2. Brown Blight,2. Brown Blight/brown_blight_00002.jpg
G00460,1,1,False,2. Brown Blight,2. Brown Blight/brown_blight_00003.jpg
G00461,1,1,False,2. Brown Blight,2. Brown Blight/brown_blight_00004.jpg
G00462,1,1,False,2. Brown Blight,2. Brown Blight/brown_blight_00005.jpg
G00463,1,1,False,2. Brown Blight,2. Brown Blight/brown_blight_00006.jpg
G00464,1,1,False,2. Brown Blight,2. Brown Blight/brown_blight_00007.jpg
G00465,1,1,False,2. Brown Blight,2. Brown Blight/brown_blight_00008.jpg
G00466,1,1,False,2. Brown Blight,2. Brown Blight/brown_blight_00009.jpg
G00467,1,1,False,2. Brown Blight,2. Brown Blight/brown_blight_00010.jpg
G00468,1,1,False,2. Brown Blight,2. Brown Blight/brown_blight_00011.jpg
G00469,1,1,False,2. Brown Blight,2. Brown Blight/brown_blight_00012.jpg
G00470,1,1,False,2. Brown Blight,2. Brown Blight/brown_blight_00013.jpg
G00471,1,1,False,2. Brown Blight,2. Brown Blight/brown_blight_00014.jpg
G00472,1,1,False,2. Brown Blight,2. Brown Blight/brown_blight_00015.jpg
G00473,1,1,False,2. Brown Blight,2. Brown Blight/brown_blight_00016.jpg
G00474,1,1,False,2. Brown Blight,2. Brown Blight/brown_blight_00017.jpg
G00475,1,1,False,2. Brown Blight,2. Brown Blight/brown_blight_00018.jpg
G00476,1,1,False,2. Brown Blight,2. Brown Blight/brown_blight_00019.jpg
G00477,1,1,False,2. Brown Blight,2. Brown Blight/brown_blight_00020.jpg
G00478,1,1,False,2. Brown Blight,2. Brown Blight/brown_blight_00021.jpg
G00479,1,1,False,2. Brown Blight,2. Brown Blight/brown_blight_00022.jpg
G00480,1,1,False,2. Brown Blight,2. Brown Blight/brown_blight_00023.jpg
G00481,1,1,False,2. Brown Blight,2. Brown Blight/brown_blight_00024.jpg
G00482,1,1,False,2. Brown Blight,2. Brown Blight/brown_blight_00025.jpg
G00483,1,1,False,2. Brown Blight,2. Brown Blight/brown_blight_00026.jpg
G00484,1,1,False,2. Brown Blight,2. Brown Blight/brown_blight_00027.jpg
G00485,1,1,False,2. Brown Blight,2. Brown Blight/brown_blight_00028.jpg
G00486,1,1,False,2. Brown Blight,2. Brown Blight/brown_blight_00029.jpg
G00487,1,1,False,2. Brown Blight,2. Brown Blight/brown_blight_00030.jpg
G00488,1,1,False,2. Brown Blight,2. Brown Blight/brown_blight_00031.jpg
G00489,1,1,False,2. Brown Blight,2. Brown Blight/brown_blight_00032.jpg
G00490,1,1,False,2. Brown Blight,2. Brown Blight/brown_blight_00033.jpg
G00491,1,1,False,2. Brown Blight,2. Brown Blight/brown_blight_00034.jpg
G00492,1,1,False,2. Brown Blight,2. Brown Blight/brown_blight_00035.jpg
G00493,1,1,False,2. Brown Blight,2. Brown Blight/brown_blight_00036.jpg
G00494,1,1,False,2. Brown Blight,2. Brown Blight/brown_blight_00037.jpg
G00495,1,1,False,2. Brown Blight,2. Brown Blight/brown_blight_00038.jpg
G00496,1,1,False,2. Brown Blight,2. Brown Blight/brown_blight_00039.jpg
G00497,1,1,False,2. Brown Blight,2. Brown Blight/brown_blight_00040.jpg
G00498,1,1,False,2. Brown Blight,2. Brown Blight/brown_blight_00041.jpg
G00499,1,1,False,2. Brown Blight,2. Brown Blight/brown_blight_00042.jpg
G00500,1,1,False,2. Brown Blight,2. Brown Blight/brown_blight_00043.jpg
G00501,1,1,False,2. Brown Blight,2. Brown Blight/brown_blight_00044.jpg
G00502,1,1,False,2. Brown Blight,2. Brown Blight/brown_blight_00045.jpg
G00503,1,1,False,2. Brown Blight,2. Brown Blight/brown_blight_00046.jpg
G00504,1,1,False,2. Brown Blight,2. Brown Blight/brown_blight_00047.jpg
G00505,1,1,False,2. Brown Blight,2. Brown Blight/brown_blight_00048.jpg
G00506,1,1,False,2. Brown Blight,2. Brown Blight/brown_blight_00049.jpg
G00507,1,1,False,2. Brown Blight,2. Brown Blight/brown_blight_00050.jpg
G00508,1,1,False,2. Brown Blight,2. Brown Blight/brown_blight_00051.jpg
G00509,1,1,False,2. Brown Blight,2. Brown Blight/brown_blight_00052.jpg
G00510,1,1,False,2. Brown Blight,2. Brown Blight/brown_blight_00053.jpg
G00511,1,1,False,2. Brown Blight,2. Brown Blight/brown_blight_00054.jpg
G00512,1,1,False,2. Brown Blight,2. Brown Blight/brown_blight_00055.jpg
G00513,1,1,False,2. Brown Blight,2. Brown Blight/brown_blight_00056.jpg
G00514,1,1,False,2. Brown Blight,2. Brown Blight/brown_blight_00057.jpg
G00515,1,1,False,2. Brown Blight,2. Brown Blight/brown_blight_00058.jpg
G00516,1,1,False,2. Brown Blight,2. Brown Blight/brown_blight_00059.jpg
G00517,1,1,False,2. Brown Blight,2. Brown Blight/brown_blight_00060.jpg
G00518,1,1,False,2. Brown Blight,2. Brown Blight/brown_blight_00061.jpg
G00519,1,1,False,2. Brown Blight,2. Brown Blight/brown_blight_00062.jpg
G00520,1,1,False,2. Brown Blight,2. Brown Blight/brown_blight_00063.jpg
G00521,1,1,False,2. Brown Blight,2. Brown Blight/brown_blight_00064.jpg
G00522,1,1,False,2. Brown Blight,2. Brown Blight/brown_blight_00065.jpg
G00523,1,1,False,2. Brown Blight,2. Brown Blight/brown_blight_00066.jpg
G00524,1,1,False,2. Brown Blight,2. Brown Blight/brown_blight_00067.jpg
G00525,1,1,False,2. Brown Blight,2. Brown Blight/brown_blight_00068.jpg
G00526,1,1,False,2. Brown Blight,2. Brown Blight/brown_blight_00069.jpg
G00527,1,1,False,2. Brown Blight,2. Brown Blight/brown_blight_00070.jpg
G00528,1,1,False,2. Brown Blight,2. Brown Blight/brown_blight_00071.jpg
G00529,1,1,False,2. Brown Blight,2. Brown Blight/brown_blight_00072.jpg
G00530,1,1,False,2. Brown Blight,2. Brown Blight/brown_blight_00073.jpg
G00531,1,1,False,2. Brown Blight,2. Brown Blight/brown_blight_00074.jpg
G00532,1,1,False,2. Brown Blight,2. Brown Blight/brown_blight_00075.jpg
G00533,1,1,False,2. Brown Blight,2. Brown Blight/brown_blight_00076.jpg
G00534,1,1,False,2. Brown Blight,2. Brown Blight/brown_blight_00077.jpg
G00535,1,1,False,2. Brown Blight,2. Brown Blight/brown_blight_00078.jpg
G00536,1,1,False,2. Brown Blight,2. Brown Blight/brown_blight_00079.jpg
G00537,1,1,False,2. Brown Blight,2. Brown Blight/brown_blight_00080.jpg
G00538,1,1,False,2. Brown Blight,2. Brown Blight/brown_blight_00081.jpg
G00539,1,1,False,2. Brown Blight,2. Brown Blight/brown_blight_00082.jpg
G00540,1,1,False,2. Brown Blight,2. Brown Blight/brown_blight_00083.jpg
G00541,1,1,False,2. Brown Blight,2. Brown Blight/brown_blight_00084.jpg
G00542,1,1,False,2. Brown Blight,2. Brown Blight/brown_blight_00085.jpg
G00543,1,1,False,2. Brown Blight,2. Brown Blight/brown_blight_00086.jpg
G00544,1,1,False,2. Brown Blight,2. Brown Blight/brown_blight_00087.jpg
G00545,1,1,False,2. Brown Blight,2. Brown Blight/brown_blight_00088.jpg
G00546,1,1,False,2. Brown Blight,2. Brown Blight/brown_blight_00089.jpg
G00547,1,1,False,2. Brown Blight,2. Brown Blight/brown_blight_00090.jpg
G00548,1,1,False,2. Brown Blight,2. Brown Blight/brown_blight_00091.jpg
G00549,1,1,False,2. Brown Blight,2. Brown Blight/brown_blight_00092.jpg
G00550,1,1,False,2. Brown Blight,2. Brown Blight/brown_blight_00093.jpg
G00551,1,1,False,2. Brown Blight,2. Brown Blight/brown_blight_00098.jpg
G00552,1,1,False,2. Brown Blight,2. Brown Blight/brown_blight_00099.jpg
G00553,1,1,False,2. Brown Blight,2. Brown Blight/brown_blight_00100.jpg
G00554,1,1,False,2. Brown Blight,2. Brown Blight/brown_blight_00101.jpg
G00555,1,1,False,2. Brown Blight,2. Brown Blight/brown_blight_00102.jpg
G00556,1,1,False,2. Brown Blight,2. Brown Blight/brown_blight_00103.jpg
G00557,1,1,False,2. Brown Blight,2. Brown Blight/brown_blight_00104.jpg
G00558,1,1,False,2. Brown Blight,2. Brown Blight/brown_blight_00105.jpg
G00559,1,1,False,2. Brown Blight,2. Brown Blight/brown_blight_00106.jpg
G00560,1,1,False,2. Brown Blight,2. Brown Blight/brown_blight_00107.jpg
G00561,1,1,False,2. Brown Blight,2. Brown Blight/brown_blight_00110.jpg
G00562,1,1,False,2. Brown Blight,2. Brown Blight/brown_blight_00111.jpg
G00563,1,1,False,2. Brown Blight,2. Brown Blight/brown_blight_00112.jpg
G00564,1,1,False,2. Brown Blight,2. Brown Blight/brown_blight_00113.jpg
G00565,1,1,False,2. Brown Blight,2. Brown Blight/brown_blight_00114.jpg
G00566,1,1,False,2. Brown Blight,2. Brown Blight/brown_blight_00115.jpg
G00567,1,1,False,2. Brown Blight,2. Brown Blight/brown_blight_00116.jpg
G00568,1,1,False,2. Brown Blight,2. Brown Blight/brown_blight_00117.jpg
G00569,1,1,False,2. Brown Blight,2. Brown Blight/brown_blight_00120.jpg
G00570,1,1,False,2. Brown Blight,2. Brown Blight/brown_blight_00123.jpg
G00571,1,1,False,2. Brown Blight,2. Brown Blight/brown_blight_00124.jpg
G00572,1,1,False,2. Brown Blight,2. Brown Blight/brown_blight_00125.jpg
G00573,1,1,False,2. Brown Blight,2. Brown Blight/brown_blight_00126.jpg
G00574,1,1,False,2. Brown Blight,2. Brown Blight/brown_blight_00127.jpg
G00575,1,1,False,2. Brown Blight,2. Brown Blight/brown_blight_00128.jpg
G00576,1,1,False,2. Brown Blight,2. Brown Blight/brown_blight_00129.jpg
G00577,1,1,False,2. Brown Blight,2. Brown Blight/brown_blight_00130.jpg
G00578,1,1,False,2. Brown Blight,2. Brown Blight/brown_blight_00131.jpg
G00579,1,1,False,2. Brown Blight,2. Brown Blight/brown_blight_00132.jpg
G00580,1,1,False,2. Brown Blight,2. Brown Blight/brown_blight_00133.jpg
G00581,1,1,False,2. Brown Blight,2. Brown Blight/brown_blight_00134.jpg
G00582,1,1,False,2. Brown Blight,2. Brown Blight/brown_blight_00135.jpg
G00583,1,1,False,2. Brown Blight,2. Brown Blight/brown_blight_00136.jpg
G00584,1,1,False,2. Brown Blight,2. Brown Blight/brown_blight_00137.jpg
G00585,1,1,False,2. Brown Blight,2. Brown Blight/brown_blight_00138.jpg
G00586,1,1,False,2. Brown Blight,2. Brown Blight/brown_blight_00139.jpg
G00587,1,1,False,2. Brown Blight,2. Brown Blight/brown_blight_00140.jpg
G00588,1,1,False,2. Brown Blight,2. Brown Blight/brown_blight_00141.jpg
G00589,1,1,False,2. Brown Blight,2. Brown Blight/brown_blight_00142.jpg
G00590,1,1,False,2. Brown Blight,2. Brown Blight/brown_blight_00143.jpg
G00591,1,1,False,2. Brown Blight,2. Brown Blight/brown_blight_00144.jpg
G00592,1,1,False,2. Brown Blight,2. Brown Blight/brown_blight_00145.jpg
G00593,1,1,False,2. Brown Blight,2. Brown Blight/brown_blight_00146.jpg
G00594,1,1,False,2. Brown Blight,2. Brown Blight/brown_blight_00147.jpg
G00595,1,1,False,2. Brown Blight,2. Brown Blight/brown_blight_00148.jpg
G00596,1,1,False,2. Brown Blight,2. Brown Blight/brown_blight_00149.jpg
G00597,1,1,False,2. Brown Blight,2. Brown Blight/brown_blight_00150.jpg
G00598,1,1,False,2. Brown Blight,2. Brown Blight/brown_blight_00151.jpg
G00599,1,1,False,2. Brown Blight,2. Brown Blight/brown_blight_00152.jpg
G00600,1,1,False,2. Brown Blight,2. Brown Blight/brown_blight_00153.jpg
G00601,1,1,False,2. Brown Blight,2. Brown Blight/brown_blight_00154.jpg
G00602,1,1,False,2. Brown Blight,2. Brown Blight/brown_blight_00155.jpg
G00603,1,1,False,2. Brown Blight,2. Brown Blight/brown_blight_00156.jpg
G00604,1,1,False,2. Brown Blight,2. Brown Blight/brown_blight_00157.jpg
G00605,1,1,False,2. Brown Blight,2. Brown Blight/brown_blight_00158.jpg
G00606,1,1,False,2. Brown Blight,2. Brown Blight/brown_blight_00159.jpg
G00607,1,1,False,2. Brown Blight,2. Brown Blight/brown_blight_00160.jpg
G00608,1,1,False,2. Brown Blight,2. Brown Blight/brown_blight_00161.jpg
G00609,1,1,False,2. Brown Blight,2. Brown Blight/brown_blight_00162.jpg
G00610,1,1,False,2. Brown Blight,2. Brown Blight/brown_blight_00163.jpg
G00611,1,1,False,2. Brown Blight,2. Brown Blight/brown_blight_00164.jpg
G00612,1,1,False,2. Brown Blight,2. Brown Blight/brown_blight_00165.jpg
G00613,1,1,False,2. Brown Blight,2. Brown Blight/brown_blight_00166.jpg
G00614,1,1,False,2. Brown Blight,2. Brown Blight/brown_blight_00167.jpg
G00615,1,1,False,2. Brown Blight,2. Brown Blight/brown_blight_00169.jpg
G00616,1,1,False,2. Brown Blight,2. Brown Blight/brown_blight_00171.jpg
G00617,1,1,False,2. Brown Blight,2. Brown Blight/brown_blight_00172.jpg
G00618,1,1,False,2. Brown Blight,2. Brown Blight/brown_blight_00173.jpg
G00619,1,1,False,2. Brown Blight,2. Brown Blight/brown_blight_00174.jpg
G00620,1,1,False,2. Brown Blight,2. Brown Blight/brown_blight_00175.jpg
G00621,1,1,False,2. Brown Blight,2. Brown Blight/brown_blight_00176.jpg
G00622,1,1,False,2. Brown Blight,2. Brown Blight/brown_blight_00177.jpg
G00623,1,1,False,2. Brown Blight,2. Brown Blight/brown_blight_00178.jpg
G00624,1,1,False,2. Brown Blight,2. Brown Blight/brown_blight_00179.jpg
G00625,1,1,False,2. Brown Blight,2. Brown Blight/brown_blight_00180.jpg
G00626,1,1,False,2. Brown Blight,2. Brown Blight/brown_blight_00181.jpg
G00627,1,1,False,2. Brown Blight,2. Brown Blight/brown_blight_00182.jpg
G00628,1,1,False,2. Brown Blight,2. Brown Blight/brown_blight_00183.jpg
G00629,1,1,False,2. Brown Blight,2. Brown Blight/brown_blight_00184.jpg
G00630,1,1,False,2. Brown Blight,2. Brown Blight/brown_blight_00185.jpg
G00631,1,1,False,2. Brown Blight,2. Brown Blight/brown_blight_00186.jpg
G00632,1,1,False,2. Brown Blight,2. Brown Blight/brown_blight_00187.jpg
G00633,1,1,False,2. Brown Blight,2. Brown Blight/brown_blight_00188.jpg
G00634,1,1,False,2. Brown Blight,2. Brown Blight/brown_blight_00189.jpg
G00635,1,1,False,2. Brown Blight,2. Brown Blight/brown_blight_00190.jpg
G00636,1,1,False,2. Brown Blight,2. Brown Blight/brown_blight_00191.jpg
G00637,1,1,False,2. Brown Blight,2. Brown Blight/brown_blight_00192.jpg
G00638,1,1,False,2. Brown Blight,2. Brown Blight/brown_blight_00193.jpg
G00639,1,1,False,2. Brown Blight,2. Brown Blight/brown_blight_00194.jpg
G00640,1,1,False,2. Brown Blight,2. Brown Blight/brown_blight_00195.jpg
G00641,1,1,False,2. Brown Blight,2. Brown Blight/brown_blight_00196.jpg
G00642,1,1,False,2. Brown Blight,2. Brown Blight/brown_blight_00197.jpg
G00643,1,1,False,2. Brown Blight,2. Brown Blight/brown_blight_00198.jpg
G00644,1,1,False,2. Brown Blight,2. Brown Blight/brown_blight_00199.jpg
G00645,1,1,False,2. Brown Blight,2. Brown Blight/brown_blight_00200.jpg
G00646,1,1,False,2. Brown Blight,2. Brown Blight/brown_blight_00201.jpg
G00647,1,1,False,2. Brown Blight,2. Brown Blight/brown_blight_00202.jpg
G00648,1,1,False,2. Brown Blight,2. Brown Blight/brown_blight_00203.jpg
G00649,1,1,False,2. Brown Blight,2. Brown Blight/brown_blight_00204.jpg
G00650,1,1,False,2. Brown Blight,2. Brown Blight/brown_blight_00205.jpg
G00651,1,1,False,2. Brown Blight,2. Brown Blight/brown_blight_00206.jpg
G00652,1,1,False,2. Brown Blight,2. Brown Blight/brown_blight_00207.jpg
G00653,1,1,False,2. Brown Blight,2. Brown Blight/brown_blight_00208.jpg
G00654,1,1,False,2. Brown Blight,2. Brown Blight/brown_blight_00209.jpg
G00655,1,1,False,2. Brown Blight,2. Brown Blight/brown_blight_00210.jpg
G00656,1,1,False,2. Brown Blight,2. Brown Blight/brown_blight_00211.jpg
G00657,1,1,False,2. Brown Blight,2. Brown Blight/brown_blight_00212.jpg
G00658,1,1,False,2. Brown Blight,2. Brown Blight/brown_blight_00213.jpg
G00659,1,1,False,2. Brown Blight,2. Brown Blight/brown_blight_00214.jpg
G00660,1,1,False,2. Brown Blight,2. Brown Blight/brown_blight_00215.jpg
G00661,1,1,False,2. Brown Blight,2. Brown Blight/brown_blight_00216.jpg
G00662,1,1,False,2. Brown Blight,2. Brown Blight/brown_blight_00217.jpg
G00663,1,1,False,2. Brown Blight,2. Brown Blight/brown_blight_00218.jpg
G00664,1,1,False,2. Brown Blight,2. Brown Blight/brown_blight_00219.jpg
G00665,1,1,False,2. Brown Blight,2. Brown Blight/brown_blight_00220.jpg
G00666,1,1,False,2. Brown Blight,2. Brown Blight/brown_blight_00221.jpg
G00667,1,1,False,2. Brown Blight,2. Brown Blight/brown_blight_00222.jpg
G00668,1,1,False,2. Brown Blight,2. Brown Blight/brown_blight_00223.jpg
G00669,1,1,False,2. Brown Blight,2. Brown Blight/brown_blight_00224.jpg
G00670,1,1,False,2. Brown Blight,2. Brown Blight/brown_blight_00225.jpg
G00671,1,1,False,2. Brown Blight,2. Brown Blight/brown_blight_00226.jpg
G00672,1,1,False,2. Brown Blight,2. Brown Blight/brown_blight_00227.jpg
G00673,1,1,False,2. Brown Blight,2. Brown Blight/brown_blight_00228.jpg
G00674,1,1,False,2. Brown Blight,2. Brown Blight/brown_blight_00229.jpg
G00675,1,1,False,2. Brown Blight,2. Brown Blight/brown_blight_00230.jpg
G00676,1,1,False,2. Brown Blight,2. Brown Blight/brown_blight_00231.jpg
G00677,1,1,False,2. Brown Blight,2. Brown Blight/brown_blight_00232.jpg
G00678,1,1,False,2. Brown Blight,2. Brown Blight/brown_blight_00233.jpg
G00679,1,1,False,2. Brown Blight,2. Brown Blight/brown_blight_00234.jpg
G00680,1,1,False,2. Brown Blight,2. Brown Blight/brown_blight_00235.jpg
G00681,1,1,False,2. Brown Blight,2. Brown Blight/brown_blight_00236.jpg
G00682,1,1,False,2. Brown Blight,2. Brown Blight/brown_blight_00237.jpg
G00683,1,1,False,2. Brown Blight,2. Brown Blight/brown_blight_00238.jpg
G00684,1,1,False,2. Brown Blight,2. Brown Blight/brown_blight_00239.jpg
G00685,1,1,False,2. Brown Blight,2. Brown Blight/brown_blight_00240.jpg
G00686,1,1,False,2. Brown Blight,2. Brown Blight/brown_blight_00241.jpg
G00687,1,1,False,2. Brown Blight,2. Brown Blight/brown_blight_00242.jpg
G00688,1,1,False,2. Brown Blight,2. Brown Blight/brown_blight_00243.jpg
G00689,1,1,False,2. Brown Blight,2. Brown Blight/brown_blight_00244.jpg
G00690,1,1,False,2. Brown Blight,2. Brown Blight/brown_blight_00245.jpg
G00691,1,1,False,2. Brown Blight,2. Brown Blight/brown_blight_00246.jpg
G00692,1,1,False,2. Brown Blight,2. Brown Blight/brown_blight_00247.jpg
G00693,1,1,False,2. Brown Blight,2. Brown Blight/brown_blight_00248.jpg
G00694,1,1,False,2. Brown Blight,2. Brown Blight/brown_blight_00249.jpg
G00695,1,1,False,2. Brown Blight,2. Brown Blight/brown_blight_00250.jpg
G00696,1,1,False,2. Brown Blight,2. Brown Blight/brown_blight_00251.jpg
G00697,1,1,False,2. Brown Blight,2. Brown Blight/brown_blight_00252.jpg
G00698,1,1,False,2. Brown Blight,2. Brown Blight/brown_blight_00255.jpg
G00699,1,1,False,2. Brown Blight,2. Brown Blight/brown_blight_00256.jpg
G00700,1,1,False,2. Brown Blight,2. Brown Blight/brown_blight_00257.jpg
G00701,1,1,False,2. Brown Blight,2. Brown Blight/brown_blight_00258.jpg
G00702,1,1,False,2. Brown Blight,2. Brown Blight/brown_blight_00259.jpg
G00703,1,1,False,2. Brown Blight,2. Brown Blight/brown_blight_00260.jpg
G00704,1,1,False,2. Brown Blight,2. Brown Blight/brown_blight_00261.jpg
G00705,1,1,False,2. Brown Blight,2. Brown Blight/brown_blight_00262.jpg
G00706,1,1,False,2. Brown Blight,2. Brown Blight/brown_blight_00263.jpg
G00707,1,1,False,2. Brown Blight,2. Brown Blight/brown_blight_00264.jpg
G00708,1,1,False,2. Brown Blight,2. Brown Blight/brown_blight_00265.jpg
G00709,1,1,False,2. Brown Blight,2. Brown Blight/brown_blight_00266.jpg
G00710,1,1,False,2. Brown Blight,2. Brown Blight/brown_blight_00267.jpg
G00711,1,1,False,2. Brown Blight,2. Brown Blight/brown_blight_00268.jpg
G00712,1,1,False,2. Brown Blight,2. Brown Blight/brown_blight_00269.jpg
G00713,1,1,False,2. Brown Blight,2. Brown Blight/brown_blight_00272.jpg
G00714,1,1,False,2. Brown Blight,2. Brown Blight/brown_blight_00273.jpg
G00715,1,1,False,2. Brown Blight,2. Brown Blight/brown_blight_00274.jpg
G00716,1,1,False,2. Brown Blight,2. Brown Blight/brown_blight_00275.jpg
G00717,1,1,False,2. Brown Blight,2. Brown Blight/brown_blight_00276.jpg
G00718,1,1,False,2. Brown Blight,2. Brown Blight/brown_blight_00277.jpg
G00719,1,1,False,2. Brown Blight,2. Brown Blight/brown_blight_00278.jpg
G00720,1,1,False,2. Brown Blight,2. Brown Blight/brown_blight_00279.jpg
G00721,1,1,False,2. Brown Blight,2. Brown Blight/brown_blight_00280.jpg
G00722,1,1,False,2. Brown Blight,2. Brown Blight/brown_blight_00281.jpg
G00723,1,1,False,2. Brown Blight,2. Brown Blight/brown_blight_00282.jpg
G00724,1,1,False,2. Brown Blight,2. Brown Blight/brown_blight_00283.jpg
G00725,1,1,False,2. Brown Blight,2. Brown Blight/brown_blight_00286.jpg
G00726,1,1,False,2. Brown Blight,2. Brown Blight/brown_blight_00287.jpg
G00727,1,1,False,2. Brown Blight,2. Brown Blight/brown_blight_00288.jpg
G00728,1,1,False,2. Brown Blight,2. Brown Blight/brown_blight_00289.jpg
G00729,1,1,False,2. Brown Blight,2. Brown Blight/brown_blight_00290.jpg
G00730,1,1,False,2. Brown Blight,2. Brown Blight/brown_blight_00291.jpg
G00731,1,1,False,2. Brown Blight,2. Brown Blight/brown_blight_00292.jpg
G00732,1,1,False,2. Brown Blight,2. Brown Blight/brown_blight_00293.jpg
G00733,1,1,False,2. Brown Blight,2. Brown Blight/brown_blight_00294.jpg
G00734,1,1,False,2. Brown Blight,2. Brown Blight/brown_blight_00295.jpg
G00735,1,1,False,2. Brown Blight,2. Brown Blight/brown_blight_00296.jpg
G00736,1,1,False,2. Brown Blight,2. Brown Blight/brown_blight_00297.jpg
G00737,1,1,False,2. Brown Blight,2. Brown Blight/brown_blight_00298.jpg
G00738,1,1,False,2. Brown Blight,2. Brown Blight/brown_blight_00299.jpg
G00739,1,1,False,2. Brown Blight,2. Brown Blight/brown_blight_00300.jpg
G00740,1,1,False,2. Brown Blight,2. Brown Blight/brown_blight_00301.jpg
G00741,1,1,False,2. Brown Blight,2. Brown Blight/brown_blight_00302.jpg
G00742,1,1,False,2. Brown Blight,2. Brown Blight/brown_blight_00303.jpg
G00743,1,1,False,2. Brown Blight,2. Brown Blight/brown_blight_00304.jpg
G00744,1,1,False,2. Brown Blight,2. Brown Blight/brown_blight_00305.jpg
G00745,1,1,False,2. Brown Blight,2. Brown Blight/brown_blight_00306.jpg
G00746,1,1,False,2. Brown Blight,2. Brown Blight/brown_blight_00307.jpg
G00747,1,1,False,2. Brown Blight,2. Brown Blight/brown_blight_00308.jpg
G00748,1,1,False,2. Brown Blight,2. Brown Blight/brown_blight_00309.jpg
G00749,1,1,False,2. Brown Blight,2. Brown Blight/brown_blight_00310.jpg
G00750,1,1,False,2. Brown Blight,2. Brown Blight/brown_blight_00311.jpg
G00751,1,1,False,2. Brown Blight,2. Brown Blight/brown_blight_00312.jpg
G00752,1,1,False,2. Brown Blight,2. Brown Blight/brown_blight_00313.jpg
G00753,1,1,False,2. Brown Blight,2. Brown Blight/brown_blight_00314.jpg
G00754,1,1,False,2. Brown Blight,2. Brown Blight/brown_blight_00315.jpg
G00755,1,1,False,2. Brown Blight,2. Brown Blight/brown_blight_00316.jpg
G00756,1,1,False,2. Brown Blight,2. Brown Blight/brown_blight_00317.jpg
G00757,1,1,False,2. Brown Blight,2. Brown Blight/brown_blight_00318.jpg
G00758,1,1,False,2. Brown Blight,2. Brown Blight/brown_blight_00319.jpg
G00759,1,1,False,2. Brown Blight,2. Brown Blight/brown_blight_00320.jpg
G00760,1,1,False,2. Brown Blight,2. Brown Blight/brown_blight_00321.jpg
G00761,1,1,False,2. Brown Blight,2. Brown Blight/brown_blight_00322.jpg
G00762,1,1,False,2. Brown Blight,2. Brown Blight/brown_blight_00323.jpg
G00763,1,1,False,2. Brown Blight,2. Brown Blight/brown_blight_00324.jpg
G00764,1,1,False,2. Brown Blight,2. Brown Blight/brown_blight_00325.jpg
G00765,1,1,False,2. Brown Blight,2. Brown Blight/brown_blight_00326.jpg
G00766,1,1,False,2. Brown Blight,2. Brown Blight/brown_blight_00327.jpg
G00767,1,1,False,2. Brown Blight,2. Brown Blight/brown_blight_00328.jpg
G00768,1,1,False,2. Brown Blight,2. Brown Blight/brown_blight_00329.jpg
G00769,1,1,False,2. Brown Blight,2. Brown Blight/brown_blight_00330.jpg
G00770,1,1,False,2. Brown Blight,2. Brown Blight/brown_blight_00331.jpg
G00771,1,1,False,2. Brown Blight,2. Brown Blight/brown_blight_00332.jpg
G00772,1,1,False,2. Brown Blight,2. Brown Blight/brown_blight_00333.jpg
G00773,1,1,False,2. Brown Blight,2. Brown Blight/brown_blight_00334.jpg
G00774,1,1,False,2. Brown Blight,2. Brown Blight/brown_blight_00335.jpg
G00775,1,1,False,2. Brown Blight,2. Brown Blight/brown_blight_00336.jpg
G00776,1,1,False,2. Brown Blight,2. Brown Blight/brown_blight_00337.jpg
G00777,1,1,False,2. Brown Blight,2. Brown Blight/brown_blight_00338.jpg
G00778,1,1,False,2. Brown Blight,2. Brown Blight/brown_blight_00339.jpg
G00779,1,1,False,2. Brown Blight,2. Brown Blight/brown_blight_00340.jpg
G00780,1,1,False,2. Brown Blight,2. Brown Blight/brown_blight_00341.jpg
G00781,1,1,False,2. Brown Blight,2. Brown Blight/brown_blight_00342.jpg
G00782,1,1,False,2. Brown Blight,2. Brown Blight/brown_blight_00343.jpg
G00783,1,1,False,2. Brown Blight,2. Brown Blight/brown_blight_00344.jpg
G00784,1,1,False,2. Brown Blight,2. Brown Blight/brown_blight_00345.jpg
G00785,1,1,False,2. Brown Blight,2. Brown Blight/brown_blight_00346.jpg
G00786,1,1,False,2. Brown Blight,2. Brown Blight/brown_blight_00347.jpg
G00787,1,1,False,2. Brown Blight,2. Brown Blight/brown_blight_00348.jpg
G00788,1,1,False,2. Brown Blight,2. Brown Blight/brown_blight_00349.jpg
G00789,1,1,False,2. Brown Blight,2. Brown Blight/brown_blight_00350.jpg
G00790,1,1,False,2. Brown Blight,2. Brown Blight/brown_blight_00351.jpg
G00791,1,1,False,2. Brown Blight,2. Brown Blight/brown_blight_00352.jpg
G00792,1,1,False,2. Brown Blight,2. Brown Blight/brown_blight_00353.jpg
G00793,1,1,False,2. Brown Blight,2. Brown Blight/brown_blight_00354.jpg
G00794,1,1,False,2. Brown Blight,2. Brown Blight/brown_blight_00355.jpg
G00795,1,1,False,2. Brown Blight,2. Brown Blight/brown_blight_00356.jpg
G00796,1,1,False,2. Brown Blight,2. Brown Blight/brown_blight_00357.jpg
G00797,1,1,False,2. Brown Blight,2. Brown Blight/brown_blight_00358.jpg
G00798,1,1,False,2. Brown Blight,2. Brown Blight/brown_blight_00359.jpg
G00799,1,1,False,2. Brown Blight,2. Brown Blight/brown_blight_00360.jpg
G00800,1,1,False,2. Brown Blight,2. Brown Blight/brown_blight_00361.jpg
G00801,1,1,False,2. Brown Blight,2. Brown Blight/brown_blight_00362.jpg
G00802,1,1,False,2. Brown Blight,2. Brown Blight/brown_blight_00363.jpg
G00803,1,1,False,2. Brown Blight,2. Brown Blight/brown_blight_00364.jpg
G00804,1,1,False,2. Brown Blight,2. Brown Blight/brown_blight_00365.jpg
G00805,1,1,False,2. Brown Blight,2. Brown Blight/brown_blight_00366.jpg
G00806,1,1,False,2. Brown Blight,2. Brown Blight/brown_blight_00367.jpg
G00807,1,1,False,2. Brown Blight,2. Brown Blight/brown_blight_00368.jpg
G00808,1,1,False,2. Brown Blight,2. Brown Blight/brown_blight_00369.jpg
G00809,1,1,False,2. Brown Blight,2. Brown Blight/brown_blight_00370.jpg
G00810,1,1,False,2. Brown Blight,2. Brown Blight/brown_blight_00371.jpg
G00811,1,1,False,2. Brown Blight,2. Brown Blight/brown_blight_00372.jpg
G00812,1,1,False,2. Brown Blight,2. Brown Blight/brown_blight_00373.jpg
G00813,1,1,False,2. Brown Blight,2. Brown Blight/brown_blight_00374.jpg
G00814,1,1,False,2. Brown Blight,2. Brown Blight/brown_blight_00375.jpg
G00815,1,1,False,2. Brown Blight,2. Brown Blight/brown_blight_00376.jpg
G00816,1,1,False,2. Brown Blight,2. Brown Blight/brown_blight_00377.jpg
G00817,1,1,False,2. Brown Blight,2. Brown Blight/brown_blight_00378.jpg
G00818,1,1,False,2. Brown Blight,2. Brown Blight/brown_blight_00379.jpg
G00819,1,1,False,2. Brown Blight,2. Brown Blight/brown_blight_00380.jpg
G00820,1,1,False,2. Brown Blight,2. Brown Blight/brown_blight_00381.jpg
G00821,1,1,False,2. Brown Blight,2. Brown Blight/brown_blight_00382.jpg
G00822,1,1,False,2. Brown Blight,2. Brown Blight/brown_blight_00383.jpg
G00823,1,1,False,2. Brown Blight,2. Brown Blight/brown_blight_00384.jpg
G00824,1,1,False,2. Brown Blight,2. Brown Blight/brown_blight_00385.jpg
G00825,1,1,False,2. Brown Blight,2. Brown Blight/brown_blight_00386.jpg
G00826,1,1,False,2. Brown Blight,2. Brown Blight/brown_blight_00387.jpg
G00827,1,1,False,2. Brown Blight,2. Brown Blight/brown_blight_00388.jpg
G00828,1,1,False,2. Brown Blight,2. Brown Blight/brown_blight_00389.jpg
G00829,1,1,False,2. Brown Blight,2. Brown Blight/brown_blight_00390.jpg
G00830,1,1,False,2. Brown Blight,2. Brown Blight/brown_blight_00391.jpg
G00831,1,1,False,2. Brown Blight,2. Brown Blight/brown_blight_00392.jpg
G00832,1,1,False,2. Brown Blight,2. Brown Blight/brown_blight_00393.jpg
G00833,1,1,False,2. Brown Blight,2. Brown Blight/brown_blight_00394.jpg
G00834,1,1,False,2. Brown Blight,2. Brown Blight/brown_blight_00395.jpg
G00835,1,1,False,2. Brown Blight,2. Brown Blight/brown_blight_00396.jpg
G00836,1,1,False,2. Brown Blight,2. Brown Blight/brown_blight_00397.jpg
G00837,1,1,False,2. Brown Blight,2. Brown Blight/brown_blight_00398.jpg
G00838,1,1,False,2. Brown Blight,2. Brown Blight/brown_blight_00399.jpg
G00839,1,1,False,2. Brown Blight,2. Brown Blight/brown_blight_00400.jpg
G00840,1,1,False,2. Brown Blight,2. Brown Blight/brown_blight_00401.jpg
G00841,1,1,False,2. Brown Blight,2. Brown Blight/brown_blight_00402.jpg
G00842,1,1,False,2. Brown Blight,2. Brown Blight/brown_blight_00403.jpg
G00843,1,1,False,2. Brown Blight,2. Brown Blight/brown_blight_00404.jpg
G00844,1,1,False,2. Brown Blight,2. Brown Blight/brown_blight_00405.jpg
G00845,1,1,False,2. Brown Blight,2. Brown Blight/brown_blight_00406.jpg
G00846,1,1,False,2. Brown Blight,2. Brown Blight/brown_blight_00407.jpg
G00847,1,1,False,2. Brown Blight,2. Brown Blight/brown_blight_00408.jpg
G00848,1,1,False,2. Brown Blight,2. Brown Blight/brown_blight_00409.jpg
G00849,1,1,False,2. Brown Blight,2. Brown Blight/brown_blight_00410.jpg
G00850,1,1,False,2. Brown Blight,2. Brown Blight/brown_blight_00411.jpg
G00851,1,1,False,2. Brown Blight,2. Brown Blight/brown_blight_00412.jpg
G00852,1,1,False,2. Brown Blight,2. Brown Blight/brown_blight_00413.jpg
G00853,1,1,False,2. Brown Blight,2. Brown Blight/brown_blight_00414.jpg
G00854,1,1,False,2. Brown Blight,2. Brown Blight/brown_blight_00415.jpg
G00855,1,1,False,2. Brown Blight,2. Brown Blight/brown_blight_00416.jpg
G00856,1,1,False,2. Brown Blight,2. Brown Blight/brown_blight_00417.jpg
G00857,1,1,False,2. Brown Blight,2. Brown Blight/brown_blight_00418.jpg
G00858,1,1,False,2. Brown Blight,2. Brown Blight/brown_blight_00419.jpg
G00859,1,1,False,2. Brown Blight,2. Brown Blight/brown_blight_00420.jpg
G00860,1,1,False,2. Brown Blight,2. Brown Blight/brown_blight_00421.jpg
G00861,1,1,False,2. Brown Blight,2. Brown Blight/brown_blight_00422.jpg
G00862,1,1,False,2. Brown Blight,2. Brown Blight/brown_blight_00423.jpg
G00863,1,1,False,2. Brown Blight,2. Brown Blight/brown_blight_00424.jpg
G00864,1,1,False,2. Brown Blight,2. Brown Blight/brown_blight_00425.jpg
G00865,1,1,False,2. Brown Blight,2. Brown Blight/brown_blight_00426.jpg
G00866,1,1,False,2. Brown Blight,2. Brown Blight/brown_blight_00427.jpg
G00867,1,1,False,2. Brown Blight,2. Brown Blight/brown_blight_00428.jpg
G00868,1,1,False,2. Brown Blight,2. Brown Blight/brown_blight_00429.jpg
G00869,1,1,False,2. Brown Blight,2. Brown Blight/brown_blight_00430.jpg
G00870,1,1,False,2. Brown Blight,2. Brown Blight/brown_blight_00431.jpg
G00871,1,1,False,2. Brown Blight,2. Brown Blight/brown_blight_00432.jpg
G00872,1,1,False,2. Brown Blight,2. Brown Blight/brown_blight_00433.jpg
G00873,1,1,False,2. Brown Blight,2. Brown Blight/brown_blight_00434.jpg
G00874,1,1,False,2. Brown Blight,2. Brown Blight/brown_blight_00435.jpg
G00875,1,1,False,2. Brown Blight,2. Brown Blight/brown_blight_00436.jpg
G00876,1,1,False,2. Brown Blight,2. Brown Blight/brown_blight_00437.jpg
G00877,1,1,False,2. Brown Blight,2. Brown Blight/brown_blight_00438.jpg
G00878,1,1,False,2. Brown Blight,2. Brown Blight/brown_blight_00439.jpg
G00879,1,1,False,2. Brown Blight,2. Brown Blight/brown_blight_00440.jpg
G00880,1,1,False,2. Brown Blight,2. Brown Blight/brown_blight_00441.jpg
G00881,1,1,False,2. Brown Blight,2. Brown Blight/brown_blight_00442.jpg
G00882,1,1,False,2. Brown Blight,2. Brown Blight/brown_blight_00443.jpg
G00883,1,1,False,2. Brown Blight,2. Brown Blight/brown_blight_00444.jpg
G00884,1,1,False,2. Brown Blight,2. Brown Blight/brown_blight_00445.jpg
G00885,1,1,False,2. Brown Blight,2. Brown Blight/brown_blight_00446.jpg
G00886,1,1,False,2. Brown Blight,2. Brown Blight/brown_blight_00447.jpg
G00887,1,1,False,2. Brown Blight,2. Brown Blight/brown_blight_00448.jpg
G00888,1,1,False,2. Brown Blight,2. Brown Blight/brown_blight_00449.jpg
G00889,1,1,False,2. Brown Blight,2. Brown Blight/brown_blight_00450.jpg
G00890,1,1,False,2. Brown Blight,2. Brown Blight/brown_blight_00451.jpg
G00891,1,1,False,2. Brown Blight,2. Brown Blight/brown_blight_00452.jpg
G00892,1,1,False,2. Brown Blight,2. Brown Blight/brown_blight_00453.jpg
G00893,1,1,False,2. Brown Blight,2. Brown Blight/brown_blight_00454.jpg
G00894,1,1,False,2. Brown Blight,2. Brown Blight/brown_blight_00455.jpg
G00895,1,1,False,2. Brown Blight,2. Brown Blight/brown_blight_00456.jpg
G00896,1,1,False,2. Brown Blight,2. Brown Blight/brown_blight_00457.jpg
G00897,1,1,False,2. Brown Blight,2. Brown Blight/brown_blight_00458.jpg
G00898,1,1,False,2. Brown Blight,2. Brown Blight/brown_blight_00459.jpg
G00899,1,1,False,2. Brown Blight,2. Brown Blight/brown_blight_00460.jpg
G00900,1,1,False,2. Brown Blight,2. Brown Blight/brown_blight_00461.jpg
G00901,1,1,False,2. Brown Blight,2. Brown Blight/brown_blight_00462.jpg
G00902,1,1,False,2. Brown Blight,2. Brown Blight/brown_blight_00463.jpg
G00903,1,1,False,2. Brown Blight,2. Brown Blight/brown_blight_00464.jpg
G00904,1,1,False,2. Brown Blight,2. Brown Blight/brown_blight_00465.jpg
G00905,1,1,False,2. Brown Blight,2. Brown Blight/brown_blight_00466.jpg
G00906,1,1,False,2. Brown Blight,2. Brown Blight/brown_blight_00467.jpg
G00907,1,1,False,2. Brown Blight,2. Brown Blight/brown_blight_00468.jpg
G00908,1,1,False,2. Brown Blight,2. Brown Blight/brown_blight_00469.jpg
G00909,1,1,False,2. Brown Blight,2. Brown Blight/brown_blight_00470.jpg
G00910,1,1,False,2. Brown Blight,2. Brown Blight/brown_blight_00471.jpg
G00911,1,1,False,2. Brown Blight,2. Brown Blight/brown_blight_00474.jpg
G00912,1,1,False,2. Brown Blight,2. Brown Blight/brown_blight_00475.jpg
G00913,1,1,False,2. Brown Blight,2. Brown Blight/brown_blight_00476.jpg
G00914,1,1,False,2. Brown Blight,2. Brown Blight/brown_blight_00477.jpg
G00915,1,1,False,2. Brown Blight,2. Brown Blight/brown_blight_00478.jpg
G00916,1,1,False,2. Brown Blight,2. Brown Blight/brown_blight_00479.jpg
G00917,1,1,False,2. Brown Blight,2. Brown Blight/brown_blight_00480.jpg
G00918,1,1,False,2. Brown Blight,2. Brown Blight/brown_blight_00481.jpg
G00919,1,1,False,2. Brown Blight,2. Brown Blight/brown_blight_00482.jpg
G00920,1,1,False,2. Brown Blight,2. Brown Blight/brown_blight_00483.jpg
G00921,1,1,False,2. Brown Blight,2. Brown Blight/brown_blight_00484.jpg
G00922,1,1,False,2. Brown Blight,2. Brown Blight/brown_blight_00485.jpg
G00923,1,1,False,2. Brown Blight,2. Brown Blight/brown_blight_00486.jpg
G00924,1,1,False,2. Brown Blight,2. Brown Blight/brown_blight_00487.jpg
G00925,1,1,False,2. Brown Blight,2. Brown Blight/brown_blight_00488.jpg
G00926,1,1,False,2. Brown Blight,2. Brown Blight/brown_blight_00489.jpg
G00927,1,1,False,2. Brown Blight,2. Brown Blight/brown_blight_00490.jpg
G00928,1,1,False,2. Brown Blight,2. Brown Blight/brown_blight_00491.jpg
G00929,1,1,False,2. Brown Blight,2. Brown Blight/brown_blight_00492.jpg
G00930,1,1,False,2. Brown Blight,2. Brown Blight/brown_blight_00493.jpg
G00931,1,1,False,2. Brown Blight,2. Brown Blight/brown_blight_00494.jpg
G00932,1,1,False,2. Brown Blight,2. Brown Blight/brown_blight_00495.jpg
G00933,1,1,False,2. Brown Blight,2. Brown Blight/brown_blight_00496.jpg
G00934,1,1,False,2. Brown Blight,2. Brown Blight/brown_blight_00497.jpg
G00935,1,1,False,2. Brown Blight,2. Brown Blight/brown_blight_00498.jpg
G00936,1,1,False,2. Brown Blight,2. Brown Blight/brown_blight_00499.jpg
G00937,1,1,False,2. Brown Blight,2. Brown Blight/brown_blight_00500.jpg
G00938,1,1,False,2. Brown Blight,2. Brown Blight/brown_blight_00501.jpg
G00939,1,1,False,2. Brown Blight,2. Brown Blight/brown_blight_00502.jpg
G00940,1,1,False,2. Brown Blight,2. Brown Blight/brown_blight_00503.jpg
G00941,1,1,False,2. Brown Blight,2. Brown Blight/brown_blight_00504.jpg
G00942,1,1,False,2. Brown Blight,2. Brown Blight/brown_blight_00505.jpg
G00943,1,1,False,2. Brown Blight,2. Brown Blight/brown_blight_00506.jpg
G00944,1,1,False,3. Gray Blight,3. Gray Blight/gray_blight_00001.jpg
G00945,1,1,False,3. Gray Blight,3. Gray Blight/gray_blight_00002.jpg
G00946,1,1,False,3. Gray Blight,3. Gray Blight/gray_blight_00003.jpg
G00947,1,1,False,3. Gray Blight,3. Gray Blight/gray_blight_00004.jpg
G00948,1,1,False,3. Gray Blight,3. Gray Blight/gray_blight_00005.jpg
G00949,1,1,False,3. Gray Blight,3. Gray Blight/gray_blight_00006.jpg
G00950,1,1,False,3. Gray Blight,3. Gray Blight/gray_blight_00007.jpg
G00951,1,1,False,3. Gray Blight,3. Gray Blight/gray_blight_00008.jpg
G00952,1,1,False,3. Gray Blight,3. Gray Blight/gray_blight_00009.jpg
G00953,1,1,False,3. Gray Blight,3. Gray Blight/gray_blight_00010.jpg
G00954,1,1,False,3. Gray Blight,3. Gray Blight/gray_blight_00011.jpg
G00955,1,1,False,3. Gray Blight,3. Gray Blight/gray_blight_00012.jpg
G00956,1,1,False,3. Gray Blight,3. Gray Blight/gray_blight_00013.jpg
G00957,1,1,False,3. Gray Blight,3. Gray Blight/gray_blight_00014.jpg
G00958,1,1,False,3. Gray Blight,3. Gray Blight/gray_blight_00015.jpg
G00959,1,1,False,3. Gray Blight,3. Gray Blight/gray_blight_00016.jpg
G00960,1,1,False,3. Gray Blight,3. Gray Blight/gray_blight_00017.jpg
G00961,1,1,False,3. Gray Blight,3. Gray Blight/gray_blight_00018.jpg
G00962,1,1,False,3. Gray Blight,3. Gray Blight/gray_blight_00019.jpg
G00963,1,1,False,3. Gray Blight,3. Gray Blight/gray_blight_00020.jpg
G00964,1,1,False,3. Gray Blight,3. Gray Blight/gray_blight_00021.jpg
G00965,1,1,False,3. Gray Blight,3. Gray Blight/gray_blight_00022.jpg
G00966,1,1,False,3. Gray Blight,3. Gray Blight/gray_blight_00023.jpg
G00967,1,1,False,3. Gray Blight,3. Gray Blight/gray_blight_00024.jpg
G00968,1,1,False,3. Gray Blight,3. Gray Blight/gray_blight_00025.jpg
G00969,1,1,False,3. Gray Blight,3. Gray Blight/gray_blight_00026.jpg
G00970,1,1,False,3. Gray Blight,3. Gray Blight/gray_blight_00027.jpg
G00971,1,1,False,3. Gray Blight,3. Gray Blight/gray_blight_00028.jpg
G00972,1,1,False,3. Gray Blight,3. Gray Blight/gray_blight_00029.jpg
G00973,1,1,False,3. Gray Blight,3. Gray Blight/gray_blight_00030.jpg
G00974,1,1,False,3. Gray Blight,3. Gray Blight/gray_blight_00031.jpg
G00975,1,1,False,3. Gray Blight,3. Gray Blight/gray_blight_00032.jpg
G00976,1,1,False,3. Gray Blight,3. Gray Blight/gray_blight_00033.jpg
G00977,1,1,False,3. Gray Blight,3. Gray Blight/gray_blight_00034.jpg
G00978,1,1,False,3. Gray Blight,3. Gray Blight/gray_blight_00035.jpg
G00979,1,1,False,3. Gray Blight,3. Gray Blight/gray_blight_00036.jpg
G00980,1,1,False,3. Gray Blight,3. Gray Blight/gray_blight_00037.jpg
G00981,1,1,False,3. Gray Blight,3. Gray Blight/gray_blight_00038.jpg
G00982,1,1,False,3. Gray Blight,3. Gray Blight/gray_blight_00039.jpg
G00983,1,1,False,3. Gray Blight,3. Gray Blight/gray_blight_00040.jpg
G00984,1,1,False,3. Gray Blight,3. Gray Blight/gray_blight_00041.jpg
G00985,1,1,False,3. Gray Blight,3. Gray Blight/gray_blight_00042.jpg
G00986,1,1,False,3. Gray Blight,3. Gray Blight/gray_blight_00043.jpg
G00987,1,1,False,3. Gray Blight,3. Gray Blight/gray_blight_00044.jpg
G00988,1,1,False,3. Gray Blight,3. Gray Blight/gray_blight_00045.jpg
G00989,1,1,False,3. Gray Blight,3. Gray Blight/gray_blight_00046.jpg
G00990,1,1,False,3. Gray Blight,3. Gray Blight/gray_blight_00047.jpg
G00991,1,1,False,3. Gray Blight,3. Gray Blight/gray_blight_00048.jpg
G00992,1,1,False,3. Gray Blight,3. Gray Blight/gray_blight_00049.jpg
G00993,1,1,False,3. Gray Blight,3. Gray Blight/gray_blight_00050.jpg
G00994,1,1,False,3. Gray Blight,3. Gray Blight/gray_blight_00051.jpg
G00995,1,1,False,3. Gray Blight,3. Gray Blight/gray_blight_00052.jpg
G00996,1,1,False,3. Gray Blight,3. Gray Blight/gray_blight_00053.jpg
G00997,1,1,False,3. Gray Blight,3. Gray Blight/gray_blight_00054.jpg
G00998,1,1,False,3. Gray Blight,3. Gray Blight/gray_blight_00055.jpg
G00999,1,1,False,3. Gray Blight,3. Gray Blight/gray_blight_00056.jpg
G01000,1,1,False,3. Gray Blight,3. Gray Blight/gray_blight_00057.jpg
G01001,1,1,False,3. Gray Blight,3. Gray Blight/gray_blight_00058.jpg
G01002,1,1,False,3. Gray Blight,3. Gray Blight/gray_blight_00059.jpg
G01003,1,1,False,3. Gray Blight,3. Gray Blight/gray_blight_00060.jpg
G01004,1,1,False,3. Gray Blight,3. Gray Blight/gray_blight_00061.jpg
G01005,1,1,False,3. Gray Blight,3. Gray Blight/gray_blight_00062.jpg
G01006,1,1,False,3. Gray Blight,3. Gray Blight/gray_blight_00063.jpg
G01007,1,1,False,3. Gray Blight,3. Gray Blight/gray_blight_00064.jpg
G01008,1,1,False,3. Gray Blight,3. Gray Blight/gray_blight_00065.jpg
G01009,1,1,False,3. Gray Blight,3. Gray Blight/gray_blight_00066.jpg
G01010,1,1,False,3. Gray Blight,3. Gray Blight/gray_blight_00067.jpg
G01011,1,1,False,3. Gray Blight,3. Gray Blight/gray_blight_00068.jpg
G01012,1,1,False,3. Gray Blight,3. Gray Blight/gray_blight_00069.jpg
G01013,1,1,False,3. Gray Blight,3. Gray Blight/gray_blight_00070.jpg
G01014,1,1,False,3. Gray Blight,3. Gray Blight/gray_blight_00071.jpg
G01015,1,1,False,3. Gray Blight,3. Gray Blight/gray_blight_00072.jpg
G01016,1,1,False,3. Gray Blight,3. Gray Blight/gray_blight_00073.jpg
G01017,1,1,False,3. Gray Blight,3. Gray Blight/gray_blight_00074.jpg
G01018,1,1,False,3. Gray Blight,3. Gray Blight/gray_blight_00075.jpg
G01019,1,1,False,3. Gray Blight,3. Gray Blight/gray_blight_00076.jpg
G01020,1,1,False,3. Gray Blight,3. Gray Blight/gray_blight_00077.jpg
G01021,1,1,False,3. Gray Blight,3. Gray Blight/gray_blight_00078.jpg
G01022,1,1,False,3. Gray Blight,3. Gray Blight/gray_blight_00079.jpg
G01023,1,1,False,3. Gray Blight,3. Gray Blight/gray_blight_00080.jpg
G01024,1,1,False,3. Gray Blight,3. Gray Blight/gray_blight_00081.jpg
G01025,1,1,False,3. Gray Blight,3. Gray Blight/gray_blight_00082.jpg
G01026,1,1,False,3. Gray Blight,3. Gray Blight/gray_blight_00083.jpg
G01027,1,1,False,3. Gray Blight,3. Gray Blight/gray_blight_00084.jpg
G01028,1,1,False,3. Gray Blight,3. Gray Blight/gray_blight_00085.jpg
G01029,1,1,False,3. Gray Blight,3. Gray Blight/gray_blight_00086.jpg
G01030,1,1,False,3. Gray Blight,3. Gray Blight/gray_blight_00087.jpg
G01031,1,1,False,3. Gray Blight,3. Gray Blight/gray_blight_00088.jpg
G01032,1,1,False,3. Gray Blight,3. Gray Blight/gray_blight_00089.jpg
G01033,1,1,False,3. Gray Blight,3. Gray Blight/gray_blight_00090.jpg
G01034,1,1,False,3. Gray Blight,3. Gray Blight/gray_blight_00091.jpg
G01035,1,1,False,3. Gray Blight,3. Gray Blight/gray_blight_00092.jpg
G01036,1,1,False,3. Gray Blight,3. Gray Blight/gray_blight_00093.jpg
G01037,1,1,False,3. Gray Blight,3. Gray Blight/gray_blight_00094.jpg
G01038,1,1,False,3. Gray Blight,3. Gray Blight/gray_blight_00095.jpg
G01039,1,1,False,3. Gray Blight,3. Gray Blight/gray_blight_00096.jpg
G01040,1,1,False,3. Gray Blight,3. Gray Blight/gray_blight_00097.jpg
G01041,1,1,False,3. Gray Blight,3. Gray Blight/gray_blight_00098.jpg
G01042,1,1,False,3. Gray Blight,3. Gray Blight/gray_blight_00099.jpg
G01043,1,1,False,3. Gray Blight,3. Gray Blight/gray_blight_00100.jpg
G01044,1,1,False,3. Gray Blight,3. Gray Blight/gray_blight_00101.jpg
G01045,1,1,False,3. Gray Blight,3. Gray Blight/gray_blight_00102.jpg
G01046,1,1,False,3. Gray Blight,3. Gray Blight/gray_blight_00103.jpg
G01047,1,1,False,3. Gray Blight,3. Gray Blight/gray_blight_00104.jpg
G01048,1,1,False,3. Gray Blight,3. Gray Blight/gray_blight_00105.jpg
G01049,1,1,False,3. Gray Blight,3. Gray Blight/gray_blight_00106.jpg
G01050,1,1,False,3. Gray Blight,3. Gray Blight/gray_blight_00107.jpg
G01051,1,1,False,3. Gray Blight,3. Gray Blight/gray_blight_00108.jpg
G01052,1,1,False,3. Gray Blight,3. Gray Blight/gray_blight_00109.jpg
G01053,1,1,False,3. Gray Blight,3. Gray Blight/gray_blight_00110.jpg
G01054,1,1,False,3. Gray Blight,3. Gray Blight/gray_blight_00111.jpg
G01055,1,1,False,3. Gray Blight,3. Gray Blight/gray_blight_00112.jpg
G01056,1,1,False,3. Gray Blight,3. Gray Blight/gray_blight_00113.jpg
G01057,1,1,False,3. Gray Blight,3. Gray Blight/gray_blight_00114.jpg
G01058,1,1,False,3. Gray Blight,3. Gray Blight/gray_blight_00115.jpg
G01059,1,1,False,3. Gray Blight,3. Gray Blight/gray_blight_00116.jpg
G01060,1,1,False,3. Gray Blight,3. Gray Blight/gray_blight_00117.jpg
G01061,1,1,False,3. Gray Blight,3. Gray Blight/gray_blight_00118.jpg
G01062,1,1,False,3. Gray Blight,3. Gray Blight/gray_blight_00119.jpg
G01063,1,1,False,3. Gray Blight,3. Gray Blight/gray_blight_00120.jpg
G01064,1,1,False,3. Gray Blight,3. Gray Blight/gray_blight_00121.jpg
G01065,1,1,False,3. Gray Blight,3. Gray Blight/gray_blight_00122.jpg
G01066,1,1,False,3. Gray Blight,3. Gray Blight/gray_blight_00123.jpg
G01067,1,1,False,3. Gray Blight,3. Gray Blight/gray_blight_00124.jpg
G01068,1,1,False,3. Gray Blight,3. Gray Blight/gray_blight_00125.jpg
G01069,1,1,False,3. Gray Blight,3. Gray Blight/gray_blight_00126.jpg
G01070,1,1,False,3. Gray Blight,3. Gray Blight/gray_blight_00127.jpg
G01071,1,1,False,3. Gray Blight,3. Gray Blight/gray_blight_00128.jpg
G01072,1,1,False,3. Gray Blight,3. Gray Blight/gray_blight_00129.jpg
G01073,1,1,False,3. Gray Blight,3. Gray Blight/gray_blight_00130.jpg
G01074,1,1,False,3. Gray Blight,3. Gray Blight/gray_blight_00131.jpg
G01075,1,1,False,3. Gray Blight,3. Gray Blight/gray_blight_00132.jpg
G01076,1,1,False,3. Gray Blight,3. Gray Blight/gray_blight_00133.jpg
G01077,1,1,False,3. Gray Blight,3. Gray Blight/gray_blight_00134.jpg
G01078,1,1,False,3. Gray Blight,3. Gray Blight/gray_blight_00135.jpg
G01079,1,1,False,3. Gray Blight,3. Gray Blight/gray_blight_00136.jpg
G01080,1,1,False,3. Gray Blight,3. Gray Blight/gray_blight_00137.jpg
G01081,1,1,False,3. Gray Blight,3. Gray Blight/gray_blight_00138.jpg
G01082,1,1,False,3. Gray Blight,3. Gray Blight/gray_blight_00139.jpg
G01083,1,1,False,3. Gray Blight,3. Gray Blight/gray_blight_00140.jpg
G01084,1,1,False,3. Gray Blight,3. Gray Blight/gray_blight_00141.jpg
G01085,1,1,False,3. Gray Blight,3. Gray Blight/gray_blight_00142.jpg
G01086,1,1,False,3. Gray Blight,3. Gray Blight/gray_blight_00143.jpg
G01087,1,1,False,3. Gray Blight,3. Gray Blight/gray_blight_00144.jpg
G01088,1,1,False,3. Gray Blight,3. Gray Blight/gray_blight_00145.jpg
G01089,1,1,False,3. Gray Blight,3. Gray Blight/gray_blight_00146.jpg
G01090,1,1,False,3. Gray Blight,3. Gray Blight/gray_blight_00147.jpg
G01091,1,1,False,3. Gray Blight,3. Gray Blight/gray_blight_00148.jpg
G01092,1,1,False,3. Gray Blight,3. Gray Blight/gray_blight_00149.jpg
G01093,1,1,False,3. Gray Blight,3. Gray Blight/gray_blight_00150.jpg
G01094,1,1,False,3. Gray Blight,3. Gray Blight/gray_blight_00151.jpg
G01095,1,1,False,3. Gray Blight,3. Gray Blight/gray_blight_00152.jpg
G01096,1,1,False,3. Gray Blight,3. Gray Blight/gray_blight_00153.jpg
G01097,1,1,False,3. Gray Blight,3. Gray Blight/gray_blight_00154.jpg
G01098,1,1,False,3. Gray Blight,3. Gray Blight/gray_blight_00155.jpg
G01099,1,1,False,3. Gray Blight,3. Gray Blight/gray_blight_00156.jpg
G01100,1,1,False,3. Gray Blight,3. Gray Blight/gray_blight_00157.jpg
G01101,1,1,False,3. Gray Blight,3. Gray Blight/gray_blight_00158.jpg
G01102,1,1,False,3. Gray Blight,3. Gray Blight/gray_blight_00159.jpg
G01103,1,1,False,3. Gray Blight,3. Gray Blight/gray_blight_00160.jpg
G01104,1,1,False,3. Gray Blight,3. Gray Blight/gray_blight_00161.jpg
G01105,1,1,False,3. Gray Blight,3. Gray Blight/gray_blight_00162.jpg
G01106,1,1,False,3. Gray Blight,3. Gray Blight/gray_blight_00163.jpg
G01107,1,1,False,3. Gray Blight,3. Gray Blight/gray_blight_00164.jpg
G01108,1,1,False,3. Gray Blight,3. Gray Blight/gray_blight_00165.jpg
G01109,1,1,False,3. Gray Blight,3. Gray Blight/gray_blight_00166.jpg
G01110,1,1,False,3. Gray Blight,3. Gray Blight/gray_blight_00167.jpg
G01111,1,1,False,3. Gray Blight,3. Gray Blight/gray_blight_00168.jpg
G01112,1,1,False,3. Gray Blight,3. Gray Blight/gray_blight_00169.jpg
G01113,1,1,False,3. Gray Blight,3. Gray Blight/gray_blight_00170.jpg
G01114,1,1,False,3. Gray Blight,3. Gray Blight/gray_blight_00171.jpg
G01115,1,1,False,3. Gray Blight,3. Gray Blight/gray_blight_00172.jpg
G01116,1,1,False,3. Gray Blight,3. Gray Blight/gray_blight_00173.jpg
G01117,1,1,False,3. Gray Blight,3. Gray Blight/gray_blight_00174.jpg
G01118,1,1,False,3. Gray Blight,3. Gray Blight/gray_blight_00175.jpg
G01119,1,1,False,3. Gray Blight,3. Gray Blight/gray_blight_00176.jpg
G01120,1,1,False,3. Gray Blight,3. Gray Blight/gray_blight_00177.jpg
G01121,1,1,False,3. Gray Blight,3. Gray Blight/gray_blight_00178.jpg
G01122,1,1,False,3. Gray Blight,3. Gray Blight/gray_blight_00179.jpg
G01123,1,1,False,3. Gray Blight,3. Gray Blight/gray_blight_00180.jpg
G01124,1,1,False,3. Gray Blight,3. Gray Blight/gray_blight_00181.jpg
G01125,1,1,False,3. Gray Blight,3. Gray Blight/gray_blight_00182.jpg
G01126,1,1,False,3. Gray Blight,3. Gray Blight/gray_blight_00183.jpg
G01127,1,1,False,3. Gray Blight,3. Gray Blight/gray_blight_00184.jpg
G01128,1,1,False,3. Gray Blight,3. Gray Blight/gray_blight_00185.jpg
G01129,1,1,False,3. Gray Blight,3. Gray Blight/gray_blight_00186.jpg
G01130,1,1,False,3. Gray Blight,3. Gray Blight/gray_blight_00187.jpg
G01131,1,1,False,3. Gray Blight,3. Gray Blight/gray_blight_00188.jpg
G01132,1,1,False,3. Gray Blight,3. Gray Blight/gray_blight_00189.jpg
G01133,1,1,False,3. Gray Blight,3. Gray Blight/gray_blight_00190.jpg
G01134,1,1,False,3. Gray Blight,3. Gray Blight/gray_blight_00191.jpg
G01135,1,1,False,3. Gray Blight,3. Gray Blight/gray_blight_00192.jpg
G01136,1,1,False,3. Gray Blight,3. Gray Blight/gray_blight_00193.jpg
G01137,1,1,False,3. Gray Blight,3. Gray Blight/gray_blight_00194.jpg
G01138,1,1,False,3. Gray Blight,3. Gray Blight/gray_blight_00195.jpg
G01139,1,1,False,3. Gray Blight,3. Gray Blight/gray_blight_00196.jpg
G01140,1,1,False,3. Gray Blight,3. Gray Blight/gray_blight_00197.jpg
G01141,1,1,False,3. Gray Blight,3. Gray Blight/gray_blight_00198.jpg
G01142,1,1,False,3. Gray Blight,3. Gray Blight/gray_blight_00199.jpg
G01143,1,1,False,3. Gray Blight,3. Gray Blight/gray_blight_00200.jpg
G01144,1,1,False,3. Gray Blight,3. Gray Blight/gray_blight_00201.jpg
G01145,1,1,False,3. Gray Blight,3. Gray Blight/gray_blight_00202.jpg
G01146,1,1,False,3. Gray Blight,3. Gray Blight/gray_blight_00203.jpg
G01147,1,1,False,3. Gray Blight,3. Gray Blight/gray_blight_00204.jpg
G01148,1,1,False,3. Gray Blight,3. Gray Blight/gray_blight_00205.jpg
G01149,1,1,False,3. Gray Blight,3. Gray Blight/gray_blight_00206.jpg
G01150,1,1,False,3. Gray Blight,3. Gray Blight/gray_blight_00207.jpg
G01151,1,1,False,3. Gray Blight,3. Gray Blight/gray_blight_00208.jpg
G01152,1,1,False,3. Gray Blight,3. Gray Blight/gray_blight_00209.jpg
G01153,1,1,False,3. Gray Blight,3. Gray Blight/gray_blight_00210.jpg
G01154,1,1,False,3. Gray Blight,3. Gray Blight/gray_blight_00211.jpg
G01155,1,1,False,3. Gray Blight,3. Gray Blight/gray_blight_00212.jpg
G01156,1,1,False,3. Gray Blight,3. Gray Blight/gray_blight_00213.jpg
G01157,1,1,False,3. Gray Blight,3. Gray Blight/gray_blight_00214.jpg
G01158,1,1,False,3. Gray Blight,3. Gray Blight/gray_blight_00215.jpg
G01159,1,1,False,3. Gray Blight,3. Gray Blight/gray_blight_00216.jpg
G01160,1,1,False,3. Gray Blight,3. Gray Blight/gray_blight_00217.jpg
G01161,1,1,False,3. Gray Blight,3. Gray Blight/gray_blight_00218.jpg
G01162,1,1,False,3. Gray Blight,3. Gray Blight/gray_blight_00219.jpg
G01163,1,1,False,3. Gray Blight,3. Gray Blight/gray_blight_00220.jpg
G01164,1,1,False,3. Gray Blight,3. Gray Blight/gray_blight_00221.jpg
G01165,1,1,False,3. Gray Blight,3. Gray Blight/gray_blight_00222.jpg
G01166,1,1,False,3. Gray Blight,3. Gray Blight/gray_blight_00223.jpg
G01167,1,1,False,3. Gray Blight,3. Gray Blight/gray_blight_00224.jpg
G01168,1,1,False,3. Gray Blight,3. Gray Blight/gray_blight_00225.jpg
G01169,1,1,False,3. Gray Blight,3. Gray Blight/gray_blight_00226.jpg
G01170,1,1,False,3. Gray Blight,3. Gray Blight/gray_blight_00227.jpg
G01171,1,1,False,3. Gray Blight,3. Gray Blight/gray_blight_00228.jpg
G01172,1,1,False,3. Gray Blight,3. Gray Blight/gray_blight_00229.jpg
G01173,1,1,False,3. Gray Blight,3. Gray Blight/gray_blight_00230.jpg
G01174,1,1,False,3. Gray Blight,3. Gray Blight/gray_blight_00231.jpg
G01175,1,1,False,3. Gray Blight,3. Gray Blight/gray_blight_00232.jpg
G01176,1,1,False,3. Gray Blight,3. Gray Blight/gray_blight_00233.jpg
G01177,1,1,False,3. Gray Blight,3. Gray Blight/gray_blight_00234.jpg
G01178,1,1,False,3. Gray Blight,3. Gray Blight/gray_blight_00235.jpg
G01179,1,1,False,3. Gray Blight,3. Gray Blight/gray_blight_00236.jpg
G01180,1,1,False,3. Gray Blight,3. Gray Blight/gray_blight_00237.jpg
G01181,1,1,False,3. Gray Blight,3. Gray Blight/gray_blight_00238.jpg
G01182,1,1,False,3. Gray Blight,3. Gray Blight/gray_blight_00239.jpg
G01183,1,1,False,3. Gray Blight,3. Gray Blight/gray_blight_00240.jpg
G01184,1,1,False,3. Gray Blight,3. Gray Blight/gray_blight_00241.jpg
G01185,1,1,False,3. Gray Blight,3. Gray Blight/gray_blight_00242.jpg
G01186,1,1,False,3. Gray Blight,3. Gray Blight/gray_blight_00243.jpg
G01187,1,1,False,3. Gray Blight,3. Gray Blight/gray_blight_00244.jpg
G01188,1,1,False,3. Gray Blight,3. Gray Blight/gray_blight_00245.jpg
G01189,1,1,False,3. Gray Blight,3. Gray Blight/gray_blight_00246.jpg
G01190,1,1,False,3. Gray Blight,3. Gray Blight/gray_blight_00247.jpg
G01191,1,1,False,3. Gray Blight,3. Gray Blight/gray_blight_00248.jpg
G01192,1,1,False,3. Gray Blight,3. Gray Blight/gray_blight_00249.jpg
G01193,1,1,False,3. Gray Blight,3. Gray Blight/gray_blight_00250.jpg
G01194,1,1,False,3. Gray Blight,3. Gray Blight/gray_blight_00251.jpg
G01195,1,1,False,3. Gray Blight,3. Gray Blight/gray_blight_00252.jpg
G01196,1,1,False,3. Gray Blight,3. Gray Blight/gray_blight_00253.jpg
G01197,1,1,False,3. Gray Blight,3. Gray Blight/gray_blight_00254.jpg
G01198,1,1,False,3. Gray Blight,3. Gray Blight/gray_blight_00255.jpg
G01199,1,1,False,3. Gray Blight,3. Gray Blight/gray_blight_00256.jpg
G01200,1,1,False,3. Gray Blight,3. Gray Blight/gray_blight_00257.jpg
G01201,1,1,False,3. Gray Blight,3. Gray Blight/gray_blight_00258.jpg
G01202,1,1,False,3. Gray Blight,3. Gray Blight/gray_blight_00259.jpg
G01203,1,1,False,3. Gray Blight,3. Gray Blight/gray_blight_00260.jpg
G01204,1,1,False,3. Gray Blight,3. Gray Blight/gray_blight_00261.jpg
G01205,1,1,False,3. Gray Blight,3. Gray Blight/gray_blight_00262.jpg
G01206,1,1,False,3. Gray Blight,3. Gray Blight/gray_blight_00263.jpg
G01207,1,1,False,3. Gray Blight,3. Gray Blight/gray_blight_00264.jpg
G01208,1,1,False,3. Gray Blight,3. Gray Blight/gray_blight_00265.jpg
G01209,1,1,False,3. Gray Blight,3. Gray Blight/gray_blight_00266.jpg
G01210,1,1,False,3. Gray Blight,3. Gray Blight/gray_blight_00267.jpg
G01211,1,1,False,3. Gray Blight,3. Gray Blight/gray_blight_00268.jpg
G01212,1,1,False,3. Gray Blight,3. Gray Blight/gray_blight_00269.jpg
G01213,1,1,False,3. Gray Blight,3. Gray Blight/gray_blight_00270.jpg
G01214,1,1,False,3. Gray Blight,3. Gray Blight/gray_blight_00271.jpg
G01215,1,1,False,3. Gray Blight,3. Gray Blight/gray_blight_00272.jpg
G01216,1,1,False,3. Gray Blight,3. Gray Blight/gray_blight_00273.jpg
G01217,1,1,False,3. Gray Blight,3. Gray Blight/gray_blight_00274.jpg
G01218,1,1,False,3. Gray Blight,3. Gray Blight/gray_blight_00275.jpg
G01219,1,1,False,3. Gray Blight,3. Gray Blight/gray_blight_00276.jpg
G01220,1,1,False,3. Gray Blight,3. Gray Blight/gray_blight_00277.jpg
G01221,1,1,False,3. Gray Blight,3. Gray Blight/gray_blight_00278.jpg
G01222,1,1,False,3. Gray Blight,3. Gray Blight/gray_blight_00279.jpg
G01223,1,1,False,3. Gray Blight,3. Gray Blight/gray_blight_00280.jpg
G01224,1,1,False,3. Gray Blight,3. Gray Blight/gray_blight_00281.jpg
G01225,1,1,False,3. Gray Blight,3. Gray Blight/gray_blight_00282.jpg
G01226,1,1,False,3. Gray Blight,3. Gray Blight/gray_blight_00283.jpg
G01227,1,1,False,3. Gray Blight,3. Gray Blight/gray_blight_00284.jpg
G01228,1,1,False,3. Gray Blight,3. Gray Blight/gray_blight_00285.jpg
G01229,1,1,False,3. Gray Blight,3. Gray Blight/gray_blight_00286.jpg
G01230,1,1,False,3. Gray Blight,3. Gray Blight/gray_blight_00287.jpg
G01231,1,1,False,3. Gray Blight,3. Gray Blight/gray_blight_00288.jpg
G01232,1,1,False,3. Gray Blight,3. Gray Blight/gray_blight_00289.jpg
G01233,1,1,False,3. Gray Blight,3. Gray Blight/gray_blight_00290.jpg
G01234,1,1,False,3. Gray Blight,3. Gray Blight/gray_blight_00291.jpg
G01235,1,1,False,3. Gray Blight,3. Gray Blight/gray_blight_00292.jpg
G01236,1,1,False,3. Gray Blight,3. Gray Blight/gray_blight_00297.jpg
G01237,1,1,False,3. Gray Blight,3. Gray Blight/gray_blight_00298.jpg
G01238,1,1,False,3. Gray Blight,3. Gray Blight/gray_blight_00299.jpg
G01239,1,1,False,3. Gray Blight,3. Gray Blight/gray_blight_00300.jpg
G01240,1,1,False,3. Gray Blight,3. Gray Blight/gray_blight_00301.jpg
G01241,1,1,False,3. Gray Blight,3. Gray Blight/gray_blight_00302.jpg
G01242,1,1,False,3. Gray Blight,3. Gray Blight/gray_blight_00303.jpg
G01243,1,1,False,3. Gray Blight,3. Gray Blight/gray_blight_00304.jpg
G01244,1,1,False,3. Gray Blight,3. Gray Blight/gray_blight_00305.jpg
G01245,1,1,False,3. Gray Blight,3. Gray Blight/gray_blight_00306.jpg
G01246,1,1,False,3. Gray Blight,3. Gray Blight/gray_blight_00307.jpg
G01247,1,1,False,3. Gray Blight,3. Gray Blight/gray_blight_00308.jpg
G01248,1,1,False,3. Gray Blight,3. Gray Blight/gray_blight_00309.jpg
G01249,1,1,False,3. Gray Blight,3. Gray Blight/gray_blight_00310.jpg
G01250,1,1,False,3. Gray Blight,3. Gray Blight/gray_blight_00311.jpg
G01251,1,1,False,3. Gray Blight,3. Gray Blight/gray_blight_00312.jpg
G01252,1,1,False,3. Gray Blight,3. Gray Blight/gray_blight_00313.jpg
G01253,1,1,False,3. Gray Blight,3. Gray Blight/gray_blight_00314.jpg
G01254,1,1,False,3. Gray Blight,3. Gray Blight/gray_blight_00315.jpg
G01255,1,1,False,3. Gray Blight,3. Gray Blight/gray_blight_00316.jpg
G01256,1,1,False,3. Gray Blight,3. Gray Blight/gray_blight_00317.jpg
G01257,1,1,False,3. Gray Blight,3. Gray Blight/gray_blight_00318.jpg
G01258,1,1,False,3. Gray Blight,3. Gray Blight/gray_blight_00319.jpg
G01259,1,1,False,3. Gray Blight,3. Gray Blight/gray_blight_00320.jpg
G01260,1,1,False,3. Gray Blight,3. Gray Blight/gray_blight_00321.jpg
G01261,1,1,False,3. Gray Blight,3. Gray Blight/gray_blight_00322.jpg
G01262,1,1,False,3. Gray Blight,3. Gray Blight/gray_blight_00323.jpg
G01263,1,1,False,3. Gray Blight,3. Gray Blight/gray_blight_00324.jpg
G01264,1,1,False,3. Gray Blight,3. Gray Blight/gray_blight_00325.jpg
G01265,1,1,False,3. Gray Blight,3. Gray Blight/gray_blight_00326.jpg
G01266,1,1,False,3. Gray Blight,3. Gray Blight/gray_blight_00327.jpg
G01267,1,1,False,3. Gray Blight,3. Gray Blight/gray_blight_00328.jpg
G01268,1,1,False,3. Gray Blight,3. Gray Blight/gray_blight_00329.jpg
G01269,1,1,False,3. Gray Blight,3. Gray Blight/gray_blight_00330.jpg
G01270,1,1,False,3. Gray Blight,3. Gray Blight/gray_blight_00331.jpg
G01271,1,1,False,3. Gray Blight,3. Gray Blight/gray_blight_00332.jpg
G01272,1,1,False,3. Gray Blight,3. Gray Blight/gray_blight_00333.jpg
G01273,1,1,False,3. Gray Blight,3. Gray Blight/gray_blight_00334.jpg
G01274,1,1,False,3. Gray Blight,3. Gray Blight/gray_blight_00335.jpg
G01275,1,1,False,3. Gray Blight,3. Gray Blight/gray_blight_00336.jpg
G01276,1,1,False,3. Gray Blight,3. Gray Blight/gray_blight_00337.jpg
G01277,1,1,False,3. Gray Blight,3. Gray Blight/gray_blight_00338.jpg
G01278,1,1,False,3. Gray Blight,3. Gray Blight/gray_blight_00339.jpg
G01279,1,1,False,3. Gray Blight,3. Gray Blight/gray_blight_00340.jpg
G01280,1,1,False,3. Gray Blight,3. Gray Blight/gray_blight_00341.jpg
G01281,1,1,False,3. Gray Blight,3. Gray Blight/gray_blight_00342.jpg
G01282,1,1,False,3. Gray Blight,3. Gray Blight/gray_blight_00343.jpg
G01283,1,1,False,3. Gray Blight,3. Gray Blight/gray_blight_00344.jpg
G01284,1,1,False,3. Gray Blight,3. Gray Blight/gray_blight_00345.jpg
G01285,1,1,False,3. Gray Blight,3. Gray Blight/gray_blight_00346.jpg
G01286,1,1,False,3. Gray Blight,3. Gray Blight/gray_blight_00347.jpg
G01287,1,1,False,3. Gray Blight,3. Gray Blight/gray_blight_00348.jpg
G01288,1,1,False,3. Gray Blight,3. Gray Blight/gray_blight_00349.jpg
G01289,1,1,False,3. Gray Blight,3. Gray Blight/gray_blight_00350.jpg
G01290,1,1,False,3. Gray Blight,3. Gray Blight/gray_blight_00351.jpg
G01291,1,1,False,3. Gray Blight,3. Gray Blight/gray_blight_00352.jpg
G01292,1,1,False,3. Gray Blight,3. Gray Blight/gray_blight_00353.jpg
G01293,1,1,False,3. Gray Blight,3. Gray Blight/gray_blight_00354.jpg
G01294,1,1,False,3. Gray Blight,3. Gray Blight/gray_blight_00355.jpg
G01295,1,1,False,3. Gray Blight,3. Gray Blight/gray_blight_00356.jpg
G01296,1,1,False,3. Gray Blight,3. Gray Blight/gray_blight_00357.jpg
G01297,1,1,False,3. Gray Blight,3. Gray Blight/gray_blight_00358.jpg
G01298,1,1,False,3. Gray Blight,3. Gray Blight/gray_blight_00359.jpg
G01299,1,1,False,3. Gray Blight,3. Gray Blight/gray_blight_00362.jpg
G01300,1,1,False,3. Gray Blight,3. Gray Blight/gray_blight_00365.jpg
G01301,1,1,False,3. Gray Blight,3. Gray Blight/gray_blight_00366.jpg
G01302,1,1,False,3. Gray Blight,3. Gray Blight/gray_blight_00367.jpg
G01303,1,1,False,3. Gray Blight,3. Gray Blight/gray_blight_00368.jpg
G01304,1,1,False,3. Gray Blight,3. Gray Blight/gray_blight_00369.jpg
G01305,1,1,False,3. Gray Blight,3. Gray Blight/gray_blight_00370.jpg
G01306,1,1,False,3. Gray Blight,3. Gray Blight/gray_blight_00371.jpg
G01307,1,1,False,3. Gray Blight,3. Gray Blight/gray_blight_00372.jpg
G01308,1,1,False,3. Gray Blight,3. Gray Blight/gray_blight_00373.jpg
G01309,1,1,False,3. Gray Blight,3. Gray Blight/gray_blight_00374.jpg
G01310,1,1,False,3. Gray Blight,3. Gray Blight/gray_blight_00375.jpg
G01311,1,1,False,3. Gray Blight,3. Gray Blight/gray_blight_00376.jpg
G01312,1,1,False,3. Gray Blight,3. Gray Blight/gray_blight_00377.jpg
G01313,1,1,False,3. Gray Blight,3. Gray Blight/gray_blight_00378.jpg
G01314,1,1,False,3. Gray Blight,3. Gray Blight/gray_blight_00379.jpg
G01315,1,1,False,3. Gray Blight,3. Gray Blight/gray_blight_00380.jpg
G01316,1,1,False,3. Gray Blight,3. Gray Blight/gray_blight_00381.jpg
G01317,1,1,False,3. Gray Blight,3. Gray Blight/gray_blight_00382.jpg
G01318,1,1,False,3. Gray Blight,3. Gray Blight/gray_blight_00383.jpg
G01319,1,1,False,3. Gray Blight,3. Gray Blight/gray_blight_00384.jpg
G01320,1,1,False,3. Gray Blight,3. Gray Blight/gray_blight_00385.jpg
G01321,1,1,False,3. Gray Blight,3. Gray Blight/gray_blight_00386.jpg
G01322,1,1,False,3. Gray Blight,3. Gray Blight/gray_blight_00387.jpg
G01323,1,1,False,3. Gray Blight,3. Gray Blight/gray_blight_00388.jpg
G01324,1,1,False,3. Gray Blight,3. Gray Blight/gray_blight_00389.jpg
G01325,1,1,False,3. Gray Blight,3. Gray Blight/gray_blight_00390.jpg
G01326,1,1,False,3. Gray Blight,3. Gray Blight/gray_blight_00391.jpg
G01327,1,1,False,3. Gray Blight,3. Gray Blight/gray_blight_00392.jpg
G01328,1,1,False,3. Gray Blight,3. Gray Blight/gray_blight_00393.jpg
G01329,1,1,False,3. Gray Blight,3. Gray Blight/gray_blight_00394.jpg
G01330,1,1,False,3. Gray Blight,3. Gray Blight/gray_blight_00395.jpg
G01331,1,1,False,3. Gray Blight,3. Gray Blight/gray_blight_00396.jpg
G01332,1,1,False,3. Gray Blight,3. Gray Blight/gray_blight_00397.jpg
G01333,1,1,False,3. Gray Blight,3. Gray Blight/gray_blight_00398.jpg
G01334,1,1,False,3. Gray Blight,3. Gray Blight/gray_blight_00399.jpg
G01335,1,1,False,3. Gray Blight,3. Gray Blight/gray_blight_00400.jpg
G01336,1,1,False,3. Gray Blight,3. Gray Blight/gray_blight_00401.jpg
G01337,1,1,False,3. Gray Blight,3. Gray Blight/gray_blight_00402.jpg
G01338,1,1,False,3. Gray Blight,3. Gray Blight/gray_blight_00403.jpg
G01339,1,1,False,3. Gray Blight,3. Gray Blight/gray_blight_00404.jpg
G01340,1,1,False,3. Gray Blight,3. Gray Blight/gray_blight_00405.jpg
G01341,1,1,False,3. Gray Blight,3. Gray Blight/gray_blight_00406.jpg
G01342,1,1,False,3. Gray Blight,3. Gray Blight/gray_blight_00407.jpg
G01343,1,1,False,3. Gray Blight,3. Gray Blight/gray_blight_00408.jpg
G01344,1,1,False,3. Gray Blight,3. Gray Blight/gray_blight_00409.jpg
G01345,1,1,False,3. Gray Blight,3. Gray Blight/gray_blight_00410.jpg
G01346,1,1,False,3. Gray Blight,3. Gray Blight/gray_blight_00411.jpg
G01347,1,1,False,3. Gray Blight,3. Gray Blight/gray_blight_00412.jpg
G01348,1,1,False,3. Gray Blight,3. Gray Blight/gray_blight_00413.jpg
G01349,1,1,False,3. Gray Blight,3. Gray Blight/gray_blight_00414.jpg
G01350,1,1,False,3. Gray Blight,3. Gray Blight/gray_blight_00415.jpg
G01351,1,1,False,3. Gray Blight,3. Gray Blight/gray_blight_00416.jpg
G01352,1,1,False,3. Gray Blight,3. Gray Blight/gray_blight_00417.jpg
G01353,1,1,False,3. Gray Blight,3. Gray Blight/gray_blight_00418.jpg
G01354,1,1,False,3. Gray Blight,3. Gray Blight/gray_blight_00419.jpg
G01355,1,1,False,3. Gray Blight,3. Gray Blight/gray_blight_00420.jpg
G01356,1,1,False,3. Gray Blight,3. Gray Blight/gray_blight_00421.jpg
G01357,1,1,False,3. Gray Blight,3. Gray Blight/gray_blight_00422.jpg
G01358,1,1,False,3. Gray Blight,3. Gray Blight/gray_blight_00423.jpg
G01359,1,1,False,3. Gray Blight,3. Gray Blight/gray_blight_00424.jpg
G01360,1,1,False,3. Gray Blight,3. Gray Blight/gray_blight_00425.jpg
G01361,1,1,False,3. Gray Blight,3. Gray Blight/gray_blight_00426.jpg
G01362,1,1,False,3. Gray Blight,3. Gray Blight/gray_blight_00427.jpg
G01363,1,1,False,3. Gray Blight,3. Gray Blight/gray_blight_00428.jpg
G01364,1,1,False,3. Gray Blight,3. Gray Blight/gray_blight_00429.jpg
G01365,1,1,False,3. Gray Blight,3. Gray Blight/gray_blight_00430.jpg
G01366,1,1,False,3. Gray Blight,3. Gray Blight/gray_blight_00431.jpg
G01367,1,1,False,3. Gray Blight,3. Gray Blight/gray_blight_00432.jpg
G01368,1,1,False,3. Gray Blight,3. Gray Blight/gray_blight_00433.jpg
G01369,1,1,False,3. Gray Blight,3. Gray Blight/gray_blight_00434.jpg
G01370,1,1,False,3. Gray Blight,3. Gray Blight/gray_blight_00435.jpg
G01371,1,1,False,3. Gray Blight,3. Gray Blight/gray_blight_00436.jpg
G01372,1,1,False,3. Gray Blight,3. Gray Blight/gray_blight_00437.jpg
G01373,1,1,False,3. Gray Blight,3. Gray Blight/gray_blight_00438.jpg
G01374,1,1,False,3. Gray Blight,3. Gray Blight/gray_blight_00439.jpg
G01375,1,1,False,3. Gray Blight,3. Gray Blight/gray_blight_00440.jpg
G01376,1,1,False,3. Gray Blight,3. Gray Blight/gray_blight_00441.jpg
G01377,1,1,False,3. Gray Blight,3. Gray Blight/gray_blight_00442.jpg
G01378,1,1,False,3. Gray Blight,3. Gray Blight/gray_blight_00443.jpg
G01379,1,1,False,3. Gray Blight,3. Gray Blight/gray_blight_00444.jpg
G01380,1,1,False,3. Gray Blight,3. Gray Blight/gray_blight_00445.jpg
G01381,1,1,False,3. Gray Blight,3. Gray Blight/gray_blight_00446.jpg
G01382,1,1,False,3. Gray Blight,3. Gray Blight/gray_blight_00447.jpg
G01383,1,1,False,3. Gray Blight,3. Gray Blight/gray_blight_00448.jpg
G01384,1,1,False,3. Gray Blight,3. Gray Blight/gray_blight_00449.jpg
G01385,1,1,False,3. Gray Blight,3. Gray Blight/gray_blight_00450.jpg
G01386,1,1,False,3. Gray Blight,3. Gray Blight/gray_blight_00451.jpg
G01387,1,1,False,3. Gray Blight,3. Gray Blight/gray_blight_00452.jpg
G01388,1,1,False,3. Gray Blight,3. Gray Blight/gray_blight_00453.jpg
G01389,1,1,False,3. Gray Blight,3. Gray Blight/gray_blight_00454.jpg
G01390,1,1,False,3. Gray Blight,3. Gray Blight/gray_blight_00455.jpg
G01391,1,1,False,3. Gray Blight,3. Gray Blight/gray_blight_00456.jpg
G01392,1,1,False,3. Gray Blight,3. Gray Blight/gray_blight_00457.jpg
G01393,1,1,False,3. Gray Blight,3. Gray Blight/gray_blight_00458.jpg
G01394,1,1,False,3. Gray Blight,3. Gray Blight/gray_blight_00459.jpg
G01395,1,1,False,3. Gray Blight,3. Gray Blight/gray_blight_00460.jpg
G01396,1,1,False,3. Gray Blight,3. Gray Blight/gray_blight_00461.jpg
G01397,1,1,False,3. Gray Blight,3. Gray Blight/gray_blight_00462.jpg
G01398,1,1,False,3. Gray Blight,3. Gray Blight/gray_blight_00463.jpg
G01399,1,1,False,3. Gray Blight,3. Gray Blight/gray_blight_00464.jpg
G01400,1,1,False,3. Gray Blight,3. Gray Blight/gray_blight_00465.jpg
G01401,1,1,False,3. Gray Blight,3. Gray Blight/gray_blight_00466.jpg
G01402,1,1,False,3. Gray Blight,3. Gray Blight/gray_blight_00467.jpg
G01403,1,1,False,3. Gray Blight,3. Gray Blight/gray_blight_00468.jpg
G01404,1,1,False,3. Gray Blight,3. Gray Blight/gray_blight_00469.jpg
G01405,1,1,False,3. Gray Blight,3. Gray Blight/gray_blight_00470.jpg
G01406,1,1,False,3. Gray Blight,3. Gray Blight/gray_blight_00471.jpg
G01407,1,1,False,3. Gray Blight,3. Gray Blight/gray_blight_00472.jpg
G01408,1,1,False,3. Gray Blight,3. Gray Blight/gray_blight_00473.jpg
G01409,1,1,False,3. Gray Blight,3. Gray Blight/gray_blight_00474.jpg
G01410,1,1,False,3. Gray Blight,3. Gray Blight/gray_blight_00475.jpg
G01411,1,1,False,3. Gray Blight,3. Gray Blight/gray_blight_00476.jpg
G01412,1,1,False,3. Gray Blight,3. Gray Blight/gray_blight_00477.jpg
G01413,1,1,False,3. Gray Blight,3. Gray Blight/gray_blight_00478.jpg
G01414,1,1,False,3. Gray Blight,3. Gray Blight/gray_blight_00479.jpg
G01415,1,1,False,3. Gray Blight,3. Gray Blight/gray_blight_00480.jpg
G01416,1,1,False,3. Gray Blight,3. Gray Blight/gray_blight_00481.jpg
G01417,1,1,False,3. Gray Blight,3. Gray Blight/gray_blight_00482.jpg
G01418,1,1,False,3. Gray Blight,3. Gray Blight/gray_blight_00483.jpg
G01419,1,1,False,3. Gray Blight,3. Gray Blight/gray_blight_00484.jpg
G01420,1,1,False,3. Gray Blight,3. Gray Blight/gray_blight_00485.jpg
G01421,1,1,False,3. Gray Blight,3. Gray Blight/gray_blight_00486.jpg
G01422,1,1,False,3. Gray Blight,3. Gray Blight/gray_blight_00487.jpg
G01423,1,1,False,3. Gray Blight,3. Gray Blight/gray_blight_00488.jpg
G01424,1,1,False,3. Gray Blight,3. Gray Blight/gray_blight_00489.jpg
G01425,1,1,False,3. Gray Blight,3. Gray Blight/gray_blight_00490.jpg
G01426,1,1,False,3. Gray Blight,3. Gray Blight/gray_blight_00491.jpg
G01427,1,1,False,3. Gray Blight,3. Gray Blight/gray_blight_00492.jpg
G01428,1,1,False,3. Gray Blight,3. Gray Blight/gray_blight_00495.jpg
G01429,1,1,False,3. Gray Blight,3. Gray Blight/gray_blight_00496.jpg
G01430,1,1,False,3. Gray Blight,3. Gray Blight/gray_blight_00497.jpg
G01431,1,1,False,3. Gray Blight,3. Gray Blight/gray_blight_00498.jpg
G01432,1,1,False,3. Gray Blight,3. Gray Blight/gray_blight_00499.jpg
G01433,1,1,False,3. Gray Blight,3. Gray Blight/gray_blight_00500.jpg
G01434,1,1,False,3. Gray Blight,3. Gray Blight/gray_blight_00501.jpg
G01435,1,1,False,3. Gray Blight,3. Gray Blight/gray_blight_00502.jpg
G01436,1,1,False,3. Gray Blight,3. Gray Blight/gray_blight_00503.jpg
G01437,1,1,False,3. Gray Blight,3. Gray Blight/gray_blight_00504.jpg
G01438,1,1,False,3. Gray Blight,3. Gray Blight/gray_blight_00505.jpg
G01439,1,1,False,3. Gray Blight,3. Gray Blight/gray_blight_00506.jpg
G01440,1,1,False,3. Gray Blight,3. Gray Blight/gray_blight_00507.jpg
G01441,1,1,False,3. Gray Blight,3. Gray Blight/gray_blight_00508.jpg
G01442,1,1,False,3. Gray Blight,3. Gray Blight/gray_blight_00509.jpg
G01443,1,1,False,3. Gray Blight,3. Gray Blight/gray_blight_00510.jpg
G01444,1,1,False,3. Gray Blight,3. Gray Blight/gray_blight_00511.jpg
G01445,1,1,False,3. Gray Blight,3. Gray Blight/gray_blight_00512.jpg
G01446,1,1,False,3. Gray Blight,3. Gray Blight/gray_blight_00513.jpg
G01447,1,1,False,3. Gray Blight,3. Gray Blight/gray_blight_00514.jpg
G01448,1,1,False,3. Gray Blight,3. Gray Blight/gray_blight_00515.jpg
G01449,1,1,False,3. Gray Blight,3. Gray Blight/gray_blight_00516.jpg
G01450,1,1,False,3. Gray Blight,3. Gray Blight/gray_blight_00517.jpg
G01451,1,1,False,3. Gray Blight,3. Gray Blight/gray_blight_00518.jpg
G01452,1,1,False,3. Gray Blight,3. Gray Blight/gray_blight_00519.jpg
G01453,1,1,False,3. Gray Blight,3. Gray Blight/gray_blight_00520.jpg
G01454,1,1,False,3. Gray Blight,3. Gray Blight/gray_blight_00521.jpg
G01455,1,1,False,3. Gray Blight,3. Gray Blight/gray_blight_00522.jpg
G01456,1,1,False,3. Gray Blight,3. Gray Blight/gray_blight_00523.jpg
G01457,1,1,False,3. Gray Blight,3. Gray Blight/gray_blight_00524.jpg
G01458,1,1,False,3. Gray Blight,3. Gray Blight/gray_blight_00525.jpg
G01459,1,1,False,3. Gray Blight,3. Gray Blight/gray_blight_00526.jpg
G01460,1,1,False,3. Gray Blight,3. Gray Blight/gray_blight_00527.jpg
G01461,1,1,False,3. Gray Blight,3. Gray Blight/gray_blight_00528.jpg
G01462,1,1,False,3. Gray Blight,3. Gray Blight/gray_blight_00529.jpg
G01463,1,1,False,3. Gray Blight,3. Gray Blight/gray_blight_00530.jpg
G01464,1,1,False,3. Gray Blight,3. Gray Blight/gray_blight_00531.jpg
G01465,1,1,False,3. Gray Blight,3. Gray Blight/gray_blight_00532.jpg
G01466,1,1,False,3. Gray Blight,3. Gray Blight/gray_blight_00533.jpg
G01467,1,1,False,3. Gray Blight,3. Gray Blight/gray_blight_00534.jpg
G01468,1,1,False,3. Gray Blight,3. Gray Blight/gray_blight_00535.jpg
G01469,1,1,False,3. Gray Blight,3. Gray Blight/gray_blight_00536.jpg
G01470,1,1,False,3. Gray Blight,3. Gray Blight/gray_blight_00537.jpg
G01471,1,1,False,3. Gray Blight,3. Gray Blight/gray_blight_00538.jpg
G01472,1,1,False,3. Gray Blight,3. Gray Blight/gray_blight_00539.jpg
G01473,1,1,False,3. Gray Blight,3. Gray Blight/gray_blight_00540.jpg
G01474,1,1,False,3. Gray Blight,3. Gray Blight/gray_blight_00541.jpg
G01475,1,1,False,3. Gray Blight,3. Gray Blight/gray_blight_00542.jpg
G01476,1,1,False,3. Gray Blight,3. Gray Blight/gray_blight_00543.jpg
G01477,1,1,False,3. Gray Blight,3. Gray Blight/gray_blight_00544.jpg
G01478,1,1,False,3. Gray Blight,3. Gray Blight/gray_blight_00545.jpg
G01479,1,1,False,3. Gray Blight,3. Gray Blight/gray_blight_00546.jpg
G01480,1,1,False,3. Gray Blight,3. Gray Blight/gray_blight_00547.jpg
G01481,1,1,False,3. Gray Blight,3. Gray Blight/gray_blight_00548.jpg
G01482,1,1,False,3. Gray Blight,3. Gray Blight/gray_blight_00549.jpg
G01483,1,1,False,3. Gray Blight,3. Gray Blight/gray_blight_00550.jpg
G01484,1,1,False,3. Gray Blight,3. Gray Blight/gray_blight_00551.jpg
G01485,1,1,False,3. Gray Blight,3. Gray Blight/gray_blight_00552.jpg
G01486,1,1,False,3. Gray Blight,3. Gray Blight/gray_blight_00553.jpg
G01487,1,1,False,3. Gray Blight,3. Gray Blight/gray_blight_00554.jpg
G01488,1,1,False,3. Gray Blight,3. Gray Blight/gray_blight_00555.jpg
G01489,1,1,False,3. Gray Blight,3. Gray Blight/gray_blight_00556.jpg
G01490,1,1,False,3. Gray Blight,3. Gray Blight/gray_blight_00557.jpg
G01491,1,1,False,3. Gray Blight,3. Gray Blight/gray_blight_00558.jpg
G01492,1,1,False,3. Gray Blight,3. Gray Blight/gray_blight_00559.jpg
G01493,1,1,False,3. Gray Blight,3. Gray Blight/gray_blight_00560.jpg
G01494,1,1,False,3. Gray Blight,3. Gray Blight/gray_blight_00561.jpg
G01495,1,1,False,3. Gray Blight,3. Gray Blight/gray_blight_00562.jpg
G01496,1,1,False,3. Gray Blight,3. Gray Blight/gray_blight_00563.jpg
G01497,1,1,False,3. Gray Blight,3. Gray Blight/gray_blight_00564.jpg
G01498,1,1,False,3. Gray Blight,3. Gray Blight/gray_blight_00565.jpg
G01499,1,1,False,3. Gray Blight,3. Gray Blight/gray_blight_00566.jpg
G01500,1,1,False,3. Gray Blight,3. Gray Blight/gray_blight_00567.jpg
G01501,1,1,False,3. Gray Blight,3. Gray Blight/gray_blight_00568.jpg
G01502,1,1,False,3. Gray Blight,3. Gray Blight/gray_blight_00569.jpg
G01503,1,1,False,3. Gray Blight,3. Gray Blight/gray_blight_00570.jpg
G01504,1,1,False,3. Gray Blight,3. Gray Blight/gray_blight_00571.jpg
G01505,1,1,False,3. Gray Blight,3. Gray Blight/gray_blight_00572.jpg
G01506,1,1,False,3. Gray Blight,3. Gray Blight/gray_blight_00573.jpg
G01507,1,1,False,3. Gray Blight,3. Gray Blight/gray_blight_00574.jpg
G01508,1,1,False,3. Gray Blight,3. Gray Blight/gray_blight_00575.jpg
G01509,1,1,False,3. Gray Blight,3. Gray Blight/gray_blight_00576.jpg
G01510,1,1,False,3. Gray Blight,3. Gray Blight/gray_blight_00577.jpg
G01511,1,1,False,3. Gray Blight,3. Gray Blight/gray_blight_00578.jpg
G01512,1,1,False,3. Gray Blight,3. Gray Blight/gray_blight_00579.jpg
G01513,1,1,False,3. Gray Blight,3. Gray Blight/gray_blight_00580.jpg
G01514,1,1,False,3. Gray Blight,3. Gray Blight/gray_blight_00581.jpg
G01515,1,1,False,3. Gray Blight,3. Gray Blight/gray_blight_00582.jpg
G01516,1,1,False,3. Gray Blight,3. Gray Blight/gray_blight_00583.jpg
G01517,1,1,False,3. Gray Blight,3. Gray Blight/gray_blight_00584.jpg
G01518,1,1,False,3. Gray Blight,3. Gray Blight/gray_blight_00585.jpg
G01519,1,1,False,3. Gray Blight,3. Gray Blight/gray_blight_00586.jpg
G01520,1,1,False,3. Gray Blight,3. Gray Blight/gray_blight_00587.jpg
G01521,1,1,False,3. Gray Blight,3. Gray Blight/gray_blight_00588.jpg
G01522,1,1,False,3. Gray Blight,3. Gray Blight/gray_blight_00589.jpg
G01523,1,1,False,3. Gray Blight,3. Gray Blight/gray_blight_00590.jpg
G01524,1,1,False,3. Gray Blight,3. Gray Blight/gray_blight_00591.jpg
G01525,1,1,False,3. Gray Blight,3. Gray Blight/gray_blight_00592.jpg
G01526,1,1,False,3. Gray Blight,3. Gray Blight/gray_blight_00593.jpg
G01527,1,1,False,3. Gray Blight,3. Gray Blight/gray_blight_00594.jpg
G01528,1,1,False,3. Gray Blight,3. Gray Blight/gray_blight_00595.jpg
G01529,1,1,False,3. Gray Blight,3. Gray Blight/gray_blight_00596.jpg
G01530,1,1,False,3. Gray Blight,3. Gray Blight/gray_blight_00597.jpg
G01531,1,1,False,3. Gray Blight,3. Gray Blight/gray_blight_00598.jpg
G01532,1,1,False,3. Gray Blight,3. Gray Blight/gray_blight_00599.jpg
G01533,1,1,False,3. Gray Blight,3. Gray Blight/gray_blight_00600.jpg
G01534,1,1,False,3. Gray Blight,3. Gray Blight/gray_blight_00601.jpg
G01535,1,1,False,3. Gray Blight,3. Gray Blight/gray_blight_00602.jpg
G01536,1,1,False,3. Gray Blight,3. Gray Blight/gray_blight_00603.jpg
G01537,1,1,False,3. Gray Blight,3. Gray Blight/gray_blight_00604.jpg
G01538,1,1,False,3. Gray Blight,3. Gray Blight/gray_blight_00605.jpg
G01539,1,1,False,3. Gray Blight,3. Gray Blight/gray_blight_00606.jpg
G01540,1,1,False,3. Gray Blight,3. Gray Blight/gray_blight_00607.jpg
G01541,1,1,False,3. Gray Blight,3. Gray Blight/gray_blight_00608.jpg
G01542,1,1,False,3. Gray Blight,3. Gray Blight/gray_blight_00609.jpg
G01543,1,1,False,3. Gray Blight,3. Gray Blight/gray_blight_00610.jpg
G01544,1,1,False,3. Gray Blight,3. Gray Blight/gray_blight_00611.jpg
G01545,1,1,False,3. Gray Blight,3. Gray Blight/gray_blight_00612.jpg
G01546,1,1,False,3. Gray Blight,3. Gray Blight/gray_blight_00613.jpg
G01547,1,1,False,3. Gray Blight,3. Gray Blight/gray_blight_00614.jpg
G01548,1,1,False,3. Gray Blight,3. Gray Blight/gray_blight_00615.jpg
G01549,1,1,False,3. Gray Blight,3. Gray Blight/gray_blight_00616.jpg
G01550,1,1,False,3. Gray Blight,3. Gray Blight/gray_blight_00617.jpg
G01551,1,1,False,3. Gray Blight,3. Gray Blight/gray_blight_00618.jpg
G01552,1,1,False,3. Gray Blight,3. Gray Blight/gray_blight_00619.jpg
G01553,1,1,False,3. Gray Blight,3. Gray Blight/gray_blight_00620.jpg
G01554,1,1,False,3. Gray Blight,3. Gray Blight/gray_blight_00621.jpg
G01555,1,1,False,3. Gray Blight,3. Gray Blight/gray_blight_00622.jpg
G01556,1,1,False,3. Gray Blight,3. Gray Blight/gray_blight_00623.jpg
G01557,1,1,False,3. Gray Blight,3. Gray Blight/gray_blight_00624.jpg
G01558,1,1,False,3. Gray Blight,3. Gray Blight/gray_blight_00625.jpg
G01559,1,1,False,3. Gray Blight,3. Gray Blight/gray_blight_00626.jpg
G01560,1,1,False,3. Gray Blight,3. Gray Blight/gray_blight_00627.jpg
G01561,1,1,False,3. Gray Blight,3. Gray Blight/gray_blight_00628.jpg
G01562,1,1,False,3. Gray Blight,3. Gray Blight/gray_blight_00629.jpg
G01563,1,1,False,3. Gray Blight,3. Gray Blight/gray_blight_00630.jpg
G01564,1,1,False,3. Gray Blight,3. Gray Blight/gray_blight_00631.jpg
G01565,1,1,False,3. Gray Blight,3. Gray Blight/gray_blight_00632.jpg
G01566,1,1,False,3. Gray Blight,3. Gray Blight/gray_blight_00633.jpg
G01567,1,1,False,3. Gray Blight,3. Gray Blight/gray_blight_00634.jpg
G01568,1,1,False,3. Gray Blight,3. Gray Blight/gray_blight_00635.jpg
G01569,1,1,False,3. Gray Blight,3. Gray Blight/gray_blight_00636.jpg
G01570,1,1,False,3. Gray Blight,3. Gray Blight/gray_blight_00637.jpg
G01571,1,1,False,3. Gray Blight,3. Gray Blight/gray_blight_00638.jpg
G01572,1,1,False,3. Gray Blight,3. Gray Blight/gray_blight_00639.jpg
G01573,1,1,False,3. Gray Blight,3. Gray Blight/gray_blight_00640.jpg
G01574,1,1,False,3. Gray Blight,3. Gray Blight/gray_blight_00641.jpg
G01575,1,1,False,3. Gray Blight,3. Gray Blight/gray_blight_00642.jpg
G01576,1,1,False,3. Gray Blight,3. Gray Blight/gray_blight_00643.jpg
G01577,1,1,False,3. Gray Blight,3. Gray Blight/gray_blight_00644.jpg
G01578,1,1,False,3. Gray Blight,3. Gray Blight/gray_blight_00645.jpg
G01579,1,1,False,3. Gray Blight,3. Gray Blight/gray_blight_00646.jpg
G01580,1,1,False,3. Gray Blight,3. Gray Blight/gray_blight_00647.jpg
G01581,1,1,False,3. Gray Blight,3. Gray Blight/gray_blight_00648.jpg
G01582,1,1,False,3. Gray Blight,3. Gray Blight/gray_blight_00649.jpg
G01583,1,1,False,3. Gray Blight,3. Gray Blight/gray_blight_00650.jpg
G01584,1,1,False,3. Gray Blight,3. Gray Blight/gray_blight_00651.jpg
G01585,1,1,False,3. Gray Blight,3. Gray Blight/gray_blight_00652.jpg
G01586,1,1,False,3. Gray Blight,3. Gray Blight/gray_blight_00653.jpg
G01587,1,1,False,3. Gray Blight,3. Gray Blight/gray_blight_00654.jpg
G01588,1,1,False,3. Gray Blight,3. Gray Blight/gray_blight_00655.jpg
G01589,1,1,False,3. Gray Blight,3. Gray Blight/gray_blight_00656.jpg
G01590,1,1,False,3. Gray Blight,3. Gray Blight/gray_blight_00657.jpg
G01591,1,1,False,3. Gray Blight,3. Gray Blight/gray_blight_00658.jpg
G01592,1,1,False,3. Gray Blight,3. Gray Blight/gray_blight_00659.jpg
G01593,1,1,False,3. Gray Blight,3. Gray Blight/gray_blight_00660.jpg
G01594,1,1,False,3. Gray Blight,3. Gray Blight/gray_blight_00661.jpg
G01595,1,1,False,3. Gray Blight,3. Gray Blight/gray_blight_00662.jpg
G01596,1,1,False,3. Gray Blight,3. Gray Blight/gray_blight_00663.jpg
G01597,1,1,False,3. Gray Blight,3. Gray Blight/gray_blight_00664.jpg
G01598,1,1,False,3. Gray Blight,3. Gray Blight/gray_blight_00665.jpg
G01599,1,1,False,3. Gray Blight,3. Gray Blight/gray_blight_00666.jpg
G01600,1,1,False,3. Gray Blight,3. Gray Blight/gray_blight_00667.jpg
G01601,1,1,False,3. Gray Blight,3. Gray Blight/gray_blight_00668.jpg
G01602,1,1,False,3. Gray Blight,3. Gray Blight/gray_blight_00669.jpg
G01603,1,1,False,3. Gray Blight,3. Gray Blight/gray_blight_00670.jpg
G01604,1,1,False,3. Gray Blight,3. Gray Blight/gray_blight_00671.jpg
G01605,1,1,False,3. Gray Blight,3. Gray Blight/gray_blight_00672.jpg
G01606,1,1,False,3. Gray Blight,3. Gray Blight/gray_blight_00673.jpg
G01607,1,1,False,3. Gray Blight,3. Gray Blight/gray_blight_00674.jpg
G01608,1,1,False,3. Gray Blight,3. Gray Blight/gray_blight_00675.jpg
G01609,1,1,False,3. Gray Blight,3. Gray Blight/gray_blight_00676.jpg
G01610,1,1,False,3. Gray Blight,3. Gray Blight/gray_blight_00677.jpg
G01611,1,1,False,3. Gray Blight,3. Gray Blight/gray_blight_00678.jpg
G01612,1,1,False,3. Gray Blight,3. Gray Blight/gray_blight_00679.jpg
G01613,1,1,False,3. Gray Blight,3. Gray Blight/gray_blight_00680.jpg
G01614,1,1,False,3. Gray Blight,3. Gray Blight/gray_blight_00681.jpg
G01615,1,1,False,3. Gray Blight,3. Gray Blight/gray_blight_00682.jpg
G01616,1,1,False,3. Gray Blight,3. Gray Blight/gray_blight_00683.jpg
G01617,1,1,False,3. Gray Blight,3. Gray Blight/gray_blight_00684.jpg
G01618,1,1,False,3. Gray Blight,3. Gray Blight/gray_blight_00685.jpg
G01619,1,1,False,3. Gray Blight,3. Gray Blight/gray_blight_00686.jpg
G01620,1,1,False,3. Gray Blight,3. Gray Blight/gray_blight_00687.jpg
G01621,1,1,False,3. Gray Blight,3. Gray Blight/gray_blight_00688.jpg
G01622,1,1,False,3. Gray Blight,3. Gray Blight/gray_blight_00689.jpg
G01623,1,1,False,3. Gray Blight,3. Gray Blight/gray_blight_00690.jpg
G01624,1,1,False,3. Gray Blight,3. Gray Blight/gray_blight_00691.jpg
G01625,1,1,False,3. Gray Blight,3. Gray Blight/gray_blight_00692.jpg
G01626,1,1,False,3. Gray Blight,3. Gray Blight/gray_blight_00693.jpg
G01627,1,1,False,3. Gray Blight,3. Gray Blight/gray_blight_00694.jpg
G01628,1,1,False,3. Gray Blight,3. Gray Blight/gray_blight_00695.jpg
G01629,1,1,False,3. Gray Blight,3. Gray Blight/gray_blight_00696.jpg
G01630,1,1,False,3. Gray Blight,3. Gray Blight/gray_blight_00697.jpg
G01631,1,1,False,3. Gray Blight,3. Gray Blight/gray_blight_00698.jpg
G01632,1,1,False,3. Gray Blight,3. Gray Blight/gray_blight_00699.jpg
G01633,1,1,False,3. Gray Blight,3. Gray Blight/gray_blight_00700.jpg
G01634,1,1,False,3. Gray Blight,3. Gray Blight/gray_blight_00701.jpg
G01635,1,1,False,3. Gray Blight,3. Gray Blight/gray_blight_00702.jpg
G01636,1,1,False,3. Gray Blight,3. Gray Blight/gray_blight_00703.jpg
G01637,1,1,False,3. Gray Blight,3. Gray Blight/gray_blight_00704.jpg
G01638,1,1,False,3. Gray Blight,3. Gray Blight/gray_blight_00705.jpg
G01639,1,1,False,3. Gray Blight,3. Gray Blight/gray_blight_00706.jpg
G01640,1,1,False,3. Gray Blight,3. Gray Blight/gray_blight_00707.jpg
G01641,1,1,False,3. Gray Blight,3. Gray Blight/gray_blight_00708.jpg
G01642,1,1,False,3. Gray Blight,3. Gray Blight/gray_blight_00709.jpg
G01643,1,1,False,3. Gray Blight,3. Gray Blight/gray_blight_00710.jpg
G01644,1,1,False,3. Gray Blight,3. Gray Blight/gray_blight_00711.jpg
G01645,1,1,False,3. Gray Blight,3. Gray Blight/gray_blight_00712.jpg
G01646,1,1,False,3. Gray Blight,3. Gray Blight/gray_blight_00713.jpg
G01647,1,1,False,3. Gray Blight,3. Gray Blight/gray_blight_00714.jpg
G01648,1,1,False,3. Gray Blight,3. Gray Blight/gray_blight_00715.jpg
G01649,1,1,False,3. Gray Blight,3. Gray Blight/gray_blight_00716.jpg
G01650,1,1,False,3. Gray Blight,3. Gray Blight/gray_blight_00717.jpg
G01651,1,1,False,3. Gray Blight,3. Gray Blight/gray_blight_00718.jpg
G01652,1,1,False,3. Gray Blight,3. Gray Blight/gray_blight_00719.jpg
G01653,1,1,False,3. Gray Blight,3. Gray Blight/gray_blight_00720.jpg
G01654,1,1,False,3. Gray Blight,3. Gray Blight/gray_blight_00721.jpg
G01655,1,1,False,3. Gray Blight,3. Gray Blight/gray_blight_00722.jpg
G01656,1,1,False,3. Gray Blight,3. Gray Blight/gray_blight_00723.jpg
G01657,1,1,False,3. Gray Blight,3. Gray Blight/gray_blight_00724.jpg
G01658,1,1,False,3. Gray Blight,3. Gray Blight/gray_blight_00725.jpg
G01659,1,1,False,3. Gray Blight,3. Gray Blight/gray_blight_00726.jpg
G01660,1,1,False,3. Gray Blight,3. Gray Blight/gray_blight_00727.jpg
G01661,1,1,False,3. Gray Blight,3. Gray Blight/gray_blight_00728.jpg
G01662,1,1,False,3. Gray Blight,3. Gray Blight/gray_blight_00729.jpg
G01663,1,1,False,3. Gray Blight,3. Gray Blight/gray_blight_00730.jpg
G01664,1,1,False,3. Gray Blight,3. Gray Blight/gray_blight_00731.jpg
G01665,1,1,False,3. Gray Blight,3. Gray Blight/gray_blight_00732.jpg
G01666,1,1,False,3. Gray Blight,3. Gray Blight/gray_blight_00733.jpg
G01667,1,1,False,3. Gray Blight,3. Gray Blight/gray_blight_00734.jpg
G01668,1,1,False,3. Gray Blight,3. Gray Blight/gray_blight_00735.jpg
G01669,1,1,False,3. Gray Blight,3. Gray Blight/gray_blight_00736.jpg
G01670,1,1,False,3. Gray Blight,3. Gray Blight/gray_blight_00737.jpg
G01671,1,1,False,3. Gray Blight,3. Gray Blight/gray_blight_00738.jpg
G01672,1,1,False,3. Gray Blight,3. Gray Blight/gray_blight_00739.jpg
G01673,1,1,False,3. Gray Blight,3. Gray Blight/gray_blight_00740.jpg
G01674,1,1,False,3. Gray Blight,3. Gray Blight/gray_blight_00741.jpg
G01675,1,1,False,3. Gray Blight,3. Gray Blight/gray_blight_00742.jpg
G01676,1,1,False,3. Gray Blight,3. Gray Blight/gray_blight_00743.jpg
G01677,1,1,False,3. Gray Blight,3. Gray Blight/gray_blight_00744.jpg
G01678,1,1,False,3. Gray Blight,3. Gray Blight/gray_blight_00745.jpg
G01679,1,1,False,3. Gray Blight,3. Gray Blight/gray_blight_00746.jpg
G01680,1,1,False,3. Gray Blight,3. Gray Blight/gray_blight_00747.jpg
G01681,1,1,False,3. Gray Blight,3. Gray Blight/gray_blight_00748.jpg
G01682,1,1,False,3. Gray Blight,3. Gray Blight/gray_blight_00749.jpg
G01683,1,1,False,3. Gray Blight,3. Gray Blight/gray_blight_00750.jpg
G01684,1,1,False,3. Gray Blight,3. Gray Blight/gray_blight_00751.jpg
G01685,1,1,False,3. Gray Blight,3. Gray Blight/gray_blight_00752.jpg
G01686,1,1,False,3. Gray Blight,3. Gray Blight/gray_blight_00753.jpg
G01687,1,1,False,3. Gray Blight,3. Gray Blight/gray_blight_00754.jpg
G01688,1,1,False,3. Gray Blight,3. Gray Blight/gray_blight_00755.jpg
G01689,1,1,False,3. Gray Blight,3. Gray Blight/gray_blight_00756.jpg
G01690,1,1,False,3. Gray Blight,3. Gray Blight/gray_blight_00757.jpg
G01691,1,1,False,3. Gray Blight,3. Gray Blight/gray_blight_00758.jpg
G01692,1,1,False,3. Gray Blight,3. Gray Blight/gray_blight_00759.jpg
G01693,1,1,False,3. Gray Blight,3. Gray Blight/gray_blight_00760.jpg
G01694,1,1,False,3. Gray Blight,3. Gray Blight/gray_blight_00761.jpg
G01695,1,1,False,3. Gray Blight,3. Gray Blight/gray_blight_00762.jpg
G01696,1,1,False,3. Gray Blight,3. Gray Blight/gray_blight_00763.jpg
G01697,1,1,False,3. Gray Blight,3. Gray Blight/gray_blight_00764.jpg
G01698,1,1,False,3. Gray Blight,3. Gray Blight/gray_blight_00765.jpg
G01699,1,1,False,3. Gray Blight,3. Gray Blight/gray_blight_00766.jpg
G01700,1,1,False,3. Gray Blight,3. Gray Blight/gray_blight_00767.jpg
G01701,1,1,False,3. Gray Blight,3. Gray Blight/gray_blight_00768.jpg
G01702,1,1,False,3. Gray Blight,3. Gray Blight/gray_blight_00769.jpg
G01703,1,1,False,3. Gray Blight,3. Gray Blight/gray_blight_00770.jpg
G01704,1,1,False,3. Gray Blight,3. Gray Blight/gray_blight_00771.jpg
G01705,1,1,False,3. Gray Blight,3. Gray Blight/gray_blight_00772.jpg
G01706,1,1,False,3. Gray Blight,3. Gray Blight/gray_blight_00773.jpg
G01707,1,1,False,3. Gray Blight,3. Gray Blight/gray_blight_00774.jpg
G01708,1,1,False,3. Gray Blight,3. Gray Blight/gray_blight_00775.jpg
G01709,1,1,False,3. Gray Blight,3. Gray Blight/gray_blight_00776.jpg
G01710,1,1,False,3. Gray Blight,3. Gray Blight/gray_blight_00777.jpg
G01711,1,1,False,3. Gray Blight,3. Gray Blight/gray_blight_00778.jpg
G01712,1,1,False,3. Gray Blight,3. Gray Blight/gray_blight_00779.jpg
G01713,1,1,False,3. Gray Blight,3. Gray Blight/gray_blight_00780.jpg
G01714,1,1,False,3. Gray Blight,3. Gray Blight/gray_blight_00781.jpg
G01715,1,1,False,3. Gray Blight,3. Gray Blight/gray_blight_00782.jpg
G01716,1,1,False,3. Gray Blight,3. Gray Blight/gray_blight_00783.jpg
G01717,1,1,False,3. Gray Blight,3. Gray Blight/gray_blight_00784.jpg
G01718,1,1,False,3. Gray Blight,3. Gray Blight/gray_blight_00785.jpg
G01719,1,1,False,3. Gray Blight,3. Gray Blight/gray_blight_00786.jpg
G01720,1,1,False,3. Gray Blight,3. Gray Blight/gray_blight_00787.jpg
G01721,1,1,False,3. Gray Blight,3. Gray Blight/gray_blight_00788.jpg
G01722,1,1,False,3. Gray Blight,3. Gray Blight/gray_blight_00789.jpg
G01723,1,1,False,3. Gray Blight,3. Gray Blight/gray_blight_00790.jpg
G01724,1,1,False,3. Gray Blight,3. Gray Blight/gray_blight_00791.jpg
G01725,1,1,False,3. Gray Blight,3. Gray Blight/gray_blight_00792.jpg
G01726,1,1,False,3. Gray Blight,3. Gray Blight/gray_blight_00793.jpg
G01727,1,1,False,3. Gray Blight,3. Gray Blight/gray_blight_00794.jpg
G01728,1,1,False,3. Gray Blight,3. Gray Blight/gray_blight_00795.jpg
G01729,1,1,False,3. Gray Blight,3. Gray Blight/gray_blight_00796.jpg
G01730,1,1,False,3. Gray Blight,3. Gray Blight/gray_blight_00797.jpg
G01731,1,1,False,3. Gray Blight,3. Gray Blight/gray_blight_00798.jpg
G01732,1,1,False,3. Gray Blight,3. Gray Blight/gray_blight_00799.jpg
G01733,1,1,False,3. Gray Blight,3. Gray Blight/gray_blight_00800.jpg
G01734,1,1,False,3. Gray Blight,3. Gray Blight/gray_blight_00801.jpg
G01735,1,1,False,3. Gray Blight,3. Gray Blight/gray_blight_00802.jpg
G01736,1,1,False,3. Gray Blight,3. Gray Blight/gray_blight_00803.jpg
G01737,1,1,False,3. Gray Blight,3. Gray Blight/gray_blight_00804.jpg
G01738,1,1,False,3. Gray Blight,3. Gray Blight/gray_blight_00805.jpg
G01739,1,1,False,3. Gray Blight,3. Gray Blight/gray_blight_00806.jpg
G01740,1,1,False,3. Gray Blight,3. Gray Blight/gray_blight_00807.jpg
G01741,1,1,False,3. Gray Blight,3. Gray Blight/gray_blight_00808.jpg
G01742,1,1,False,3. Gray Blight,3. Gray Blight/gray_blight_00809.jpg
G01743,1,1,False,3. Gray Blight,3. Gray Blight/gray_blight_00810.jpg
G01744,1,1,False,3. Gray Blight,3. Gray Blight/gray_blight_00811.jpg
G01745,1,1,False,3. Gray Blight,3. Gray Blight/gray_blight_00812.jpg
G01746,1,1,False,3. Gray Blight,3. Gray Blight/gray_blight_00813.jpg
G01747,1,1,False,3. Gray Blight,3. Gray Blight/gray_blight_00814.jpg
G01748,1,1,False,3. Gray Blight,3. Gray Blight/gray_blight_00815.jpg
G01749,1,1,False,3. Gray Blight,3. Gray Blight/gray_blight_00816.jpg
G01750,1,1,False,3. Gray Blight,3. Gray Blight/gray_blight_00817.jpg
G01751,1,1,False,3. Gray Blight,3. Gray Blight/gray_blight_00818.jpg
G01752,1,1,False,3. Gray Blight,3. Gray Blight/gray_blight_00819.jpg
G01753,1,1,False,3. Gray Blight,3. Gray Blight/gray_blight_00820.jpg
G01754,1,1,False,3. Gray Blight,3. Gray Blight/gray_blight_00821.jpg
G01755,1,1,False,3. Gray Blight,3. Gray Blight/gray_blight_00822.jpg
G01756,1,1,False,3. Gray Blight,3. Gray Blight/gray_blight_00823.jpg
G01757,1,1,False,3. Gray Blight,3. Gray Blight/gray_blight_00824.jpg
G01758,1,1,False,3. Gray Blight,3. Gray Blight/gray_blight_00825.jpg
G01759,1,1,False,3. Gray Blight,3. Gray Blight/gray_blight_00826.jpg
G01760,1,1,False,3. Gray Blight,3. Gray Blight/gray_blight_00827.jpg
G01761,1,1,False,3. Gray Blight,3. Gray Blight/gray_blight_00828.jpg
G01762,1,1,False,3. Gray Blight,3. Gray Blight/gray_blight_00829.jpg
G01763,1,1,False,3. Gray Blight,3. Gray Blight/gray_blight_00830.jpg
G01764,1,1,False,3. Gray Blight,3. Gray Blight/gray_blight_00831.jpg
G01765,1,1,False,3. Gray Blight,3. Gray Blight/gray_blight_00832.jpg
G01766,1,1,False,3. Gray Blight,3. Gray Blight/gray_blight_00833.jpg
G01767,1,1,False,3. Gray Blight,3. Gray Blight/gray_blight_00834.jpg
G01768,1,1,False,3. Gray Blight,3. Gray Blight/gray_blight_00835.jpg
G01769,1,1,False,3. Gray Blight,3. Gray Blight/gray_blight_00836.jpg
G01770,1,1,False,3. Gray Blight,3. Gray Blight/gray_blight_00837.jpg
G01771,1,1,False,3. Gray Blight,3. Gray Blight/gray_blight_00838.jpg
G01772,1,1,False,3. Gray Blight,3. Gray Blight/gray_blight_00839.jpg
G01773,1,1,False,3. Gray Blight,3. Gray Blight/gray_blight_00840.jpg
G01774,1,1,False,3. Gray Blight,3. Gray Blight/gray_blight_00841.jpg
G01775,1,1,False,3. Gray Blight,3. Gray Blight/gray_blight_00842.jpg
G01776,1,1,False,3. Gray Blight,3. Gray Blight/gray_blight_00843.jpg
G01777,1,1,False,3. Gray Blight,3. Gray Blight/gray_blight_00844.jpg
G01778,1,1,False,3. Gray Blight,3. Gray Blight/gray_blight_00845.jpg
G01779,1,1,False,3. Gray Blight,3. Gray Blight/gray_blight_00846.jpg
G01780,1,1,False,3. Gray Blight,3. Gray Blight/gray_blight_00847.jpg
G01781,1,1,False,3. Gray Blight,3. Gray Blight/gray_blight_00848.jpg
G01782,1,1,False,3. Gray Blight,3. Gray Blight/gray_blight_00849.jpg
G01783,1,1,False,3. Gray Blight,3. Gray Blight/gray_blight_00850.jpg
G01784,1,1,False,3. Gray Blight,3. Gray Blight/gray_blight_00851.jpg
G01785,1,1,False,3. Gray Blight,3. Gray Blight/gray_blight_00852.jpg
G01786,1,1,False,3. Gray Blight,3. Gray Blight/gray_blight_00853.jpg
G01787,1,1,False,3. Gray Blight,3. Gray Blight/gray_blight_00854.jpg
G01788,1,1,False,3. Gray Blight,3. Gray Blight/gray_blight_00855.jpg
G01789,1,1,False,3. Gray Blight,3. Gray Blight/gray_blight_00856.jpg
G01790,1,1,False,3. Gray Blight,3. Gray Blight/gray_blight_00857.jpg
G01791,1,1,False,3. Gray Blight,3. Gray Blight/gray_blight_00858.jpg
G01792,1,1,False,3. Gray Blight,3. Gray Blight/gray_blight_00859.jpg
G01793,1,1,False,3. Gray Blight,3. Gray Blight/gray_blight_00860.jpg
G01794,1,1,False,3. Gray Blight,3. Gray Blight/gray_blight_00861.jpg
G01795,1,1,False,3. Gray Blight,3. Gray Blight/gray_blight_00862.jpg
G01796,1,1,False,3. Gray Blight,3. Gray Blight/gray_blight_00863.jpg
G01797,1,1,False,3. Gray Blight,3. Gray Blight/gray_blight_00864.jpg
G01798,1,1,False,3. Gray Blight,3. Gray Blight/gray_blight_00865.jpg
G01799,1,1,False,3. Gray Blight,3. Gray Blight/gray_blight_00866.jpg
G01800,1,1,False,3. Gray Blight,3. Gray Blight/gray_blight_00867.jpg
G01801,1,1,False,3. Gray Blight,3. Gray Blight/gray_blight_00868.jpg
G01802,1,1,False,3. Gray Blight,3. Gray Blight/gray_blight_00869.jpg
G01803,1,1,False,3. Gray Blight,3. Gray Blight/gray_blight_00870.jpg
G01804,1,1,False,3. Gray Blight,3. Gray Blight/gray_blight_00871.jpg
G01805,1,1,False,3. Gray Blight,3. Gray Blight/gray_blight_00872.jpg
G01806,1,1,False,3. Gray Blight,3. Gray Blight/gray_blight_00873.jpg
G01807,1,1,False,3. Gray Blight,3. Gray Blight/gray_blight_00874.jpg
G01808,1,1,False,3. Gray Blight,3. Gray Blight/gray_blight_00875.jpg
G01809,1,1,False,3. Gray Blight,3. Gray Blight/gray_blight_00876.jpg
G01810,1,1,False,3. Gray Blight,3. Gray Blight/gray_blight_00877.jpg
G01811,1,1,False,3. Gray Blight,3. Gray Blight/gray_blight_00878.jpg
G01812,1,1,False,3. Gray Blight,3. Gray Blight/gray_blight_00879.jpg
G01813,1,1,False,3. Gray Blight,3. Gray Blight/gray_blight_00880.jpg
G01814,1,1,False,3. Gray Blight,3. Gray Blight/gray_blight_00881.jpg
G01815,1,1,False,3. Gray Blight,3. Gray Blight/gray_blight_00882.jpg
G01816,1,1,False,3. Gray Blight,3. Gray Blight/gray_blight_00883.jpg
G01817,1,1,False,3. Gray Blight,3. Gray Blight/gray_blight_00884.jpg
G01818,1,1,False,3. Gray Blight,3. Gray Blight/gray_blight_00885.jpg
G01819,1,1,False,3. Gray Blight,3. Gray Blight/gray_blight_00886.jpg
G01820,1,1,False,3. Gray Blight,3. Gray Blight/gray_blight_00887.jpg
G01821,1,1,False,3. Gray Blight,3. Gray Blight/gray_blight_00888.jpg
G01822,1,1,False,3. Gray Blight,3. Gray Blight/gray_blight_00889.jpg
G01823,1,1,False,3. Gray Blight,3. Gray Blight/gray_blight_00890.jpg
G01824,1,1,False,3. Gray Blight,3. Gray Blight/gray_blight_00891.jpg
G01825,1,1,False,3. Gray Blight,3. Gray Blight/gray_blight_00892.jpg
G01826,1,1,False,3. Gray Blight,3. Gray Blight/gray_blight_00893.jpg
G01827,1,1,False,3. Gray Blight,3. Gray Blight/gray_blight_00894.jpg
G01828,1,1,False,3. Gray Blight,3. Gray Blight/gray_blight_00895.jpg
G01829,1,1,False,3. Gray Blight,3. Gray Blight/gray_blight_00896.jpg
G01830,1,1,False,3. Gray Blight,3. Gray Blight/gray_blight_00897.jpg
G01831,1,1,False,3. Gray Blight,3. Gray Blight/gray_blight_00898.jpg
G01832,1,1,False,3. Gray Blight,3. Gray Blight/gray_blight_00899.jpg
G01833,1,1,False,3. Gray Blight,3. Gray Blight/gray_blight_00900.jpg
G01834,1,1,False,3. Gray Blight,3. Gray Blight/gray_blight_00901.jpg
G01835,1,1,False,3. Gray Blight,3. Gray Blight/gray_blight_00902.jpg
G01836,1,1,False,3. Gray Blight,3. Gray Blight/gray_blight_00903.jpg
G01837,1,1,False,3. Gray Blight,3. Gray Blight/gray_blight_00904.jpg
G01838,1,1,False,3. Gray Blight,3. Gray Blight/gray_blight_00905.jpg
G01839,1,1,False,3. Gray Blight,3. Gray Blight/gray_blight_00906.jpg
G01840,1,1,False,3. Gray Blight,3. Gray Blight/gray_blight_00907.jpg
G01841,1,1,False,3. Gray Blight,3. Gray Blight/gray_blight_00908.jpg
G01842,1,1,False,3. Gray Blight,3. Gray Blight/gray_blight_00909.jpg
G01843,1,1,False,3. Gray Blight,3. Gray Blight/gray_blight_00910.jpg
G01844,1,1,False,3. Gray Blight,3. Gray Blight/gray_blight_00911.jpg
G01845,1,1,False,3. Gray Blight,3. Gray Blight/gray_blight_00912.jpg
G01846,1,1,False,3. Gray Blight,3. Gray Blight/gray_blight_00913.jpg
G01847,1,1,False,3. Gray Blight,3. Gray Blight/gray_blight_00914.jpg
G01848,1,1,False,3. Gray Blight,3. Gray Blight/gray_blight_00915.jpg
G01849,1,1,False,3. Gray Blight,3. Gray Blight/gray_blight_00916.jpg
G01850,1,1,False,3. Gray Blight,3. Gray Blight/gray_blight_00917.jpg
G01851,1,1,False,3. Gray Blight,3. Gray Blight/gray_blight_00918.jpg
G01852,1,1,False,3. Gray Blight,3. Gray Blight/gray_blight_00919.jpg
G01853,1,1,False,3. Gray Blight,3. Gray Blight/gray_blight_00920.jpg
G01854,1,1,False,3. Gray Blight,3. Gray Blight/gray_blight_00921.jpg
G01855,1,1,False,3. Gray Blight,3. Gray Blight/gray_blight_00922.jpg
G01856,1,1,False,3. Gray Blight,3. Gray Blight/gray_blight_00923.jpg
G01857,1,1,False,3. Gray Blight,3. Gray Blight/gray_blight_00924.jpg
G01858,1,1,False,3. Gray Blight,3. Gray Blight/gray_blight_00925.jpg
G01859,1,1,False,3. Gray Blight,3. Gray Blight/gray_blight_00926.jpg
G01860,1,1,False,3. Gray Blight,3. Gray Blight/gray_blight_00927.jpg
G01861,1,1,False,3. Gray Blight,3. Gray Blight/gray_blight_00928.jpg
G01862,1,1,False,3. Gray Blight,3. Gray Blight/gray_blight_00929.jpg
G01863,1,1,False,3. Gray Blight,3. Gray Blight/gray_blight_00930.jpg
G01864,1,1,False,3. Gray Blight,3. Gray Blight/gray_blight_00931.jpg
G01865,1,1,False,3. Gray Blight,3. Gray Blight/gray_blight_00932.jpg
G01866,1,1,False,3. Gray Blight,3. Gray Blight/gray_blight_00933.jpg
G01867,1,1,False,3. Gray Blight,3. Gray Blight/gray_blight_00934.jpg
G01868,1,1,False,3. Gray Blight,3. Gray Blight/gray_blight_00935.jpg
G01869,1,1,False,3. Gray Blight,3. Gray Blight/gray_blight_00936.jpg
G01870,1,1,False,3. Gray Blight,3. Gray Blight/gray_blight_00937.jpg
G01871,1,1,False,3. Gray Blight,3. Gray Blight/gray_blight_00938.jpg
G01872,1,1,False,3. Gray Blight,3. Gray Blight/gray_blight_00939.jpg
G01873,1,1,False,3. Gray Blight,3. Gray Blight/gray_blight_00940.jpg
G01874,1,1,False,3. Gray Blight,3. Gray Blight/gray_blight_00941.jpg
G01875,1,1,False,3. Gray Blight,3. Gray Blight/gray_blight_00942.jpg
G01876,1,1,False,3. Gray Blight,3. Gray Blight/gray_blight_00943.jpg
G01877,1,1,False,3. Gray Blight,3. Gray Blight/gray_blight_00944.jpg
G01878,1,1,False,3. Gray Blight,3. Gray Blight/gray_blight_00945.jpg
G01879,1,1,False,3. Gray Blight,3. Gray Blight/gray_blight_00946.jpg
G01880,1,1,False,3. Gray Blight,3. Gray Blight/gray_blight_00947.jpg
G01881,1,1,False,3. Gray Blight,3. Gray Blight/gray_blight_00948.jpg
G01882,1,1,False,3. Gray Blight,3. Gray Blight/gray_blight_00949.jpg
G01883,1,1,False,3. Gray Blight,3. Gray Blight/gray_blight_00950.jpg
G01884,1,1,False,3. Gray Blight,3. Gray Blight/gray_blight_00951.jpg
G01885,1,1,False,3. Gray Blight,3. Gray Blight/gray_blight_00952.jpg
G01886,1,1,False,3. Gray Blight,3. Gray Blight/gray_blight_00953.jpg
G01887,1,1,False,3. Gray Blight,3. Gray Blight/gray_blight_00954.jpg
G01888,1,1,False,3. Gray Blight,3. Gray Blight/gray_blight_00955.jpg
G01889,1,1,False,3. Gray Blight,3. Gray Blight/gray_blight_00956.jpg
G01890,1,1,False,3. Gray Blight,3. Gray Blight/gray_blight_00957.jpg
G01891,1,1,False,3. Gray Blight,3. Gray Blight/gray_blight_00958.jpg
G01892,1,1,False,3. Gray Blight,3. Gray Blight/gray_blight_00959.jpg
G01893,1,1,False,3. Gray Blight,3. Gray Blight/gray_blight_00960.jpg
G01894,1,1,False,3. Gray Blight,3. Gray Blight/gray_blight_00961.jpg
G01895,1,1,False,3. Gray Blight,3. Gray Blight/gray_blight_00962.jpg
G01896,1,1,False,3. Gray Blight,3. Gray Blight/gray_blight_00963.jpg
G01897,1,1,False,3. Gray Blight,3. Gray Blight/gray_blight_00964.jpg
G01898,1,1,False,3. Gray Blight,3. Gray Blight/gray_blight_00965.jpg
G01899,1,1,False,3. Gray Blight,3. Gray Blight/gray_blight_00966.jpg
G01900,1,1,False,3. Gray Blight,3. Gray Blight/gray_blight_00967.jpg
G01901,1,1,False,3. Gray Blight,3. Gray Blight/gray_blight_00968.jpg
G01902,1,1,False,3. Gray Blight,3. Gray Blight/gray_blight_00969.jpg
G01903,1,1,False,3. Gray Blight,3. Gray Blight/gray_blight_00970.jpg
G01904,1,1,False,3. Gray Blight,3. Gray Blight/gray_blight_00971.jpg
G01905,1,1,False,3. Gray Blight,3. Gray Blight/gray_blight_00972.jpg
G01906,1,1,False,3. Gray Blight,3. Gray Blight/gray_blight_00973.jpg
G01907,1,1,False,3. Gray Blight,3. Gray Blight/gray_blight_00974.jpg
G01908,1,1,False,3. Gray Blight,3. Gray Blight/gray_blight_00975.jpg
G01909,1,1,False,3. Gray Blight,3. Gray Blight/gray_blight_00976.jpg
G01910,1,1,False,3. Gray Blight,3. Gray Blight/gray_blight_00977.jpg
G01911,1,1,False,3. Gray Blight,3. Gray Blight/gray_blight_00978.jpg
G01912,1,1,False,3. Gray Blight,3. Gray Blight/gray_blight_00979.jpg
G01913,1,1,False,3. Gray Blight,3. Gray Blight/gray_blight_00980.jpg
G01914,1,1,False,3. Gray Blight,3. Gray Blight/gray_blight_00981.jpg
G01915,1,1,False,3. Gray Blight,3. Gray Blight/gray_blight_00982.jpg
G01916,1,1,False,3. Gray Blight,3. Gray Blight/gray_blight_00983.jpg
G01917,1,1,False,3. Gray Blight,3. Gray Blight/gray_blight_00984.jpg
G01918,1,1,False,3. Gray Blight,3. Gray Blight/gray_blight_00985.jpg
G01919,1,1,False,3. Gray Blight,3. Gray Blight/gray_blight_00986.jpg
G01920,1,1,False,3. Gray Blight,3. Gray Blight/gray_blight_00987.jpg
G01921,1,1,False,3. Gray Blight,3. Gray Blight/gray_blight_00988.jpg
G01922,1,1,False,3. Gray Blight,3. Gray Blight/gray_blight_00989.jpg
G01923,1,1,False,3. Gray Blight,3. Gray Blight/gray_blight_00990.jpg
G01924,1,1,False,3. Gray Blight,3. Gray Blight/gray_blight_00991.jpg
G01925,1,1,False,3. Gray Blight,3. Gray Blight/gray_blight_00992.jpg
G01926,1,1,False,3. Gray Blight,3. Gray Blight/gray_blight_00993.jpg
G01927,1,1,False,3. Gray Blight,3. Gray Blight/gray_blight_00994.jpg
G01928,1,1,False,3. Gray Blight,3. Gray Blight/gray_blight_00995.jpg
G01929,1,1,False,3. Gray Blight,3. Gray Blight/gray_blight_00996.jpg
G01930,1,1,False,3. Gray Blight,3. Gray Blight/gray_blight_00997.jpg
G01931,1,1,False,3. Gray Blight,3. Gray Blight/gray_blight_00998.jpg
G01932,1,1,False,3. Gray Blight,3. Gray Blight/gray_blight_00999.jpg
G01933,1,1,False,3. Gray Blight,3. Gray Blight/gray_blight_01000.jpg
G01934,1,1,False,3. Gray Blight,3. Gray Blight/gray_blight_01001.jpg
G01935,1,1,False,3. Gray Blight,3. Gray Blight/gray_blight_01002.jpg
G01936,1,1,False,3. Gray Blight,3. Gray Blight/gray_blight_01003.jpg
G01937,1,1,False,3. Gray Blight,3. Gray Blight/gray_blight_01004.jpg
G01938,1,1,False,3. Gray Blight,3. Gray Blight/gray_blight_01005.jpg
G01939,1,1,False,3. Gray Blight,3. Gray Blight/gray_blight_01006.jpg
G01940,1,1,False,3. Gray Blight,3. Gray Blight/gray_blight_01007.jpg
G01941,1,1,False,3. Gray Blight,3. Gray Blight/gray_blight_01008.jpg
G01942,1,1,False,3. Gray Blight,3. Gray Blight/gray_blight_01009.jpg
G01943,1,1,False,3. Gray Blight,3. Gray Blight/gray_blight_01010.jpg
G01944,1,1,False,3. Gray Blight,3. Gray Blight/gray_blight_01011.jpg
G01945,1,1,False,3. Gray Blight,3. Gray Blight/gray_blight_01012.jpg
G01946,1,1,False,3. Gray Blight,3. Gray Blight/gray_blight_01013.jpg
G01947,1,1,False,4. Helopeltis,4. Helopeltis/helopeltis_00001.jpg
G01948,1,1,False,4. Helopeltis,4. Helopeltis/helopeltis_00002.jpg
G01949,1,1,False,4. Helopeltis,4. Helopeltis/helopeltis_00003.jpg
G01950,1,1,False,4. Helopeltis,4. Helopeltis/helopeltis_00004.jpg
G01951,1,1,False,4. Helopeltis,4. Helopeltis/helopeltis_00005.jpg
G01952,1,1,False,4. Helopeltis,4. Helopeltis/helopeltis_00006.jpg
G01953,1,1,False,4. Helopeltis,4. Helopeltis/helopeltis_00007.jpg
G01954,1,1,False,4. Helopeltis,4. Helopeltis/helopeltis_00008.jpg
G01955,1,1,False,4. Helopeltis,4. Helopeltis/helopeltis_00009.jpg
G01956,1,1,False,4. Helopeltis,4. Helopeltis/helopeltis_00010.jpg
G01957,1,1,False,4. Helopeltis,4. Helopeltis/helopeltis_00011.jpg
G01958,1,1,False,4. Helopeltis,4. Helopeltis/helopeltis_00012.jpg
G01959,1,1,False,4. Helopeltis,4. Helopeltis/helopeltis_00013.jpg
G01960,1,1,False,4. Helopeltis,4. Helopeltis/helopeltis_00014.jpg
G01961,1,1,False,4. Helopeltis,4. Helopeltis/helopeltis_00015.jpg
G01962,1,1,False,4. Helopeltis,4. Helopeltis/helopeltis_00016.jpg
G01963,1,1,False,4. Helopeltis,4. Helopeltis/helopeltis_00017.jpg
G01964,1,1,False,4. Helopeltis,4. Helopeltis/helopeltis_00018.jpg
G01965,1,1,False,4. Helopeltis,4. Helopeltis/helopeltis_00019.jpg
G01966,1,1,False,4. Helopeltis,4. Helopeltis/helopeltis_00020.jpg
G01967,1,1,False,4. Helopeltis,4. Helopeltis/helopeltis_00021.jpg
G01968,1,1,False,4. Helopeltis,4. Helopeltis/helopeltis_00022.jpg
G01969,1,1,False,4. Helopeltis,4. Helopeltis/helopeltis_00023.jpg
G01970,1,1,False,4. Helopeltis,4. Helopeltis/helopeltis_00024.jpg
G01971,1,1,False,4. Helopeltis,4. Helopeltis/helopeltis_00025.jpg
G01972,1,1,False,4. Helopeltis,4. Helopeltis/helopeltis_00026.jpg
G01973,1,1,False,4. Helopeltis,4. Helopeltis/helopeltis_00027.jpg
G01974,1,1,False,4. Helopeltis,4. Helopeltis/helopeltis_00028.jpg
G01975,1,1,False,4. Helopeltis,4. Helopeltis/helopeltis_00029.jpg
G01976,1,1,False,4. Helopeltis,4. Helopeltis/helopeltis_00030.jpg
G01977,1,1,False,4. Helopeltis,4. Helopeltis/helopeltis_00031.jpg
G01978,1,1,False,4. Helopeltis,4. Helopeltis/helopeltis_00032.jpg
G01979,1,1,False,4. Helopeltis,4. Helopeltis/helopeltis_00033.jpg
G01980,1,1,False,4. Helopeltis,4. Helopeltis/helopeltis_00034.jpg
G01981,1,1,False,4. Helopeltis,4. Helopeltis/helopeltis_00035.jpg
G01982,1,1,False,4. Helopeltis,4. Helopeltis/helopeltis_00036.jpg
G01983,1,1,False,4. Helopeltis,4. Helopeltis/helopeltis_00037.jpg
G01984,1,1,False,4. Helopeltis,4. Helopeltis/helopeltis_00038.jpg
G01985,1,1,False,4. Helopeltis,4. Helopeltis/helopeltis_00039.jpg
G01986,1,1,False,4. Helopeltis,4. Helopeltis/helopeltis_00040.jpg
G01987,1,1,False,4. Helopeltis,4. Helopeltis/helopeltis_00041.jpg
G01988,1,1,False,4. Helopeltis,4. Helopeltis/helopeltis_00042.jpg
G01989,1,1,False,4. Helopeltis,4. Helopeltis/helopeltis_00043.jpg
G01990,1,1,False,4. Helopeltis,4. Helopeltis/helopeltis_00044.jpg
G01991,1,1,False,4. Helopeltis,4. Helopeltis/helopeltis_00045.jpg
G01992,1,1,False,4. Helopeltis,4. Helopeltis/helopeltis_00046.jpg
G01993,1,1,False,4. Helopeltis,4. Helopeltis/helopeltis_00047.jpg
G01994,1,1,False,4. Helopeltis,4. Helopeltis/helopeltis_00048.jpg
G01995,1,1,False,4. Helopeltis,4. Helopeltis/helopeltis_00049.jpg
G01996,1,1,False,4. Helopeltis,4. Helopeltis/helopeltis_00050.jpg
G01997,1,1,False,4. Helopeltis,4. Helopeltis/helopeltis_00051.jpg
G01998,1,1,False,4. Helopeltis,4. Helopeltis/helopeltis_00052.jpg
G01999,1,1,False,4. Helopeltis,4. Helopeltis/helopeltis_00053.jpg
G02000,1,1,False,4. Helopeltis,4. Helopeltis/helopeltis_00056.jpg
G02001,1,1,False,4. Helopeltis,4. Helopeltis/helopeltis_00057.jpg
G02002,1,1,False,4. Helopeltis,4. Helopeltis/helopeltis_00058.jpg
G02003,1,1,False,4. Helopeltis,4. Helopeltis/helopeltis_00059.jpg
G02004,1,1,False,4. Helopeltis,4. Helopeltis/helopeltis_00060.jpg
G02005,1,1,False,4. Helopeltis,4. Helopeltis/helopeltis_00061.jpg
G02006,1,1,False,4. Helopeltis,4. Helopeltis/helopeltis_00062.jpg
G02007,1,1,False,4. Helopeltis,4. Helopeltis/helopeltis_00063.jpg
G02008,1,1,False,4. Helopeltis,4. Helopeltis/helopeltis_00064.jpg
G02009,1,1,False,4. Helopeltis,4. Helopeltis/helopeltis_00065.jpg
G02010,1,1,False,4. Helopeltis,4. Helopeltis/helopeltis_00066.jpg
G02011,1,1,False,4. Helopeltis,4. Helopeltis/helopeltis_00067.jpg
G02012,1,1,False,4. Helopeltis,4. Helopeltis/helopeltis_00068.jpg
G02013,1,1,False,4. Helopeltis,4. Helopeltis/helopeltis_00069.jpg
G02014,1,1,False,4. Helopeltis,4. Helopeltis/helopeltis_00070.jpg
G02015,1,1,False,4. Helopeltis,4. Helopeltis/helopeltis_00071.jpg
G02016,1,1,False,4. Helopeltis,4. Helopeltis/helopeltis_00072.jpg
G02017,1,1,False,4. Helopeltis,4. Helopeltis/helopeltis_00073.jpg
G02018,1,1,False,4. Helopeltis,4. Helopeltis/helopeltis_00074.jpg
G02019,1,1,False,4. Helopeltis,4. Helopeltis/helopeltis_00075.jpg
G02020,1,1,False,4. Helopeltis,4. Helopeltis/helopeltis_00076.jpg
G02021,1,1,False,4. Helopeltis,4. Helopeltis/helopeltis_00077.jpg
G02022,1,1,False,4. Helopeltis,4. Helopeltis/helopeltis_00078.jpg
G02023,1,1,False,4. Helopeltis,4. Helopeltis/helopeltis_00079.jpg
G02024,1,1,False,4. Helopeltis,4. Helopeltis/helopeltis_00080.jpg
G02025,1,1,False,4. Helopeltis,4. Helopeltis/helopeltis_00081.jpg
G02026,1,1,False,4. Helopeltis,4. Helopeltis/helopeltis_00082.jpg
G02027,1,1,False,4. Helopeltis,4. Helopeltis/helopeltis_00083.jpg
G02028,1,1,False,4. Helopeltis,4. Helopeltis/helopeltis_00084.jpg
G02029,1,1,False,4. Helopeltis,4. Helopeltis/helopeltis_00085.jpg
G02030,1,1,False,4. Helopeltis,4. Helopeltis/helopeltis_00086.jpg
G02031,1,1,False,4. Helopeltis,4. Helopeltis/helopeltis_00087.jpg
G02032,1,1,False,4. Helopeltis,4. Helopeltis/helopeltis_00088.jpg
G02033,1,1,False,4. Helopeltis,4. Helopeltis/helopeltis_00089.jpg
G02034,1,1,False,4. Helopeltis,4. Helopeltis/helopeltis_00090.jpg
G02035,1,1,False,4. Helopeltis,4. Helopeltis/helopeltis_00091.jpg
G02036,1,1,False,4. Helopeltis,4. Helopeltis/helopeltis_00092.jpg
G02037,1,1,False,4. Helopeltis,4. Helopeltis/helopeltis_00093.jpg
G02038,1,1,False,4. Helopeltis,4. Helopeltis/helopeltis_00094.jpg
G02039,1,1,False,4. Helopeltis,4. Helopeltis/helopeltis_00095.jpg
G02040,1,1,False,4. Helopeltis,4. Helopeltis/helopeltis_00096.jpg
G02041,1,1,False,4. Helopeltis,4. Helopeltis/helopeltis_00097.jpg
G02042,1,1,False,4. Helopeltis,4. Helopeltis/helopeltis_00098.jpg
G02043,1,1,False,4. Helopeltis,4. Helopeltis/helopeltis_00099.jpg
G02044,1,1,False,4. Helopeltis,4. Helopeltis/helopeltis_00100.jpg
G02045,1,1,False,4. Helopeltis,4. Helopeltis/helopeltis_00101.jpg
G02046,1,1,False,4. Helopeltis,4. Helopeltis/helopeltis_00102.jpg
G02047,1,1,False,4. Helopeltis,4. Helopeltis/helopeltis_00103.jpg
G02048,1,1,False,4. Helopeltis,4. Helopeltis/helopeltis_00104.jpg
G02049,1,1,False,4. Helopeltis,4. Helopeltis/helopeltis_00105.jpg
G02050,1,1,False,4. Helopeltis,4. Helopeltis/helopeltis_00106.jpg
G02051,1,1,False,4. Helopeltis,4. Helopeltis/helopeltis_00107.jpg
G02052,1,1,False,4. Helopeltis,4. Helopeltis/helopeltis_00108.jpg
G02053,1,1,False,4. Helopeltis,4. Helopeltis/helopeltis_00109.jpg
G02054,1,1,False,4. Helopeltis,4. Helopeltis/helopeltis_00110.jpg
G02055,1,1,False,4. Helopeltis,4. Helopeltis/helopeltis_00111.jpg
G02056,1,1,False,4. Helopeltis,4. Helopeltis/helopeltis_00112.jpg
G02057,1,1,False,4. Helopeltis,4. Helopeltis/helopeltis_00113.jpg
G02058,1,1,False,4. Helopeltis,4. Helopeltis/helopeltis_00114.jpg
G02059,1,1,False,4. Helopeltis,4. Helopeltis/helopeltis_00115.jpg
G02060,1,1,False,4. Helopeltis,4. Helopeltis/helopeltis_00116.jpg
G02061,1,1,False,4. Helopeltis,4. Helopeltis/helopeltis_00117.jpg
G02062,1,1,False,4. Helopeltis,4. Helopeltis/helopeltis_00118.jpg
G02063,1,1,False,4. Helopeltis,4. Helopeltis/helopeltis_00119.jpg
G02064,1,1,False,4. Helopeltis,4. Helopeltis/helopeltis_00120.jpg
G02065,1,1,False,4. Helopeltis,4. Helopeltis/helopeltis_00121.jpg
G02066,1,1,False,4. Helopeltis,4. Helopeltis/helopeltis_00122.jpg
G02067,1,1,False,4. Helopeltis,4. Helopeltis/helopeltis_00123.jpg
G02068,1,1,False,4. Helopeltis,4. Helopeltis/helopeltis_00124.jpg
G02069,1,1,False,4. Helopeltis,4. Helopeltis/helopeltis_00125.jpg
G02070,1,1,False,4. Helopeltis,4. Helopeltis/helopeltis_00126.jpg
G02071,1,1,False,4. Helopeltis,4. Helopeltis/helopeltis_00127.jpg
G02072,1,1,False,4. Helopeltis,4. Helopeltis/helopeltis_00128.jpg
G02073,1,1,False,4. Helopeltis,4. Helopeltis/helopeltis_00129.jpg
G02074,1,1,False,4. Helopeltis,4. Helopeltis/helopeltis_00130.jpg
G02075,1,1,False,4. Helopeltis,4. Helopeltis/helopeltis_00131.jpg
G02076,1,1,False,4. Helopeltis,4. Helopeltis/helopeltis_00132.jpg
G02077,1,1,False,4. Helopeltis,4. Helopeltis/helopeltis_00133.jpg
G02078,1,1,False,4. Helopeltis,4. Helopeltis/helopeltis_00134.jpg
G02079,1,1,False,4. Helopeltis,4. Helopeltis/helopeltis_00135.jpg
G02080,1,1,False,4. Helopeltis,4. Helopeltis/helopeltis_00136.jpg
G02081,1,1,False,4. Helopeltis,4. Helopeltis/helopeltis_00137.jpg
G02082,1,1,False,4. Helopeltis,4. Helopeltis/helopeltis_00138.jpg
G02083,1,1,False,4. Helopeltis,4. Helopeltis/helopeltis_00139.jpg
G02084,1,1,False,4. Helopeltis,4. Helopeltis/helopeltis_00140.jpg
G02085,1,1,False,4. Helopeltis,4. Helopeltis/helopeltis_00141.jpg
G02086,1,1,False,4. Helopeltis,4. Helopeltis/helopeltis_00142.jpg
G02087,1,1,False,4. Helopeltis,4. Helopeltis/helopeltis_00145.jpg
G02088,1,1,False,4. Helopeltis,4. Helopeltis/helopeltis_00146.jpg
G02089,1,1,False,4. Helopeltis,4. Helopeltis/helopeltis_00147.jpg
G02090,1,1,False,4. Helopeltis,4. Helopeltis/helopeltis_00148.jpg
G02091,1,1,False,4. Helopeltis,4. Helopeltis/helopeltis_00149.jpg
G02092,1,1,False,4. Helopeltis,4. Helopeltis/helopeltis_00152.jpg
G02093,1,1,False,4. Helopeltis,4. Helopeltis/helopeltis_00153.jpg
G02094,1,1,False,4. Helopeltis,4. Helopeltis/helopeltis_00154.jpg
G02095,1,1,False,4. Helopeltis,4. Helopeltis/helopeltis_00155.jpg
G02096,1,1,False,4. Helopeltis,4. Helopeltis/helopeltis_00156.jpg
G02097,1,1,False,4. Helopeltis,4. Helopeltis/helopeltis_00157.jpg
G02098,1,1,False,4. Helopeltis,4. Helopeltis/helopeltis_00158.jpg
G02099,1,1,False,4. Helopeltis,4. Helopeltis/helopeltis_00159.jpg
G02100,1,1,False,4. Helopeltis,4. Helopeltis/helopeltis_00160.jpg
G02101,1,1,False,4. Helopeltis,4. Helopeltis/helopeltis_00161.jpg
G02102,1,1,False,4. Helopeltis,4. Helopeltis/helopeltis_00162.jpg
G02103,1,1,False,4. Helopeltis,4. Helopeltis/helopeltis_00163.jpg
G02104,1,1,False,4. Helopeltis,4. Helopeltis/helopeltis_00164.jpg
G02105,1,1,False,4. Helopeltis,4. Helopeltis/helopeltis_00165.jpg
G02106,1,1,False,4. Helopeltis,4. Helopeltis/helopeltis_00166.jpg
G02107,1,1,False,4. Helopeltis,4. Helopeltis/helopeltis_00167.jpg
G02108,1,1,False,4. Helopeltis,4. Helopeltis/helopeltis_00168.jpg
G02109,1,1,False,4. Helopeltis,4. Helopeltis/helopeltis_00169.jpg
G02110,1,1,False,4. Helopeltis,4. Helopeltis/helopeltis_00170.jpg
G02111,1,1,False,4. Helopeltis,4. Helopeltis/helopeltis_00171.jpg
G02112,1,1,False,4. Helopeltis,4. Helopeltis/helopeltis_00172.jpg
G02113,1,1,False,4. Helopeltis,4. Helopeltis/helopeltis_00173.jpg
G02114,1,1,False,4. Helopeltis,4. Helopeltis/helopeltis_00174.jpg
G02115,1,1,False,4. Helopeltis,4. Helopeltis/helopeltis_00175.jpg
G02116,1,1,False,4. Helopeltis,4. Helopeltis/helopeltis_00176.jpg
G02117,1,1,False,4. Helopeltis,4. Helopeltis/helopeltis_00177.jpg
G02118,1,1,False,4. Helopeltis,4. Helopeltis/helopeltis_00180.jpg
G02119,1,1,False,4. Helopeltis,4. Helopeltis/helopeltis_00181.jpg
G02120,1,1,False,4. Helopeltis,4. Helopeltis/helopeltis_00182.jpg
G02121,1,1,False,4. Helopeltis,4. Helopeltis/helopeltis_00183.jpg
G02122,1,1,False,4. Helopeltis,4. Helopeltis/helopeltis_00184.jpg
G02123,1,1,False,4. Helopeltis,4. Helopeltis/helopeltis_00185.jpg
G02124,1,1,False,4. Helopeltis,4. Helopeltis/helopeltis_00186.jpg
G02125,1,1,False,4. Helopeltis,4. Helopeltis/helopeltis_00187.jpg
G02126,1,1,False,4. Helopeltis,4. Helopeltis/helopeltis_00188.jpg
G02127,1,1,False,4. Helopeltis,4. Helopeltis/helopeltis_00189.jpg
G02128,1,1,False,4. Helopeltis,4. Helopeltis/helopeltis_00190.jpg
G02129,1,1,False,4. Helopeltis,4. Helopeltis/helopeltis_00191.jpg
G02130,1,1,False,4. Helopeltis,4. Helopeltis/helopeltis_00192.jpg
G02131,1,1,False,4. Helopeltis,4. Helopeltis/helopeltis_00193.jpg
G02132,1,1,False,4. Helopeltis,4. Helopeltis/helopeltis_00194.jpg
G02133,1,1,False,4. Helopeltis,4. Helopeltis/helopeltis_00195.jpg
G02134,1,1,False,4. Helopeltis,4. Helopeltis/helopeltis_00196.jpg
G02135,1,1,False,4. Helopeltis,4. Helopeltis/helopeltis_00197.jpg
G02136,1,1,False,4. Helopeltis,4. Helopeltis/helopeltis_00198.jpg
G02137,1,1,False,4. Helopeltis,4. Helopeltis/helopeltis_00199.jpg
G02138,1,1,False,4. Helopeltis,4. Helopeltis/helopeltis_00200.jpg
G02139,1,1,False,4. Helopeltis,4. Helopeltis/helopeltis_00201.jpg
G02140,1,1,False,4. Helopeltis,4. Helopeltis/helopeltis_00202.jpg
G02141,1,1,False,4. Helopeltis,4. Helopeltis/helopeltis_00203.jpg
G02142,1,1,False,4. Helopeltis,4. Helopeltis/helopeltis_00204.jpg
G02143,1,1,False,4. Helopeltis,4. Helopeltis/helopeltis_00205.jpg
G02144,1,1,False,4. Helopeltis,4. Helopeltis/helopeltis_00206.jpg
G02145,1,1,False,4. Helopeltis,4. Helopeltis/helopeltis_00207.jpg
G02146,1,1,False,4. Helopeltis,4. Helopeltis/helopeltis_00208.jpg
G02147,1,1,False,4. Helopeltis,4. Helopeltis/helopeltis_00209.jpg
G02148,1,1,False,4. Helopeltis,4. Helopeltis/helopeltis_00212.jpg
G02149,1,1,False,4. Helopeltis,4. Helopeltis/helopeltis_00213.jpg
G02150,1,1,False,4. Helopeltis,4. Helopeltis/helopeltis_00214.jpg
G02151,1,1,False,4. Helopeltis,4. Helopeltis/helopeltis_00215.jpg
G02152,1,1,False,4. Helopeltis,4. Helopeltis/helopeltis_00216.jpg
G02153,1,1,False,4. Helopeltis,4. Helopeltis/helopeltis_00217.jpg
G02154,1,1,False,4. Helopeltis,4. Helopeltis/helopeltis_00218.jpg
G02155,1,1,False,4. Helopeltis,4. Helopeltis/helopeltis_00219.jpg
G02156,1,1,False,4. Helopeltis,4. Helopeltis/helopeltis_00220.jpg
G02157,1,1,False,4. Helopeltis,4. Helopeltis/helopeltis_00221.jpg
G02158,1,1,False,4. Helopeltis,4. Helopeltis/helopeltis_00222.jpg
G02159,1,1,False,4. Helopeltis,4. Helopeltis/helopeltis_00223.jpg
G02160,1,1,False,4. Helopeltis,4. Helopeltis/helopeltis_00224.jpg
G02161,1,1,False,4. Helopeltis,4. Helopeltis/helopeltis_00225.jpg
G02162,1,1,False,4. Helopeltis,4. Helopeltis/helopeltis_00226.jpg
G02163,1,1,False,4. Helopeltis,4. Helopeltis/helopeltis_00227.jpg
G02164,1,1,False,4. Helopeltis,4. Helopeltis/helopeltis_00228.jpg
G02165,1,1,False,4. Helopeltis,4. Helopeltis/helopeltis_00229.jpg
G02166,1,1,False,4. Helopeltis,4. Helopeltis/helopeltis_00230.jpg
G02167,1,1,False,4. Helopeltis,4. Helopeltis/helopeltis_00231.jpg
G02168,1,1,False,4. Helopeltis,4. Helopeltis/helopeltis_00234.jpg
G02169,1,1,False,4. Helopeltis,4. Helopeltis/helopeltis_00235.jpg
G02170,1,1,False,4. Helopeltis,4. Helopeltis/helopeltis_00236.jpg
G02171,1,1,False,4. Helopeltis,4. Helopeltis/helopeltis_00237.jpg
G02172,1,1,False,4. Helopeltis,4. Helopeltis/helopeltis_00238.jpg
G02173,1,1,False,4. Helopeltis,4. Helopeltis/helopeltis_00239.jpg
G02174,1,1,False,4. Helopeltis,4. Helopeltis/helopeltis_00240.jpg
G02175,1,1,False,4. Helopeltis,4. Helopeltis/helopeltis_00241.jpg
G02176,1,1,False,4. Helopeltis,4. Helopeltis/helopeltis_00242.jpg
G02177,1,1,False,4. Helopeltis,4. Helopeltis/helopeltis_00243.jpg
G02178,1,1,False,4. Helopeltis,4. Helopeltis/helopeltis_00244.jpg
G02179,1,1,False,4. Helopeltis,4. Helopeltis/helopeltis_00245.jpg
G02180,1,1,False,4. Helopeltis,4. Helopeltis/helopeltis_00246.jpg
G02181,1,1,False,4. Helopeltis,4. Helopeltis/helopeltis_00247.jpg
G02182,1,1,False,4. Helopeltis,4. Helopeltis/helopeltis_00248.jpg
G02183,1,1,False,4. Helopeltis,4. Helopeltis/helopeltis_00249.jpg
G02184,1,1,False,4. Helopeltis,4. Helopeltis/helopeltis_00250.jpg
G02185,1,1,False,4. Helopeltis,4. Helopeltis/helopeltis_00251.jpg
G02186,1,1,False,4. Helopeltis,4. Helopeltis/helopeltis_00252.jpg
G02187,1,1,False,4. Helopeltis,4. Helopeltis/helopeltis_00253.jpg
G02188,1,1,False,4. Helopeltis,4. Helopeltis/helopeltis_00254.jpg
G02189,1,1,False,4. Helopeltis,4. Helopeltis/helopeltis_00255.jpg
G02190,1,1,False,4. Helopeltis,4. Helopeltis/helopeltis_00256.jpg
G02191,1,1,False,4. Helopeltis,4. Helopeltis/helopeltis_00257.jpg
G02192,1,1,False,4. Helopeltis,4. Helopeltis/helopeltis_00258.jpg
G02193,1,1,False,4. Helopeltis,4. Helopeltis/helopeltis_00259.jpg
G02194,1,1,False,4. Helopeltis,4. Helopeltis/helopeltis_00260.jpg
G02195,1,1,False,4. Helopeltis,4. Helopeltis/helopeltis_00261.jpg
G02196,1,1,False,4. Helopeltis,4. Helopeltis/helopeltis_00262.jpg
G02197,1,1,False,4. Helopeltis,4. Helopeltis/helopeltis_00265.jpg
G02198,1,1,False,4. Helopeltis,4. Helopeltis/helopeltis_00266.jpg
G02199,1,1,False,4. Helopeltis,4. Helopeltis/helopeltis_00267.jpg
G02200,1,1,False,4. Helopeltis,4. Helopeltis/helopeltis_00268.jpg
G02201,1,1,False,4. Helopeltis,4. Helopeltis/helopeltis_00269.jpg
G02202,1,1,False,4. Helopeltis,4. Helopeltis/helopeltis_00270.jpg
G02203,1,1,False,4. Helopeltis,4. Helopeltis/helopeltis_00271.jpg
G02204,1,1,False,4. Helopeltis,4. Helopeltis/helopeltis_00272.jpg
G02205,1,1,False,4. Helopeltis,4. Helopeltis/helopeltis_00273.jpg
G02206,1,1,False,4. Helopeltis,4. Helopeltis/helopeltis_00274.jpg
G02207,1,1,False,4. Helopeltis,4. Helopeltis/helopeltis_00275.jpg
G02208,1,1,False,4. Helopeltis,4. Helopeltis/helopeltis_00276.jpg
G02209,1,1,False,4. Helopeltis,4. Helopeltis/helopeltis_00277.jpg
G02210,1,1,False,4. Helopeltis,4. Helopeltis/helopeltis_00278.jpg
G02211,1,1,False,4. Helopeltis,4. Helopeltis/helopeltis_00279.jpg
G02212,1,1,False,4. Helopeltis,4. Helopeltis/helopeltis_00280.jpg
G02213,1,1,False,4. Helopeltis,4. Helopeltis/helopeltis_00281.jpg
G02214,1,1,False,4. Helopeltis,4. Helopeltis/helopeltis_00282.jpg
G02215,1,1,False,4. Helopeltis,4. Helopeltis/helopeltis_00283.jpg
G02216,1,1,False,4. Helopeltis,4. Helopeltis/helopeltis_00284.jpg
G02217,1,1,False,4. Helopeltis,4. Helopeltis/helopeltis_00285.jpg
G02218,1,1,False,4. Helopeltis,4. Helopeltis/helopeltis_00286.jpg
G02219,1,1,False,4. Helopeltis,4. Helopeltis/helopeltis_00287.jpg
G02220,1,1,False,4. Helopeltis,4. Helopeltis/helopeltis_00288.jpg
G02221,1,1,False,4. Helopeltis,4. Helopeltis/helopeltis_00289.jpg
G02222,1,1,False,4. Helopeltis,4. Helopeltis/helopeltis_00292.jpg
G02223,1,1,False,4. Helopeltis,4. Helopeltis/helopeltis_00293.jpg
G02224,1,1,False,4. Helopeltis,4. Helopeltis/helopeltis_00294.jpg
G02225,1,1,False,4. Helopeltis,4. Helopeltis/helopeltis_00295.jpg
G02226,1,1,False,4. Helopeltis,4. Helopeltis/helopeltis_00296.jpg
G02227,1,1,False,4. Helopeltis,4. Helopeltis/helopeltis_00297.jpg
G02228,1,1,False,4. Helopeltis,4. Helopeltis/helopeltis_00298.jpg
G02229,1,1,False,4. Helopeltis,4. Helopeltis/helopeltis_00299.jpg
G02230,1,1,False,4. Helopeltis,4. Helopeltis/helopeltis_00300.jpg
G02231,1,1,False,4. Helopeltis,4. Helopeltis/helopeltis_00301.jpg
G02232,1,1,False,4. Helopeltis,4. Helopeltis/helopeltis_00302.jpg
G02233,1,1,False,4. Helopeltis,4. Helopeltis/helopeltis_00303.jpg
G02234,1,1,False,4. Helopeltis,4. Helopeltis/helopeltis_00304.jpg
G02235,1,1,False,4. Helopeltis,4. Helopeltis/helopeltis_00305.jpg
G02236,1,1,False,4. Helopeltis,4. Helopeltis/helopeltis_00306.jpg
G02237,1,1,False,4. Helopeltis,4. Helopeltis/helopeltis_00307.jpg
G02238,1,1,False,4. Helopeltis,4. Helopeltis/helopeltis_00308.jpg
G02239,1,1,False,4. Helopeltis,4. Helopeltis/helopeltis_00309.jpg
G02240,1,1,False,4. Helopeltis,4. Helopeltis/helopeltis_00310.jpg
G02241,1,1,False,4. Helopeltis,4. Helopeltis/helopeltis_00311.jpg
G02242,1,1,False,4. Helopeltis,4. Helopeltis/helopeltis_00312.jpg
G02243,1,1,False,4. Helopeltis,4. Helopeltis/helopeltis_00313.jpg
G02244,1,1,False,4. Helopeltis,4. Helopeltis/helopeltis_00314.jpg
G02245,1,1,False,4. Helopeltis,4. Helopeltis/helopeltis_00315.jpg
G02246,1,1,False,4. Helopeltis,4. Helopeltis/helopeltis_00316.jpg
G02247,1,1,False,4. Helopeltis,4. Helopeltis/helopeltis_00317.jpg
G02248,1,1,False,4. Helopeltis,4. Helopeltis/helopeltis_00318.jpg
G02249,1,1,False,4. Helopeltis,4. Helopeltis/helopeltis_00319.jpg
G02250,1,1,False,4. Helopeltis,4. Helopeltis/helopeltis_00320.jpg
G02251,1,1,False,4. Helopeltis,4. Helopeltis/helopeltis_00321.jpg
G02252,1,1,False,4. Helopeltis,4. Helopeltis/helopeltis_00322.jpg
G02253,1,1,False,4. Helopeltis,4. Helopeltis/helopeltis_00323.jpg
G02254,1,1,False,4. Helopeltis,4. Helopeltis/helopeltis_00324.jpg
G02255,1,1,False,4. Helopeltis,4. Helopeltis/helopeltis_00325.jpg
G02256,1,1,False,4. Helopeltis,4. Helopeltis/helopeltis_00326.jpg
G02257,1,1,False,4. Helopeltis,4. Helopeltis/helopeltis_00327.jpg
G02258,1,1,False,4. Helopeltis,4. Helopeltis/helopeltis_00328.jpg
G02259,1,1,False,4. Helopeltis,4. Helopeltis/helopeltis_00329.jpg
G02260,1,1,False,4. Helopeltis,4. Helopeltis/helopeltis_00330.jpg
G02261,1,1,False,4. Helopeltis,4. Helopeltis/helopeltis_00331.jpg
G02262,1,1,False,4. Helopeltis,4. Helopeltis/helopeltis_00332.jpg
G02263,1,1,False,4. Helopeltis,4. Helopeltis/helopeltis_00333.jpg
G02264,1,1,False,4. Helopeltis,4. Helopeltis/helopeltis_00334.jpg
G02265,1,1,False,4. Helopeltis,4. Helopeltis/helopeltis_00335.jpg
G02266,1,1,False,4. Helopeltis,4. Helopeltis/helopeltis_00336.jpg
G02267,1,1,False,4. Helopeltis,4. Helopeltis/helopeltis_00337.jpg
G02268,1,1,False,4. Helopeltis,4. Helopeltis/helopeltis_00338.jpg
G02269,1,1,False,4. Helopeltis,4. Helopeltis/helopeltis_00339.jpg
G02270,1,1,False,4. Helopeltis,4. Helopeltis/helopeltis_00340.jpg
G02271,1,1,False,4. Helopeltis,4. Helopeltis/helopeltis_00341.jpg
G02272,1,1,False,4. Helopeltis,4. Helopeltis/helopeltis_00342.jpg
G02273,1,1,False,4. Helopeltis,4. Helopeltis/helopeltis_00343.jpg
G02274,1,1,False,4. Helopeltis,4. Helopeltis/helopeltis_00344.jpg
G02275,1,1,False,4. Helopeltis,4. Helopeltis/helopeltis_00345.jpg
G02276,1,1,False,4. Helopeltis,4. Helopeltis/helopeltis_00346.jpg
G02277,1,1,False,4. Helopeltis,4. Helopeltis/helopeltis_00347.jpg
G02278,1,1,False,4. Helopeltis,4. Helopeltis/helopeltis_00348.jpg
G02279,1,1,False,4. Helopeltis,4. Helopeltis/helopeltis_00349.jpg
G02280,1,1,False,4. Helopeltis,4. Helopeltis/helopeltis_00350.jpg
G02281,1,1,False,4. Helopeltis,4. Helopeltis/helopeltis_00351.jpg
G02282,1,1,False,4. Helopeltis,4. Helopeltis/helopeltis_00352.jpg
G02283,1,1,False,4. Helopeltis,4. Helopeltis/helopeltis_00353.jpg
G02284,1,1,False,4. Helopeltis,4. Helopeltis/helopeltis_00354.jpg
G02285,1,1,False,4. Helopeltis,4. Helopeltis/helopeltis_00355.jpg
G02286,1,1,False,4. Helopeltis,4. Helopeltis/helopeltis_00356.jpg
G02287,1,1,False,4. Helopeltis,4. Helopeltis/helopeltis_00357.jpg
G02288,1,1,False,4. Helopeltis,4. Helopeltis/helopeltis_00358.jpg
G02289,1,1,False,4. Helopeltis,4. Helopeltis/helopeltis_00359.jpg
G02290,1,1,False,4. Helopeltis,4. Helopeltis/helopeltis_00360.jpg
G02291,1,1,False,4. Helopeltis,4. Helopeltis/helopeltis_00361.jpg
G02292,1,1,False,4. Helopeltis,4. Helopeltis/helopeltis_00362.jpg
G02293,1,1,False,4. Helopeltis,4. Helopeltis/helopeltis_00363.jpg
G02294,1,1,False,4. Helopeltis,4. Helopeltis/helopeltis_00364.jpg
G02295,1,1,False,4. Helopeltis,4. Helopeltis/helopeltis_00365.jpg
G02296,1,1,False,4. Helopeltis,4. Helopeltis/helopeltis_00366.jpg
G02297,1,1,False,4. Helopeltis,4. Helopeltis/helopeltis_00367.jpg
G02298,1,1,False,4. Helopeltis,4. Helopeltis/helopeltis_00368.jpg
G02299,1,1,False,4. Helopeltis,4. Helopeltis/helopeltis_00369.jpg
G02300,1,1,False,4. Helopeltis,4. Helopeltis/helopeltis_00370.jpg
G02301,1,1,False,4. Helopeltis,4. Helopeltis/helopeltis_00371.jpg
G02302,1,1,False,4. Helopeltis,4. Helopeltis/helopeltis_00372.jpg
G02303,1,1,False,4. Helopeltis,4. Helopeltis/helopeltis_00373.jpg
G02304,1,1,False,4. Helopeltis,4. Helopeltis/helopeltis_00374.jpg
G02305,1,1,False,4. Helopeltis,4. Helopeltis/helopeltis_00375.jpg
G02306,1,1,False,4. Helopeltis,4. Helopeltis/helopeltis_00376.jpg
G02307,1,1,False,4. Helopeltis,4. Helopeltis/helopeltis_00377.jpg
G02308,1,1,False,4. Helopeltis,4. Helopeltis/helopeltis_00378.jpg
G02309,1,1,False,4. Helopeltis,4. Helopeltis/helopeltis_00379.jpg
G02310,1,1,False,4. Helopeltis,4. Helopeltis/helopeltis_00380.jpg
G02311,1,1,False,4. Helopeltis,4. Helopeltis/helopeltis_00381.jpg
G02312,1,1,False,4. Helopeltis,4. Helopeltis/helopeltis_00382.jpg
G02313,1,1,False,4. Helopeltis,4. Helopeltis/helopeltis_00383.jpg
G02314,1,1,False,4. Helopeltis,4. Helopeltis/helopeltis_00384.jpg
G02315,1,1,False,4. Helopeltis,4. Helopeltis/helopeltis_00385.jpg
G02316,1,1,False,4. Helopeltis,4. Helopeltis/helopeltis_00386.jpg
G02317,1,1,False,4. Helopeltis,4. Helopeltis/helopeltis_00387.jpg
G02318,1,1,False,4. Helopeltis,4. Helopeltis/helopeltis_00388.jpg
G02319,1,1,False,4. Helopeltis,4. Helopeltis/helopeltis_00389.jpg
G02320,1,1,False,4. Helopeltis,4. Helopeltis/helopeltis_00390.jpg
G02321,1,1,False,4. Helopeltis,4. Helopeltis/helopeltis_00391.jpg
G02322,1,1,False,4. Helopeltis,4. Helopeltis/helopeltis_00392.jpg
G02323,1,1,False,4. Helopeltis,4. Helopeltis/helopeltis_00393.jpg
G02324,1,1,False,4. Helopeltis,4. Helopeltis/helopeltis_00394.jpg
G02325,1,1,False,4. Helopeltis,4. Helopeltis/helopeltis_00395.jpg
G02326,1,1,False,4. Helopeltis,4. Helopeltis/helopeltis_00396.jpg
G02327,1,1,False,4. Helopeltis,4. Helopeltis/helopeltis_00397.jpg
G02328,1,1,False,4. Helopeltis,4. Helopeltis/helopeltis_00398.jpg
G02329,1,1,False,4. Helopeltis,4. Helopeltis/helopeltis_00399.jpg
G02330,1,1,False,4. Helopeltis,4. Helopeltis/helopeltis_00400.jpg
G02331,1,1,False,4. Helopeltis,4. Helopeltis/helopeltis_00401.jpg
G02332,1,1,False,4. Helopeltis,4. Helopeltis/helopeltis_00402.jpg
G02333,1,1,False,4. Helopeltis,4. Helopeltis/helopeltis_00403.jpg
G02334,1,1,False,4. Helopeltis,4. Helopeltis/helopeltis_00404.jpg
G02335,1,1,False,4. Helopeltis,4. Helopeltis/helopeltis_00405.jpg
G02336,1,1,False,4. Helopeltis,4. Helopeltis/helopeltis_00406.jpg
G02337,1,1,False,4. Helopeltis,4. Helopeltis/helopeltis_00407.jpg
G02338,1,1,False,4. Helopeltis,4. Helopeltis/helopeltis_00408.jpg
G02339,1,1,False,4. Helopeltis,4. Helopeltis/helopeltis_00409.jpg
G02340,1,1,False,4. Helopeltis,4. Helopeltis/helopeltis_00410.jpg
G02341,1,1,False,4. Helopeltis,4. Helopeltis/helopeltis_00411.jpg
G02342,1,1,False,4. Helopeltis,4. Helopeltis/helopeltis_00412.jpg
G02343,1,1,False,4. Helopeltis,4. Helopeltis/helopeltis_00413.jpg
G02344,1,1,False,4. Helopeltis,4. Helopeltis/helopeltis_00414.jpg
G02345,1,1,False,4. Helopeltis,4. Helopeltis/helopeltis_00415.jpg
G02346,1,1,False,4. Helopeltis,4. Helopeltis/helopeltis_00416.jpg
G02347,1,1,False,4. Helopeltis,4. Helopeltis/helopeltis_00417.jpg
G02348,1,1,False,4. Helopeltis,4. Helopeltis/helopeltis_00418.jpg
G02349,1,1,False,4. Helopeltis,4. Helopeltis/helopeltis_00419.jpg
G02350,1,1,False,4. Helopeltis,4. Helopeltis/helopeltis_00420.jpg
G02351,1,1,False,4. Helopeltis,4. Helopeltis/helopeltis_00421.jpg
G02352,1,1,False,4. Helopeltis,4. Helopeltis/helopeltis_00422.jpg
G02353,1,1,False,4. Helopeltis,4. Helopeltis/helopeltis_00423.jpg
G02354,1,1,False,4. Helopeltis,4. Helopeltis/helopeltis_00424.jpg
G02355,1,1,False,4. Helopeltis,4. Helopeltis/helopeltis_00425.jpg
G02356,1,1,False,4. Helopeltis,4. Helopeltis/helopeltis_00426.jpg
G02357,1,1,False,4. Helopeltis,4. Helopeltis/helopeltis_00427.jpg
G02358,1,1,False,4. Helopeltis,4. Helopeltis/helopeltis_00428.jpg
G02359,1,1,False,4. Helopeltis,4. Helopeltis/helopeltis_00429.jpg
G02360,1,1,False,4. Helopeltis,4. Helopeltis/helopeltis_00430.jpg
G02361,1,1,False,4. Helopeltis,4. Helopeltis/helopeltis_00431.jpg
G02362,1,1,False,4. Helopeltis,4. Helopeltis/helopeltis_00432.jpg
G02363,1,1,False,4. Helopeltis,4. Helopeltis/helopeltis_00433.jpg
G02364,1,1,False,4. Helopeltis,4. Helopeltis/helopeltis_00434.jpg
G02365,1,1,False,4. Helopeltis,4. Helopeltis/helopeltis_00435.jpg
G02366,1,1,False,4. Helopeltis,4. Helopeltis/helopeltis_00436.jpg
G02367,1,1,False,4. Helopeltis,4. Helopeltis/helopeltis_00437.jpg
G02368,1,1,False,4. Helopeltis,4. Helopeltis/helopeltis_00438.jpg
G02369,1,1,False,4. Helopeltis,4. Helopeltis/helopeltis_00439.jpg
G02370,1,1,False,4. Helopeltis,4. Helopeltis/helopeltis_00440.jpg
G02371,1,1,False,4. Helopeltis,4. Helopeltis/helopeltis_00441.jpg
G02372,1,1,False,4. Helopeltis,4. Helopeltis/helopeltis_00442.jpg
G02373,1,1,False,4. Helopeltis,4. Helopeltis/helopeltis_00443.jpg
G02374,1,1,False,4. Helopeltis,4. Helopeltis/helopeltis_00444.jpg
G02375,1,1,False,4. Helopeltis,4. Helopeltis/helopeltis_00445.jpg
G02376,1,1,False,4. Helopeltis,4. Helopeltis/helopeltis_00446.jpg
G02377,1,1,False,4. Helopeltis,4. Helopeltis/helopeltis_00447.jpg
G02378,1,1,False,4. Helopeltis,4. Helopeltis/helopeltis_00448.jpg
G02379,1,1,False,4. Helopeltis,4. Helopeltis/helopeltis_00449.jpg
G02380,1,1,False,4. Helopeltis,4. Helopeltis/helopeltis_00450.jpg
G02381,1,1,False,4. Helopeltis,4. Helopeltis/helopeltis_00451.jpg
G02382,1,1,False,4. Helopeltis,4. Helopeltis/helopeltis_00452.jpg
G02383,1,1,False,4. Helopeltis,4. Helopeltis/helopeltis_00453.jpg
G02384,1,1,False,4. Helopeltis,4. Helopeltis/helopeltis_00454.jpg
G02385,1,1,False,4. Helopeltis,4. Helopeltis/helopeltis_00455.jpg
G02386,1,1,False,4. Helopeltis,4. Helopeltis/helopeltis_00456.jpg
G02387,1,1,False,4. Helopeltis,4. Helopeltis/helopeltis_00457.jpg
G02388,1,1,False,4. Helopeltis,4. Helopeltis/helopeltis_00460.jpg
G02389,1,1,False,4. Helopeltis,4. Helopeltis/helopeltis_00461.jpg
G02390,1,1,False,4. Helopeltis,4. Helopeltis/helopeltis_00462.jpg
G02391,1,1,False,4. Helopeltis,4. Helopeltis/helopeltis_00463.jpg
G02392,1,1,False,4. Helopeltis,4. Helopeltis/helopeltis_00464.jpg
G02393,1,1,False,4. Helopeltis,4. Helopeltis/helopeltis_00465.jpg
G02394,1,1,False,4. Helopeltis,4. Helopeltis/helopeltis_00466.jpg
G02395,1,1,False,4. Helopeltis,4. Helopeltis/helopeltis_00467.jpg
G02396,1,1,False,4. Helopeltis,4. Helopeltis/helopeltis_00468.jpg
G02397,1,1,False,4. Helopeltis,4. Helopeltis/helopeltis_00469.jpg
G02398,1,1,False,4. Helopeltis,4. Helopeltis/helopeltis_00470.jpg
G02399,1,1,False,4. Helopeltis,4. Helopeltis/helopeltis_00471.jpg
G02400,1,1,False,4. Helopeltis,4. Helopeltis/helopeltis_00472.jpg
G02401,1,1,False,4. Helopeltis,4. Helopeltis/helopeltis_00473.jpg
G02402,1,1,False,4. Helopeltis,4. Helopeltis/helopeltis_00474.jpg
G02403,1,1,False,4. Helopeltis,4. Helopeltis/helopeltis_00475.jpg
G02404,1,1,False,4. Helopeltis,4. Helopeltis/helopeltis_00476.jpg
G02405,1,1,False,4. Helopeltis,4. Helopeltis/helopeltis_00477.jpg
G02406,1,1,False,4. Helopeltis,4. Helopeltis/helopeltis_00478.jpg
G02407,1,1,False,4. Helopeltis,4. Helopeltis/helopeltis_00479.jpg
G02408,1,1,False,4. Helopeltis,4. Helopeltis/helopeltis_00480.jpg
G02409,1,1,False,4. Helopeltis,4. Helopeltis/helopeltis_00481.jpg
G02410,1,1,False,4. Helopeltis,4. Helopeltis/helopeltis_00482.jpg
G02411,1,1,False,4. Helopeltis,4. Helopeltis/helopeltis_00483.jpg
G02412,1,1,False,4. Helopeltis,4. Helopeltis/helopeltis_00484.jpg
G02413,1,1,False,4. Helopeltis,4. Helopeltis/helopeltis_00485.jpg
G02414,1,1,False,4. Helopeltis,4. Helopeltis/helopeltis_00486.jpg
G02415,1,1,False,4. Helopeltis,4. Helopeltis/helopeltis_00487.jpg
G02416,1,1,False,4. Helopeltis,4. Helopeltis/helopeltis_00488.jpg
G02417,1,1,False,4. Helopeltis,4. Helopeltis/helopeltis_00489.jpg
G02418,1,1,False,4. Helopeltis,4. Helopeltis/helopeltis_00490.jpg
G02419,1,1,False,4. Helopeltis,4. Helopeltis/helopeltis_00491.jpg
G02420,1,1,False,4. Helopeltis,4. Helopeltis/helopeltis_00492.jpg
G02421,1,1,False,4. Helopeltis,4. Helopeltis/helopeltis_00493.jpg
G02422,1,1,False,4. Helopeltis,4. Helopeltis/helopeltis_00494.jpg
G02423,1,1,False,4. Helopeltis,4. Helopeltis/helopeltis_00495.jpg
G02424,1,1,False,4. Helopeltis,4. Helopeltis/helopeltis_00496.jpg
G02425,1,1,False,4. Helopeltis,4. Helopeltis/helopeltis_00497.jpg
G02426,1,1,False,4. Helopeltis,4. Helopeltis/helopeltis_00498.jpg
G02427,1,1,False,4. Helopeltis,4. Helopeltis/helopeltis_00499.jpg
G02428,1,1,False,4. Helopeltis,4. Helopeltis/helopeltis_00500.jpg
G02429,1,1,False,4. Helopeltis,4. Helopeltis/helopeltis_00501.jpg
G02430,1,1,False,4. Helopeltis,4. Helopeltis/helopeltis_00502.jpg
G02431,1,1,False,4. Helopeltis,4. Helopeltis/helopeltis_00503.jpg
G02432,1,1,False,4. Helopeltis,4. Helopeltis/helopeltis_00504.jpg
G02433,1,1,False,4. Helopeltis,4. Helopeltis/helopeltis_00505.jpg
G02434,1,1,False,4. Helopeltis,4. Helopeltis/helopeltis_00506.jpg
G02435,1,1,False,4. Helopeltis,4. Helopeltis/helopeltis_00507.jpg
G02436,1,1,False,4. Helopeltis,4. Helopeltis/helopeltis_00508.jpg
G02437,1,1,False,4. Helopeltis,4. Helopeltis/helopeltis_00509.jpg
G02438,1,1,False,4. Helopeltis,4. Helopeltis/helopeltis_00510.jpg
G02439,1,1,False,4. Helopeltis,4. Helopeltis/helopeltis_00511.jpg
G02440,1,1,False,4. Helopeltis,4. Helopeltis/helopeltis_00512.jpg
G02441,1,1,False,4. Helopeltis,4. Helopeltis/helopeltis_00513.jpg
G02442,1,1,False,4. Helopeltis,4. Helopeltis/helopeltis_00514.jpg
G02443,1,1,False,4. Helopeltis,4. Helopeltis/helopeltis_00515.jpg
G02444,1,1,False,4. Helopeltis,4. Helopeltis/helopeltis_00516.jpg
G02445,1,1,False,4. Helopeltis,4. Helopeltis/helopeltis_00517.jpg
G02446,1,1,False,4. Helopeltis,4. Helopeltis/helopeltis_00518.jpg
G02447,1,1,False,4. Helopeltis,4. Helopeltis/helopeltis_00519.jpg
G02448,1,1,False,4. Helopeltis,4. Helopeltis/helopeltis_00520.jpg
G02449,1,1,False,4. Helopeltis,4. Helopeltis/helopeltis_00521.jpg
G02450,1,1,False,4. Helopeltis,4. Helopeltis/helopeltis_00522.jpg
G02451,1,1,False,4. Helopeltis,4. Helopeltis/helopeltis_00523.jpg
G02452,1,1,False,4. Helopeltis,4. Helopeltis/helopeltis_00524.jpg
G02453,1,1,False,4. Helopeltis,4. Helopeltis/helopeltis_00525.jpg
G02454,1,1,False,4. Helopeltis,4. Helopeltis/helopeltis_00526.jpg
G02455,1,1,False,4. Helopeltis,4. Helopeltis/helopeltis_00527.jpg
G02456,1,1,False,4. Helopeltis,4. Helopeltis/helopeltis_00528.jpg
G02457,1,1,False,4. Helopeltis,4. Helopeltis/helopeltis_00529.jpg
G02458,1,1,False,4. Helopeltis,4. Helopeltis/helopeltis_00530.jpg
G02459,1,1,False,4. Helopeltis,4. Helopeltis/helopeltis_00531.jpg
G02460,1,1,False,4. Helopeltis,4. Helopeltis/helopeltis_00532.jpg
G02461,1,1,False,4. Helopeltis,4. Helopeltis/helopeltis_00533.jpg
G02462,1,1,False,4. Helopeltis,4. Helopeltis/helopeltis_00534.jpg
G02463,1,1,False,4. Helopeltis,4. Helopeltis/helopeltis_00535.jpg
G02464,1,1,False,4. Helopeltis,4. Helopeltis/helopeltis_00536.jpg
G02465,1,1,False,4. Helopeltis,4. Helopeltis/helopeltis_00537.jpg
G02466,1,1,False,4. Helopeltis,4. Helopeltis/helopeltis_00538.jpg
G02467,1,1,False,4. Helopeltis,4. Helopeltis/helopeltis_00539.jpg
G02468,1,1,False,4. Helopeltis,4. Helopeltis/helopeltis_00540.jpg
G02469,1,1,False,4. Helopeltis,4. Helopeltis/helopeltis_00541.jpg
G02470,1,1,False,4. Helopeltis,4. Helopeltis/helopeltis_00542.jpg
G02471,1,1,False,4. Helopeltis,4. Helopeltis/helopeltis_00543.jpg
G02472,1,1,False,4. Helopeltis,4. Helopeltis/helopeltis_00544.jpg
G02473,1,1,False,4. Helopeltis,4. Helopeltis/helopeltis_00545.jpg
G02474,1,1,False,4. Helopeltis,4. Helopeltis/helopeltis_00546.jpg
G02475,1,1,False,4. Helopeltis,4. Helopeltis/helopeltis_00549.jpg
G02476,1,1,False,4. Helopeltis,4. Helopeltis/helopeltis_00550.jpg
G02477,1,1,False,4. Helopeltis,4. Helopeltis/helopeltis_00551.jpg
G02478,1,1,False,4. Helopeltis,4. Helopeltis/helopeltis_00552.jpg
G02479,1,1,False,4. Helopeltis,4. Helopeltis/helopeltis_00553.jpg
G02480,1,1,False,4. Helopeltis,4. Helopeltis/helopeltis_00554.jpg
G02481,1,1,False,4. Helopeltis,4. Helopeltis/helopeltis_00555.jpg
G02482,1,1,False,4. Helopeltis,4. Helopeltis/helopeltis_00556.jpg
G02483,1,1,False,4. Helopeltis,4. Helopeltis/helopeltis_00557.jpg
G02484,1,1,False,4. Helopeltis,4. Helopeltis/helopeltis_00558.jpg
G02485,1,1,False,4. Helopeltis,4. Helopeltis/helopeltis_00559.jpg
G02486,1,1,False,4. Helopeltis,4. Helopeltis/helopeltis_00560.jpg
G02487,1,1,False,4. Helopeltis,4. Helopeltis/helopeltis_00561.jpg
G02488,1,1,False,4. Helopeltis,4. Helopeltis/helopeltis_00562.jpg
G02489,1,1,False,4. Helopeltis,4. Helopeltis/helopeltis_00563.jpg
G02490,1,1,False,4. Helopeltis,4. Helopeltis/helopeltis_00564.jpg
G02491,1,1,False,4. Helopeltis,4. Helopeltis/helopeltis_00565.jpg
G02492,1,1,False,4. Helopeltis,4. Helopeltis/helopeltis_00566.jpg
G02493,1,1,False,4. Helopeltis,4. Helopeltis/helopeltis_00567.jpg
G02494,1,1,False,4. Helopeltis,4. Helopeltis/helopeltis_00568.jpg
G02495,1,1,False,4. Helopeltis,4. Helopeltis/helopeltis_00569.jpg
G02496,1,1,False,4. Helopeltis,4. Helopeltis/helopeltis_00570.jpg
G02497,1,1,False,4. Helopeltis,4. Helopeltis/helopeltis_00571.jpg
G02498,1,1,False,4. Helopeltis,4. Helopeltis/helopeltis_00572.jpg
G02499,1,1,False,4. Helopeltis,4. Helopeltis/helopeltis_00573.jpg
G02500,1,1,False,4. Helopeltis,4. Helopeltis/helopeltis_00574.jpg
G02501,1,1,False,4. Helopeltis,4. Helopeltis/helopeltis_00575.jpg
G02502,1,1,False,4. Helopeltis,4. Helopeltis/helopeltis_00576.jpg
G02503,1,1,False,4. Helopeltis,4. Helopeltis/helopeltis_00577.jpg
G02504,1,1,False,4. Helopeltis,4. Helopeltis/helopeltis_00578.jpg
G02505,1,1,False,4. Helopeltis,4. Helopeltis/helopeltis_00579.jpg
G02506,1,1,False,4. Helopeltis,4. Helopeltis/helopeltis_00580.jpg
G02507,1,1,False,4. Helopeltis,4. Helopeltis/helopeltis_00581.jpg
G02508,1,1,False,4. Helopeltis,4. Helopeltis/helopeltis_00582.jpg
G02509,1,1,False,4. Helopeltis,4. Helopeltis/helopeltis_00583.jpg
G02510,1,1,False,4. Helopeltis,4. Helopeltis/helopeltis_00584.jpg
G02511,1,1,False,4. Helopeltis,4. Helopeltis/helopeltis_00585.jpg
G02512,1,1,False,4. Helopeltis,4. Helopeltis/helopeltis_00586.jpg
G02513,1,1,False,4. Helopeltis,4. Helopeltis/helopeltis_00587.jpg
G02514,1,1,False,4. Helopeltis,4. Helopeltis/helopeltis_00588.jpg
G02515,1,1,False,4. Helopeltis,4. Helopeltis/helopeltis_00589.jpg
G02516,1,1,False,4. Helopeltis,4. Helopeltis/helopeltis_00590.jpg
G02517,1,1,False,4. Helopeltis,4. Helopeltis/helopeltis_00591.jpg
G02518,1,1,False,4. Helopeltis,4. Helopeltis/helopeltis_00592.jpg
G02519,1,1,False,4. Helopeltis,4. Helopeltis/helopeltis_00593.jpg
G02520,1,1,False,4. Helopeltis,4. Helopeltis/helopeltis_00594.jpg
G02521,1,1,False,4. Helopeltis,4. Helopeltis/helopeltis_00595.jpg
G02522,1,1,False,4. Helopeltis,4. Helopeltis/helopeltis_00596.jpg
G02523,1,1,False,4. Helopeltis,4. Helopeltis/helopeltis_00597.jpg
G02524,1,1,False,4. Helopeltis,4. Helopeltis/helopeltis_00598.jpg
G02525,1,1,False,4. Helopeltis,4. Helopeltis/helopeltis_00599.jpg
G02526,1,1,False,4. Helopeltis,4. Helopeltis/helopeltis_00600.jpg
G02527,1,1,False,4. Helopeltis,4. Helopeltis/helopeltis_00601.jpg
G02528,1,1,False,4. Helopeltis,4. Helopeltis/helopeltis_00602.jpg
G02529,1,1,False,4. Helopeltis,4. Helopeltis/helopeltis_00603.jpg
G02530,1,1,False,4. Helopeltis,4. Helopeltis/helopeltis_00604.jpg
G02531,1,1,False,4. Helopeltis,4. Helopeltis/helopeltis_00605.jpg
G02532,1,1,False,4. Helopeltis,4. Helopeltis/helopeltis_00606.jpg
G02533,1,1,False,4. Helopeltis,4. Helopeltis/helopeltis_00607.jpg
G02534,1,1,False,5. Red spider,5. Red spider/red_spider_00001.jpg
G02535,1,1,False,5. Red spider,5. Red spider/red_spider_00002.jpg
G02536,1,1,False,5. Red spider,5. Red spider/red_spider_00003.jpg
G02537,1,1,False,5. Red spider,5. Red spider/red_spider_00004.jpg
G02538,1,1,False,5. Red spider,5. Red spider/red_spider_00005.jpg
G02539,1,1,False,5. Red spider,5. Red spider/red_spider_00006.jpg
G02540,1,1,False,5. Red spider,5. Red spider/red_spider_00007.jpg
G02541,1,1,False,5. Red spider,5. Red spider/red_spider_00008.jpg
G02542,1,1,False,5. Red spider,5. Red spider/red_spider_00009.jpg
G02543,1,1,False,5. Red spider,5. Red spider/red_spider_00010.jpg
G02544,1,1,False,5. Red spider,5. Red spider/red_spider_00011.jpg
G02545,1,1,False,5. Red spider,5. Red spider/red_spider_00012.jpg
G02546,1,1,False,5. Red spider,5. Red spider/red_spider_00013.jpg
G02547,1,1,False,5. Red spider,5. Red spider/red_spider_00014.jpg
G02548,1,1,False,5. Red spider,5. Red spider/red_spider_00015.jpg
G02549,1,1,False,5. Red spider,5. Red spider/red_spider_00016.jpg
G02550,1,1,False,5. Red spider,5. Red spider/red_spider_00017.jpg
G02551,1,1,False,5. Red spider,5. Red spider/red_spider_00018.jpg
G02552,1,1,False,5. Red spider,5. Red spider/red_spider_00019.jpg
G02553,1,1,False,5. Red spider,5. Red spider/red_spider_00020.jpg
G02554,1,1,False,5. Red spider,5. Red spider/red_spider_00021.jpg
G02555,1,1,False,5. Red spider,5. Red spider/red_spider_00022.jpg
G02556,1,1,False,5. Red spider,5. Red spider/red_spider_00023.jpg
G02557,1,1,False,5. Red spider,5. Red spider/red_spider_00024.jpg
G02558,1,1,False,5. Red spider,5. Red spider/red_spider_00025.jpg
G02559,1,1,False,5. Red spider,5. Red spider/red_spider_00026.jpg
G02560,1,1,False,5. Red spider,5. Red spider/red_spider_00027.jpg
G02561,1,1,False,5. Red spider,5. Red spider/red_spider_00028.jpg
G02562,1,1,False,5. Red spider,5. Red spider/red_spider_00029.jpg
G02563,1,1,False,5. Red spider,5. Red spider/red_spider_00030.jpg
G02564,1,1,False,5. Red spider,5. Red spider/red_spider_00031.jpg
G02565,1,1,False,5. Red spider,5. Red spider/red_spider_00032.jpg
G02566,1,1,False,5. Red spider,5. Red spider/red_spider_00033.jpg
G02567,1,1,False,5. Red spider,5. Red spider/red_spider_00034.jpg
G02568,1,1,False,5. Red spider,5. Red spider/red_spider_00035.jpg
G02569,1,1,False,5. Red spider,5. Red spider/red_spider_00036.jpg
G02570,1,1,False,5. Red spider,5. Red spider/red_spider_00037.jpg
G02571,1,1,False,5. Red spider,5. Red spider/red_spider_00038.jpg
G02572,1,1,False,5. Red spider,5. Red spider/red_spider_00039.jpg
G02573,1,1,False,5. Red spider,5. Red spider/red_spider_00040.jpg
G02574,1,1,False,5. Red spider,5. Red spider/red_spider_00041.jpg
G02575,1,1,False,5. Red spider,5. Red spider/red_spider_00042.jpg
G02576,1,1,False,5. Red spider,5. Red spider/red_spider_00043.jpg
G02577,1,1,False,5. Red spider,5. Red spider/red_spider_00044.jpg
G02578,1,1,False,5. Red spider,5. Red spider/red_spider_00045.jpg
G02579,1,1,False,5. Red spider,5. Red spider/red_spider_00046.jpg
G02580,1,1,False,5. Red spider,5. Red spider/red_spider_00047.jpg
G02581,1,1,False,5. Red spider,5. Red spider/red_spider_00048.jpg
G02582,1,1,False,5. Red spider,5. Red spider/red_spider_00049.jpg
G02583,1,1,False,5. Red spider,5. Red spider/red_spider_00050.jpg
G02584,1,1,False,5. Red spider,5. Red spider/red_spider_00051.jpg
G02585,1,1,False,5. Red spider,5. Red spider/red_spider_00052.jpg
G02586,1,1,False,5. Red spider,5. Red spider/red_spider_00053.jpg
G02587,1,1,False,5. Red spider,5. Red spider/red_spider_00054.jpg
G02588,1,1,False,5. Red spider,5. Red spider/red_spider_00055.jpg
G02589,1,1,False,5. Red spider,5. Red spider/red_spider_00056.jpg
G02590,1,1,False,5. Red spider,5. Red spider/red_spider_00057.jpg
G02591,1,1,False,5. Red spider,5. Red spider/red_spider_00058.jpg
G02592,1,1,False,5. Red spider,5. Red spider/red_spider_00059.jpg
G02593,1,1,False,5. Red spider,5. Red spider/red_spider_00060.jpg
G02594,1,1,False,5. Red spider,5. Red spider/red_spider_00061.jpg
G02595,1,1,False,5. Red spider,5. Red spider/red_spider_00062.jpg
G02596,1,1,False,5. Red spider,5. Red spider/red_spider_00063.jpg
G02597,1,1,False,5. Red spider,5. Red spider/red_spider_00064.jpg
G02598,1,1,False,5. Red spider,5. Red spider/red_spider_00065.jpg
G02599,1,1,False,5. Red spider,5. Red spider/red_spider_00066.jpg
G02600,1,1,False,5. Red spider,5. Red spider/red_spider_00067.jpg
G02601,1,1,False,5. Red spider,5. Red spider/red_spider_00068.jpg
G02602,1,1,False,5. Red spider,5. Red spider/red_spider_00069.jpg
G02603,1,1,False,5. Red spider,5. Red spider/red_spider_00070.jpg
G02604,1,1,False,5. Red spider,5. Red spider/red_spider_00071.jpg
G02605,1,1,False,5. Red spider,5. Red spider/red_spider_00072.jpg
G02606,1,1,False,5. Red spider,5. Red spider/red_spider_00073.jpg
G02607,1,1,False,5. Red spider,5. Red spider/red_spider_00074.jpg
G02608,1,1,False,5. Red spider,5. Red spider/red_spider_00075.jpg
G02609,1,1,False,5. Red spider,5. Red spider/red_spider_00078.jpg
G02610,1,1,False,5. Red spider,5. Red spider/red_spider_00079.jpg
G02611,1,1,False,5. Red spider,5. Red spider/red_spider_00080.jpg
G02612,1,1,False,5. Red spider,5. Red spider/red_spider_00081.jpg
G02613,1,1,False,5. Red spider,5. Red spider/red_spider_00082.jpg
G02614,1,1,False,5. Red spider,5. Red spider/red_spider_00083.jpg
G02615,1,1,False,5. Red spider,5. Red spider/red_spider_00084.jpg
G02616,1,1,False,5. Red spider,5. Red spider/red_spider_00085.jpg
G02617,1,1,False,5. Red spider,5. Red spider/red_spider_00086.jpg
G02618,1,1,False,5. Red spider,5. Red spider/red_spider_00087.jpg
G02619,1,1,False,5. Red spider,5. Red spider/red_spider_00088.jpg
G02620,1,1,False,5. Red spider,5. Red spider/red_spider_00089.jpg
G02621,1,1,False,5. Red spider,5. Red spider/red_spider_00090.jpg
G02622,1,1,False,5. Red spider,5. Red spider/red_spider_00091.jpg
G02623,1,1,False,5. Red spider,5. Red spider/red_spider_00092.jpg
G02624,1,1,False,5. Red spider,5. Red spider/red_spider_00093.jpg
G02625,1,1,False,5. Red spider,5. Red spider/red_spider_00094.jpg
G02626,1,1,False,5. Red spider,5. Red spider/red_spider_00095.jpg
G02627,1,1,False,5. Red spider,5. Red spider/red_spider_00096.jpg
G02628,1,1,False,5. Red spider,5. Red spider/red_spider_00097.jpg
G02629,1,1,False,5. Red spider,5. Red spider/red_spider_00098.jpg
G02630,1,1,False,5. Red spider,5. Red spider/red_spider_00099.jpg
G02631,1,1,False,5. Red spider,5. Red spider/red_spider_00100.jpg
G02632,1,1,False,5. Red spider,5. Red spider/red_spider_00103.jpg
G02633,1,1,False,5. Red spider,5. Red spider/red_spider_00104.jpg
G02634,1,1,False,5. Red spider,5. Red spider/red_spider_00105.jpg
G02635,1,1,False,5. Red spider,5. Red spider/red_spider_00106.jpg
G02636,1,1,False,5. Red spider,5. Red spider/red_spider_00107.jpg
G02637,1,1,False,5. Red spider,5. Red spider/red_spider_00108.jpg
G02638,1,1,False,5. Red spider,5. Red spider/red_spider_00109.jpg
G02639,1,1,False,5. Red spider,5. Red spider/red_spider_00110.jpg
G02640,1,1,False,5. Red spider,5. Red spider/red_spider_00111.jpg
G02641,1,1,False,5. Red spider,5. Red spider/red_spider_00112.jpg
G02642,1,1,False,5. Red spider,5. Red spider/red_spider_00113.jpg
G02643,1,1,False,5. Red spider,5. Red spider/red_spider_00114.jpg
G02644,1,1,False,5. Red spider,5. Red spider/red_spider_00115.jpg
G02645,1,1,False,5. Red spider,5. Red spider/red_spider_00116.jpg
G02646,1,1,False,5. Red spider,5. Red spider/red_spider_00117.jpg
G02647,1,1,False,5. Red spider,5. Red spider/red_spider_00118.jpg
G02648,1,1,False,5. Red spider,5. Red spider/red_spider_00119.jpg
G02649,1,1,False,5. Red spider,5. Red spider/red_spider_00120.jpg
G02650,1,1,False,5. Red spider,5. Red spider/red_spider_00121.jpg
G02651,1,1,False,5. Red spider,5. Red spider/red_spider_00122.jpg
G02652,1,1,False,5. Red spider,5. Red spider/red_spider_00123.jpg
G02653,1,1,False,5. Red spider,5. Red spider/red_spider_00124.jpg
G02654,1,1,False,5. Red spider,5. Red spider/red_spider_00125.jpg
G02655,1,1,False,5. Red spider,5. Red spider/red_spider_00126.jpg
G02656,1,1,False,5. Red spider,5. Red spider/red_spider_00127.jpg
G02657,1,1,False,5. Red spider,5. Red spider/red_spider_00128.jpg
G02658,1,1,False,5. Red spider,5. Red spider/red_spider_00131.jpg
G02659,1,1,False,5. Red spider,5. Red spider/red_spider_00132.jpg
G02660,1,1,False,5. Red spider,5. Red spider/red_spider_00133.jpg
G02661,1,1,False,5. Red spider,5. Red spider/red_spider_00134.jpg
G02662,1,1,False,5. Red spider,5. Red spider/red_spider_00135.jpg
G02663,1,1,False,5. Red spider,5. Red spider/red_spider_00136.jpg
G02664,1,1,False,5. Red spider,5. Red spider/red_spider_00137.jpg
G02665,1,1,False,5. Red spider,5. Red spider/red_spider_00138.jpg
G02666,1,1,False,5. Red spider,5. Red spider/red_spider_00139.jpg
G02667,1,1,False,5. Red spider,5. Red spider/red_spider_00140.jpg
G02668,1,1,False,5. Red spider,5. Red spider/red_spider_00141.jpg
G02669,1,1,False,5. Red spider,5. Red spider/red_spider_00142.jpg
G02670,1,1,False,5. Red spider,5. Red spider/red_spider_00143.jpg
G02671,1,1,False,5. Red spider,5. Red spider/red_spider_00144.jpg
G02672,1,1,False,5. Red spider,5. Red spider/red_spider_00145.jpg
G02673,1,1,False,5. Red spider,5. Red spider/red_spider_00146.jpg
G02674,1,1,False,5. Red spider,5. Red spider/red_spider_00147.jpg
G02675,1,1,False,5. Red spider,5. Red spider/red_spider_00148.jpg
G02676,1,1,False,5. Red spider,5. Red spider/red_spider_00149.jpg
G02677,1,1,False,5. Red spider,5. Red spider/red_spider_00150.jpg
G02678,1,1,False,5. Red spider,5. Red spider/red_spider_00151.jpg
G02679,1,1,False,5. Red spider,5. Red spider/red_spider_00152.jpg
G02680,1,1,False,5. Red spider,5. Red spider/red_spider_00153.jpg
G02681,1,1,False,5. Red spider,5. Red spider/red_spider_00154.jpg
G02682,1,1,False,5. Red spider,5. Red spider/red_spider_00155.jpg
G02683,1,1,False,5. Red spider,5. Red spider/red_spider_00156.jpg
G02684,1,1,False,5. Red spider,5. Red spider/red_spider_00157.jpg
G02685,1,1,False,5. Red spider,5. Red spider/red_spider_00158.jpg
G02686,1,1,False,5. Red spider,5. Red spider/red_spider_00159.jpg
G02687,1,1,False,5. Red spider,5. Red spider/red_spider_00160.jpg
G02688,1,1,False,5. Red spider,5. Red spider/red_spider_00161.jpg
G02689,1,1,False,5. Red spider,5. Red spider/red_spider_00162.jpg
G02690,1,1,False,5. Red spider,5. Red spider/red_spider_00163.jpg
G02691,1,1,False,5. Red spider,5. Red spider/red_spider_00164.jpg
G02692,1,1,False,5. Red spider,5. Red spider/red_spider_00165.jpg
G02693,1,1,False,5. Red spider,5. Red spider/red_spider_00166.jpg
G02694,1,1,False,5. Red spider,5. Red spider/red_spider_00167.jpg
G02695,1,1,False,5. Red spider,5. Red spider/red_spider_00168.jpg
G02696,1,1,False,5. Red spider,5. Red spider/red_spider_00169.jpg
G02697,1,1,False,5. Red spider,5. Red spider/red_spider_00170.jpg
G02698,1,1,False,5. Red spider,5. Red spider/red_spider_00171.jpg
G02699,1,1,False,5. Red spider,5. Red spider/red_spider_00172.jpg
G02700,1,1,False,5. Red spider,5. Red spider/red_spider_00173.jpg
G02701,1,1,False,5. Red spider,5. Red spider/red_spider_00174.jpg
G02702,1,1,False,5. Red spider,5. Red spider/red_spider_00175.jpg
G02703,1,1,False,5. Red spider,5. Red spider/red_spider_00176.jpg
G02704,1,1,False,5. Red spider,5. Red spider/red_spider_00177.jpg
G02705,1,1,False,5. Red spider,5. Red spider/red_spider_00178.jpg
G02706,1,1,False,5. Red spider,5. Red spider/red_spider_00179.jpg
G02707,1,1,False,5. Red spider,5. Red spider/red_spider_00180.jpg
G02708,1,1,False,5. Red spider,5. Red spider/red_spider_00181.jpg
G02709,1,1,False,5. Red spider,5. Red spider/red_spider_00182.jpg
G02710,1,1,False,5. Red spider,5. Red spider/red_spider_00183.jpg
G02711,1,1,False,5. Red spider,5. Red spider/red_spider_00184.jpg
G02712,1,1,False,5. Red spider,5. Red spider/red_spider_00185.jpg
G02713,1,1,False,5. Red spider,5. Red spider/red_spider_00186.jpg
G02714,1,1,False,5. Red spider,5. Red spider/red_spider_00187.jpg
G02715,1,1,False,5. Red spider,5. Red spider/red_spider_00188.jpg
G02716,1,1,False,5. Red spider,5. Red spider/red_spider_00189.jpg
G02717,1,1,False,5. Red spider,5. Red spider/red_spider_00190.jpg
G02718,1,1,False,5. Red spider,5. Red spider/red_spider_00191.jpg
G02719,1,1,False,5. Red spider,5. Red spider/red_spider_00192.jpg
G02720,1,1,False,5. Red spider,5. Red spider/red_spider_00193.jpg
G02721,1,1,False,5. Red spider,5. Red spider/red_spider_00194.jpg
G02722,1,1,False,5. Red spider,5. Red spider/red_spider_00195.jpg
G02723,1,1,False,5. Red spider,5. Red spider/red_spider_00196.jpg
G02724,1,1,False,5. Red spider,5. Red spider/red_spider_00197.jpg
G02725,1,1,False,5. Red spider,5. Red spider/red_spider_00198.jpg
G02726,1,1,False,5. Red spider,5. Red spider/red_spider_00199.jpg
G02727,1,1,False,5. Red spider,5. Red spider/red_spider_00200.jpg
G02728,1,1,False,5. Red spider,5. Red spider/red_spider_00201.jpg
G02729,1,1,False,5. Red spider,5. Red spider/red_spider_00202.jpg
G02730,1,1,False,5. Red spider,5. Red spider/red_spider_00203.jpg
G02731,1,1,False,5. Red spider,5. Red spider/red_spider_00204.jpg
G02732,1,1,False,5. Red spider,5. Red spider/red_spider_00205.jpg
G02733,1,1,False,5. Red spider,5. Red spider/red_spider_00206.jpg
G02734,1,1,False,5. Red spider,5. Red spider/red_spider_00207.jpg
G02735,1,1,False,5. Red spider,5. Red spider/red_spider_00208.jpg
G02736,1,1,False,5. Red spider,5. Red spider/red_spider_00209.jpg
G02737,1,1,False,5. Red spider,5. Red spider/red_spider_00210.jpg
G02738,1,1,False,5. Red spider,5. Red spider/red_spider_00211.jpg
G02739,1,1,False,5. Red spider,5. Red spider/red_spider_00212.jpg
G02740,1,1,False,5. Red spider,5. Red spider/red_spider_00213.jpg
G02741,1,1,False,5. Red spider,5. Red spider/red_spider_00214.jpg
G02742,1,1,False,5. Red spider,5. Red spider/red_spider_00215.jpg
G02743,1,1,False,5. Red spider,5. Red spider/red_spider_00216.jpg
G02744,1,1,False,5. Red spider,5. Red spider/red_spider_00217.jpg
G02745,1,1,False,5. Red spider,5. Red spider/red_spider_00218.jpg
G02746,1,1,False,5. Red spider,5. Red spider/red_spider_00219.jpg
G02747,1,1,False,5. Red spider,5. Red spider/red_spider_00220.jpg
G02748,1,1,False,5. Red spider,5. Red spider/red_spider_00221.jpg
G02749,1,1,False,5. Red spider,5. Red spider/red_spider_00222.jpg
G02750,1,1,False,5. Red spider,5. Red spider/red_spider_00223.jpg
G02751,1,1,False,5. Red spider,5. Red spider/red_spider_00224.jpg
G02752,1,1,False,5. Red spider,5. Red spider/red_spider_00225.jpg
G02753,1,1,False,5. Red spider,5. Red spider/red_spider_00228.jpg
G02754,1,1,False,5. Red spider,5. Red spider/red_spider_00229.jpg
G02755,1,1,False,5. Red spider,5. Red spider/red_spider_00230.jpg
G02756,1,1,False,5. Red spider,5. Red spider/red_spider_00231.jpg
G02757,1,1,False,5. Red spider,5. Red spider/red_spider_00232.jpg
G02758,1,1,False,5. Red spider,5. Red spider/red_spider_00233.jpg
G02759,1,1,False,5. Red spider,5. Red spider/red_spider_00234.jpg
G02760,1,1,False,5. Red spider,5. Red spider/red_spider_00235.jpg
G02761,1,1,False,5. Red spider,5. Red spider/red_spider_00236.jpg
G02762,1,1,False,5. Red spider,5. Red spider/red_spider_00237.jpg
G02763,1,1,False,5. Red spider,5. Red spider/red_spider_00238.jpg
G02764,1,1,False,5. Red spider,5. Red spider/red_spider_00239.jpg
G02765,1,1,False,5. Red spider,5. Red spider/red_spider_00240.jpg
G02766,1,1,False,5. Red spider,5. Red spider/red_spider_00241.jpg
G02767,1,1,False,5. Red spider,5. Red spider/red_spider_00242.jpg
G02768,1,1,False,5. Red spider,5. Red spider/red_spider_00243.jpg
G02769,1,1,False,5. Red spider,5. Red spider/red_spider_00244.jpg
G02770,1,1,False,5. Red spider,5. Red spider/red_spider_00245.jpg
G02771,1,1,False,5. Red spider,5. Red spider/red_spider_00246.jpg
G02772,1,1,False,5. Red spider,5. Red spider/red_spider_00247.jpg
G02773,1,1,False,5. Red spider,5. Red spider/red_spider_00248.jpg
G02774,1,1,False,5. Red spider,5. Red spider/red_spider_00249.jpg
G02775,1,1,False,5. Red spider,5. Red spider/red_spider_00250.jpg
G02776,1,1,False,5. Red spider,5. Red spider/red_spider_00251.jpg
G02777,1,1,False,5. Red spider,5. Red spider/red_spider_00252.jpg
G02778,1,1,False,5. Red spider,5. Red spider/red_spider_00253.jpg
G02779,1,1,False,5. Red spider,5. Red spider/red_spider_00254.jpg
G02780,1,1,False,5. Red spider,5. Red spider/red_spider_00255.jpg
G02781,1,1,False,5. Red spider,5. Red spider/red_spider_00256.jpg
G02782,1,1,False,5. Red spider,5. Red spider/red_spider_00257.jpg
G02783,1,1,False,5. Red spider,5. Red spider/red_spider_00258.jpg
G02784,1,1,False,5. Red spider,5. Red spider/red_spider_00259.jpg
G02785,1,1,False,5. Red spider,5. Red spider/red_spider_00260.jpg
G02786,1,1,False,5. Red spider,5. Red spider/red_spider_00261.jpg
G02787,1,1,False,5. Red spider,5. Red spider/red_spider_00262.jpg
G02788,1,1,False,5. Red spider,5. Red spider/red_spider_00263.jpg
G02789,1,1,False,5. Red spider,5. Red spider/red_spider_00264.jpg
G02790,1,1,False,5. Red spider,5. Red spider/red_spider_00265.jpg
G02791,1,1,False,5. Red spider,5. Red spider/red_spider_00266.jpg
G02792,1,1,False,5. Red spider,5. Red spider/red_spider_00267.jpg
G02793,1,1,False,5. Red spider,5. Red spider/red_spider_00268.jpg
G02794,1,1,False,5. Red spider,5. Red spider/red_spider_00269.jpg
G02795,1,1,False,5. Red spider,5. Red spider/red_spider_00270.jpg
G02796,1,1,False,5. Red spider,5. Red spider/red_spider_00271.jpg
G02797,1,1,False,5. Red spider,5. Red spider/red_spider_00272.jpg
G02798,1,1,False,5. Red spider,5. Red spider/red_spider_00273.jpg
G02799,1,1,False,5. Red spider,5. Red spider/red_spider_00274.jpg
G02800,1,1,False,5. Red spider,5. Red spider/red_spider_00275.jpg
G02801,1,1,False,5. Red spider,5. Red spider/red_spider_00276.jpg
G02802,1,1,False,5. Red spider,5. Red spider/red_spider_00277.jpg
G02803,1,1,False,5. Red spider,5. Red spider/red_spider_00278.jpg
G02804,1,1,False,5. Red spider,5. Red spider/red_spider_00279.jpg
G02805,1,1,False,5. Red spider,5. Red spider/red_spider_00280.jpg
G02806,1,1,False,5. Red spider,5. Red spider/red_spider_00281.jpg
G02807,1,1,False,5. Red spider,5. Red spider/red_spider_00282.jpg
G02808,1,1,False,5. Red spider,5. Red spider/red_spider_00283.jpg
G02809,1,1,False,5. Red spider,5. Red spider/red_spider_00284.jpg
G02810,1,1,False,5. Red spider,5. Red spider/red_spider_00285.jpg
G02811,1,1,False,5. Red spider,5. Red spider/red_spider_00286.jpg
G02812,1,1,False,5. Red spider,5. Red spider/red_spider_00287.jpg
G02813,1,1,False,5. Red spider,5. Red spider/red_spider_00288.jpg
G02814,1,1,False,5. Red spider,5. Red spider/red_spider_00289.jpg
G02815,1,1,False,5. Red spider,5. Red spider/red_spider_00290.jpg
G02816,1,1,False,5. Red spider,5. Red spider/red_spider_00291.jpg
G02817,1,1,False,5. Red spider,5. Red spider/red_spider_00292.jpg
G02818,1,1,False,5. Red spider,5. Red spider/red_spider_00293.jpg
G02819,1,1,False,5. Red spider,5. Red spider/red_spider_00294.jpg
G02820,1,1,False,5. Red spider,5. Red spider/red_spider_00295.jpg
G02821,1,1,False,5. Red spider,5. Red spider/red_spider_00296.jpg
G02822,1,1,False,5. Red spider,5. Red spider/red_spider_00297.jpg
G02823,1,1,False,5. Red spider,5. Red spider/red_spider_00298.jpg
G02824,1,1,False,5. Red spider,5. Red spider/red_spider_00299.jpg
G02825,1,1,False,5. Red spider,5. Red spider/red_spider_00300.jpg
G02826,1,1,False,5. Red spider,5. Red spider/red_spider_00301.jpg
G02827,1,1,False,5. Red spider,5. Red spider/red_spider_00302.jpg
G02828,1,1,False,5. Red spider,5. Red spider/red_spider_00303.jpg
G02829,1,1,False,5. Red spider,5. Red spider/red_spider_00304.jpg
G02830,1,1,False,5. Red spider,5. Red spider/red_spider_00305.jpg
G02831,1,1,False,5. Red spider,5. Red spider/red_spider_00306.jpg
G02832,1,1,False,5. Red spider,5. Red spider/red_spider_00307.jpg
G02833,1,1,False,5. Red spider,5. Red spider/red_spider_00308.jpg
G02834,1,1,False,5. Red spider,5. Red spider/red_spider_00309.jpg
G02835,1,1,False,5. Red spider,5. Red spider/red_spider_00310.jpg
G02836,1,1,False,5. Red spider,5. Red spider/red_spider_00311.jpg
G02837,1,1,False,5. Red spider,5. Red spider/red_spider_00312.jpg
G02838,1,1,False,5. Red spider,5. Red spider/red_spider_00313.jpg
G02839,1,1,False,5. Red spider,5. Red spider/red_spider_00314.jpg
G02840,1,1,False,5. Red spider,5. Red spider/red_spider_00315.jpg
G02841,1,1,False,5. Red spider,5. Red spider/red_spider_00316.jpg
G02842,1,1,False,5. Red spider,5. Red spider/red_spider_00317.jpg
G02843,1,1,False,5. Red spider,5. Red spider/red_spider_00318.jpg
G02844,1,1,False,5. Red spider,5. Red spider/red_spider_00319.jpg
G02845,1,1,False,5. Red spider,5. Red spider/red_spider_00320.jpg
G02846,1,1,False,5. Red spider,5. Red spider/red_spider_00321.jpg
G02847,1,1,False,5. Red spider,5. Red spider/red_spider_00322.jpg
G02848,1,1,False,5. Red spider,5. Red spider/red_spider_00323.jpg
G02849,1,1,False,5. Red spider,5. Red spider/red_spider_00324.jpg
G02850,1,1,False,5. Red spider,5. Red spider/red_spider_00325.jpg
G02851,1,1,False,5. Red spider,5. Red spider/red_spider_00326.jpg
G02852,1,1,False,5. Red spider,5. Red spider/red_spider_00327.jpg
G02853,1,1,False,5. Red spider,5. Red spider/red_spider_00328.jpg
G02854,1,1,False,5. Red spider,5. Red spider/red_spider_00329.jpg
G02855,1,1,False,5. Red spider,5. Red spider/red_spider_00330.jpg
G02856,1,1,False,5. Red spider,5. Red spider/red_spider_00331.jpg
G02857,1,1,False,5. Red spider,5. Red spider/red_spider_00332.jpg
G02858,1,1,False,5. Red spider,5. Red spider/red_spider_00333.jpg
G02859,1,1,False,5. Red spider,5. Red spider/red_spider_00334.jpg
G02860,1,1,False,5. Red spider,5. Red spider/red_spider_00335.jpg
G02861,1,1,False,5. Red spider,5. Red spider/red_spider_00336.jpg
G02862,1,1,False,5. Red spider,5. Red spider/red_spider_00337.jpg
G02863,1,1,False,5. Red spider,5. Red spider/red_spider_00338.jpg
G02864,1,1,False,5. Red spider,5. Red spider/red_spider_00339.jpg
G02865,1,1,False,5. Red spider,5. Red spider/red_spider_00340.jpg
G02866,1,1,False,5. Red spider,5. Red spider/red_spider_00341.jpg
G02867,1,1,False,5. Red spider,5. Red spider/red_spider_00342.jpg
G02868,1,1,False,5. Red spider,5. Red spider/red_spider_00343.jpg
G02869,1,1,False,5. Red spider,5. Red spider/red_spider_00344.jpg
G02870,1,1,False,5. Red spider,5. Red spider/red_spider_00345.jpg
G02871,1,1,False,5. Red spider,5. Red spider/red_spider_00346.jpg
G02872,1,1,False,5. Red spider,5. Red spider/red_spider_00347.jpg
G02873,1,1,False,5. Red spider,5. Red spider/red_spider_00348.jpg
G02874,1,1,False,5. Red spider,5. Red spider/red_spider_00349.jpg
G02875,1,1,False,5. Red spider,5. Red spider/red_spider_00350.jpg
G02876,1,1,False,5. Red spider,5. Red spider/red_spider_00351.jpg
G02877,1,1,False,5. Red spider,5. Red spider/red_spider_00352.jpg
G02878,1,1,False,5. Red spider,5. Red spider/red_spider_00353.jpg
G02879,1,1,False,5. Red spider,5. Red spider/red_spider_00354.jpg
G02880,1,1,False,5. Red spider,5. Red spider/red_spider_00355.jpg
G02881,1,1,False,5. Red spider,5. Red spider/red_spider_00356.jpg
G02882,1,1,False,5. Red spider,5. Red spider/red_spider_00357.jpg
G02883,1,1,False,5. Red spider,5. Red spider/red_spider_00358.jpg
G02884,1,1,False,5. Red spider,5. Red spider/red_spider_00359.jpg
G02885,1,1,False,5. Red spider,5. Red spider/red_spider_00360.jpg
G02886,1,1,False,5. Red spider,5. Red spider/red_spider_00361.jpg
G02887,1,1,False,5. Red spider,5. Red spider/red_spider_00362.jpg
G02888,1,1,False,5. Red spider,5. Red spider/red_spider_00363.jpg
G02889,1,1,False,5. Red spider,5. Red spider/red_spider_00364.jpg
G02890,1,1,False,5. Red spider,5. Red spider/red_spider_00365.jpg
G02891,1,1,False,5. Red spider,5. Red spider/red_spider_00366.jpg
G02892,1,1,False,5. Red spider,5. Red spider/red_spider_00367.jpg
G02893,1,1,False,5. Red spider,5. Red spider/red_spider_00368.jpg
G02894,1,1,False,5. Red spider,5. Red spider/red_spider_00369.jpg
G02895,1,1,False,5. Red spider,5. Red spider/red_spider_00370.jpg
G02896,1,1,False,5. Red spider,5. Red spider/red_spider_00371.jpg
G02897,1,1,False,5. Red spider,5. Red spider/red_spider_00372.jpg
G02898,1,1,False,5. Red spider,5. Red spider/red_spider_00373.jpg
G02899,1,1,False,5. Red spider,5. Red spider/red_spider_00374.jpg
G02900,1,1,False,5. Red spider,5. Red spider/red_spider_00375.jpg
G02901,1,1,False,5. Red spider,5. Red spider/red_spider_00376.jpg
G02902,1,1,False,5. Red spider,5. Red spider/red_spider_00377.jpg
G02903,1,1,False,5. Red spider,5. Red spider/red_spider_00378.jpg
G02904,1,1,False,5. Red spider,5. Red spider/red_spider_00379.jpg
G02905,1,1,False,5. Red spider,5. Red spider/red_spider_00380.jpg
G02906,1,1,False,5. Red spider,5. Red spider/red_spider_00381.jpg
G02907,1,1,False,5. Red spider,5. Red spider/red_spider_00382.jpg
G02908,1,1,False,5. Red spider,5. Red spider/red_spider_00383.jpg
G02909,1,1,False,5. Red spider,5. Red spider/red_spider_00384.jpg
G02910,1,1,False,5. Red spider,5. Red spider/red_spider_00385.jpg
G02911,1,1,False,5. Red spider,5. Red spider/red_spider_00386.jpg
G02912,1,1,False,5. Red spider,5. Red spider/red_spider_00387.jpg
G02913,1,1,False,5. Red spider,5. Red spider/red_spider_00388.jpg
G02914,1,1,False,5. Red spider,5. Red spider/red_spider_00389.jpg
G02915,1,1,False,5. Red spider,5. Red spider/red_spider_00390.jpg
G02916,1,1,False,5. Red spider,5. Red spider/red_spider_00391.jpg
G02917,1,1,False,5. Red spider,5. Red spider/red_spider_00392.jpg
G02918,1,1,False,5. Red spider,5. Red spider/red_spider_00393.jpg
G02919,1,1,False,5. Red spider,5. Red spider/red_spider_00394.jpg
G02920,1,1,False,5. Red spider,5. Red spider/red_spider_00395.jpg
G02921,1,1,False,5. Red spider,5. Red spider/red_spider_00396.jpg
G02922,1,1,False,5. Red spider,5. Red spider/red_spider_00397.jpg
G02923,1,1,False,5. Red spider,5. Red spider/red_spider_00398.jpg
G02924,1,1,False,5. Red spider,5. Red spider/red_spider_00399.jpg
G02925,1,1,False,5. Red spider,5. Red spider/red_spider_00400.jpg
G02926,1,1,False,5. Red spider,5. Red spider/red_spider_00401.jpg
G02927,1,1,False,5. Red spider,5. Red spider/red_spider_00402.jpg
G02928,1,1,False,5. Red spider,5. Red spider/red_spider_00403.jpg
G02929,1,1,False,5. Red spider,5. Red spider/red_spider_00404.jpg
G02930,1,1,False,5. Red spider,5. Red spider/red_spider_00405.jpg
G02931,1,1,False,5. Red spider,5. Red spider/red_spider_00406.jpg
G02932,1,1,False,5. Red spider,5. Red spider/red_spider_00407.jpg
G02933,1,1,False,5. Red spider,5. Red spider/red_spider_00408.jpg
G02934,1,1,False,5. Red spider,5. Red spider/red_spider_00409.jpg
G02935,1,1,False,5. Red spider,5. Red spider/red_spider_00410.jpg
G02936,1,1,False,5. Red spider,5. Red spider/red_spider_00411.jpg
G02937,1,1,False,5. Red spider,5. Red spider/red_spider_00412.jpg
G02938,1,1,False,5. Red spider,5. Red spider/red_spider_00413.jpg
G02939,1,1,False,5. Red spider,5. Red spider/red_spider_00414.jpg
G02940,1,1,False,5. Red spider,5. Red spider/red_spider_00415.jpg
G02941,1,1,False,5. Red spider,5. Red spider/red_spider_00416.jpg
G02942,1,1,False,5. Red spider,5. Red spider/red_spider_00417.jpg
G02943,1,1,False,5. Red spider,5. Red spider/red_spider_00418.jpg
G02944,1,1,False,5. Red spider,5. Red spider/red_spider_00419.jpg
G02945,1,1,False,5. Red spider,5. Red spider/red_spider_00420.jpg
G02946,1,1,False,5. Red spider,5. Red spider/red_spider_00421.jpg
G02947,1,1,False,5. Red spider,5. Red spider/red_spider_00422.jpg
G02948,1,1,False,5. Red spider,5. Red spider/red_spider_00423.jpg
G02949,1,1,False,5. Red spider,5. Red spider/red_spider_00424.jpg
G02950,1,1,False,5. Red spider,5. Red spider/red_spider_00425.jpg
G02951,1,1,False,5. Red spider,5. Red spider/red_spider_00426.jpg
G02952,1,1,False,5. Red spider,5. Red spider/red_spider_00427.jpg
G02953,1,1,False,5. Red spider,5. Red spider/red_spider_00428.jpg
G02954,1,1,False,5. Red spider,5. Red spider/red_spider_00429.jpg
G02955,1,1,False,5. Red spider,5. Red spider/red_spider_00430.jpg
G02956,1,1,False,5. Red spider,5. Red spider/red_spider_00431.jpg
G02957,1,1,False,5. Red spider,5. Red spider/red_spider_00432.jpg
G02958,1,1,False,5. Red spider,5. Red spider/red_spider_00433.jpg
G02959,1,1,False,5. Red spider,5. Red spider/red_spider_00434.jpg
G02960,1,1,False,5. Red spider,5. Red spider/red_spider_00435.jpg
G02961,1,1,False,5. Red spider,5. Red spider/red_spider_00436.jpg
G02962,1,1,False,5. Red spider,5. Red spider/red_spider_00437.jpg
G02963,1,1,False,5. Red spider,5. Red spider/red_spider_00438.jpg
G02964,1,1,False,5. Red spider,5. Red spider/red_spider_00439.jpg
G02965,1,1,False,5. Red spider,5. Red spider/red_spider_00440.jpg
G02966,1,1,False,5. Red spider,5. Red spider/red_spider_00441.jpg
G02967,1,1,False,5. Red spider,5. Red spider/red_spider_00442.jpg
G02968,1,1,False,5. Red spider,5. Red spider/red_spider_00443.jpg
G02969,1,1,False,5. Red spider,5. Red spider/red_spider_00444.jpg
G02970,1,1,False,5. Red spider,5. Red spider/red_spider_00445.jpg
G02971,1,1,False,5. Red spider,5. Red spider/red_spider_00446.jpg
G02972,1,1,False,5. Red spider,5. Red spider/red_spider_00447.jpg
G02973,1,1,False,5. Red spider,5. Red spider/red_spider_00448.jpg
G02974,1,1,False,5. Red spider,5. Red spider/red_spider_00449.jpg
G02975,1,1,False,5. Red spider,5. Red spider/red_spider_00450.jpg
G02976,1,1,False,5. Red spider,5. Red spider/red_spider_00451.jpg
G02977,1,1,False,5. Red spider,5. Red spider/red_spider_00452.jpg
G02978,1,1,False,5. Red spider,5. Red spider/red_spider_00453.jpg
G02979,1,1,False,5. Red spider,5. Red spider/red_spider_00454.jpg
G02980,1,1,False,5. Red spider,5. Red spider/red_spider_00455.jpg
G02981,1,1,False,5. Red spider,5. Red spider/red_spider_00456.jpg
G02982,1,1,False,5. Red spider,5. Red spider/red_spider_00457.jpg
G02983,1,1,False,5. Red spider,5. Red spider/red_spider_00458.jpg
G02984,1,1,False,5. Red spider,5. Red spider/red_spider_00459.jpg
G02985,1,1,False,5. Red spider,5. Red spider/red_spider_00460.jpg
G02986,1,1,False,5. Red spider,5. Red spider/red_spider_00461.jpg
G02987,1,1,False,5. Red spider,5. Red spider/red_spider_00462.jpg
G02988,1,1,False,5. Red spider,5. Red spider/red_spider_00463.jpg
G02989,1,1,False,5. Red spider,5. Red spider/red_spider_00464.jpg
G02990,1,1,False,5. Red spider,5. Red spider/red_spider_00465.jpg
G02991,1,1,False,5. Red spider,5. Red spider/red_spider_00466.jpg
G02992,1,1,False,5. Red spider,5. Red spider/red_spider_00467.jpg
G02993,1,1,False,5. Red spider,5. Red spider/red_spider_00468.jpg
G02994,1,1,False,5. Red spider,5. Red spider/red_spider_00469.jpg
G02995,1,1,False,5. Red spider,5. Red spider/red_spider_00470.jpg
G02996,1,1,False,5. Red spider,5. Red spider/red_spider_00471.jpg
G02997,1,1,False,5. Red spider,5. Red spider/red_spider_00472.jpg
G02998,1,1,False,5. Red spider,5. Red spider/red_spider_00473.jpg
G02999,1,1,False,5. Red spider,5. Red spider/red_spider_00474.jpg
G03000,1,1,False,5. Red spider,5. Red spider/red_spider_00475.jpg
G03001,1,1,False,5. Red spider,5. Red spider/red_spider_00476.jpg
G03002,1,1,False,5. Red spider,5. Red spider/red_spider_00477.jpg
G03003,1,1,False,5. Red spider,5. Red spider/red_spider_00478.jpg
G03004,1,1,False,5. Red spider,5. Red spider/red_spider_00479.jpg
G03005,1,1,False,5. Red spider,5. Red spider/red_spider_00480.jpg
G03006,1,1,False,5. Red spider,5. Red spider/red_spider_00481.jpg
G03007,1,1,False,5. Red spider,5. Red spider/red_spider_00482.jpg
G03008,1,1,False,5. Red spider,5. Red spider/red_spider_00483.jpg
G03009,1,1,False,5. Red spider,5. Red spider/red_spider_00484.jpg
G03010,1,1,False,5. Red spider,5. Red spider/red_spider_00485.jpg
G03011,1,1,False,5. Red spider,5. Red spider/red_spider_00486.jpg
G03012,1,1,False,5. Red spider,5. Red spider/red_spider_00487.jpg
G03013,1,1,False,5. Red spider,5. Red spider/red_spider_00488.jpg
G03014,1,1,False,5. Red spider,5. Red spider/red_spider_00489.jpg
G03015,1,1,False,5. Red spider,5. Red spider/red_spider_00490.jpg
G03016,1,1,False,5. Red spider,5. Red spider/red_spider_00491.jpg
G03017,1,1,False,5. Red spider,5. Red spider/red_spider_00492.jpg
G03018,1,1,False,5. Red spider,5. Red spider/red_spider_00493.jpg
G03019,1,1,False,5. Red spider,5. Red spider/red_spider_00494.jpg
G03020,1,1,False,5. Red spider,5. Red spider/red_spider_00495.jpg
G03021,1,1,False,5. Red spider,5. Red spider/red_spider_00496.jpg
G03022,1,1,False,5. Red spider,5. Red spider/red_spider_00497.jpg
G03023,1,1,False,5. Red spider,5. Red spider/red_spider_00498.jpg
G03024,1,1,False,5. Red spider,5. Red spider/red_spider_00499.jpg
G03025,1,1,False,5. Red spider,5. Red spider/red_spider_00500.jpg
G03026,1,1,False,5. Red spider,5. Red spider/red_spider_00501.jpg
G03027,1,1,False,5. Red spider,5. Red spider/red_spider_00502.jpg
G03028,1,1,False,5. Red spider,5. Red spider/red_spider_00503.jpg
G03029,1,1,False,5. Red spider,5. Red spider/red_spider_00504.jpg
G03030,1,1,False,5. Red spider,5. Red spider/red_spider_00505.jpg
G03031,1,1,False,5. Red spider,5. Red spider/red_spider_00506.jpg
G03032,1,1,False,5. Red spider,5. Red spider/red_spider_00507.jpg
G03033,1,1,False,5. Red spider,5. Red spider/red_spider_00508.jpg
G03034,1,1,False,5. Red spider,5. Red spider/red_spider_00509.jpg
G03035,1,1,False,5. Red spider,5. Red spider/red_spider_00510.jpg
G03036,1,1,False,5. Red spider,5. Red spider/red_spider_00511.jpg
G03037,1,1,False,5. Red spider,5. Red spider/red_spider_00512.jpg
G03038,1,1,False,5. Red spider,5. Red spider/red_spider_00513.jpg
G03039,1,1,False,5. Red spider,5. Red spider/red_spider_00514.jpg
G03040,1,1,False,5. Red spider,5. Red spider/red_spider_00515.jpg
G03041,1,1,False,6. Green mirid bug,6. Green mirid bug/green_mirid_bug_00001.jpg
G03042,1,1,False,6. Green mirid bug,6. Green mirid bug/green_mirid_bug_00002.jpg
G03043,1,1,False,6. Green mirid bug,6. Green mirid bug/green_mirid_bug_00003.jpg
G03044,1,1,False,6. Green mirid bug,6. Green mirid bug/green_mirid_bug_00004.jpg
G03045,1,1,False,6. Green mirid bug,6. Green mirid bug/green_mirid_bug_00005.jpg
G03046,1,1,False,6. Green mirid bug,6. Green mirid bug/green_mirid_bug_00006.jpg
G03047,1,1,False,6. Green mirid bug,6. Green mirid bug/green_mirid_bug_00007.jpg
G03048,1,1,False,6. Green mirid bug,6. Green mirid bug/green_mirid_bug_00008.jpg
G03049,1,1,False,6. Green mirid bug,6. Green mirid bug/green_mirid_bug_00009.jpg
G03050,1,1,False,6. Green mirid bug,6. Green mirid bug/green_mirid_bug_00010.jpg
G03051,1,1,False,6. Green mirid bug,6. Green mirid bug/green_mirid_bug_00011.jpg
G03052,1,1,False,6. Green mirid bug,6. Green mirid bug/green_mirid_bug_00012.jpg
G03053,1,1,False,6. Green mirid bug,6. Green mirid bug/green_mirid_bug_00013.jpg
G03054,1,1,False,6. Green mirid bug,6. Green mirid bug/green_mirid_bug_00014.jpg
G03055,1,1,False,6. Green mirid bug,6. Green mirid bug/green_mirid_bug_00015.jpg
G03056,1,1,False,6. Green mirid bug,6. Green mirid bug/green_mirid_bug_00016.jpg
G03057,1,1,False,6. Green mirid bug,6. Green mirid bug/green_mirid_bug_00017.jpg
G03058,1,1,False,6. Green mirid bug,6. Green mirid bug/green_mirid_bug_00018.jpg
G03059,1,1,False,6. Green mirid bug,6. Green mirid bug/green_mirid_bug_00019.jpg
G03060,1,1,False,6. Green mirid bug,6. Green mirid bug/green_mirid_bug_00020.jpg
G03061,1,1,False,6. Green mirid bug,6. Green mirid bug/green_mirid_bug_00021.jpg
G03062,1,1,False,6. Green mirid bug,6. Green mirid bug/green_mirid_bug_00022.jpg
G03063,1,1,False,6. Green mirid bug,6. Green mirid bug/green_mirid_bug_00023.jpg
G03064,1,1,False,6. Green mirid bug,6. Green mirid bug/green_mirid_bug_00024.jpg
G03065,1,1,False,6. Green mirid bug,6. Green mirid bug/green_mirid_bug_00025.jpg
G03066,1,1,False,6. Green mirid bug,6. Green mirid bug/green_mirid_bug_00026.jpg
G03067,1,1,False,6. Green mirid bug,6. Green mirid bug/green_mirid_bug_00027.jpg
G03068,1,1,False,6. Green mirid bug,6. Green mirid bug/green_mirid_bug_00028.jpg
G03069,1,1,False,6. Green mirid bug,6. Green mirid bug/green_mirid_bug_00029.jpg
G03070,1,1,False,6. Green mirid bug,6. Green mirid bug/green_mirid_bug_00030.jpg
G03071,1,1,False,6. Green mirid bug,6. Green mirid bug/green_mirid_bug_00031.jpg
G03072,1,1,False,6. Green mirid bug,6. Green mirid bug/green_mirid_bug_00032.jpg
G03073,1,1,False,6. Green mirid bug,6. Green mirid bug/green_mirid_bug_00033.jpg
G03074,1,1,False,6. Green mirid bug,6. Green mirid bug/green_mirid_bug_00034.jpg
G03075,1,1,False,6. Green mirid bug,6. Green mirid bug/green_mirid_bug_00035.jpg
G03076,1,1,False,6. Green mirid bug,6. Green mirid bug/green_mirid_bug_00036.jpg
G03077,1,1,False,6. Green mirid bug,6. Green mirid bug/green_mirid_bug_00037.jpg
G03078,1,1,False,6. Green mirid bug,6. Green mirid bug/green_mirid_bug_00038.jpg
G03079,1,1,False,6. Green mirid bug,6. Green mirid bug/green_mirid_bug_00039.jpg
G03080,1,1,False,6. Green mirid bug,6. Green mirid bug/green_mirid_bug_00040.jpg
G03081,1,1,False,6. Green mirid bug,6. Green mirid bug/green_mirid_bug_00041.jpg
G03082,1,1,False,6. Green mirid bug,6. Green mirid bug/green_mirid_bug_00042.jpg
G03083,1,1,False,6. Green mirid bug,6. Green mirid bug/green_mirid_bug_00043.jpg
G03084,1,1,False,6. Green mirid bug,6. Green mirid bug/green_mirid_bug_00044.jpg
G03085,1,1,False,6. Green mirid bug,6. Green mirid bug/green_mirid_bug_00045.jpg
G03086,1,1,False,6. Green mirid bug,6. Green mirid bug/green_mirid_bug_00046.jpg
G03087,1,1,False,6. Green mirid bug,6. Green mirid bug/green_mirid_bug_00047.jpg
G03088,1,1,False,6. Green mirid bug,6. Green mirid bug/green_mirid_bug_00048.jpg
G03089,1,1,False,6. Green mirid bug,6. Green mirid bug/green_mirid_bug_00049.jpg
G03090,1,1,False,6. Green mirid bug,6. Green mirid bug/green_mirid_bug_00050.jpg
G03091,1,1,False,6. Green mirid bug,6. Green mirid bug/green_mirid_bug_00051.jpg
G03092,1,1,False,6. Green mirid bug,6. Green mirid bug/green_mirid_bug_00052.jpg
G03093,1,1,False,6. Green mirid bug,6. Green mirid bug/green_mirid_bug_00053.jpg
G03094,1,1,False,6. Green mirid bug,6. Green mirid bug/green_mirid_bug_00054.jpg
G03095,1,1,False,6. Green mirid bug,6. Green mirid bug/green_mirid_bug_00055.jpg
G03096,1,1,False,6. Green mirid bug,6. Green mirid bug/green_mirid_bug_00056.jpg
G03097,1,1,False,6. Green mirid bug,6. Green mirid bug/green_mirid_bug_00057.jpg
G03098,1,1,False,6. Green mirid bug,6. Green mirid bug/green_mirid_bug_00058.jpg
G03099,1,1,False,6. Green mirid bug,6. Green mirid bug/green_mirid_bug_00059.jpg
G03100,1,1,False,6. Green mirid bug,6. Green mirid bug/green_mirid_bug_00060.jpg
G03101,1,1,False,6. Green mirid bug,6. Green mirid bug/green_mirid_bug_00061.jpg
G03102,1,1,False,6. Green mirid bug,6. Green mirid bug/green_mirid_bug_00062.jpg
G03103,1,1,False,6. Green mirid bug,6. Green mirid bug/green_mirid_bug_00063.jpg
G03104,1,1,False,6. Green mirid bug,6. Green mirid bug/green_mirid_bug_00064.jpg
G03105,1,1,False,6. Green mirid bug,6. Green mirid bug/green_mirid_bug_00065.jpg
G03106,1,1,False,6. Green mirid bug,6. Green mirid bug/green_mirid_bug_00066.jpg
G03107,1,1,False,6. Green mirid bug,6. Green mirid bug/green_mirid_bug_00067.jpg
G03108,1,1,False,6. Green mirid bug,6. Green mirid bug/green_mirid_bug_00068.jpg
G03109,1,1,False,6. Green mirid bug,6. Green mirid bug/green_mirid_bug_00069.jpg
G03110,1,1,False,6. Green mirid bug,6. Green mirid bug/green_mirid_bug_00070.jpg
G03111,1,1,False,6. Green mirid bug,6. Green mirid bug/green_mirid_bug_00071.jpg
G03112,1,1,False,6. Green mirid bug,6. Green mirid bug/green_mirid_bug_00072.jpg
G03113,1,1,False,6. Green mirid bug,6. Green mirid bug/green_mirid_bug_00073.jpg
G03114,1,1,False,6. Green mirid bug,6. Green mirid bug/green_mirid_bug_00074.jpg
G03115,1,1,False,6. Green mirid bug,6. Green mirid bug/green_mirid_bug_00075.jpg
G03116,1,1,False,6. Green mirid bug,6. Green mirid bug/green_mirid_bug_00076.jpg
G03117,1,1,False,6. Green mirid bug,6. Green mirid bug/green_mirid_bug_00077.jpg
G03118,1,1,False,6. Green mirid bug,6. Green mirid bug/green_mirid_bug_00078.jpg
G03119,1,1,False,6. Green mirid bug,6. Green mirid bug/green_mirid_bug_00079.jpg
G03120,1,1,False,6. Green mirid bug,6. Green mirid bug/green_mirid_bug_00080.jpg
G03121,1,1,False,6. Green mirid bug,6. Green mirid bug/green_mirid_bug_00081.jpg
G03122,1,1,False,6. Green mirid bug,6. Green mirid bug/green_mirid_bug_00082.jpg
G03123,1,1,False,6. Green mirid bug,6. Green mirid bug/green_mirid_bug_00083.jpg
G03124,1,1,False,6. Green mirid bug,6. Green mirid bug/green_mirid_bug_00084.jpg
G03125,1,1,False,6. Green mirid bug,6. Green mirid bug/green_mirid_bug_00085.jpg
G03126,1,1,False,6. Green mirid bug,6. Green mirid bug/green_mirid_bug_00086.jpg
G03127,1,1,False,6. Green mirid bug,6. Green mirid bug/green_mirid_bug_00087.jpg
G03128,1,1,False,6. Green mirid bug,6. Green mirid bug/green_mirid_bug_00088.jpg
G03129,1,1,False,6. Green mirid bug,6. Green mirid bug/green_mirid_bug_00089.jpg
G03130,1,1,False,6. Green mirid bug,6. Green mirid bug/green_mirid_bug_00090.jpg
G03131,1,1,False,6. Green mirid bug,6. Green mirid bug/green_mirid_bug_00091.jpg
G03132,1,1,False,6. Green mirid bug,6. Green mirid bug/green_mirid_bug_00092.jpg
G03133,1,1,False,6. Green mirid bug,6. Green mirid bug/green_mirid_bug_00093.jpg
G03134,1,1,False,6. Green mirid bug,6. Green mirid bug/green_mirid_bug_00094.jpg
G03135,1,1,False,6. Green mirid bug,6. Green mirid bug/green_mirid_bug_00095.jpg
G03136,1,1,False,6. Green mirid bug,6. Green mirid bug/green_mirid_bug_00096.jpg
G03137,1,1,False,6. Green mirid bug,6. Green mirid bug/green_mirid_bug_00097.jpg
G03138,1,1,False,6. Green mirid bug,6. Green mirid bug/green_mirid_bug_00098.jpg
G03139,1,1,False,6. Green mirid bug,6. Green mirid bug/green_mirid_bug_00099.jpg
G03140,1,1,False,6. Green mirid bug,6. Green mirid bug/green_mirid_bug_00100.jpg
G03141,1,1,False,6. Green mirid bug,6. Green mirid bug/green_mirid_bug_00101.jpg
G03142,1,1,False,6. Green mirid bug,6. Green mirid bug/green_mirid_bug_00102.jpg
G03143,1,1,False,6. Green mirid bug,6. Green mirid bug/green_mirid_bug_00103.jpg
G03144,1,1,False,6. Green mirid bug,6. Green mirid bug/green_mirid_bug_00104.jpg
G03145,1,1,False,6. Green mirid bug,6. Green mirid bug/green_mirid_bug_00105.jpg
G03146,1,1,False,6. Green mirid bug,6. Green mirid bug/green_mirid_bug_00106.jpg
G03147,1,1,False,6. Green mirid bug,6. Green mirid bug/green_mirid_bug_00107.jpg
G03148,1,1,False,6. Green mirid bug,6. Green mirid bug/green_mirid_bug_00108.jpg
G03149,1,1,False,6. Green mirid bug,6. Green mirid bug/green_mirid_bug_00109.jpg
G03150,1,1,False,6. Green mirid bug,6. Green mirid bug/green_mirid_bug_00110.jpg
G03151,1,1,False,6. Green mirid bug,6. Green mirid bug/green_mirid_bug_00111.jpg
G03152,1,1,False,6. Green mirid bug,6. Green mirid bug/green_mirid_bug_00112.jpg
G03153,1,1,False,6. Green mirid bug,6. Green mirid bug/green_mirid_bug_00113.jpg
G03154,1,1,False,6. Green mirid bug,6. Green mirid bug/green_mirid_bug_00114.jpg
G03155,1,1,False,6. Green mirid bug,6. Green mirid bug/green_mirid_bug_00115.jpg
G03156,1,1,False,6. Green mirid bug,6. Green mirid bug/green_mirid_bug_00116.jpg
G03157,1,1,False,6. Green mirid bug,6. Green mirid bug/green_mirid_bug_00117.jpg
G03158,1,1,False,6. Green mirid bug,6. Green mirid bug/green_mirid_bug_00118.jpg
G03159,1,1,False,6. Green mirid bug,6. Green mirid bug/green_mirid_bug_00119.jpg
G03160,1,1,False,6. Green mirid bug,6. Green mirid bug/green_mirid_bug_00120.jpg
G03161,1,1,False,6. Green mirid bug,6. Green mirid bug/green_mirid_bug_00121.jpg
G03162,1,1,False,6. Green mirid bug,6. Green mirid bug/green_mirid_bug_00122.jpg
G03163,1,1,False,6. Green mirid bug,6. Green mirid bug/green_mirid_bug_00123.jpg
G03164,1,1,False,6. Green mirid bug,6. Green mirid bug/green_mirid_bug_00124.jpg
G03165,1,1,False,6. Green mirid bug,6. Green mirid bug/green_mirid_bug_00125.jpg
G03166,1,1,False,6. Green mirid bug,6. Green mirid bug/green_mirid_bug_00126.jpg
G03167,1,1,False,6. Green mirid bug,6. Green mirid bug/green_mirid_bug_00127.jpg
G03168,1,1,False,6. Green mirid bug,6. Green mirid bug/green_mirid_bug_00128.jpg
G03169,1,1,False,6. Green mirid bug,6. Green mirid bug/green_mirid_bug_00129.jpg
G03170,1,1,False,6. Green mirid bug,6. Green mirid bug/green_mirid_bug_00130.jpg
G03171,1,1,False,6. Green mirid bug,6. Green mirid bug/green_mirid_bug_00131.jpg
G03172,1,1,False,6. Green mirid bug,6. Green mirid bug/green_mirid_bug_00132.jpg
G03173,1,1,False,6. Green mirid bug,6. Green mirid bug/green_mirid_bug_00133.jpg
G03174,1,1,False,6. Green mirid bug,6. Green mirid bug/green_mirid_bug_00134.jpg
G03175,1,1,False,6. Green mirid bug,6. Green mirid bug/green_mirid_bug_00135.jpg
G03176,1,1,False,6. Green mirid bug,6. Green mirid bug/green_mirid_bug_00136.jpg
G03177,1,1,False,6. Green mirid bug,6. Green mirid bug/green_mirid_bug_00137.jpg
G03178,1,1,False,6. Green mirid bug,6. Green mirid bug/green_mirid_bug_00138.jpg
G03179,1,1,False,6. Green mirid bug,6. Green mirid bug/green_mirid_bug_00139.jpg
G03180,1,1,False,6. Green mirid bug,6. Green mirid bug/green_mirid_bug_00140.jpg
G03181,1,1,False,6. Green mirid bug,6. Green mirid bug/green_mirid_bug_00141.jpg
G03182,1,1,False,6. Green mirid bug,6. Green mirid bug/green_mirid_bug_00142.jpg
G03183,1,1,False,6. Green mirid bug,6. Green mirid bug/green_mirid_bug_00143.jpg
G03184,1,1,False,6. Green mirid bug,6. Green mirid bug/green_mirid_bug_00144.jpg
G03185,1,1,False,6. Green mirid bug,6. Green mirid bug/green_mirid_bug_00145.jpg
G03186,1,1,False,6. Green mirid bug,6. Green mirid bug/green_mirid_bug_00146.jpg
G03187,1,1,False,6. Green mirid bug,6. Green mirid bug/green_mirid_bug_00147.jpg
G03188,1,1,False,6. Green mirid bug,6. Green mirid bug/green_mirid_bug_00148.jpg
G03189,1,1,False,6. Green mirid bug,6. Green mirid bug/green_mirid_bug_00149.jpg
G03190,1,1,False,6. Green mirid bug,6. Green mirid bug/green_mirid_bug_00150.jpg
G03191,1,1,False,6. Green mirid bug,6. Green mirid bug/green_mirid_bug_00151.jpg
G03192,1,1,False,6. Green mirid bug,6. Green mirid bug/green_mirid_bug_00152.jpg
G03193,1,1,False,6. Green mirid bug,6. Green mirid bug/green_mirid_bug_00153.jpg
G03194,1,1,False,6. Green mirid bug,6. Green mirid bug/green_mirid_bug_00154.jpg
G03195,1,1,False,6. Green mirid bug,6. Green mirid bug/green_mirid_bug_00155.jpg
G03196,1,1,False,6. Green mirid bug,6. Green mirid bug/green_mirid_bug_00156.jpg
G03197,1,1,False,6. Green mirid bug,6. Green mirid bug/green_mirid_bug_00157.jpg
G03198,1,1,False,6. Green mirid bug,6. Green mirid bug/green_mirid_bug_00158.jpg
G03199,1,1,False,6. Green mirid bug,6. Green mirid bug/green_mirid_bug_00159.jpg
G03200,1,1,False,6. Green mirid bug,6. Green mirid bug/green_mirid_bug_00160.jpg
G03201,1,1,False,6. Green mirid bug,6. Green mirid bug/green_mirid_bug_00161.jpg
G03202,1,1,False,6. Green mirid bug,6. Green mirid bug/green_mirid_bug_00162.jpg
G03203,1,1,False,6. Green mirid bug,6. Green mirid bug/green_mirid_bug_00163.jpg
G03204,1,1,False,6. Green mirid bug,6. Green mirid bug/green_mirid_bug_00164.jpg
G03205,1,1,False,6. Green mirid bug,6. Green mirid bug/green_mirid_bug_00165.jpg
G03206,1,1,False,6. Green mirid bug,6. Green mirid bug/green_mirid_bug_00166.jpg
G03207,1,1,False,6. Green mirid bug,6. Green mirid bug/green_mirid_bug_00167.jpg
G03208,1,1,False,6. Green mirid bug,6. Green mirid bug/green_mirid_bug_00168.jpg
G03209,1,1,False,6. Green mirid bug,6. Green mirid bug/green_mirid_bug_00169.jpg
G03210,1,1,False,6. Green mirid bug,6. Green mirid bug/green_mirid_bug_00170.jpg
G03211,1,1,False,6. Green mirid bug,6. Green mirid bug/green_mirid_bug_00171.jpg
G03212,1,1,False,6. Green mirid bug,6. Green mirid bug/green_mirid_bug_00172.jpg
G03213,1,1,False,6. Green mirid bug,6. Green mirid bug/green_mirid_bug_00173.jpg
G03214,1,1,False,6. Green mirid bug,6. Green mirid bug/green_mirid_bug_00174.jpg
G03215,1,1,False,6. Green mirid bug,6. Green mirid bug/green_mirid_bug_00175.jpg
G03216,1,1,False,6. Green mirid bug,6. Green mirid bug/green_mirid_bug_00176.jpg
G03217,1,1,False,6. Green mirid bug,6. Green mirid bug/green_mirid_bug_00177.jpg
G03218,1,1,False,6. Green mirid bug,6. Green mirid bug/green_mirid_bug_00178.jpg
G03219,1,1,False,6. Green mirid bug,6. Green mirid bug/green_mirid_bug_00179.jpg
G03220,1,1,False,6. Green mirid bug,6. Green mirid bug/green_mirid_bug_00180.jpg
G03221,1,1,False,6. Green mirid bug,6. Green mirid bug/green_mirid_bug_00181.jpg
G03222,1,1,False,6. Green mirid bug,6. Green mirid bug/green_mirid_bug_00182.jpg
G03223,1,1,False,6. Green mirid bug,6. Green mirid bug/green_mirid_bug_00183.jpg
G03224,1,1,False,6. Green mirid bug,6. Green mirid bug/green_mirid_bug_00184.jpg
G03225,1,1,False,6. Green mirid bug,6. Green mirid bug/green_mirid_bug_00185.jpg
G03226,1,1,False,6. Green mirid bug,6. Green mirid bug/green_mirid_bug_00186.jpg
G03227,1,1,False,6. Green mirid bug,6. Green mirid bug/green_mirid_bug_00187.jpg
G03228,1,1,False,6. Green mirid bug,6. Green mirid bug/green_mirid_bug_00188.jpg
G03229,1,1,False,6. Green mirid bug,6. Green mirid bug/green_mirid_bug_00189.jpg
G03230,1,1,False,6. Green mirid bug,6. Green mirid bug/green_mirid_bug_00190.jpg
G03231,1,1,False,6. Green mirid bug,6. Green mirid bug/green_mirid_bug_00191.jpg
G03232,1,1,False,6. Green mirid bug,6. Green mirid bug/green_mirid_bug_00192.jpg
G03233,1,1,False,6. Green mirid bug,6. Green mirid bug/green_mirid_bug_00193.jpg
G03234,1,1,False,6. Green mirid bug,6. Green mirid bug/green_mirid_bug_00194.jpg
G03235,1,1,False,6. Green mirid bug,6. Green mirid bug/green_mirid_bug_00195.jpg
G03236,1,1,False,6. Green mirid bug,6. Green mirid bug/green_mirid_bug_00196.jpg
G03237,1,1,False,6. Green mirid bug,6. Green mirid bug/green_mirid_bug_00197.jpg
G03238,1,1,False,6. Green mirid bug,6. Green mirid bug/green_mirid_bug_00198.jpg
G03239,1,1,False,6. Green mirid bug,6. Green mirid bug/green_mirid_bug_00199.jpg
G03240,1,1,False,6. Green mirid bug,6. Green mirid bug/green_mirid_bug_00200.jpg
G03241,1,1,False,6. Green mirid bug,6. Green mirid bug/green_mirid_bug_00201.jpg
G03242,1,1,False,6. Green mirid bug,6. Green mirid bug/green_mirid_bug_00202.jpg
G03243,1,1,False,6. Green mirid bug,6. Green mirid bug/green_mirid_bug_00203.jpg
G03244,1,1,False,6. Green mirid bug,6. Green mirid bug/green_mirid_bug_00204.jpg
G03245,1,1,False,6. Green mirid bug,6. Green mirid bug/green_mirid_bug_00205.jpg
G03246,1,1,False,6. Green mirid bug,6. Green mirid bug/green_mirid_bug_00206.jpg
G03247,1,1,False,6. Green mirid bug,6. Green mirid bug/green_mirid_bug_00207.jpg
G03248,1,1,False,6. Green mirid bug,6. Green mirid bug/green_mirid_bug_00208.jpg
G03249,1,1,False,6. Green mirid bug,6. Green mirid bug/green_mirid_bug_00209.jpg
G03250,1,1,False,6. Green mirid bug,6. Green mirid bug/green_mirid_bug_00210.jpg
G03251,1,1,False,6. Green mirid bug,6. Green mirid bug/green_mirid_bug_00211.jpg
G03252,1,1,False,6. Green mirid bug,6. Green mirid bug/green_mirid_bug_00212.jpg
G03253,1,1,False,6. Green mirid bug,6. Green mirid bug/green_mirid_bug_00213.jpg
G03254,1,1,False,6. Green mirid bug,6. Green mirid bug/green_mirid_bug_00214.jpg
G03255,1,1,False,6. Green mirid bug,6. Green mirid bug/green_mirid_bug_00215.jpg
G03256,1,1,False,6. Green mirid bug,6. Green mirid bug/green_mirid_bug_00216.jpg
G03257,1,1,False,6. Green mirid bug,6. Green mirid bug/green_mirid_bug_00217.jpg
G03258,1,1,False,6. Green mirid bug,6. Green mirid bug/green_mirid_bug_00218.jpg
G03259,1,1,False,6. Green mirid bug,6. Green mirid bug/green_mirid_bug_00219.jpg
G03260,1,1,False,6. Green mirid bug,6. Green mirid bug/green_mirid_bug_00220.jpg
G03261,1,1,False,6. Green mirid bug,6. Green mirid bug/green_mirid_bug_00221.jpg
G03262,1,1,False,6. Green mirid bug,6. Green mirid bug/green_mirid_bug_00222.jpg
G03263,1,1,False,6. Green mirid bug,6. Green mirid bug/green_mirid_bug_00223.jpg
G03264,1,1,False,6. Green mirid bug,6. Green mirid bug/green_mirid_bug_00224.jpg
G03265,1,1,False,6. Green mirid bug,6. Green mirid bug/green_mirid_bug_00225.jpg
G03266,1,1,False,6. Green mirid bug,6. Green mirid bug/green_mirid_bug_00226.jpg
G03267,1,1,False,6. Green mirid bug,6. Green mirid bug/green_mirid_bug_00227.jpg
G03268,1,1,False,6. Green mirid bug,6. Green mirid bug/green_mirid_bug_00228.jpg
G03269,1,1,False,6. Green mirid bug,6. Green mirid bug/green_mirid_bug_00229.jpg
G03270,1,1,False,6. Green mirid bug,6. Green mirid bug/green_mirid_bug_00230.jpg
G03271,1,1,False,6. Green mirid bug,6. Green mirid bug/green_mirid_bug_00231.jpg
G03272,1,1,False,6. Green mirid bug,6. Green mirid bug/green_mirid_bug_00232.jpg
G03273,1,1,False,6. Green mirid bug,6. Green mirid bug/green_mirid_bug_00233.jpg
G03274,1,1,False,6. Green mirid bug,6. Green mirid bug/green_mirid_bug_00234.jpg
G03275,1,1,False,6. Green mirid bug,6. Green mirid bug/green_mirid_bug_00235.jpg
G03276,1,1,False,6. Green mirid bug,6. Green mirid bug/green_mirid_bug_00236.jpg
G03277,1,1,False,6. Green mirid bug,6. Green mirid bug/green_mirid_bug_00237.jpg
G03278,1,1,False,6. Green mirid bug,6. Green mirid bug/green_mirid_bug_00238.jpg
G03279,1,1,False,6. Green mirid bug,6. Green mirid bug/green_mirid_bug_00239.jpg
G03280,1,1,False,6. Green mirid bug,6. Green mirid bug/green_mirid_bug_00240.jpg
G03281,1,1,False,6. Green mirid bug,6. Green mirid bug/green_mirid_bug_00241.jpg
G03282,1,1,False,6. Green mirid bug,6. Green mirid bug/green_mirid_bug_00242.jpg
G03283,1,1,False,6. Green mirid bug,6. Green mirid bug/green_mirid_bug_00243.jpg
G03284,1,1,False,6. Green mirid bug,6. Green mirid bug/green_mirid_bug_00244.jpg
G03285,1,1,False,6. Green mirid bug,6. Green mirid bug/green_mirid_bug_00245.jpg
G03286,1,1,False,6. Green mirid bug,6. Green mirid bug/green_mirid_bug_00246.jpg
G03287,1,1,False,6. Green mirid bug,6. Green mirid bug/green_mirid_bug_00247.jpg
G03288,1,1,False,6. Green mirid bug,6. Green mirid bug/green_mirid_bug_00248.jpg
G03289,1,1,False,6. Green mirid bug,6. Green mirid bug/green_mirid_bug_00249.jpg
G03290,1,1,False,6. Green mirid bug,6. Green mirid bug/green_mirid_bug_00250.jpg
G03291,1,1,False,6. Green mirid bug,6. Green mirid bug/green_mirid_bug_00251.jpg
G03292,1,1,False,6. Green mirid bug,6. Green mirid bug/green_mirid_bug_00252.jpg
G03293,1,1,False,6. Green mirid bug,6. Green mirid bug/green_mirid_bug_00253.jpg
G03294,1,1,False,6. Green mirid bug,6. Green mirid bug/green_mirid_bug_00254.jpg
G03295,1,1,False,6. Green mirid bug,6. Green mirid bug/green_mirid_bug_00255.jpg
G03296,1,1,False,6. Green mirid bug,6. Green mirid bug/green_mirid_bug_00256.jpg
G03297,1,1,False,6. Green mirid bug,6. Green mirid bug/green_mirid_bug_00257.jpg
G03298,1,1,False,6. Green mirid bug,6. Green mirid bug/green_mirid_bug_00258.jpg
G03299,1,1,False,6. Green mirid bug,6. Green mirid bug/green_mirid_bug_00259.jpg
G03300,1,1,False,6. Green mirid bug,6. Green mirid bug/green_mirid_bug_00260.jpg
G03301,1,1,False,6. Green mirid bug,6. Green mirid bug/green_mirid_bug_00261.jpg
G03302,1,1,False,6. Green mirid bug,6. Green mirid bug/green_mirid_bug_00262.jpg
G03303,1,1,False,6. Green mirid bug,6. Green mirid bug/green_mirid_bug_00263.jpg
G03304,1,1,False,6. Green mirid bug,6. Green mirid bug/green_mirid_bug_00264.jpg
G03305,1,1,False,6. Green mirid bug,6. Green mirid bug/green_mirid_bug_00265.jpg
G03306,1,1,False,6. Green mirid bug,6. Green mirid bug/green_mirid_bug_00266.jpg
G03307,1,1,False,6. Green mirid bug,6. Green mirid bug/green_mirid_bug_00267.jpg
G03308,1,1,False,6. Green mirid bug,6. Green mirid bug/green_mirid_bug_00268.jpg
G03309,1,1,False,6. Green mirid bug,6. Green mirid bug/green_mirid_bug_00269.jpg
G03310,1,1,False,6. Green mirid bug,6. Green mirid bug/green_mirid_bug_00270.jpg
G03311,1,1,False,6. Green mirid bug,6. Green mirid bug/green_mirid_bug_00271.jpg
G03312,1,1,False,6. Green mirid bug,6. Green mirid bug/green_mirid_bug_00272.jpg
G03313,1,1,False,6. Green mirid bug,6. Green mirid bug/green_mirid_bug_00273.jpg
G03314,1,1,False,6. Green mirid bug,6. Green mirid bug/green_mirid_bug_00274.jpg
G03315,1,1,False,6. Green mirid bug,6. Green mirid bug/green_mirid_bug_00275.jpg
G03316,1,1,False,6. Green mirid bug,6. Green mirid bug/green_mirid_bug_00276.jpg
G03317,1,1,False,6. Green mirid bug,6. Green mirid bug/green_mirid_bug_00277.jpg
G03318,1,1,False,6. Green mirid bug,6. Green mirid bug/green_mirid_bug_00278.jpg
G03319,1,1,False,6. Green mirid bug,6. Green mirid bug/green_mirid_bug_00279.jpg
G03320,1,1,False,6. Green mirid bug,6. Green mirid bug/green_mirid_bug_00280.jpg
G03321,1,1,False,6. Green mirid bug,6. Green mirid bug/green_mirid_bug_00281.jpg
G03322,1,1,False,6. Green mirid bug,6. Green mirid bug/green_mirid_bug_00282.jpg
G03323,1,1,False,6. Green mirid bug,6. Green mirid bug/green_mirid_bug_00283.jpg
G03324,1,1,False,6. Green mirid bug,6. Green mirid bug/green_mirid_bug_00284.jpg
G03325,1,1,False,6. Green mirid bug,6. Green mirid bug/green_mirid_bug_00285.jpg
G03326,1,1,False,6. Green mirid bug,6. Green mirid bug/green_mirid_bug_00286.jpg
G03327,1,1,False,6. Green mirid bug,6. Green mirid bug/green_mirid_bug_00287.jpg
G03328,1,1,False,6. Green mirid bug,6. Green mirid bug/green_mirid_bug_00288.jpg
G03329,1,1,False,6. Green mirid bug,6. Green mirid bug/green_mirid_bug_00289.jpg
G03330,1,1,False,6. Green mirid bug,6. Green mirid bug/green_mirid_bug_00290.jpg
G03331,1,1,False,6. Green mirid bug,6. Green mirid bug/green_mirid_bug_00291.jpg
G03332,1,1,False,6. Green mirid bug,6. Green mirid bug/green_mirid_bug_00292.jpg
G03333,1,1,False,6. Green mirid bug,6. Green mirid bug/green_mirid_bug_00293.jpg
G03334,1,1,False,6. Green mirid bug,6. Green mirid bug/green_mirid_bug_00294.jpg
G03335,1,1,False,6. Green mirid bug,6. Green mirid bug/green_mirid_bug_00295.jpg
G03336,1,1,False,6. Green mirid bug,6. Green mirid bug/green_mirid_bug_00296.jpg
G03337,1,1,False,6. Green mirid bug,6. Green mirid bug/green_mirid_bug_00297.jpg
G03338,1,1,False,6. Green mirid bug,6. Green mirid bug/green_mirid_bug_00298.jpg
G03339,1,1,False,6. Green mirid bug,6. Green mirid bug/green_mirid_bug_00299.jpg
G03340,1,1,False,6. Green mirid bug,6. Green mirid bug/green_mirid_bug_00300.jpg
G03341,1,1,False,6. Green mirid bug,6. Green mirid bug/green_mirid_bug_00301.jpg
G03342,1,1,False,6. Green mirid bug,6. Green mirid bug/green_mirid_bug_00302.jpg
G03343,1,1,False,6. Green mirid bug,6. Green mirid bug/green_mirid_bug_00303.jpg
G03344,1,1,False,6. Green mirid bug,6. Green mirid bug/green_mirid_bug_00304.jpg
G03345,1,1,False,6. Green mirid bug,6. Green mirid bug/green_mirid_bug_00305.jpg
G03346,1,1,False,6. Green mirid bug,6. Green mirid bug/green_mirid_bug_00306.jpg
G03347,1,1,False,6. Green mirid bug,6. Green mirid bug/green_mirid_bug_00307.jpg
G03348,1,1,False,6. Green mirid bug,6. Green mirid bug/green_mirid_bug_00308.jpg
G03349,1,1,False,6. Green mirid bug,6. Green mirid bug/green_mirid_bug_00309.jpg
G03350,1,1,False,6. Green mirid bug,6. Green mirid bug/green_mirid_bug_00310.jpg
G03351,1,1,False,6. Green mirid bug,6. Green mirid bug/green_mirid_bug_00311.jpg
G03352,1,1,False,6. Green mirid bug,6. Green mirid bug/green_mirid_bug_00312.jpg
G03353,1,1,False,6. Green mirid bug,6. Green mirid bug/green_mirid_bug_00313.jpg
G03354,1,1,False,6. Green mirid bug,6. Green mirid bug/green_mirid_bug_00314.jpg
G03355,1,1,False,6. Green mirid bug,6. Green mirid bug/green_mirid_bug_00315.jpg
G03356,1,1,False,6. Green mirid bug,6. Green mirid bug/green_mirid_bug_00316.jpg
G03357,1,1,False,6. Green mirid bug,6. Green mirid bug/green_mirid_bug_00317.jpg
G03358,1,1,False,6. Green mirid bug,6. Green mirid bug/green_mirid_bug_00318.jpg
G03359,1,1,False,6. Green mirid bug,6. Green mirid bug/green_mirid_bug_00319.jpg
G03360,1,1,False,6. Green mirid bug,6. Green mirid bug/green_mirid_bug_00320.jpg
G03361,1,1,False,6. Green mirid bug,6. Green mirid bug/green_mirid_bug_00321.jpg
G03362,1,1,False,6. Green mirid bug,6. Green mirid bug/green_mirid_bug_00322.jpg
G03363,1,1,False,6. Green mirid bug,6. Green mirid bug/green_mirid_bug_00323.jpg
G03364,1,1,False,6. Green mirid bug,6. Green mirid bug/green_mirid_bug_00324.jpg
G03365,1,1,False,6. Green mirid bug,6. Green mirid bug/green_mirid_bug_00325.jpg
G03366,1,1,False,6. Green mirid bug,6. Green mirid bug/green_mirid_bug_00326.jpg
G03367,1,1,False,6. Green mirid bug,6. Green mirid bug/green_mirid_bug_00327.jpg
G03368,1,1,False,6. Green mirid bug,6. Green mirid bug/green_mirid_bug_00328.jpg
G03369,1,1,False,6. Green mirid bug,6. Green mirid bug/green_mirid_bug_00329.jpg
G03370,1,1,False,6. Green mirid bug,6. Green mirid bug/green_mirid_bug_00330.jpg
G03371,1,1,False,6. Green mirid bug,6. Green mirid bug/green_mirid_bug_00331.jpg
G03372,1,1,False,6. Green mirid bug,6. Green mirid bug/green_mirid_bug_00332.jpg
G03373,1,1,False,6. Green mirid bug,6. Green mirid bug/green_mirid_bug_00333.jpg
G03374,1,1,False,6. Green mirid bug,6. Green mirid bug/green_mirid_bug_00334.jpg
G03375,1,1,False,6. Green mirid bug,6. Green mirid bug/green_mirid_bug_00335.jpg
G03376,1,1,False,6. Green mirid bug,6. Green mirid bug/green_mirid_bug_00336.jpg
G03377,1,1,False,6. Green mirid bug,6. Green mirid bug/green_mirid_bug_00337.jpg
G03378,1,1,False,6. Green mirid bug,6. Green mirid bug/green_mirid_bug_00338.jpg
G03379,1,1,False,6. Green mirid bug,6. Green mirid bug/green_mirid_bug_00339.jpg
G03380,1,1,False,6. Green mirid bug,6. Green mirid bug/green_mirid_bug_00340.jpg
G03381,1,1,False,6. Green mirid bug,6. Green mirid bug/green_mirid_bug_00341.jpg
G03382,1,1,False,6. Green mirid bug,6. Green mirid bug/green_mirid_bug_00342.jpg
G03383,1,1,False,6. Green mirid bug,6. Green mirid bug/green_mirid_bug_00343.jpg
G03384,1,1,False,6. Green mirid bug,6. Green mirid bug/green_mirid_bug_00344.jpg
G03385,1,1,False,6. Green mirid bug,6. Green mirid bug/green_mirid_bug_00345.jpg
G03386,1,1,False,6. Green mirid bug,6. Green mirid bug/green_mirid_bug_00346.jpg
G03387,1,1,False,6. Green mirid bug,6. Green mirid bug/green_mirid_bug_00347.jpg
G03388,1,1,False,6. Green mirid bug,6. Green mirid bug/green_mirid_bug_00348.jpg
G03389,1,1,False,6. Green mirid bug,6. Green mirid bug/green_mirid_bug_00349.jpg
G03390,1,1,False,6. Green mirid bug,6. Green mirid bug/green_mirid_bug_00350.jpg
G03391,1,1,False,6. Green mirid bug,6. Green mirid bug/green_mirid_bug_00351.jpg
G03392,1,1,False,6. Green mirid bug,6. Green mirid bug/green_mirid_bug_00352.jpg
G03393,1,1,False,6. Green mirid bug,6. Green mirid bug/green_mirid_bug_00353.jpg
G03394,1,1,False,6. Green mirid bug,6. Green mirid bug/green_mirid_bug_00354.jpg
G03395,1,1,False,6. Green mirid bug,6. Green mirid bug/green_mirid_bug_00355.jpg
G03396,1,1,False,6. Green mirid bug,6. Green mirid bug/green_mirid_bug_00356.jpg
G03397,1,1,False,6. Green mirid bug,6. Green mirid bug/green_mirid_bug_00357.jpg
G03398,1,1,False,6. Green mirid bug,6. Green mirid bug/green_mirid_bug_00358.jpg
G03399,1,1,False,6. Green mirid bug,6. Green mirid bug/green_mirid_bug_00359.jpg
G03400,1,1,False,6. Green mirid bug,6. Green mirid bug/green_mirid_bug_00360.jpg
G03401,1,1,False,6. Green mirid bug,6. Green mirid bug/green_mirid_bug_00361.jpg
G03402,1,1,False,6. Green mirid bug,6. Green mirid bug/green_mirid_bug_00362.jpg
G03403,1,1,False,6. Green mirid bug,6. Green mirid bug/green_mirid_bug_00363.jpg
G03404,1,1,False,6. Green mirid bug,6. Green mirid bug/green_mirid_bug_00364.jpg
G03405,1,1,False,6. Green mirid bug,6. Green mirid bug/green_mirid_bug_00365.jpg
G03406,1,1,False,6. Green mirid bug,6. Green mirid bug/green_mirid_bug_00366.jpg
G03407,1,1,False,6. Green mirid bug,6. Green mirid bug/green_mirid_bug_00367.jpg
G03408,1,1,False,6. Green mirid bug,6. Green mirid bug/green_mirid_bug_00368.jpg
G03409,1,1,False,6. Green mirid bug,6. Green mirid bug/green_mirid_bug_00369.jpg
G03410,1,1,False,6. Green mirid bug,6. Green mirid bug/green_mirid_bug_00370.jpg
G03411,1,1,False,6. Green mirid bug,6. Green mirid bug/green_mirid_bug_00371.jpg
G03412,1,1,False,6. Green mirid bug,6. Green mirid bug/green_mirid_bug_00372.jpg
G03413,1,1,False,6. Green mirid bug,6. Green mirid bug/green_mirid_bug_00373.jpg
G03414,1,1,False,6. Green mirid bug,6. Green mirid bug/green_mirid_bug_00374.jpg
G03415,1,1,False,6. Green mirid bug,6. Green mirid bug/green_mirid_bug_00375.jpg
G03416,1,1,False,6. Green mirid bug,6. Green mirid bug/green_mirid_bug_00376.jpg
G03417,1,1,False,6. Green mirid bug,6. Green mirid bug/green_mirid_bug_00377.jpg
G03418,1,1,False,6. Green mirid bug,6. Green mirid bug/green_mirid_bug_00378.jpg
G03419,1,1,False,6. Green mirid bug,6. Green mirid bug/green_mirid_bug_00379.jpg
G03420,1,1,False,6. Green mirid bug,6. Green mirid bug/green_mirid_bug_00380.jpg
G03421,1,1,False,6. Green mirid bug,6. Green mirid bug/green_mirid_bug_00381.jpg
G03422,1,1,False,6. Green mirid bug,6. Green mirid bug/green_mirid_bug_00382.jpg
G03423,1,1,False,6. Green mirid bug,6. Green mirid bug/green_mirid_bug_00383.jpg
G03424,1,1,False,6. Green mirid bug,6. Green mirid bug/green_mirid_bug_00384.jpg
G03425,1,1,False,6. Green mirid bug,6. Green mirid bug/green_mirid_bug_00385.jpg
G03426,1,1,False,6. Green mirid bug,6. Green mirid bug/green_mirid_bug_00386.jpg
G03427,1,1,False,6. Green mirid bug,6. Green mirid bug/green_mirid_bug_00387.jpg
G03428,1,1,False,6. Green mirid bug,6. Green mirid bug/green_mirid_bug_00390.jpg
G03429,1,1,False,6. Green mirid bug,6. Green mirid bug/green_mirid_bug_00391.jpg
G03430,1,1,False,6. Green mirid bug,6. Green mirid bug/green_mirid_bug_00392.jpg
G03431,1,1,False,6. Green mirid bug,6. Green mirid bug/green_mirid_bug_00393.jpg
G03432,1,1,False,6. Green mirid bug,6. Green mirid bug/green_mirid_bug_00394.jpg
G03433,1,1,False,6. Green mirid bug,6. Green mirid bug/green_mirid_bug_00395.jpg
G03434,1,1,False,6. Green mirid bug,6. Green mirid bug/green_mirid_bug_00396.jpg
G03435,1,1,False,6. Green mirid bug,6. Green mirid bug/green_mirid_bug_00397.jpg
G03436,1,1,False,6. Green mirid bug,6. Green mirid bug/green_mirid_bug_00398.jpg
G03437,1,1,False,6. Green mirid bug,6. Green mirid bug/green_mirid_bug_00399.jpg
G03438,1,1,False,6. Green mirid bug,6. Green mirid bug/green_mirid_bug_00400.jpg
G03439,1,1,False,6. Green mirid bug,6. Green mirid bug/green_mirid_bug_00401.jpg
G03440,1,1,False,6. Green mirid bug,6. Green mirid bug/green_mirid_bug_00402.jpg
G03441,1,1,False,6. Green mirid bug,6. Green mirid bug/green_mirid_bug_00403.jpg
G03442,1,1,False,6. Green mirid bug,6. Green mirid bug/green_mirid_bug_00404.jpg
G03443,1,1,False,6. Green mirid bug,6. Green mirid bug/green_mirid_bug_00405.jpg
G03444,1,1,False,6. Green mirid bug,6. Green mirid bug/green_mirid_bug_00406.jpg
G03445,1,1,False,6. Green mirid bug,6. Green mirid bug/green_mirid_bug_00407.jpg
G03446,1,1,False,6. Green mirid bug,6. Green mirid bug/green_mirid_bug_00408.jpg
G03447,1,1,False,6. Green mirid bug,6. Green mirid bug/green_mirid_bug_00409.jpg
G03448,1,1,False,6. Green mirid bug,6. Green mirid bug/green_mirid_bug_00410.jpg
G03449,1,1,False,6. Green mirid bug,6. Green mirid bug/green_mirid_bug_00411.jpg
G03450,1,1,False,6. Green mirid bug,6. Green mirid bug/green_mirid_bug_00412.jpg
G03451,1,1,False,6. Green mirid bug,6. Green mirid bug/green_mirid_bug_00413.jpg
G03452,1,1,False,6. Green mirid bug,6. Green mirid bug/green_mirid_bug_00414.jpg
G03453,1,1,False,6. Green mirid bug,6. Green mirid bug/green_mirid_bug_00415.jpg
G03454,1,1,False,6. Green mirid bug,6. Green mirid bug/green_mirid_bug_00416.jpg
G03455,1,1,False,6. Green mirid bug,6. Green mirid bug/green_mirid_bug_00417.jpg
G03456,1,1,False,6. Green mirid bug,6. Green mirid bug/green_mirid_bug_00418.jpg
G03457,1,1,False,6. Green mirid bug,6. Green mirid bug/green_mirid_bug_00419.jpg
G03458,1,1,False,6. Green mirid bug,6. Green mirid bug/green_mirid_bug_00420.jpg
G03459,1,1,False,6. Green mirid bug,6. Green mirid bug/green_mirid_bug_00421.jpg
G03460,1,1,False,6. Green mirid bug,6. Green mirid bug/green_mirid_bug_00422.jpg
G03461,1,1,False,6. Green mirid bug,6. Green mirid bug/green_mirid_bug_00423.jpg
G03462,1,1,False,6. Green mirid bug,6. Green mirid bug/green_mirid_bug_00424.jpg
G03463,1,1,False,6. Green mirid bug,6. Green mirid bug/green_mirid_bug_00425.jpg
G03464,1,1,False,6. Green mirid bug,6. Green mirid bug/green_mirid_bug_00426.jpg
G03465,1,1,False,6. Green mirid bug,6. Green mirid bug/green_mirid_bug_00427.jpg
G03466,1,1,False,6. Green mirid bug,6. Green mirid bug/green_mirid_bug_00428.jpg
G03467,1,1,False,6. Green mirid bug,6. Green mirid bug/green_mirid_bug_00429.jpg
G03468,1,1,False,6. Green mirid bug,6. Green mirid bug/green_mirid_bug_00430.jpg
G03469,1,1,False,6. Green mirid bug,6. Green mirid bug/green_mirid_bug_00431.jpg
G03470,1,1,False,6. Green mirid bug,6. Green mirid bug/green_mirid_bug_00432.jpg
G03471,1,1,False,6. Green mirid bug,6. Green mirid bug/green_mirid_bug_00433.jpg
G03472,1,1,False,6. Green mirid bug,6. Green mirid bug/green_mirid_bug_00434.jpg
G03473,1,1,False,6. Green mirid bug,6. Green mirid bug/green_mirid_bug_00435.jpg
G03474,1,1,False,6. Green mirid bug,6. Green mirid bug/green_mirid_bug_00436.jpg
G03475,1,1,False,6. Green mirid bug,6. Green mirid bug/green_mirid_bug_00437.jpg
G03476,1,1,False,6. Green mirid bug,6. Green mirid bug/green_mirid_bug_00438.jpg
G03477,1,1,False,6. Green mirid bug,6. Green mirid bug/green_mirid_bug_00439.jpg
G03478,1,1,False,6. Green mirid bug,6. Green mirid bug/green_mirid_bug_00440.jpg
G03479,1,1,False,6. Green mirid bug,6. Green mirid bug/green_mirid_bug_00441.jpg
G03480,1,1,False,6. Green mirid bug,6. Green mirid bug/green_mirid_bug_00442.jpg
G03481,1,1,False,6. Green mirid bug,6. Green mirid bug/green_mirid_bug_00443.jpg
G03482,1,1,False,6. Green mirid bug,6. Green mirid bug/green_mirid_bug_00444.jpg
G03483,1,1,False,6. Green mirid bug,6. Green mirid bug/green_mirid_bug_00445.jpg
G03484,1,1,False,6. Green mirid bug,6. Green mirid bug/green_mirid_bug_00446.jpg
G03485,1,1,False,6. Green mirid bug,6. Green mirid bug/green_mirid_bug_00447.jpg
G03486,1,1,False,6. Green mirid bug,6. Green mirid bug/green_mirid_bug_00448.jpg
G03487,1,1,False,6. Green mirid bug,6. Green mirid bug/green_mirid_bug_00449.jpg
G03488,1,1,False,6. Green mirid bug,6. Green mirid bug/green_mirid_bug_00450.jpg
G03489,1,1,False,6. Green mirid bug,6. Green mirid bug/green_mirid_bug_00451.jpg
G03490,1,1,False,6. Green mirid bug,6. Green mirid bug/green_mirid_bug_00452.jpg
G03491,1,1,False,6. Green mirid bug,6. Green mirid bug/green_mirid_bug_00453.jpg
G03492,1,1,False,6. Green mirid bug,6. Green mirid bug/green_mirid_bug_00454.jpg
G03493,1,1,False,6. Green mirid bug,6. Green mirid bug/green_mirid_bug_00455.jpg
G03494,1,1,False,6. Green mirid bug,6. Green mirid bug/green_mirid_bug_00456.jpg
G03495,1,1,False,6. Green mirid bug,6. Green mirid bug/green_mirid_bug_00457.jpg
G03496,1,1,False,6. Green mirid bug,6. Green mirid bug/green_mirid_bug_00458.jpg
G03497,1,1,False,6. Green mirid bug,6. Green mirid bug/green_mirid_bug_00459.jpg
G03498,1,1,False,6. Green mirid bug,6. Green mirid bug/green_mirid_bug_00460.jpg
G03499,1,1,False,6. Green mirid bug,6. Green mirid bug/green_mirid_bug_00461.jpg
G03500,1,1,False,6. Green mirid bug,6. Green mirid bug/green_mirid_bug_00462.jpg
G03501,1,1,False,6. Green mirid bug,6. Green mirid bug/green_mirid_bug_00463.jpg
G03502,1,1,False,6. Green mirid bug,6. Green mirid bug/green_mirid_bug_00464.jpg
G03503,1,1,False,6. Green mirid bug,6. Green mirid bug/green_mirid_bug_00465.jpg
G03504,1,1,False,6. Green mirid bug,6. Green mirid bug/green_mirid_bug_00466.jpg
G03505,1,1,False,6. Green mirid bug,6. Green mirid bug/green_mirid_bug_00467.jpg
G03506,1,1,False,6. Green mirid bug,6. Green mirid bug/green_mirid_bug_00468.jpg
G03507,1,1,False,6. Green mirid bug,6. Green mirid bug/green_mirid_bug_00469.jpg
G03508,1,1,False,6. Green mirid bug,6. Green mirid bug/green_mirid_bug_00470.jpg
G03509,1,1,False,6. Green mirid bug,6. Green mirid bug/green_mirid_bug_00471.jpg
G03510,1,1,False,6. Green mirid bug,6. Green mirid bug/green_mirid_bug_00472.jpg
G03511,1,1,False,6. Green mirid bug,6. Green mirid bug/green_mirid_bug_00473.jpg
G03512,1,1,False,6. Green mirid bug,6. Green mirid bug/green_mirid_bug_00474.jpg
G03513,1,1,False,6. Green mirid bug,6. Green mirid bug/green_mirid_bug_00475.jpg
G03514,1,1,False,6. Green mirid bug,6. Green mirid bug/green_mirid_bug_00476.jpg
G03515,1,1,False,6. Green mirid bug,6. Green mirid bug/green_mirid_bug_00477.jpg
G03516,1,1,False,6. Green mirid bug,6. Green mirid bug/green_mirid_bug_00478.jpg
G03517,1,1,False,6. Green mirid bug,6. Green mirid bug/green_mirid_bug_00479.jpg
G03518,1,1,False,6. Green mirid bug,6. Green mirid bug/green_mirid_bug_00480.jpg
G03519,1,1,False,6. Green mirid bug,6. Green mirid bug/green_mirid_bug_00481.jpg
G03520,1,1,False,6. Green mirid bug,6. Green mirid bug/green_mirid_bug_00482.jpg
G03521,1,1,False,6. Green mirid bug,6. Green mirid bug/green_mirid_bug_00483.jpg
G03522,1,1,False,6. Green mirid bug,6. Green mirid bug/green_mirid_bug_00484.jpg
G03523,1,1,False,6. Green mirid bug,6. Green mirid bug/green_mirid_bug_00485.jpg
G03524,1,1,False,6. Green mirid bug,6. Green mirid bug/green_mirid_bug_00486.jpg
G03525,1,1,False,6. Green mirid bug,6. Green mirid bug/green_mirid_bug_00489.jpg
G03526,1,1,False,6. Green mirid bug,6. Green mirid bug/green_mirid_bug_00490.jpg
G03527,1,1,False,6. Green mirid bug,6. Green mirid bug/green_mirid_bug_00491.jpg
G03528,1,1,False,6. Green mirid bug,6. Green mirid bug/green_mirid_bug_00492.jpg
G03529,1,1,False,6. Green mirid bug,6. Green mirid bug/green_mirid_bug_00493.jpg
G03530,1,1,False,6. Green mirid bug,6. Green mirid bug/green_mirid_bug_00494.jpg
G03531,1,1,False,6. Green mirid bug,6. Green mirid bug/green_mirid_bug_00495.jpg
G03532,1,1,False,6. Green mirid bug,6. Green mirid bug/green_mirid_bug_00496.jpg
G03533,1,1,False,6. Green mirid bug,6. Green mirid bug/green_mirid_bug_00497.jpg
G03534,1,1,False,6. Green mirid bug,6. Green mirid bug/green_mirid_bug_00498.jpg
G03535,1,1,False,6. Green mirid bug,6. Green mirid bug/green_mirid_bug_00499.jpg
G03536,1,1,False,6. Green mirid bug,6. Green mirid bug/green_mirid_bug_00500.jpg
G03537,1,1,False,6. Green mirid bug,6. Green mirid bug/green_mirid_bug_00501.jpg
G03538,1,1,False,6. Green mirid bug,6. Green mirid bug/green_mirid_bug_00502.jpg
G03539,1,1,False,6. Green mirid bug,6. Green mirid bug/green_mirid_bug_00503.jpg
G03540,1,1,False,6. Green mirid bug,6. Green mirid bug/green_mirid_bug_00504.jpg
G03541,1,1,False,6. Green mirid bug,6. Green mirid bug/green_mirid_bug_00505.jpg
G03542,1,1,False,6. Green mirid bug,6. Green mirid bug/green_mirid_bug_00506.jpg
G03543,1,1,False,6. Green mirid bug,6. Green mirid bug/green_mirid_bug_00507.jpg
G03544,1,1,False,6. Green mirid bug,6. Green mirid bug/green_mirid_bug_00508.jpg
G03545,1,1,False,6. Green mirid bug,6. Green mirid bug/green_mirid_bug_00509.jpg
G03546,1,1,False,6. Green mirid bug,6. Green mirid bug/green_mirid_bug_00510.jpg
G03547,1,1,False,6. Green mirid bug,6. Green mirid bug/green_mirid_bug_00511.jpg
G03548,1,1,False,6. Green mirid bug,6. Green mirid bug/green_mirid_bug_00512.jpg
G03549,1,1,False,6. Green mirid bug,6. Green mirid bug/green_mirid_bug_00513.jpg
G03550,1,1,False,6. Green mirid bug,6. Green mirid bug/green_mirid_bug_00514.jpg
G03551,1,1,False,6. Green mirid bug,6. Green mirid bug/green_mirid_bug_00517.jpg
G03552,1,1,False,6. Green mirid bug,6. Green mirid bug/green_mirid_bug_00518.jpg
G03553,1,1,False,6. Green mirid bug,6. Green mirid bug/green_mirid_bug_00519.jpg
G03554,1,1,False,6. Green mirid bug,6. Green mirid bug/green_mirid_bug_00520.jpg
G03555,1,1,False,6. Green mirid bug,6. Green mirid bug/green_mirid_bug_00523.jpg
G03556,1,1,False,6. Green mirid bug,6. Green mirid bug/green_mirid_bug_00524.jpg
G03557,1,1,False,6. Green mirid bug,6. Green mirid bug/green_mirid_bug_00525.jpg
G03558,1,1,False,6. Green mirid bug,6. Green mirid bug/green_mirid_bug_00526.jpg
G03559,1,1,False,6. Green mirid bug,6. Green mirid bug/green_mirid_bug_00527.jpg
G03560,1,1,False,6. Green mirid bug,6. Green mirid bug/green_mirid_bug_00528.jpg
G03561,1,1,False,6. Green mirid bug,6. Green mirid bug/green_mirid_bug_00529.jpg
G03562,1,1,False,6. Green mirid bug,6. Green mirid bug/green_mirid_bug_00530.jpg
G03563,1,1,False,6. Green mirid bug,6. Green mirid bug/green_mirid_bug_00531.jpg
G03564,1,1,False,6. Green mirid bug,6. Green mirid bug/green_mirid_bug_00532.jpg
G03565,1,1,False,6. Green mirid bug,6. Green mirid bug/green_mirid_bug_00533.jpg
G03566,1,1,False,6. Green mirid bug,6. Green mirid bug/green_mirid_bug_00534.jpg
G03567,1,1,False,6. Green mirid bug,6. Green mirid bug/green_mirid_bug_00535.jpg
G03568,1,1,False,6. Green mirid bug,6. Green mirid bug/green_mirid_bug_00536.jpg
G03569,1,1,False,6. Green mirid bug,6. Green mirid bug/green_mirid_bug_00537.jpg
G03570,1,1,False,6. Green mirid bug,6. Green mirid bug/green_mirid_bug_00538.jpg
G03571,1,1,False,6. Green mirid bug,6. Green mirid bug/green_mirid_bug_00539.jpg
G03572,1,1,False,6. Green mirid bug,6. Green mirid bug/green_mirid_bug_00540.jpg
G03573,1,1,False,6. Green mirid bug,6. Green mirid bug/green_mirid_bug_00541.jpg
G03574,1,1,False,6. Green mirid bug,6. Green mirid bug/green_mirid_bug_00542.jpg
G03575,1,1,False,6. Green mirid bug,6. Green mirid bug/green_mirid_bug_00543.jpg
G03576,1,1,False,6. Green mirid bug,6. Green mirid bug/green_mirid_bug_00544.jpg
G03577,1,1,False,6. Green mirid bug,6. Green mirid bug/green_mirid_bug_00545.jpg
G03578,1,1,False,6. Green mirid bug,6. Green mirid bug/green_mirid_bug_00546.jpg
G03579,1,1,False,6. Green mirid bug,6. Green mirid bug/green_mirid_bug_00547.jpg
G03580,1,1,False,6. Green mirid bug,6. Green mirid bug/green_mirid_bug_00548.jpg
G03581,1,1,False,6. Green mirid bug,6. Green mirid bug/green_mirid_bug_00549.jpg
G03582,1,1,False,6. Green mirid bug,6. Green mirid bug/green_mirid_bug_00550.jpg
G03583,1,1,False,6. Green mirid bug,6. Green mirid bug/green_mirid_bug_00551.jpg
G03584,1,1,False,6. Green mirid bug,6. Green mirid bug/green_mirid_bug_00552.jpg
G03585,1,1,False,6. Green mirid bug,6. Green mirid bug/green_mirid_bug_00553.jpg
G03586,1,1,False,6. Green mirid bug,6. Green mirid bug/green_mirid_bug_00554.jpg
G03587,1,1,False,6. Green mirid bug,6. Green mirid bug/green_mirid_bug_00555.jpg
G03588,1,1,False,6. Green mirid bug,6. Green mirid bug/green_mirid_bug_00556.jpg
G03589,1,1,False,6. Green mirid bug,6. Green mirid bug/green_mirid_bug_00557.jpg
G03590,1,1,False,6. Green mirid bug,6. Green mirid bug/green_mirid_bug_00558.jpg
G03591,1,1,False,6. Green mirid bug,6. Green mirid bug/green_mirid_bug_00559.jpg
G03592,1,1,False,6. Green mirid bug,6. Green mirid bug/green_mirid_bug_00560.jpg
G03593,1,1,False,6. Green mirid bug,6. Green mirid bug/green_mirid_bug_00561.jpg
G03594,1,1,False,6. Green mirid bug,6. Green mirid bug/green_mirid_bug_00562.jpg
G03595,1,1,False,6. Green mirid bug,6. Green mirid bug/green_mirid_bug_00563.jpg
G03596,1,1,False,6. Green mirid bug,6. Green mirid bug/green_mirid_bug_00564.jpg
G03597,1,1,False,6. Green mirid bug,6. Green mirid bug/green_mirid_bug_00565.jpg
G03598,1,1,False,6. Green mirid bug,6. Green mirid bug/green_mirid_bug_00566.jpg
G03599,1,1,False,6. Green mirid bug,6. Green mirid bug/green_mirid_bug_00567.jpg
G03600,1,1,False,6. Green mirid bug,6. Green mirid bug/green_mirid_bug_00568.jpg
G03601,1,1,False,6. Green mirid bug,6. Green mirid bug/green_mirid_bug_00569.jpg
G03602,1,1,False,6. Green mirid bug,6. Green mirid bug/green_mirid_bug_00570.jpg
G03603,1,1,False,6. Green mirid bug,6. Green mirid bug/green_mirid_bug_00571.jpg
G03604,1,1,False,6. Green mirid bug,6. Green mirid bug/green_mirid_bug_00572.jpg
G03605,1,1,False,6. Green mirid bug,6. Green mirid bug/green_mirid_bug_00573.jpg
G03606,1,1,False,6. Green mirid bug,6. Green mirid bug/green_mirid_bug_00574.jpg
G03607,1,1,False,6. Green mirid bug,6. Green mirid bug/green_mirid_bug_00575.jpg
G03608,1,1,False,6. Green mirid bug,6. Green mirid bug/green_mirid_bug_00576.jpg
G03609,1,1,False,6. Green mirid bug,6. Green mirid bug/green_mirid_bug_00577.jpg
G03610,1,1,False,6. Green mirid bug,6. Green mirid bug/green_mirid_bug_00578.jpg
G03611,1,1,False,6. Green mirid bug,6. Green mirid bug/green_mirid_bug_00579.jpg
G03612,1,1,False,6. Green mirid bug,6. Green mirid bug/green_mirid_bug_00582.jpg
G03613,1,1,False,6. Green mirid bug,6. Green mirid bug/green_mirid_bug_00583.jpg
G03614,1,1,False,6. Green mirid bug,6. Green mirid bug/green_mirid_bug_00584.jpg
G03615,1,1,False,6. Green mirid bug,6. Green mirid bug/green_mirid_bug_00585.jpg
G03616,1,1,False,6. Green mirid bug,6. Green mirid bug/green_mirid_bug_00586.jpg
G03617,1,1,False,6. Green mirid bug,6. Green mirid bug/green_mirid_bug_00587.jpg
G03618,1,1,False,6. Green mirid bug,6. Green mirid bug/green_mirid_bug_00588.jpg
G03619,1,1,False,6. Green mirid bug,6. Green mirid bug/green_mirid_bug_00589.jpg
G03620,1,1,False,6. Green mirid bug,6. Green mirid bug/green_mirid_bug_00590.jpg
G03621,1,1,False,6. Green mirid bug,6. Green mirid bug/green_mirid_bug_00591.jpg
G03622,1,1,False,6. Green mirid bug,6. Green mirid bug/green_mirid_bug_00592.jpg
G03623,1,1,False,6. Green mirid bug,6. Green mirid bug/green_mirid_bug_00593.jpg
G03624,1,1,False,6. Green mirid bug,6. Green mirid bug/green_mirid_bug_00594.jpg
G03625,1,1,False,6. Green mirid bug,6. Green mirid bug/green_mirid_bug_00595.jpg
G03626,1,1,False,6. Green mirid bug,6. Green mirid bug/green_mirid_bug_00596.jpg
G03627,1,1,False,6. Green mirid bug,6. Green mirid bug/green_mirid_bug_00597.jpg
G03628,1,1,False,6. Green mirid bug,6. Green mirid bug/green_mirid_bug_00598.jpg
G03629,1,1,False,6. Green mirid bug,6. Green mirid bug/green_mirid_bug_00599.jpg
G03630,1,1,False,6. Green mirid bug,6. Green mirid bug/green_mirid_bug_00600.jpg
G03631,1,1,False,6. Green mirid bug,6. Green mirid bug/green_mirid_bug_00601.jpg
G03632,1,1,False,6. Green mirid bug,6. Green mirid bug/green_mirid_bug_00602.jpg
G03633,1,1,False,6. Green mirid bug,6. Green mirid bug/green_mirid_bug_00603.jpg
G03634,1,1,False,6. Green mirid bug,6. Green mirid bug/green_mirid_bug_00604.jpg
G03635,1,1,False,6. Green mirid bug,6. Green mirid bug/green_mirid_bug_00605.jpg
G03636,1,1,False,6. Green mirid bug,6. Green mirid bug/green_mirid_bug_00606.jpg
G03637,1,1,False,6. Green mirid bug,6. Green mirid bug/green_mirid_bug_00607.jpg
G03638,1,1,False,6. Green mirid bug,6. Green mirid bug/green_mirid_bug_00608.jpg
G03639,1,1,False,6. Green mirid bug,6. Green mirid bug/green_mirid_bug_00609.jpg
G03640,1,1,False,6. Green mirid bug,6. Green mirid bug/green_mirid_bug_00610.jpg
G03641,1,1,False,6. Green mirid bug,6. Green mirid bug/green_mirid_bug_00611.jpg
G03642,1,1,False,6. Green mirid bug,6. Green mirid bug/green_mirid_bug_00612.jpg
G03643,1,1,False,6. Green mirid bug,6. Green mirid bug/green_mirid_bug_00613.jpg
G03644,1,1,False,6. Green mirid bug,6. Green mirid bug/green_mirid_bug_00614.jpg
G03645,1,1,False,6. Green mirid bug,6. Green mirid bug/green_mirid_bug_00615.jpg
G03646,1,1,False,6. Green mirid bug,6. Green mirid bug/green_mirid_bug_00616.jpg
G03647,1,1,False,6. Green mirid bug,6. Green mirid bug/green_mirid_bug_00617.jpg
G03648,1,1,False,6. Green mirid bug,6. Green mirid bug/green_mirid_bug_00618.jpg
G03649,1,1,False,6. Green mirid bug,6. Green mirid bug/green_mirid_bug_00619.jpg
G03650,1,1,False,6. Green mirid bug,6. Green mirid bug/green_mirid_bug_00620.jpg
G03651,1,1,False,6. Green mirid bug,6. Green mirid bug/green_mirid_bug_00621.jpg
G03652,1,1,False,6. Green mirid bug,6. Green mirid bug/green_mirid_bug_00622.jpg
G03653,1,1,False,6. Green mirid bug,6. Green mirid bug/green_mirid_bug_00623.jpg
G03654,1,1,False,6. Green mirid bug,6. Green mirid bug/green_mirid_bug_00624.jpg
G03655,1,1,False,6. Green mirid bug,6. Green mirid bug/green_mirid_bug_00625.jpg
G03656,1,1,False,6. Green mirid bug,6. Green mirid bug/green_mirid_bug_00626.jpg
G03657,1,1,False,6. Green mirid bug,6. Green mirid bug/green_mirid_bug_00627.jpg
G03658,1,1,False,6. Green mirid bug,6. Green mirid bug/green_mirid_bug_00628.jpg
G03659,1,1,False,6. Green mirid bug,6. Green mirid bug/green_mirid_bug_00629.jpg
G03660,1,1,False,6. Green mirid bug,6. Green mirid bug/green_mirid_bug_00630.jpg
G03661,1,1,False,6. Green mirid bug,6. Green mirid bug/green_mirid_bug_00631.jpg
G03662,1,1,False,6. Green mirid bug,6. Green mirid bug/green_mirid_bug_00632.jpg
G03663,1,1,False,6. Green mirid bug,6. Green mirid bug/green_mirid_bug_00633.jpg
G03664,1,1,False,6. Green mirid bug,6. Green mirid bug/green_mirid_bug_00634.jpg
G03665,1,1,False,6. Green mirid bug,6. Green mirid bug/green_mirid_bug_00635.jpg
G03666,1,1,False,6. Green mirid bug,6. Green mirid bug/green_mirid_bug_00636.jpg
G03667,1,1,False,6. Green mirid bug,6. Green mirid bug/green_mirid_bug_00637.jpg
G03668,1,1,False,6. Green mirid bug,6. Green mirid bug/green_mirid_bug_00638.jpg
G03669,1,1,False,6. Green mirid bug,6. Green mirid bug/green_mirid_bug_00639.jpg
G03670,1,1,False,6. Green mirid bug,6. Green mirid bug/green_mirid_bug_00640.jpg
G03671,1,1,False,6. Green mirid bug,6. Green mirid bug/green_mirid_bug_00641.jpg
G03672,1,1,False,6. Green mirid bug,6. Green mirid bug/green_mirid_bug_00642.jpg
G03673,1,1,False,6. Green mirid bug,6. Green mirid bug/green_mirid_bug_00643.jpg
G03674,1,1,False,6. Green mirid bug,6. Green mirid bug/green_mirid_bug_00644.jpg
G03675,1,1,False,6. Green mirid bug,6. Green mirid bug/green_mirid_bug_00645.jpg
G03676,1,1,False,6. Green mirid bug,6. Green mirid bug/green_mirid_bug_00646.jpg
G03677,1,1,False,6. Green mirid bug,6. Green mirid bug/green_mirid_bug_00649.jpg
G03678,1,1,False,6. Green mirid bug,6. Green mirid bug/green_mirid_bug_00652.jpg
G03679,1,1,False,6. Green mirid bug,6. Green mirid bug/green_mirid_bug_00653.jpg
G03680,1,1,False,6. Green mirid bug,6. Green mirid bug/green_mirid_bug_00654.jpg
G03681,1,1,False,6. Green mirid bug,6. Green mirid bug/green_mirid_bug_00655.jpg
G03682,1,1,False,6. Green mirid bug,6. Green mirid bug/green_mirid_bug_00656.jpg
G03683,1,1,False,6. Green mirid bug,6. Green mirid bug/green_mirid_bug_00657.jpg
G03684,1,1,False,6. Green mirid bug,6. Green mirid bug/green_mirid_bug_00658.jpg
G03685,1,1,False,6. Green mirid bug,6. Green mirid bug/green_mirid_bug_00659.jpg
G03686,1,1,False,6. Green mirid bug,6. Green mirid bug/green_mirid_bug_00660.jpg
G03687,1,1,False,6. Green mirid bug,6. Green mirid bug/green_mirid_bug_00661.jpg
G03688,1,1,False,6. Green mirid bug,6. Green mirid bug/green_mirid_bug_00662.jpg
G03689,1,1,False,6. Green mirid bug,6. Green mirid bug/green_mirid_bug_00663.jpg
G03690,1,1,False,6. Green mirid bug,6. Green mirid bug/green_mirid_bug_00664.jpg
G03691,1,1,False,6. Green mirid bug,6. Green mirid bug/green_mirid_bug_00665.jpg
G03692,1,1,False,6. Green mirid bug,6. Green mirid bug/green_mirid_bug_00666.jpg
G03693,1,1,False,6. Green mirid bug,6. Green mirid bug/green_mirid_bug_00667.jpg
G03694,1,1,False,6. Green mirid bug,6. Green mirid bug/green_mirid_bug_00668.jpg
G03695,1,1,False,6. Green mirid bug,6. Green mirid bug/green_mirid_bug_00669.jpg
G03696,1,1,False,6. Green mirid bug,6. Green mirid bug/green_mirid_bug_00670.jpg
G03697,1,1,False,6. Green mirid bug,6. Green mirid bug/green_mirid_bug_00671.jpg
G03698,1,1,False,6. Green mirid bug,6. Green mirid bug/green_mirid_bug_00672.jpg
G03699,1,1,False,6. Green mirid bug,6. Green mirid bug/green_mirid_bug_00673.jpg
G03700,1,1,False,6. Green mirid bug,6. Green mirid bug/green_mirid_bug_00674.jpg
G03701,1,1,False,6. Green mirid bug,6. Green mirid bug/green_mirid_bug_00675.jpg
G03702,1,1,False,6. Green mirid bug,6. Green mirid bug/green_mirid_bug_00676.jpg
G03703,1,1,False,6. Green mirid bug,6. Green mirid bug/green_mirid_bug_00677.jpg
G03704,1,1,False,6. Green mirid bug,6. Green mirid bug/green_mirid_bug_00678.jpg
G03705,1,1,False,6. Green mirid bug,6. Green mirid bug/green_mirid_bug_00679.jpg
G03706,1,1,False,6. Green mirid bug,6. Green mirid bug/green_mirid_bug_00680.jpg
G03707,1,1,False,6. Green mirid bug,6. Green mirid bug/green_mirid_bug_00681.jpg
G03708,1,1,False,6. Green mirid bug,6. Green mirid bug/green_mirid_bug_00682.jpg
G03709,1,1,False,6. Green mirid bug,6. Green mirid bug/green_mirid_bug_00683.jpg
G03710,1,1,False,6. Green mirid bug,6. Green mirid bug/green_mirid_bug_00684.jpg
G03711,1,1,False,6. Green mirid bug,6. Green mirid bug/green_mirid_bug_00685.jpg
G03712,1,1,False,6. Green mirid bug,6. Green mirid bug/green_mirid_bug_00686.jpg
G03713,1,1,False,6. Green mirid bug,6. Green mirid bug/green_mirid_bug_00687.jpg
G03714,1,1,False,6. Green mirid bug,6. Green mirid bug/green_mirid_bug_00688.jpg
G03715,1,1,False,6. Green mirid bug,6. Green mirid bug/green_mirid_bug_00691.jpg
G03716,1,1,False,6. Green mirid bug,6. Green mirid bug/green_mirid_bug_00692.jpg
G03717,1,1,False,6. Green mirid bug,6. Green mirid bug/green_mirid_bug_00693.jpg
G03718,1,1,False,6. Green mirid bug,6. Green mirid bug/green_mirid_bug_00694.jpg
G03719,1,1,False,6. Green mirid bug,6. Green mirid bug/green_mirid_bug_00695.jpg
G03720,1,1,False,6. Green mirid bug,6. Green mirid bug/green_mirid_bug_00696.jpg
G03721,1,1,False,6. Green mirid bug,6. Green mirid bug/green_mirid_bug_00697.jpg
G03722,1,1,False,6. Green mirid bug,6. Green mirid bug/green_mirid_bug_00698.jpg
G03723,1,1,False,6. Green mirid bug,6. Green mirid bug/green_mirid_bug_00699.jpg
G03724,1,1,False,6. Green mirid bug,6. Green mirid bug/green_mirid_bug_00700.jpg
G03725,1,1,False,6. Green mirid bug,6. Green mirid bug/green_mirid_bug_00701.jpg
G03726,1,1,False,6. Green mirid bug,6. Green mirid bug/green_mirid_bug_00702.jpg
G03727,1,1,False,6. Green mirid bug,6. Green mirid bug/green_mirid_bug_00703.jpg
G03728,1,1,False,6. Green mirid bug,6. Green mirid bug/green_mirid_bug_00704.jpg
G03729,1,1,False,6. Green mirid bug,6. Green mirid bug/green_mirid_bug_00705.jpg
G03730,1,1,False,6. Green mirid bug,6. Green mirid bug/green_mirid_bug_00706.jpg
G03731,1,1,False,6. Green mirid bug,6. Green mirid bug/green_mirid_bug_00707.jpg
G03732,1,1,False,6. Green mirid bug,6. Green mirid bug/green_mirid_bug_00708.jpg
G03733,1,1,False,6. Green mirid bug,6. Green mirid bug/green_mirid_bug_00709.jpg
G03734,1,1,False,6. Green mirid bug,6. Green mirid bug/green_mirid_bug_00710.jpg
G03735,1,1,False,6. Green mirid bug,6. Green mirid bug/green_mirid_bug_00711.jpg
G03736,1,1,False,6. Green mirid bug,6. Green mirid bug/green_mirid_bug_00712.jpg
G03737,1,1,False,6. Green mirid bug,6. Green mirid bug/green_mirid_bug_00713.jpg
G03738,1,1,False,6. Green mirid bug,6. Green mirid bug/green_mirid_bug_00714.jpg
G03739,1,1,False,6. Green mirid bug,6. Green mirid bug/green_mirid_bug_00715.jpg
G03740,1,1,False,6. Green mirid bug,6. Green mirid bug/green_mirid_bug_00716.jpg
G03741,1,1,False,6. Green mirid bug,6. Green mirid bug/green_mirid_bug_00717.jpg
G03742,1,1,False,6. Green mirid bug,6. Green mirid bug/green_mirid_bug_00718.jpg
G03743,1,1,False,6. Green mirid bug,6. Green mirid bug/green_mirid_bug_00719.jpg
G03744,1,1,False,6. Green mirid bug,6. Green mirid bug/green_mirid_bug_00720.jpg
G03745,1,1,False,6. Green mirid bug,6. Green mirid bug/green_mirid_bug_00721.jpg
G03746,1,1,False,6. Green mirid bug,6. Green mirid bug/green_mirid_bug_00722.jpg
G03747,1,1,False,6. Green mirid bug,6. Green mirid bug/green_mirid_bug_00723.jpg
G03748,1,1,False,6. Green mirid bug,6. Green mirid bug/green_mirid_bug_00724.jpg
G03749,1,1,False,6. Green mirid bug,6. Green mirid bug/green_mirid_bug_00725.jpg
G03750,1,1,False,6. Green mirid bug,6. Green mirid bug/green_mirid_bug_00726.jpg
G03751,1,1,False,6. Green mirid bug,6. Green mirid bug/green_mirid_bug_00727.jpg
G03752,1,1,False,6. Green mirid bug,6. Green mirid bug/green_mirid_bug_00728.jpg
G03753,1,1,False,6. Green mirid bug,6. Green mirid bug/green_mirid_bug_00729.jpg
G03754,1,1,False,6. Green mirid bug,6. Green mirid bug/green_mirid_bug_00730.jpg
G03755,1,1,False,6. Green mirid bug,6. Green mirid bug/green_mirid_bug_00731.jpg
G03756,1,1,False,6. Green mirid bug,6. Green mirid bug/green_mirid_bug_00732.jpg
G03757,1,1,False,6. Green mirid bug,6. Green mirid bug/green_mirid_bug_00733.jpg
G03758,1,1,False,6. Green mirid bug,6. Green mirid bug/green_mirid_bug_00734.jpg
G03759,1,1,False,6. Green mirid bug,6. Green mirid bug/green_mirid_bug_00735.jpg
G03760,1,1,False,6. Green mirid bug,6. Green mirid bug/green_mirid_bug_00736.jpg
G03761,1,1,False,6. Green mirid bug,6. Green mirid bug/green_mirid_bug_00737.jpg
G03762,1,1,False,6. Green mirid bug,6. Green mirid bug/green_mirid_bug_00738.jpg
G03763,1,1,False,6. Green mirid bug,6. Green mirid bug/green_mirid_bug_00739.jpg
G03764,1,1,False,6. Green mirid bug,6. Green mirid bug/green_mirid_bug_00740.jpg
G03765,1,1,False,6. Green mirid bug,6. Green mirid bug/green_mirid_bug_00741.jpg
G03766,1,1,False,6. Green mirid bug,6. Green mirid bug/green_mirid_bug_00742.jpg
G03767,1,1,False,6. Green mirid bug,6. Green mirid bug/green_mirid_bug_00743.jpg
G03768,1,1,False,6. Green mirid bug,6. Green mirid bug/green_mirid_bug_00744.jpg
G03769,1,1,False,6. Green mirid bug,6. Green mirid bug/green_mirid_bug_00745.jpg
G03770,1,1,False,6. Green mirid bug,6. Green mirid bug/green_mirid_bug_00746.jpg
G03771,1,1,False,6. Green mirid bug,6. Green mirid bug/green_mirid_bug_00747.jpg
G03772,1,1,False,6. Green mirid bug,6. Green mirid bug/green_mirid_bug_00748.jpg
G03773,1,1,False,6. Green mirid bug,6. Green mirid bug/green_mirid_bug_00749.jpg
G03774,1,1,False,6. Green mirid bug,6. Green mirid bug/green_mirid_bug_00750.jpg
G03775,1,1,False,6. Green mirid bug,6. Green mirid bug/green_mirid_bug_00751.jpg
G03776,1,1,False,6. Green mirid bug,6. Green mirid bug/green_mirid_bug_00752.jpg
G03777,1,1,False,6. Green mirid bug,6. Green mirid bug/green_mirid_bug_00753.jpg
G03778,1,1,False,6. Green mirid bug,6. Green mirid bug/green_mirid_bug_00754.jpg
G03779,1,1,False,6. Green mirid bug,6. Green mirid bug/green_mirid_bug_00755.jpg
G03780,1,1,False,6. Green mirid bug,6. Green mirid bug/green_mirid_bug_00756.jpg
G03781,1,1,False,6. Green mirid bug,6. Green mirid bug/green_mirid_bug_00757.jpg
G03782,1,1,False,6. Green mirid bug,6. Green mirid bug/green_mirid_bug_00758.jpg
G03783,1,1,False,6. Green mirid bug,6. Green mirid bug/green_mirid_bug_00759.jpg
G03784,1,1,False,6. Green mirid bug,6. Green mirid bug/green_mirid_bug_00760.jpg
G03785,1,1,False,6. Green mirid bug,6. Green mirid bug/green_mirid_bug_00761.jpg
G03786,1,1,False,6. Green mirid bug,6. Green mirid bug/green_mirid_bug_00762.jpg
G03787,1,1,False,6. Green mirid bug,6. Green mirid bug/green_mirid_bug_00763.jpg
G03788,1,1,False,6. Green mirid bug,6. Green mirid bug/green_mirid_bug_00764.jpg
G03789,1,1,False,6. Green mirid bug,6. Green mirid bug/green_mirid_bug_00765.jpg
G03790,1,1,False,6. Green mirid bug,6. Green mirid bug/green_mirid_bug_00766.jpg
G03791,1,1,False,6. Green mirid bug,6. Green mirid bug/green_mirid_bug_00767.jpg
G03792,1,1,False,6. Green mirid bug,6. Green mirid bug/green_mirid_bug_00768.jpg
G03793,1,1,False,6. Green mirid bug,6. Green mirid bug/green_mirid_bug_00769.jpg
G03794,1,1,False,6. Green mirid bug,6. Green mirid bug/green_mirid_bug_00770.jpg
G03795,1,1,False,6. Green mirid bug,6. Green mirid bug/green_mirid_bug_00771.jpg
G03796,1,1,False,6. Green mirid bug,6. Green mirid bug/green_mirid_bug_00772.jpg
G03797,1,1,False,6. Green mirid bug,6. Green mirid bug/green_mirid_bug_00773.jpg
G03798,1,1,False,6. Green mirid bug,6. Green mirid bug/green_mirid_bug_00774.jpg
G03799,1,1,False,6. Green mirid bug,6. Green mirid bug/green_mirid_bug_00775.jpg
G03800,1,1,False,6. Green mirid bug,6. Green mirid bug/green_mirid_bug_00776.jpg
G03801,1,1,False,6. Green mirid bug,6. Green mirid bug/green_mirid_bug_00777.jpg
G03802,1,1,False,6. Green mirid bug,6. Green mirid bug/green_mirid_bug_00778.jpg
G03803,1,1,False,6. Green mirid bug,6. Green mirid bug/green_mirid_bug_00779.jpg
G03804,1,1,False,6. Green mirid bug,6. Green mirid bug/green_mirid_bug_00780.jpg
G03805,1,1,False,6. Green mirid bug,6. Green mirid bug/green_mirid_bug_00781.jpg
G03806,1,1,False,6. Green mirid bug,6. Green mirid bug/green_mirid_bug_00782.jpg
G03807,1,1,False,6. Green mirid bug,6. Green mirid bug/green_mirid_bug_00783.jpg
G03808,1,1,False,6. Green mirid bug,6. Green mirid bug/green_mirid_bug_00784.jpg
G03809,1,1,False,6. Green mirid bug,6. Green mirid bug/green_mirid_bug_00785.jpg
G03810,1,1,False,6. Green mirid bug,6. Green mirid bug/green_mirid_bug_00786.jpg
G03811,1,1,False,6. Green mirid bug,6. Green mirid bug/green_mirid_bug_00787.jpg
G03812,1,1,False,6. Green mirid bug,6. Green mirid bug/green_mirid_bug_00788.jpg
G03813,1,1,False,6. Green mirid bug,6. Green mirid bug/green_mirid_bug_00789.jpg
G03814,1,1,False,6. Green mirid bug,6. Green mirid bug/green_mirid_bug_00790.jpg
G03815,1,1,False,6. Green mirid bug,6. Green mirid bug/green_mirid_bug_00791.jpg
G03816,1,1,False,6. Green mirid bug,6. Green mirid bug/green_mirid_bug_00792.jpg
G03817,1,1,False,6. Green mirid bug,6. Green mirid bug/green_mirid_bug_00793.jpg
G03818,1,1,False,6. Green mirid bug,6. Green mirid bug/green_mirid_bug_00794.jpg
G03819,1,1,False,6. Green mirid bug,6. Green mirid bug/green_mirid_bug_00795.jpg
G03820,1,1,False,6. Green mirid bug,6. Green mirid bug/green_mirid_bug_00796.jpg
G03821,1,1,False,6. Green mirid bug,6. Green mirid bug/green_mirid_bug_00797.jpg
G03822,1,1,False,6. Green mirid bug,6. Green mirid bug/green_mirid_bug_00798.jpg
G03823,1,1,False,6. Green mirid bug,6. Green mirid bug/green_mirid_bug_00799.jpg
G03824,1,1,False,6. Green mirid bug,6. Green mirid bug/green_mirid_bug_00800.jpg
G03825,1,1,False,6. Green mirid bug,6. Green mirid bug/green_mirid_bug_00802.jpg
G03826,1,1,False,6. Green mirid bug,6. Green mirid bug/green_mirid_bug_00804.jpg
G03827,1,1,False,6. Green mirid bug,6. Green mirid bug/green_mirid_bug_00805.jpg
G03828,1,1,False,6. Green mirid bug,6. Green mirid bug/green_mirid_bug_00806.jpg
G03829,1,1,False,6. Green mirid bug,6. Green mirid bug/green_mirid_bug_00807.jpg
G03830,1,1,False,6. Green mirid bug,6. Green mirid bug/green_mirid_bug_00808.jpg
G03831,1,1,False,6. Green mirid bug,6. Green mirid bug/green_mirid_bug_00809.jpg
G03832,1,1,False,6. Green mirid bug,6. Green mirid bug/green_mirid_bug_00810.jpg
G03833,1,1,False,6. Green mirid bug,6. Green mirid bug/green_mirid_bug_00811.jpg
G03834,1,1,False,6. Green mirid bug,6. Green mirid bug/green_mirid_bug_00812.jpg
G03835,1,1,False,6. Green mirid bug,6. Green mirid bug/green_mirid_bug_00813.jpg
G03836,1,1,False,6. Green mirid bug,6. Green mirid bug/green_mirid_bug_00814.jpg
G03837,1,1,False,6. Green mirid bug,6. Green mirid bug/green_mirid_bug_00815.jpg
G03838,1,1,False,6. Green mirid bug,6. Green mirid bug/green_mirid_bug_00818.jpg
G03839,1,1,False,6. Green mirid bug,6. Green mirid bug/green_mirid_bug_00819.jpg
G03840,1,1,False,6. Green mirid bug,6. Green mirid bug/green_mirid_bug_00820.jpg
G03841,1,1,False,6. Green mirid bug,6. Green mirid bug/green_mirid_bug_00821.jpg
G03842,1,1,False,6. Green mirid bug,6. Green mirid bug/green_mirid_bug_00822.jpg
G03843,1,1,False,6. Green mirid bug,6. Green mirid bug/green_mirid_bug_00823.jpg
G03844,1,1,False,6. Green mirid bug,6. Green mirid bug/green_mirid_bug_00824.jpg
G03845,1,1,False,6. Green mirid bug,6. Green mirid bug/green_mirid_bug_00825.jpg
G03846,1,1,False,6. Green mirid bug,6. Green mirid bug/green_mirid_bug_00826.jpg
G03847,1,1,False,6. Green mirid bug,6. Green mirid bug/green_mirid_bug_00827.jpg
G03848,1,1,False,6. Green mirid bug,6. Green mirid bug/green_mirid_bug_00828.jpg
G03849,1,1,False,6. Green mirid bug,6. Green mirid bug/green_mirid_bug_00829.jpg
G03850,1,1,False,6. Green mirid bug,6. Green mirid bug/green_mirid_bug_00830.jpg
G03851,1,1,False,6. Green mirid bug,6. Green mirid bug/green_mirid_bug_00831.jpg
G03852,1,1,False,6. Green mirid bug,6. Green mirid bug/green_mirid_bug_00832.jpg
G03853,1,1,False,6. Green mirid bug,6. Green mirid bug/green_mirid_bug_00833.jpg
G03854,1,1,False,6. Green mirid bug,6. Green mirid bug/green_mirid_bug_00834.jpg
G03855,1,1,False,6. Green mirid bug,6. Green mirid bug/green_mirid_bug_00835.jpg
G03856,1,1,False,6. Green mirid bug,6. Green mirid bug/green_mirid_bug_00836.jpg
G03857,1,1,False,6. Green mirid bug,6. Green mirid bug/green_mirid_bug_00837.jpg
G03858,1,1,False,6. Green mirid bug,6. Green mirid bug/green_mirid_bug_00838.jpg
G03859,1,1,False,6. Green mirid bug,6. Green mirid bug/green_mirid_bug_00839.jpg
G03860,1,1,False,6. Green mirid bug,6. Green mirid bug/green_mirid_bug_00840.jpg
G03861,1,1,False,6. Green mirid bug,6. Green mirid bug/green_mirid_bug_00841.jpg
G03862,1,1,False,6. Green mirid bug,6. Green mirid bug/green_mirid_bug_00842.jpg
G03863,1,1,False,6. Green mirid bug,6. Green mirid bug/green_mirid_bug_00843.jpg
G03864,1,1,False,6. Green mirid bug,6. Green mirid bug/green_mirid_bug_00844.jpg
G03865,1,1,False,6. Green mirid bug,6. Green mirid bug/green_mirid_bug_00845.jpg
G03866,1,1,False,6. Green mirid bug,6. Green mirid bug/green_mirid_bug_00846.jpg
G03867,1,1,False,6. Green mirid bug,6. Green mirid bug/green_mirid_bug_00847.jpg
G03868,1,1,False,6. Green mirid bug,6. Green mirid bug/green_mirid_bug_00848.jpg
G03869,1,1,False,6. Green mirid bug,6. Green mirid bug/green_mirid_bug_00849.jpg
G03870,1,1,False,6. Green mirid bug,6. Green mirid bug/green_mirid_bug_00850.jpg
G03871,1,1,False,6. Green mirid bug,6. Green mirid bug/green_mirid_bug_00851.jpg
G03872,1,1,False,6. Green mirid bug,6. Green mirid bug/green_mirid_bug_00852.jpg
G03873,1,1,False,6. Green mirid bug,6. Green mirid bug/green_mirid_bug_00853.jpg
G03874,1,1,False,6. Green mirid bug,6. Green mirid bug/green_mirid_bug_00854.jpg
G03875,1,1,False,6. Green mirid bug,6. Green mirid bug/green_mirid_bug_00855.jpg
G03876,1,1,False,6. Green mirid bug,6. Green mirid bug/green_mirid_bug_00856.jpg
G03877,1,1,False,6. Green mirid bug,6. Green mirid bug/green_mirid_bug_00857.jpg
G03878,1,1,False,6. Green mirid bug,6. Green mirid bug/green_mirid_bug_00858.jpg
G03879,1,1,False,6. Green mirid bug,6. Green mirid bug/green_mirid_bug_00859.jpg
G03880,1,1,False,6. Green mirid bug,6. Green mirid bug/green_mirid_bug_00860.jpg
G03881,1,1,False,6. Green mirid bug,6. Green mirid bug/green_mirid_bug_00861.jpg
G03882,1,1,False,6. Green mirid bug,6. Green mirid bug/green_mirid_bug_00862.jpg
G03883,1,1,False,6. Green mirid bug,6. Green mirid bug/green_mirid_bug_00863.jpg
G03884,1,1,False,6. Green mirid bug,6. Green mirid bug/green_mirid_bug_00864.jpg
G03885,1,1,False,6. Green mirid bug,6. Green mirid bug/green_mirid_bug_00865.jpg
G03886,1,1,False,6. Green mirid bug,6. Green mirid bug/green_mirid_bug_00866.jpg
G03887,1,1,False,6. Green mirid bug,6. Green mirid bug/green_mirid_bug_00867.jpg
G03888,1,1,False,6. Green mirid bug,6. Green mirid bug/green_mirid_bug_00868.jpg
G03889,1,1,False,6. Green mirid bug,6. Green mirid bug/green_mirid_bug_00869.jpg
G03890,1,1,False,6. Green mirid bug,6. Green mirid bug/green_mirid_bug_00870.jpg
G03891,1,1,False,6. Green mirid bug,6. Green mirid bug/green_mirid_bug_00871.jpg
G03892,1,1,False,6. Green mirid bug,6. Green mirid bug/green_mirid_bug_00872.jpg
G03893,1,1,False,6. Green mirid bug,6. Green mirid bug/green_mirid_bug_00873.jpg
G03894,1,1,False,6. Green mirid bug,6. Green mirid bug/green_mirid_bug_00874.jpg
G03895,1,1,False,6. Green mirid bug,6. Green mirid bug/green_mirid_bug_00875.jpg
G03896,1,1,False,6. Green mirid bug,6. Green mirid bug/green_mirid_bug_00876.jpg
G03897,1,1,False,6. Green mirid bug,6. Green mirid bug/green_mirid_bug_00877.jpg
G03898,1,1,False,6. Green mirid bug,6. Green mirid bug/green_mirid_bug_00878.jpg
G03899,1,1,False,6. Green mirid bug,6. Green mirid bug/green_mirid_bug_00879.jpg
G03900,1,1,False,6. Green mirid bug,6. Green mirid bug/green_mirid_bug_00880.jpg
G03901,1,1,False,6. Green mirid bug,6. Green mirid bug/green_mirid_bug_00881.jpg
G03902,1,1,False,6. Green mirid bug,6. Green mirid bug/green_mirid_bug_00882.jpg
G03903,1,1,False,6. Green mirid bug,6. Green mirid bug/green_mirid_bug_00883.jpg
G03904,1,1,False,6. Green mirid bug,6. Green mirid bug/green_mirid_bug_00884.jpg
G03905,1,1,False,6. Green mirid bug,6. Green mirid bug/green_mirid_bug_00885.jpg
G03906,1,1,False,6. Green mirid bug,6. Green mirid bug/green_mirid_bug_00886.jpg
G03907,1,1,False,6. Green mirid bug,6. Green mirid bug/green_mirid_bug_00887.jpg
G03908,1,1,False,6. Green mirid bug,6. Green mirid bug/green_mirid_bug_00888.jpg
G03909,1,1,False,6. Green mirid bug,6. Green mirid bug/green_mirid_bug_00889.jpg
G03910,1,1,False,6. Green mirid bug,6. Green mirid bug/green_mirid_bug_00890.jpg
G03911,1,1,False,6. Green mirid bug,6. Green mirid bug/green_mirid_bug_00891.jpg
G03912,1,1,False,6. Green mirid bug,6. Green mirid bug/green_mirid_bug_00892.jpg
G03913,1,1,False,6. Green mirid bug,6. Green mirid bug/green_mirid_bug_00893.jpg
G03914,1,1,False,6. Green mirid bug,6. Green mirid bug/green_mirid_bug_00894.jpg
G03915,1,1,False,6. Green mirid bug,6. Green mirid bug/green_mirid_bug_00895.jpg
G03916,1,1,False,6. Green mirid bug,6. Green mirid bug/green_mirid_bug_00896.jpg
G03917,1,1,False,6. Green mirid bug,6. Green mirid bug/green_mirid_bug_00897.jpg
G03918,1,1,False,6. Green mirid bug,6. Green mirid bug/green_mirid_bug_00898.jpg
G03919,1,1,False,6. Green mirid bug,6. Green mirid bug/green_mirid_bug_00899.jpg
G03920,1,1,False,6. Green mirid bug,6. Green mirid bug/green_mirid_bug_00900.jpg
G03921,1,1,False,6. Green mirid bug,6. Green mirid bug/green_mirid_bug_00901.jpg
G03922,1,1,False,6. Green mirid bug,6. Green mirid bug/green_mirid_bug_00902.jpg
G03923,1,1,False,6. Green mirid bug,6. Green mirid bug/green_mirid_bug_00903.jpg
G03924,1,1,False,6. Green mirid bug,6. Green mirid bug/green_mirid_bug_00904.jpg
G03925,1,1,False,6. Green mirid bug,6. Green mirid bug/green_mirid_bug_00905.jpg
G03926,1,1,False,6. Green mirid bug,6. Green mirid bug/green_mirid_bug_00906.jpg
G03927,1,1,False,6. Green mirid bug,6. Green mirid bug/green_mirid_bug_00907.jpg
G03928,1,1,False,6. Green mirid bug,6. Green mirid bug/green_mirid_bug_00908.jpg
G03929,1,1,False,6. Green mirid bug,6. Green mirid bug/green_mirid_bug_00909.jpg
G03930,1,1,False,6. Green mirid bug,6. Green mirid bug/green_mirid_bug_00910.jpg
G03931,1,1,False,6. Green mirid bug,6. Green mirid bug/green_mirid_bug_00911.jpg
G03932,1,1,False,6. Green mirid bug,6. Green mirid bug/green_mirid_bug_00912.jpg
G03933,1,1,False,6. Green mirid bug,6. Green mirid bug/green_mirid_bug_00913.jpg
G03934,1,1,False,6. Green mirid bug,6. Green mirid bug/green_mirid_bug_00914.jpg
G03935,1,1,False,6. Green mirid bug,6. Green mirid bug/green_mirid_bug_00915.jpg
G03936,1,1,False,6. Green mirid bug,6. Green mirid bug/green_mirid_bug_00916.jpg
G03937,1,1,False,6. Green mirid bug,6. Green mirid bug/green_mirid_bug_00917.jpg
G03938,1,1,False,6. Green mirid bug,6. Green mirid bug/green_mirid_bug_00918.jpg
G03939,1,1,False,6. Green mirid bug,6. Green mirid bug/green_mirid_bug_00919.jpg
G03940,1,1,False,6. Green mirid bug,6. Green mirid bug/green_mirid_bug_00920.jpg
G03941,1,1,False,6. Green mirid bug,6. Green mirid bug/green_mirid_bug_00921.jpg
G03942,1,1,False,6. Green mirid bug,6. Green mirid bug/green_mirid_bug_00922.jpg
G03943,1,1,False,6. Green mirid bug,6. Green mirid bug/green_mirid_bug_00923.jpg
G03944,1,1,False,6. Green mirid bug,6. Green mirid bug/green_mirid_bug_00924.jpg
G03945,1,1,False,6. Green mirid bug,6. Green mirid bug/green_mirid_bug_00925.jpg
G03946,1,1,False,6. Green mirid bug,6. Green mirid bug/green_mirid_bug_00926.jpg
G03947,1,1,False,6. Green mirid bug,6. Green mirid bug/green_mirid_bug_00927.jpg
G03948,1,1,False,6. Green mirid bug,6. Green mirid bug/green_mirid_bug_00928.jpg
G03949,1,1,False,6. Green mirid bug,6. Green mirid bug/green_mirid_bug_00929.jpg
G03950,1,1,False,6. Green mirid bug,6. Green mirid bug/green_mirid_bug_00930.jpg
G03951,1,1,False,6. Green mirid bug,6. Green mirid bug/green_mirid_bug_00931.jpg
G03952,1,1,False,6. Green mirid bug,6. Green mirid bug/green_mirid_bug_00932.jpg
G03953,1,1,False,6. Green mirid bug,6. Green mirid bug/green_mirid_bug_00933.jpg
G03954,1,1,False,6. Green mirid bug,6. Green mirid bug/green_mirid_bug_00934.jpg
G03955,1,1,False,6. Green mirid bug,6. Green mirid bug/green_mirid_bug_00935.jpg
G03956,1,1,False,6. Green mirid bug,6. Green mirid bug/green_mirid_bug_00936.jpg
G03957,1,1,False,6. Green mirid bug,6. Green mirid bug/green_mirid_bug_00937.jpg
G03958,1,1,False,6. Green mirid bug,6. Green mirid bug/green_mirid_bug_00938.jpg
G03959,1,1,False,6. Green mirid bug,6. Green mirid bug/green_mirid_bug_00939.jpg
G03960,1,1,False,6. Green mirid bug,6. Green mirid bug/green_mirid_bug_00940.jpg
G03961,1,1,False,6. Green mirid bug,6. Green mirid bug/green_mirid_bug_00941.jpg
G03962,1,1,False,6. Green mirid bug,6. Green mirid bug/green_mirid_bug_00942.jpg
G03963,1,1,False,6. Green mirid bug,6. Green mirid bug/green_mirid_bug_00943.jpg
G03964,1,1,False,6. Green mirid bug,6. Green mirid bug/green_mirid_bug_00944.jpg
G03965,1,1,False,6. Green mirid bug,6. Green mirid bug/green_mirid_bug_00945.jpg
G03966,1,1,False,6. Green mirid bug,6. Green mirid bug/green_mirid_bug_00946.jpg
G03967,1,1,False,6. Green mirid bug,6. Green mirid bug/green_mirid_bug_00947.jpg
G03968,1,1,False,6. Green mirid bug,6. Green mirid bug/green_mirid_bug_00948.jpg
G03969,1,1,False,6. Green mirid bug,6. Green mirid bug/green_mirid_bug_00949.jpg
G03970,1,1,False,6. Green mirid bug,6. Green mirid bug/green_mirid_bug_00950.jpg
G03971,1,1,False,6. Green mirid bug,6. Green mirid bug/green_mirid_bug_00951.jpg
G03972,1,1,False,6. Green mirid bug,6. Green mirid bug/green_mirid_bug_00952.jpg
G03973,1,1,False,6. Green mirid bug,6. Green mirid bug/green_mirid_bug_00953.jpg
G03974,1,1,False,6. Green mirid bug,6. Green mirid bug/green_mirid_bug_00954.jpg
G03975,1,1,False,6. Green mirid bug,6. Green mirid bug/green_mirid_bug_00955.jpg
G03976,1,1,False,6. Green mirid bug,6. Green mirid bug/green_mirid_bug_00956.jpg
G03977,1,1,False,6. Green mirid bug,6. Green mirid bug/green_mirid_bug_00957.jpg
G03978,1,1,False,6. Green mirid bug,6. Green mirid bug/green_mirid_bug_00958.jpg
G03979,1,1,False,6. Green mirid bug,6. Green mirid bug/green_mirid_bug_00959.jpg
G03980,1,1,False,6. Green mirid bug,6. Green mirid bug/green_mirid_bug_00960.jpg
G03981,1,1,False,6. Green mirid bug,6. Green mirid bug/green_mirid_bug_00961.jpg
G03982,1,1,False,6. Green mirid bug,6. Green mirid bug/green_mirid_bug_00962.jpg
G03983,1,1,False,6. Green mirid bug,6. Green mirid bug/green_mirid_bug_00963.jpg
G03984,1,1,False,6. Green mirid bug,6. Green mirid bug/green_mirid_bug_00964.jpg
G03985,1,1,False,6. Green mirid bug,6. Green mirid bug/green_mirid_bug_00965.jpg
G03986,1,1,False,6. Green mirid bug,6. Green mirid bug/green_mirid_bug_00966.jpg
G03987,1,1,False,6. Green mirid bug,6. Green mirid bug/green_mirid_bug_00967.jpg
G03988,1,1,False,6. Green mirid bug,6. Green mirid bug/green_mirid_bug_00968.jpg
G03989,1,1,False,6. Green mirid bug,6. Green mirid bug/green_mirid_bug_00969.jpg
G03990,1,1,False,6. Green mirid bug,6. Green mirid bug/green_mirid_bug_00970.jpg
G03991,1,1,False,6. Green mirid bug,6. Green mirid bug/green_mirid_bug_00971.jpg
G03992,1,1,False,6. Green mirid bug,6. Green mirid bug/green_mirid_bug_00972.jpg
G03993,1,1,False,6. Green mirid bug,6. Green mirid bug/green_mirid_bug_00973.jpg
G03994,1,1,False,6. Green mirid bug,6. Green mirid bug/green_mirid_bug_00974.jpg
G03995,1,1,False,6. Green mirid bug,6. Green mirid bug/green_mirid_bug_00975.jpg
G03996,1,1,False,6. Green mirid bug,6. Green mirid bug/green_mirid_bug_00976.jpg
G03997,1,1,False,6. Green mirid bug,6. Green mirid bug/green_mirid_bug_00977.jpg
G03998,1,1,False,6. Green mirid bug,6. Green mirid bug/green_mirid_bug_00978.jpg
G03999,1,1,False,6. Green mirid bug,6. Green mirid bug/green_mirid_bug_00979.jpg
G04000,1,1,False,6. Green mirid bug,6. Green mirid bug/green_mirid_bug_00980.jpg
G04001,1,1,False,6. Green mirid bug,6. Green mirid bug/green_mirid_bug_00981.jpg
G04002,1,1,False,6. Green mirid bug,6. Green mirid bug/green_mirid_bug_00982.jpg
G04003,1,1,False,6. Green mirid bug,6. Green mirid bug/green_mirid_bug_00983.jpg
G04004,1,1,False,6. Green mirid bug,6. Green mirid bug/green_mirid_bug_00984.jpg
G04005,1,1,False,6. Green mirid bug,6. Green mirid bug/green_mirid_bug_00985.jpg
G04006,1,1,False,6. Green mirid bug,6. Green mirid bug/green_mirid_bug_00986.jpg
G04007,1,1,False,6. Green mirid bug,6. Green mirid bug/green_mirid_bug_00987.jpg
G04008,1,1,False,6. Green mirid bug,6. Green mirid bug/green_mirid_bug_00988.jpg
G04009,1,1,False,6. Green mirid bug,6. Green mirid bug/green_mirid_bug_00989.jpg
G04010,1,1,False,6. Green mirid bug,6. Green mirid bug/green_mirid_bug_00990.jpg
G04011,1,1,False,6. Green mirid bug,6. Green mirid bug/green_mirid_bug_00991.jpg
G04012,1,1,False,6. Green mirid bug,6. Green mirid bug/green_mirid_bug_00992.jpg
G04013,1,1,False,6. Green mirid bug,6. Green mirid bug/green_mirid_bug_00993.jpg
G04014,1,1,False,6. Green mirid bug,6. Green mirid bug/green_mirid_bug_00994.jpg
G04015,1,1,False,6. Green mirid bug,6. Green mirid bug/green_mirid_bug_00995.jpg
G04016,1,1,False,6. Green mirid bug,6. Green mirid bug/green_mirid_bug_00996.jpg
G04017,1,1,False,6. Green mirid bug,6. Green mirid bug/green_mirid_bug_00997.jpg
G04018,1,1,False,6. Green mirid bug,6. Green mirid bug/green_mirid_bug_00998.jpg
G04019,1,1,False,6. Green mirid bug,6. Green mirid bug/green_mirid_bug_00999.jpg
G04020,1,1,False,6. Green mirid bug,6. Green mirid bug/green_mirid_bug_01000.jpg
G04021,1,1,False,6. Green mirid bug,6. Green mirid bug/green_mirid_bug_01001.jpg
G04022,1,1,False,6. Green mirid bug,6. Green mirid bug/green_mirid_bug_01002.jpg
G04023,1,1,False,6. Green mirid bug,6. Green mirid bug/green_mirid_bug_01003.jpg
G04024,1,1,False,6. Green mirid bug,6. Green mirid bug/green_mirid_bug_01004.jpg
G04025,1,1,False,6. Green mirid bug,6. Green mirid bug/green_mirid_bug_01005.jpg
G04026,1,1,False,6. Green mirid bug,6. Green mirid bug/green_mirid_bug_01006.jpg
G04027,1,1,False,6. Green mirid bug,6. Green mirid bug/green_mirid_bug_01007.jpg
G04028,1,1,False,6. Green mirid bug,6. Green mirid bug/green_mirid_bug_01008.jpg
G04029,1,1,False,6. Green mirid bug,6. Green mirid bug/green_mirid_bug_01009.jpg
G04030,1,1,False,6. Green mirid bug,6. Green mirid bug/green_mirid_bug_01010.jpg
G04031,1,1,False,6. Green mirid bug,6. Green mirid bug/green_mirid_bug_01011.jpg
G04032,1,1,False,6. Green mirid bug,6. Green mirid bug/green_mirid_bug_01012.jpg
G04033,1,1,False,6. Green mirid bug,6. Green mirid bug/green_mirid_bug_01013.jpg
G04034,1,1,False,6. Green mirid bug,6. Green mirid bug/green_mirid_bug_01014.jpg
G04035,1,1,False,6. Green mirid bug,6. Green mirid bug/green_mirid_bug_01015.jpg
G04036,1,1,False,6. Green mirid bug,6. Green mirid bug/green_mirid_bug_01016.jpg
G04037,1,1,False,6. Green mirid bug,6. Green mirid bug/green_mirid_bug_01017.jpg
G04038,1,1,False,6. Green mirid bug,6. Green mirid bug/green_mirid_bug_01018.jpg
G04039,1,1,False,6. Green mirid bug,6. Green mirid bug/green_mirid_bug_01019.jpg
G04040,1,1,False,6. Green mirid bug,6. Green mirid bug/green_mirid_bug_01020.jpg
G04041,1,1,False,6. Green mirid bug,6. Green mirid bug/green_mirid_bug_01021.jpg
G04042,1,1,False,6. Green mirid bug,6. Green mirid bug/green_mirid_bug_01022.jpg
G04043,1,1,False,6. Green mirid bug,6. Green mirid bug/green_mirid_bug_01023.jpg
G04044,1,1,False,6. Green mirid bug,6. Green mirid bug/green_mirid_bug_01024.jpg
G04045,1,1,False,6. Green mirid bug,6. Green mirid bug/green_mirid_bug_01025.jpg
G04046,1,1,False,6. Green mirid bug,6. Green mirid bug/green_mirid_bug_01026.jpg
G04047,1,1,False,6. Green mirid bug,6. Green mirid bug/green_mirid_bug_01027.jpg
G04048,1,1,False,6. Green mirid bug,6. Green mirid bug/green_mirid_bug_01028.jpg
G04049,1,1,False,6. Green mirid bug,6. Green mirid bug/green_mirid_bug_01029.jpg
G04050,1,1,False,6. Green mirid bug,6. Green mirid bug/green_mirid_bug_01030.jpg
G04051,1,1,False,6. Green mirid bug,6. Green mirid bug/green_mirid_bug_01031.jpg
G04052,1,1,False,6. Green mirid bug,6. Green mirid bug/green_mirid_bug_01032.jpg
G04053,1,1,False,6. Green mirid bug,6. Green mirid bug/green_mirid_bug_01033.jpg
G04054,1,1,False,6. Green mirid bug,6. Green mirid bug/green_mirid_bug_01034.jpg
G04055,1,1,False,6. Green mirid bug,6. Green mirid bug/green_mirid_bug_01035.jpg
G04056,1,1,False,6. Green mirid bug,6. Green mirid bug/green_mirid_bug_01036.jpg
G04057,1,1,False,6. Green mirid bug,6. Green mirid bug/green_mirid_bug_01037.jpg
G04058,1,1,False,6. Green mirid bug,6. Green mirid bug/green_mirid_bug_01038.jpg
G04059,1,1,False,6. Green mirid bug,6. Green mirid bug/green_mirid_bug_01039.jpg
G04060,1,1,False,6. Green mirid bug,6. Green mirid bug/green_mirid_bug_01040.jpg
G04061,1,1,False,6. Green mirid bug,6. Green mirid bug/green_mirid_bug_01041.jpg
G04062,1,1,False,6. Green mirid bug,6. Green mirid bug/green_mirid_bug_01042.jpg
G04063,1,1,False,6. Green mirid bug,6. Green mirid bug/green_mirid_bug_01043.jpg
G04064,1,1,False,6. Green mirid bug,6. Green mirid bug/green_mirid_bug_01044.jpg
G04065,1,1,False,6. Green mirid bug,6. Green mirid bug/green_mirid_bug_01045.jpg
G04066,1,1,False,6. Green mirid bug,6. Green mirid bug/green_mirid_bug_01046.jpg
G04067,1,1,False,6. Green mirid bug,6. Green mirid bug/green_mirid_bug_01047.jpg
G04068,1,1,False,6. Green mirid bug,6. Green mirid bug/green_mirid_bug_01048.jpg
G04069,1,1,False,6. Green mirid bug,6. Green mirid bug/green_mirid_bug_01049.jpg
G04070,1,1,False,6. Green mirid bug,6. Green mirid bug/green_mirid_bug_01050.jpg
G04071,1,1,False,6. Green mirid bug,6. Green mirid bug/green_mirid_bug_01051.jpg
G04072,1,1,False,6. Green mirid bug,6. Green mirid bug/green_mirid_bug_01052.jpg
G04073,1,1,False,6. Green mirid bug,6. Green mirid bug/green_mirid_bug_01053.jpg
G04074,1,1,False,6. Green mirid bug,6. Green mirid bug/green_mirid_bug_01054.jpg
G04075,1,1,False,6. Green mirid bug,6. Green mirid bug/green_mirid_bug_01055.jpg
G04076,1,1,False,6. Green mirid bug,6. Green mirid bug/green_mirid_bug_01056.jpg
G04077,1,1,False,6. Green mirid bug,6. Green mirid bug/green_mirid_bug_01057.jpg
G04078,1,1,False,6. Green mirid bug,6. Green mirid bug/green_mirid_bug_01058.jpg
G04079,1,1,False,6. Green mirid bug,6. Green mirid bug/green_mirid_bug_01059.jpg
G04080,1,1,False,6. Green mirid bug,6. Green mirid bug/green_mirid_bug_01060.jpg
G04081,1,1,False,6. Green mirid bug,6. Green mirid bug/green_mirid_bug_01061.jpg
G04082,1,1,False,6. Green mirid bug,6. Green mirid bug/green_mirid_bug_01062.jpg
G04083,1,1,False,6. Green mirid bug,6. Green mirid bug/green_mirid_bug_01063.jpg
G04084,1,1,False,6. Green mirid bug,6. Green mirid bug/green_mirid_bug_01064.jpg
G04085,1,1,False,6. Green mirid bug,6. Green mirid bug/green_mirid_bug_01065.jpg
G04086,1,1,False,6. Green mirid bug,6. Green mirid bug/green_mirid_bug_01066.jpg
G04087,1,1,False,6. Green mirid bug,6. Green mirid bug/green_mirid_bug_01067.jpg
G04088,1,1,False,6. Green mirid bug,6. Green mirid bug/green_mirid_bug_01068.jpg
G04089,1,1,False,6. Green mirid bug,6. Green mirid bug/green_mirid_bug_01069.jpg
G04090,1,1,False,6. Green mirid bug,6. Green mirid bug/green_mirid_bug_01070.jpg
G04091,1,1,False,6. Green mirid bug,6. Green mirid bug/green_mirid_bug_01071.jpg
G04092,1,1,False,6. Green mirid bug,6. Green mirid bug/green_mirid_bug_01074.jpg
G04093,1,1,False,6. Green mirid bug,6. Green mirid bug/green_mirid_bug_01075.jpg
G04094,1,1,False,6. Green mirid bug,6. Green mirid bug/green_mirid_bug_01076.jpg
G04095,1,1,False,6. Green mirid bug,6. Green mirid bug/green_mirid_bug_01077.jpg
G04096,1,1,False,6. Green mirid bug,6. Green mirid bug/green_mirid_bug_01078.jpg
G04097,1,1,False,6. Green mirid bug,6. Green mirid bug/green_mirid_bug_01079.jpg
G04098,1,1,False,6. Green mirid bug,6. Green mirid bug/green_mirid_bug_01080.jpg
G04099,1,1,False,6. Green mirid bug,6. Green mirid bug/green_mirid_bug_01081.jpg
G04100,1,1,False,6. Green mirid bug,6. Green mirid bug/green_mirid_bug_01082.jpg
G04101,1,1,False,6. Green mirid bug,6. Green mirid bug/green_mirid_bug_01083.jpg
G04102,1,1,False,6. Green mirid bug,6. Green mirid bug/green_mirid_bug_01084.jpg
G04103,1,1,False,6. Green mirid bug,6. Green mirid bug/green_mirid_bug_01085.jpg
G04104,1,1,False,6. Green mirid bug,6. Green mirid bug/green_mirid_bug_01086.jpg
G04105,1,1,False,6. Green mirid bug,6. Green mirid bug/green_mirid_bug_01087.jpg
G04106,1,1,False,6. Green mirid bug,6. Green mirid bug/green_mirid_bug_01088.jpg
G04107,1,1,False,6. Green mirid bug,6. Green mirid bug/green_mirid_bug_01089.jpg
G04108,1,1,False,6. Green mirid bug,6. Green mirid bug/green_mirid_bug_01090.jpg
G04109,1,1,False,6. Green mirid bug,6. Green mirid bug/green_mirid_bug_01091.jpg
G04110,1,1,False,6. Green mirid bug,6. Green mirid bug/green_mirid_bug_01092.jpg
G04111,1,1,False,6. Green mirid bug,6. Green mirid bug/green_mirid_bug_01093.jpg
G04112,1,1,False,6. Green mirid bug,6. Green mirid bug/green_mirid_bug_01094.jpg
G04113,1,1,False,6. Green mirid bug,6. Green mirid bug/green_mirid_bug_01095.jpg
G04114,1,1,False,6. Green mirid bug,6. Green mirid bug/green_mirid_bug_01096.jpg
G04115,1,1,False,6. Green mirid bug,6. Green mirid bug/green_mirid_bug_01097.jpg
G04116,1,1,False,6. Green mirid bug,6. Green mirid bug/green_mirid_bug_01098.jpg
G04117,1,1,False,6. Green mirid bug,6. Green mirid bug/green_mirid_bug_01099.jpg
G04118,1,1,False,6. Green mirid bug,6. Green mirid bug/green_mirid_bug_01100.jpg
G04119,1,1,False,6. Green mirid bug,6. Green mirid bug/green_mirid_bug_01101.jpg
G04120,1,1,False,6. Green mirid bug,6. Green mirid bug/green_mirid_bug_01102.jpg
G04121,1,1,False,6. Green mirid bug,6. Green mirid bug/green_mirid_bug_01103.jpg
G04122,1,1,False,6. Green mirid bug,6. Green mirid bug/green_mirid_bug_01104.jpg
G04123,1,1,False,6. Green mirid bug,6. Green mirid bug/green_mirid_bug_01105.jpg
G04124,1,1,False,6. Green mirid bug,6. Green mirid bug/green_mirid_bug_01106.jpg
G04125,1,1,False,6. Green mirid bug,6. Green mirid bug/green_mirid_bug_01107.jpg
G04126,1,1,False,6. Green mirid bug,6. Green mirid bug/green_mirid_bug_01108.jpg
G04127,1,1,False,6. Green mirid bug,6. Green mirid bug/green_mirid_bug_01109.jpg
G04128,1,1,False,6. Green mirid bug,6. Green mirid bug/green_mirid_bug_01110.jpg
G04129,1,1,False,6. Green mirid bug,6. Green mirid bug/green_mirid_bug_01111.jpg
G04130,1,1,False,6. Green mirid bug,6. Green mirid bug/green_mirid_bug_01112.jpg
G04131,1,1,False,6. Green mirid bug,6. Green mirid bug/green_mirid_bug_01113.jpg
G04132,1,1,False,6. Green mirid bug,6. Green mirid bug/green_mirid_bug_01114.jpg
G04133,1,1,False,6. Green mirid bug,6. Green mirid bug/green_mirid_bug_01115.jpg
G04134,1,1,False,6. Green mirid bug,6. Green mirid bug/green_mirid_bug_01116.jpg
G04135,1,1,False,6. Green mirid bug,6. Green mirid bug/green_mirid_bug_01117.jpg
G04136,1,1,False,6. Green mirid bug,6. Green mirid bug/green_mirid_bug_01118.jpg
G04137,1,1,False,6. Green mirid bug,6. Green mirid bug/green_mirid_bug_01119.jpg
G04138,1,1,False,6. Green mirid bug,6. Green mirid bug/green_mirid_bug_01120.jpg
G04139,1,1,False,6. Green mirid bug,6. Green mirid bug/green_mirid_bug_01121.jpg
G04140,1,1,False,6. Green mirid bug,6. Green mirid bug/green_mirid_bug_01122.jpg
G04141,1,1,False,6. Green mirid bug,6. Green mirid bug/green_mirid_bug_01123.jpg
G04142,1,1,False,6. Green mirid bug,6. Green mirid bug/green_mirid_bug_01124.jpg
G04143,1,1,False,6. Green mirid bug,6. Green mirid bug/green_mirid_bug_01125.jpg
G04144,1,1,False,6. Green mirid bug,6. Green mirid bug/green_mirid_bug_01126.jpg
G04145,1,1,False,6. Green mirid bug,6. Green mirid bug/green_mirid_bug_01127.jpg
G04146,1,1,False,6. Green mirid bug,6. Green mirid bug/green_mirid_bug_01128.jpg
G04147,1,1,False,6. Green mirid bug,6. Green mirid bug/green_mirid_bug_01129.jpg
G04148,1,1,False,6. Green mirid bug,6. Green mirid bug/green_mirid_bug_01130.jpg
G04149,1,1,False,6. Green mirid bug,6. Green mirid bug/green_mirid_bug_01131.jpg
G04150,1,1,False,6. Green mirid bug,6. Green mirid bug/green_mirid_bug_01132.jpg
G04151,1,1,False,6. Green mirid bug,6. Green mirid bug/green_mirid_bug_01133.jpg
G04152,1,1,False,6. Green mirid bug,6. Green mirid bug/green_mirid_bug_01134.jpg
G04153,1,1,False,6. Green mirid bug,6. Green mirid bug/green_mirid_bug_01135.jpg
G04154,1,1,False,6. Green mirid bug,6. Green mirid bug/green_mirid_bug_01136.jpg
G04155,1,1,False,6. Green mirid bug,6. Green mirid bug/green_mirid_bug_01137.jpg
G04156,1,1,False,6. Green mirid bug,6. Green mirid bug/green_mirid_bug_01138.jpg
G04157,1,1,False,6. Green mirid bug,6. Green mirid bug/green_mirid_bug_01139.jpg
G04158,1,1,False,6. Green mirid bug,6. Green mirid bug/green_mirid_bug_01140.jpg
G04159,1,1,False,6. Green mirid bug,6. Green mirid bug/green_mirid_bug_01141.jpg
G04160,1,1,False,6. Green mirid bug,6. Green mirid bug/green_mirid_bug_01142.jpg
G04161,1,1,False,6. Green mirid bug,6. Green mirid bug/green_mirid_bug_01143.jpg
G04162,1,1,False,6. Green mirid bug,6. Green mirid bug/green_mirid_bug_01144.jpg
G04163,1,1,False,6. Green mirid bug,6. Green mirid bug/green_mirid_bug_01145.jpg
G04164,1,1,False,6. Green mirid bug,6. Green mirid bug/green_mirid_bug_01146.jpg
G04165,1,1,False,6. Green mirid bug,6. Green mirid bug/green_mirid_bug_01147.jpg
G04166,1,1,False,6. Green mirid bug,6. Green mirid bug/green_mirid_bug_01148.jpg
G04167,1,1,False,6. Green mirid bug,6. Green mirid bug/green_mirid_bug_01149.jpg
G04168,1,1,False,6. Green mirid bug,6. Green mirid bug/green_mirid_bug_01150.jpg
G04169,1,1,False,6. Green mirid bug,6. Green mirid bug/green_mirid_bug_01151.jpg
G04170,1,1,False,6. Green mirid bug,6. Green mirid bug/green_mirid_bug_01152.jpg
G04171,1,1,False,6. Green mirid bug,6. Green mirid bug/green_mirid_bug_01153.jpg
G04172,1,1,False,6. Green mirid bug,6. Green mirid bug/green_mirid_bug_01154.jpg
G04173,1,1,False,6. Green mirid bug,6. Green mirid bug/green_mirid_bug_01155.jpg
G04174,1,1,False,6. Green mirid bug,6. Green mirid bug/green_mirid_bug_01156.jpg
G04175,1,1,False,6. Green mirid bug,6. Green mirid bug/green_mirid_bug_01157.jpg
G04176,1,1,False,6. Green mirid bug,6. Green mirid bug/green_mirid_bug_01158.jpg
G04177,1,1,False,6. Green mirid bug,6. Green mirid bug/green_mirid_bug_01159.jpg
G04178,1,1,False,6. Green mirid bug,6. Green mirid bug/green_mirid_bug_01160.jpg
G04179,1,1,False,6. Green mirid bug,6. Green mirid bug/green_mirid_bug_01161.jpg
G04180,1,1,False,6. Green mirid bug,6. Green mirid bug/green_mirid_bug_01162.jpg
G04181,1,1,False,6. Green mirid bug,6. Green mirid bug/green_mirid_bug_01163.jpg
G04182,1,1,False,6. Green mirid bug,6. Green mirid bug/green_mirid_bug_01164.jpg
G04183,1,1,False,6. Green mirid bug,6. Green mirid bug/green_mirid_bug_01165.jpg
G04184,1,1,False,6. Green mirid bug,6. Green mirid bug/green_mirid_bug_01166.jpg
G04185,1,1,False,6. Green mirid bug,6. Green mirid bug/green_mirid_bug_01167.jpg
G04186,1,1,False,6. Green mirid bug,6. Green mirid bug/green_mirid_bug_01168.jpg
G04187,1,1,False,6. Green mirid bug,6. Green mirid bug/green_mirid_bug_01169.jpg
G04188,1,1,False,6. Green mirid bug,6. Green mirid bug/green_mirid_bug_01170.jpg
G04189,1,1,False,6. Green mirid bug,6. Green mirid bug/green_mirid_bug_01171.jpg
G04190,1,1,False,6. Green mirid bug,6. Green mirid bug/green_mirid_bug_01172.jpg
G04191,1,1,False,6. Green mirid bug,6. Green mirid bug/green_mirid_bug_01173.jpg
G04192,1,1,False,6. Green mirid bug,6. Green mirid bug/green_mirid_bug_01174.jpg
G04193,1,1,False,6. Green mirid bug,6. Green mirid bug/green_mirid_bug_01175.jpg
G04194,1,1,False,6. Green mirid bug,6. Green mirid bug/green_mirid_bug_01176.jpg
G04195,1,1,False,6. Green mirid bug,6. Green mirid bug/green_mirid_bug_01177.jpg
G04196,1,1,False,6. Green mirid bug,6. Green mirid bug/green_mirid_bug_01178.jpg
G04197,1,1,False,6. Green mirid bug,6. Green mirid bug/green_mirid_bug_01179.jpg
G04198,1,1,False,6. Green mirid bug,6. Green mirid bug/green_mirid_bug_01180.jpg
G04199,1,1,False,6. Green mirid bug,6. Green mirid bug/green_mirid_bug_01181.jpg
G04200,1,1,False,6. Green mirid bug,6. Green mirid bug/green_mirid_bug_01182.jpg
G04201,1,1,False,6. Green mirid bug,6. Green mirid bug/green_mirid_bug_01183.jpg
G04202,1,1,False,6. Green mirid bug,6. Green mirid bug/green_mirid_bug_01184.jpg
G04203,1,1,False,6. Green mirid bug,6. Green mirid bug/green_mirid_bug_01185.jpg
G04204,1,1,False,6. Green mirid bug,6. Green mirid bug/green_mirid_bug_01186.jpg
G04205,1,1,False,6. Green mirid bug,6. Green mirid bug/green_mirid_bug_01187.jpg
G04206,1,1,False,6. Green mirid bug,6. Green mirid bug/green_mirid_bug_01188.jpg
G04207,1,1,False,6. Green mirid bug,6. Green mirid bug/green_mirid_bug_01189.jpg
G04208,1,1,False,6. Green mirid bug,6. Green mirid bug/green_mirid_bug_01190.jpg
G04209,1,1,False,6. Green mirid bug,6. Green mirid bug/green_mirid_bug_01191.jpg
G04210,1,1,False,6. Green mirid bug,6. Green mirid bug/green_mirid_bug_01192.jpg
G04211,1,1,False,6. Green mirid bug,6. Green mirid bug/green_mirid_bug_01193.jpg
G04212,1,1,False,6. Green mirid bug,6. Green mirid bug/green_mirid_bug_01194.jpg
G04213,1,1,False,6. Green mirid bug,6. Green mirid bug/green_mirid_bug_01195.jpg
G04214,1,1,False,6. Green mirid bug,6. Green mirid bug/green_mirid_bug_01196.jpg
G04215,1,1,False,6. Green mirid bug,6. Green mirid bug/green_mirid_bug_01197.jpg
G04216,1,1,False,6. Green mirid bug,6. Green mirid bug/green_mirid_bug_01198.jpg
G04217,1,1,False,6. Green mirid bug,6. Green mirid bug/green_mirid_bug_01199.jpg
G04218,1,1,False,6. Green mirid bug,6. Green mirid bug/green_mirid_bug_01200.jpg
G04219,1,1,False,6. Green mirid bug,6. Green mirid bug/green_mirid_bug_01201.jpg
G04220,1,1,False,6. Green mirid bug,6. Green mirid bug/green_mirid_bug_01202.jpg
G04221,1,1,False,6. Green mirid bug,6. Green mirid bug/green_mirid_bug_01203.jpg
G04222,1,1,False,6. Green mirid bug,6. Green mirid bug/green_mirid_bug_01204.jpg
G04223,1,1,False,6. Green mirid bug,6. Green mirid bug/green_mirid_bug_01205.jpg
G04224,1,1,False,6. Green mirid bug,6. Green mirid bug/green_mirid_bug_01206.jpg
G04225,1,1,False,6. Green mirid bug,6. Green mirid bug/green_mirid_bug_01207.jpg
G04226,1,1,False,6. Green mirid bug,6. Green mirid bug/green_mirid_bug_01208.jpg
G04227,1,1,False,6. Green mirid bug,6. Green mirid bug/green_mirid_bug_01209.jpg
G04228,1,1,False,6. Green mirid bug,6. Green mirid bug/green_mirid_bug_01210.jpg
G04229,1,1,False,6. Green mirid bug,6. Green mirid bug/green_mirid_bug_01211.jpg
G04230,1,1,False,6. Green mirid bug,6. Green mirid bug/green_mirid_bug_01212.jpg
G04231,1,1,False,6. Green mirid bug,6. Green mirid bug/green_mirid_bug_01213.jpg
G04232,1,1,False,6. Green mirid bug,6. Green mirid bug/green_mirid_bug_01214.jpg
G04233,1,1,False,6. Green mirid bug,6. Green mirid bug/green_mirid_bug_01215.jpg
G04234,1,1,False,6. Green mirid bug,6. Green mirid bug/green_mirid_bug_01216.jpg
G04235,1,1,False,6. Green mirid bug,6. Green mirid bug/green_mirid_bug_01217.jpg
G04236,1,1,False,6. Green mirid bug,6. Green mirid bug/green_mirid_bug_01218.jpg
G04237,1,1,False,6. Green mirid bug,6. Green mirid bug/green_mirid_bug_01219.jpg
G04238,1,1,False,6. Green mirid bug,6. Green mirid bug/green_mirid_bug_01220.jpg
G04239,1,1,False,6. Green mirid bug,6. Green mirid bug/green_mirid_bug_01221.jpg
G04240,1,1,False,6. Green mirid bug,6. Green mirid bug/green_mirid_bug_01222.jpg
G04241,1,1,False,6. Green mirid bug,6. Green mirid bug/green_mirid_bug_01223.jpg
G04242,1,1,False,6. Green mirid bug,6. Green mirid bug/green_mirid_bug_01224.jpg
G04243,1,1,False,6. Green mirid bug,6. Green mirid bug/green_mirid_bug_01225.jpg
G04244,1,1,False,6. Green mirid bug,6. Green mirid bug/green_mirid_bug_01226.jpg
G04245,1,1,False,6. Green mirid bug,6. Green mirid bug/green_mirid_bug_01227.jpg
G04246,1,1,False,6. Green mirid bug,6. Green mirid bug/green_mirid_bug_01228.jpg
G04247,1,1,False,6. Green mirid bug,6. Green mirid bug/green_mirid_bug_01229.jpg
G04248,1,1,False,6. Green mirid bug,6. Green mirid bug/green_mirid_bug_01230.jpg
G04249,1,1,False,6. Green mirid bug,6. Green mirid bug/green_mirid_bug_01231.jpg
G04250,1,1,False,6. Green mirid bug,6. Green mirid bug/green_mirid_bug_01232.jpg
G04251,1,1,False,6. Green mirid bug,6. Green mirid bug/green_mirid_bug_01233.jpg
G04252,1,1,False,6. Green mirid bug,6. Green mirid bug/green_mirid_bug_01234.jpg
G04253,1,1,False,6. Green mirid bug,6. Green mirid bug/green_mirid_bug_01235.jpg
G04254,1,1,False,6. Green mirid bug,6. Green mirid bug/green_mirid_bug_01236.jpg
G04255,1,1,False,6. Green mirid bug,6. Green mirid bug/green_mirid_bug_01237.jpg
G04256,1,1,False,6. Green mirid bug,6. Green mirid bug/green_mirid_bug_01238.jpg
G04257,1,1,False,6. Green mirid bug,6. Green mirid bug/green_mirid_bug_01239.jpg
G04258,1,1,False,6. Green mirid bug,6. Green mirid bug/green_mirid_bug_01240.jpg
G04259,1,1,False,6. Green mirid bug,6. Green mirid bug/green_mirid_bug_01241.jpg
G04260,1,1,False,6. Green mirid bug,6. Green mirid bug/green_mirid_bug_01242.jpg
G04261,1,1,False,6. Green mirid bug,6. Green mirid bug/green_mirid_bug_01243.jpg
G04262,1,1,False,6. Green mirid bug,6. Green mirid bug/green_mirid_bug_01244.jpg
G04263,1,1,False,6. Green mirid bug,6. Green mirid bug/green_mirid_bug_01245.jpg
G04264,1,1,False,6. Green mirid bug,6. Green mirid bug/green_mirid_bug_01246.jpg
G04265,1,1,False,6. Green mirid bug,6. Green mirid bug/green_mirid_bug_01247.jpg
G04266,1,1,False,6. Green mirid bug,6. Green mirid bug/green_mirid_bug_01248.jpg
G04267,1,1,False,6. Green mirid bug,6. Green mirid bug/green_mirid_bug_01249.jpg
G04268,1,1,False,6. Green mirid bug,6. Green mirid bug/green_mirid_bug_01250.jpg
G04269,1,1,False,6. Green mirid bug,6. Green mirid bug/green_mirid_bug_01251.jpg
G04270,1,1,False,6. Green mirid bug,6. Green mirid bug/green_mirid_bug_01252.jpg
G04271,1,1,False,6. Green mirid bug,6. Green mirid bug/green_mirid_bug_01253.jpg
G04272,1,1,False,6. Green mirid bug,6. Green mirid bug/green_mirid_bug_01254.jpg
G04273,1,1,False,6. Green mirid bug,6. Green mirid bug/green_mirid_bug_01255.jpg
G04274,1,1,False,6. Green mirid bug,6. Green mirid bug/green_mirid_bug_01256.jpg
G04275,1,1,False,6. Green mirid bug,6. Green mirid bug/green_mirid_bug_01257.jpg
G04276,1,1,False,6. Green mirid bug,6. Green mirid bug/green_mirid_bug_01258.jpg
G04277,1,1,False,6. Green mirid bug,6. Green mirid bug/green_mirid_bug_01259.jpg
G04278,1,1,False,6. Green mirid bug,6. Green mirid bug/green_mirid_bug_01260.jpg
G04279,1,1,False,6. Green mirid bug,6. Green mirid bug/green_mirid_bug_01261.jpg
G04280,1,1,False,6. Green mirid bug,6. Green mirid bug/green_mirid_bug_01262.jpg
G04281,1,1,False,6. Green mirid bug,6. Green mirid bug/green_mirid_bug_01263.jpg
G04282,1,1,False,6. Green mirid bug,6. Green mirid bug/green_mirid_bug_01264.jpg
G04283,1,1,False,6. Green mirid bug,6. Green mirid bug/green_mirid_bug_01265.jpg
G04284,1,1,False,6. Green mirid bug,6. Green mirid bug/green_mirid_bug_01266.jpg
G04285,1,1,False,6. Green mirid bug,6. Green mirid bug/green_mirid_bug_01267.jpg
G04286,1,1,False,6. Green mirid bug,6. Green mirid bug/green_mirid_bug_01268.jpg
G04287,1,1,False,6. Green mirid bug,6. Green mirid bug/green_mirid_bug_01269.jpg
G04288,1,1,False,6. Green mirid bug,6. Green mirid bug/green_mirid_bug_01270.jpg
G04289,1,1,False,6. Green mirid bug,6. Green mirid bug/green_mirid_bug_01271.jpg
G04290,1,1,False,6. Green mirid bug,6. Green mirid bug/green_mirid_bug_01272.jpg
G04291,1,1,False,6. Green mirid bug,6. Green mirid bug/green_mirid_bug_01273.jpg
G04292,1,1,False,6. Green mirid bug,6. Green mirid bug/green_mirid_bug_01274.jpg
G04293,1,1,False,6. Green mirid bug,6. Green mirid bug/green_mirid_bug_01275.jpg
G04294,1,1,False,6. Green mirid bug,6. Green mirid bug/green_mirid_bug_01276.jpg
G04295,1,1,False,6. Green mirid bug,6. Green mirid bug/green_mirid_bug_01277.jpg
G04296,1,1,False,6. Green mirid bug,6. Green mirid bug/green_mirid_bug_01278.jpg
G04297,1,1,False,6. Green mirid bug,6. Green mirid bug/green_mirid_bug_01279.jpg
G04298,1,1,False,6. Green mirid bug,6. Green mirid bug/green_mirid_bug_01280.jpg
G04299,1,1,False,6. Green mirid bug,6. Green mirid bug/green_mirid_bug_01281.jpg
G04300,1,1,False,6. Green mirid bug,6. Green mirid bug/green_mirid_bug_01282.jpg
G04301,1,1,False,7. Healthy leaf,7. Healthy leaf/healthy_00001.jpg
G04302,1,1,False,7. Healthy leaf,7. Healthy leaf/healthy_00002.jpg
G04303,1,1,False,7. Healthy leaf,7. Healthy leaf/healthy_00003.jpg
G04304,1,1,False,7. Healthy leaf,7. Healthy leaf/healthy_00004.jpg
G04305,1,1,False,7. Healthy leaf,7. Healthy leaf/healthy_00005.jpg
G04306,1,1,False,7. Healthy leaf,7. Healthy leaf/healthy_00006.jpg
G04307,1,1,False,7. Healthy leaf,7. Healthy leaf/healthy_00007.jpg
G04308,1,1,False,7. Healthy leaf,7. Healthy leaf/healthy_00008.jpg
G04309,1,1,False,7. Healthy leaf,7. Healthy leaf/healthy_00009.jpg
G04310,1,1,False,7. Healthy leaf,7. Healthy leaf/healthy_00010.jpg
G04311,1,1,False,7. Healthy leaf,7. Healthy leaf/healthy_00011.jpg
G04312,1,1,False,7. Healthy leaf,7. Healthy leaf/healthy_00012.jpg
G04313,1,1,False,7. Healthy leaf,7. Healthy leaf/healthy_00013.jpg
G04314,1,1,False,7. Healthy leaf,7. Healthy leaf/healthy_00014.jpg
G04315,1,1,False,7. Healthy leaf,7. Healthy leaf/healthy_00015.jpg
G04316,1,1,False,7. Healthy leaf,7. Healthy leaf/healthy_00016.jpg
G04317,1,1,False,7. Healthy leaf,7. Healthy leaf/healthy_00017.jpg
G04318,1,1,False,7. Healthy leaf,7. Healthy leaf/healthy_00018.jpg
G04319,1,1,False,7. Healthy leaf,7. Healthy leaf/healthy_00019.jpg
G04320,1,1,False,7. Healthy leaf,7. Healthy leaf/healthy_00020.jpg
G04321,1,1,False,7. Healthy leaf,7. Healthy leaf/healthy_00021.jpg
G04322,1,1,False,7. Healthy leaf,7. Healthy leaf/healthy_00022.jpg
G04323,1,1,False,7. Healthy leaf,7. Healthy leaf/healthy_00023.jpg
G04324,1,1,False,7. Healthy leaf,7. Healthy leaf/healthy_00024.jpg
G04325,1,1,False,7. Healthy leaf,7. Healthy leaf/healthy_00025.jpg
G04326,1,1,False,7. Healthy leaf,7. Healthy leaf/healthy_00026.jpg
G04327,1,1,False,7. Healthy leaf,7. Healthy leaf/healthy_00027.jpg
G04328,1,1,False,7. Healthy leaf,7. Healthy leaf/healthy_00028.jpg
G04329,1,1,False,7. Healthy leaf,7. Healthy leaf/healthy_00029.jpg
G04330,1,1,False,7. Healthy leaf,7. Healthy leaf/healthy_00030.jpg
G04331,1,1,False,7. Healthy leaf,7. Healthy leaf/healthy_00031.jpg
G04332,1,1,False,7. Healthy leaf,7. Healthy leaf/healthy_00032.jpg
G04333,1,1,False,7. Healthy leaf,7. Healthy leaf/healthy_00033.jpg
G04334,1,1,False,7. Healthy leaf,7. Healthy leaf/healthy_00034.jpg
G04335,1,1,False,7. Healthy leaf,7. Healthy leaf/healthy_00035.jpg
G04336,1,1,False,7. Healthy leaf,7. Healthy leaf/healthy_00036.jpg
G04337,1,1,False,7. Healthy leaf,7. Healthy leaf/healthy_00037.jpg
G04338,1,1,False,7. Healthy leaf,7. Healthy leaf/healthy_00038.jpg
G04339,1,1,False,7. Healthy leaf,7. Healthy leaf/healthy_00039.jpg
G04340,1,1,False,7. Healthy leaf,7. Healthy leaf/healthy_00040.jpg
G04341,1,1,False,7. Healthy leaf,7. Healthy leaf/healthy_00041.jpg
G04342,1,1,False,7. Healthy leaf,7. Healthy leaf/healthy_00042.jpg
G04343,1,1,False,7. Healthy leaf,7. Healthy leaf/healthy_00043.jpg
G04344,1,1,False,7. Healthy leaf,7. Healthy leaf/healthy_00044.jpg
G04345,1,1,False,7. Healthy leaf,7. Healthy leaf/healthy_00045.jpg
G04346,1,1,False,7. Healthy leaf,7. Healthy leaf/healthy_00046.jpg
G04347,1,1,False,7. Healthy leaf,7. Healthy leaf/healthy_00047.jpg
G04348,1,1,False,7. Healthy leaf,7. Healthy leaf/healthy_00048.jpg
G04349,1,1,False,7. Healthy leaf,7. Healthy leaf/healthy_00049.jpg
G04350,1,1,False,7. Healthy leaf,7. Healthy leaf/healthy_00050.jpg
G04351,1,1,False,7. Healthy leaf,7. Healthy leaf/healthy_00051.jpg
G04352,1,1,False,7. Healthy leaf,7. Healthy leaf/healthy_00052.jpg
G04353,1,1,False,7. Healthy leaf,7. Healthy leaf/healthy_00053.jpg
G04354,1,1,False,7. Healthy leaf,7. Healthy leaf/healthy_00054.jpg
G04355,1,1,False,7. Healthy leaf,7. Healthy leaf/healthy_00055.jpg
G04356,1,1,False,7. Healthy leaf,7. Healthy leaf/healthy_00056.jpg
G04357,1,1,False,7. Healthy leaf,7. Healthy leaf/healthy_00057.jpg
G04358,1,1,False,7. Healthy leaf,7. Healthy leaf/healthy_00058.jpg
G04359,1,1,False,7. Healthy leaf,7. Healthy leaf/healthy_00059.jpg
G04360,1,1,False,7. Healthy leaf,7. Healthy leaf/healthy_00060.jpg
G04361,1,1,False,7. Healthy leaf,7. Healthy leaf/healthy_00061.jpg
G04362,1,1,False,7. Healthy leaf,7. Healthy leaf/healthy_00062.jpg
G04363,1,1,False,7. Healthy leaf,7. Healthy leaf/healthy_00063.jpg
G04364,1,1,False,7. Healthy leaf,7. Healthy leaf/healthy_00064.jpg
G04365,1,1,False,7. Healthy leaf,7. Healthy leaf/healthy_00065.jpg
G04366,1,1,False,7. Healthy leaf,7. Healthy leaf/healthy_00066.jpg
G04367,1,1,False,7. Healthy leaf,7. Healthy leaf/healthy_00067.jpg
G04368,1,1,False,7. Healthy leaf,7. Healthy leaf/healthy_00068.jpg
G04369,1,1,False,7. Healthy leaf,7. Healthy leaf/healthy_00069.jpg
G04370,1,1,False,7. Healthy leaf,7. Healthy leaf/healthy_00070.jpg
G04371,1,1,False,7. Healthy leaf,7. Healthy leaf/healthy_00071.jpg
G04372,1,1,False,7. Healthy leaf,7. Healthy leaf/healthy_00072.jpg
G04373,1,1,False,7. Healthy leaf,7. Healthy leaf/healthy_00073.jpg
G04374,1,1,False,7. Healthy leaf,7. Healthy leaf/healthy_00074.jpg
G04375,1,1,False,7. Healthy leaf,7. Healthy leaf/healthy_00075.jpg
G04376,1,1,False,7. Healthy leaf,7. Healthy leaf/healthy_00076.jpg
G04377,1,1,False,7. Healthy leaf,7. Healthy leaf/healthy_00077.jpg
G04378,1,1,False,7. Healthy leaf,7. Healthy leaf/healthy_00078.jpg
G04379,1,1,False,7. Healthy leaf,7. Healthy leaf/healthy_00079.jpg
G04380,1,1,False,7. Healthy leaf,7. Healthy leaf/healthy_00080.jpg
G04381,1,1,False,7. Healthy leaf,7. Healthy leaf/healthy_00081.jpg
G04382,1,1,False,7. Healthy leaf,7. Healthy leaf/healthy_00082.jpg
G04383,1,1,False,7. Healthy leaf,7. Healthy leaf/healthy_00083.jpg
G04384,1,1,False,7. Healthy leaf,7. Healthy leaf/healthy_00084.jpg
G04385,1,1,False,7. Healthy leaf,7. Healthy leaf/healthy_00085.jpg
G04386,1,1,False,7. Healthy leaf,7. Healthy leaf/healthy_00086.jpg
G04387,1,1,False,7. Healthy leaf,7. Healthy leaf/healthy_00087.jpg
G04388,1,1,False,7. Healthy leaf,7. Healthy leaf/healthy_00088.jpg
G04389,1,1,False,7. Healthy leaf,7. Healthy leaf/healthy_00089.jpg
G04390,1,1,False,7. Healthy leaf,7. Healthy leaf/healthy_00090.jpg
G04391,1,1,False,7. Healthy leaf,7. Healthy leaf/healthy_00091.jpg
G04392,1,1,False,7. Healthy leaf,7. Healthy leaf/healthy_00092.jpg
G04393,1,1,False,7. Healthy leaf,7. Healthy leaf/healthy_00093.jpg
G04394,1,1,False,7. Healthy leaf,7. Healthy leaf/healthy_00094.jpg
G04395,1,1,False,7. Healthy leaf,7. Healthy leaf/healthy_00095.jpg
G04396,1,1,False,7. Healthy leaf,7. Healthy leaf/healthy_00096.jpg
G04397,1,1,False,7. Healthy leaf,7. Healthy leaf/healthy_00097.jpg
G04398,1,1,False,7. Healthy leaf,7. Healthy leaf/healthy_00098.jpg
G04399,1,1,False,7. Healthy leaf,7. Healthy leaf/healthy_00099.jpg
G04400,1,1,False,7. Healthy leaf,7. Healthy leaf/healthy_00100.jpg
G04401,1,1,False,7. Healthy leaf,7. Healthy leaf/healthy_00101.jpg
G04402,1,1,False,7. Healthy leaf,7. Healthy leaf/healthy_00102.jpg
G04403,1,1,False,7. Healthy leaf,7. Healthy leaf/healthy_00103.jpg
G04404,1,1,False,7. Healthy leaf,7. Healthy leaf/healthy_00104.jpg
G04405,1,1,False,7. Healthy leaf,7. Healthy leaf/healthy_00105.jpg
G04406,1,1,False,7. Healthy leaf,7. Healthy leaf/healthy_00106.jpg
G04407,1,1,False,7. Healthy leaf,7. Healthy leaf/healthy_00107.jpg
G04408,1,1,False,7. Healthy leaf,7. Healthy leaf/healthy_00108.jpg
G04409,1,1,False,7. Healthy leaf,7. Healthy leaf/healthy_00109.jpg
G04410,1,1,False,7. Healthy leaf,7. Healthy leaf/healthy_00110.jpg
G04411,1,1,False,7. Healthy leaf,7. Healthy leaf/healthy_00111.jpg
G04412,1,1,False,7. Healthy leaf,7. Healthy leaf/healthy_00112.jpg
G04413,1,1,False,7. Healthy leaf,7. Healthy leaf/healthy_00113.jpg
G04414,1,1,False,7. Healthy leaf,7. Healthy leaf/healthy_00114.jpg
G04415,1,1,False,7. Healthy leaf,7. Healthy leaf/healthy_00115.jpg
G04416,1,1,False,7. Healthy leaf,7. Healthy leaf/healthy_00116.jpg
G04417,1,1,False,7. Healthy leaf,7. Healthy leaf/healthy_00117.jpg
G04418,1,1,False,7. Healthy leaf,7. Healthy leaf/healthy_00118.jpg
G04419,1,1,False,7. Healthy leaf,7. Healthy leaf/healthy_00119.jpg
G04420,1,1,False,7. Healthy leaf,7. Healthy leaf/healthy_00120.jpg
G04421,1,1,False,7. Healthy leaf,7. Healthy leaf/healthy_00121.jpg
G04422,1,1,False,7. Healthy leaf,7. Healthy leaf/healthy_00122.jpg
G04423,1,1,False,7. Healthy leaf,7. Healthy leaf/healthy_00123.jpg
G04424,1,1,False,7. Healthy leaf,7. Healthy leaf/healthy_00124.jpg
G04425,1,1,False,7. Healthy leaf,7. Healthy leaf/healthy_00125.jpg
G04426,1,1,False,7. Healthy leaf,7. Healthy leaf/healthy_00126.jpg
G04427,1,1,False,7. Healthy leaf,7. Healthy leaf/healthy_00127.jpg
G04428,1,1,False,7. Healthy leaf,7. Healthy leaf/healthy_00128.jpg
G04429,1,1,False,7. Healthy leaf,7. Healthy leaf/healthy_00129.jpg
G04430,1,1,False,7. Healthy leaf,7. Healthy leaf/healthy_00130.jpg
G04431,1,1,False,7. Healthy leaf,7. Healthy leaf/healthy_00131.jpg
G04432,1,1,False,7. Healthy leaf,7. Healthy leaf/healthy_00132.jpg
G04433,1,1,False,7. Healthy leaf,7. Healthy leaf/healthy_00133.jpg
G04434,1,1,False,7. Healthy leaf,7. Healthy leaf/healthy_00134.jpg
G04435,1,1,False,7. Healthy leaf,7. Healthy leaf/healthy_00135.jpg
G04436,1,1,False,7. Healthy leaf,7. Healthy leaf/healthy_00136.jpg
G04437,1,1,False,7. Healthy leaf,7. Healthy leaf/healthy_00137.jpg
G04438,1,1,False,7. Healthy leaf,7. Healthy leaf/healthy_00138.jpg
G04439,1,1,False,7. Healthy leaf,7. Healthy leaf/healthy_00139.jpg
G04440,1,1,False,7. Healthy leaf,7. Healthy leaf/healthy_00140.jpg
G04441,1,1,False,7. Healthy leaf,7. Healthy leaf/healthy_00141.jpg
G04442,1,1,False,7. Healthy leaf,7. Healthy leaf/healthy_00142.jpg
G04443,1,1,False,7. Healthy leaf,7. Healthy leaf/healthy_00143.jpg
G04444,1,1,False,7. Healthy leaf,7. Healthy leaf/healthy_00144.jpg
G04445,1,1,False,7. Healthy leaf,7. Healthy leaf/healthy_00145.jpg
G04446,1,1,False,7. Healthy leaf,7. Healthy leaf/healthy_00146.jpg
G04447,1,1,False,7. Healthy leaf,7. Healthy leaf/healthy_00147.jpg
G04448,1,1,False,7. Healthy leaf,7. Healthy leaf/healthy_00148.jpg
G04449,1,1,False,7. Healthy leaf,7. Healthy leaf/healthy_00149.jpg
G04450,1,1,False,7. Healthy leaf,7. Healthy leaf/healthy_00150.jpg
G04451,1,1,False,7. Healthy leaf,7. Healthy leaf/healthy_00151.jpg
G04452,1,1,False,7. Healthy leaf,7. Healthy leaf/healthy_00152.jpg
G04453,1,1,False,7. Healthy leaf,7. Healthy leaf/healthy_00153.jpg
G04454,1,1,False,7. Healthy leaf,7. Healthy leaf/healthy_00154.jpg
G04455,1,1,False,7. Healthy leaf,7. Healthy leaf/healthy_00155.jpg
G04456,1,1,False,7. Healthy leaf,7. Healthy leaf/healthy_00156.jpg
G04457,1,1,False,7. Healthy leaf,7. Healthy leaf/healthy_00157.jpg
G04458,1,1,False,7. Healthy leaf,7. Healthy leaf/healthy_00158.jpg
G04459,1,1,False,7. Healthy leaf,7. Healthy leaf/healthy_00159.jpg
G04460,1,1,False,7. Healthy leaf,7. Healthy leaf/healthy_00160.jpg
G04461,1,1,False,7. Healthy leaf,7. Healthy leaf/healthy_00161.jpg
G04462,1,1,False,7. Healthy leaf,7. Healthy leaf/healthy_00162.jpg
G04463,1,1,False,7. Healthy leaf,7. Healthy leaf/healthy_00163.jpg
G04464,1,1,False,7. Healthy leaf,7. Healthy leaf/healthy_00164.jpg
G04465,1,1,False,7. Healthy leaf,7. Healthy leaf/healthy_00165.jpg
G04466,1,1,False,7. Healthy leaf,7. Healthy leaf/healthy_00166.jpg
G04467,1,1,False,7. Healthy leaf,7. Healthy leaf/healthy_00167.jpg
G04468,1,1,False,7. Healthy leaf,7. Healthy leaf/healthy_00168.jpg
G04469,1,1,False,7. Healthy leaf,7. Healthy leaf/healthy_00169.jpg
G04470,1,1,False,7. Healthy leaf,7. Healthy leaf/healthy_00170.jpg
G04471,1,1,False,7. Healthy leaf,7. Healthy leaf/healthy_00171.jpg
G04472,1,1,False,7. Healthy leaf,7. Healthy leaf/healthy_00172.jpg
G04473,1,1,False,7. Healthy leaf,7. Healthy leaf/healthy_00173.jpg
G04474,1,1,False,7. Healthy leaf,7. Healthy leaf/healthy_00174.jpg
G04475,1,1,False,7. Healthy leaf,7. Healthy leaf/healthy_00175.jpg
G04476,1,1,False,7. Healthy leaf,7. Healthy leaf/healthy_00176.jpg
G04477,1,1,False,7. Healthy leaf,7. Healthy leaf/healthy_00177.jpg
G04478,1,1,False,7. Healthy leaf,7. Healthy leaf/healthy_00178.jpg
G04479,1,1,False,7. Healthy leaf,7. Healthy leaf/healthy_00179.jpg
G04480,1,1,False,7. Healthy leaf,7. Healthy leaf/healthy_00180.jpg
G04481,1,1,False,7. Healthy leaf,7. Healthy leaf/healthy_00181.jpg
G04482,1,1,False,7. Healthy leaf,7. Healthy leaf/healthy_00182.jpg
G04483,1,1,False,7. Healthy leaf,7. Healthy leaf/healthy_00183.jpg
G04484,1,1,False,7. Healthy leaf,7. Healthy leaf/healthy_00184.jpg
G04485,1,1,False,7. Healthy leaf,7. Healthy leaf/healthy_00185.jpg
G04486,1,1,False,7. Healthy leaf,7. Healthy leaf/healthy_00186.jpg
G04487,1,1,False,7. Healthy leaf,7. Healthy leaf/healthy_00187.jpg
G04488,1,1,False,7. Healthy leaf,7. Healthy leaf/healthy_00188.jpg
G04489,1,1,False,7. Healthy leaf,7. Healthy leaf/healthy_00189.jpg
G04490,1,1,False,7. Healthy leaf,7. Healthy leaf/healthy_00190.jpg
G04491,1,1,False,7. Healthy leaf,7. Healthy leaf/healthy_00191.jpg
G04492,1,1,False,7. Healthy leaf,7. Healthy leaf/healthy_00192.jpg
G04493,1,1,False,7. Healthy leaf,7. Healthy leaf/healthy_00193.jpg
G04494,1,1,False,7. Healthy leaf,7. Healthy leaf/healthy_00194.jpg
G04495,1,1,False,7. Healthy leaf,7. Healthy leaf/healthy_00195.jpg
G04496,1,1,False,7. Healthy leaf,7. Healthy leaf/healthy_00196.jpg
G04497,1,1,False,7. Healthy leaf,7. Healthy leaf/healthy_00197.jpg
G04498,1,1,False,7. Healthy leaf,7. Healthy leaf/healthy_00198.jpg
G04499,1,1,False,7. Healthy leaf,7. Healthy leaf/healthy_00199.jpg
G04500,1,1,False,7. Healthy leaf,7. Healthy leaf/healthy_00200.jpg
G04501,1,1,False,7. Healthy leaf,7. Healthy leaf/healthy_00201.jpg
G04502,1,1,False,7. Healthy leaf,7. Healthy leaf/healthy_00202.jpg
G04503,1,1,False,7. Healthy leaf,7. Healthy leaf/healthy_00203.jpg
G04504,1,1,False,7. Healthy leaf,7. Healthy leaf/healthy_00204.jpg
G04505,1,1,False,7. Healthy leaf,7. Healthy leaf/healthy_00205.jpg
G04506,1,1,False,7. Healthy leaf,7. Healthy leaf/healthy_00206.jpg
G04507,1,1,False,7. Healthy leaf,7. Healthy leaf/healthy_00207.jpg
G04508,1,1,False,7. Healthy leaf,7. Healthy leaf/healthy_00208.jpg
G04509,1,1,False,7. Healthy leaf,7. Healthy leaf/healthy_00209.jpg
G04510,1,1,False,7. Healthy leaf,7. Healthy leaf/healthy_00210.jpg
G04511,1,1,False,7. Healthy leaf,7. Healthy leaf/healthy_00211.jpg
G04512,1,1,False,7. Healthy leaf,7. Healthy leaf/healthy_00212.jpg
G04513,1,1,False,7. Healthy leaf,7. Healthy leaf/healthy_00213.jpg
G04514,1,1,False,7. Healthy leaf,7. Healthy leaf/healthy_00214.jpg
G04515,1,1,False,7. Healthy leaf,7. Healthy leaf/healthy_00215.jpg
G04516,1,1,False,7. Healthy leaf,7. Healthy leaf/healthy_00216.jpg
G04517,1,1,False,7. Healthy leaf,7. Healthy leaf/healthy_00217.jpg
G04518,1,1,False,7. Healthy leaf,7. Healthy leaf/healthy_00218.jpg
G04519,1,1,False,7. Healthy leaf,7. Healthy leaf/healthy_00219.jpg
G04520,1,1,False,7. Healthy leaf,7. Healthy leaf/healthy_00220.jpg
G04521,1,1,False,7. Healthy leaf,7. Healthy leaf/healthy_00221.jpg
G04522,1,1,False,7. Healthy leaf,7. Healthy leaf/healthy_00222.jpg
G04523,1,1,False,7. Healthy leaf,7. Healthy leaf/healthy_00223.jpg
G04524,1,1,False,7. Healthy leaf,7. Healthy leaf/healthy_00224.jpg
G04525,1,1,False,7. Healthy leaf,7. Healthy leaf/healthy_00225.jpg
G04526,1,1,False,7. Healthy leaf,7. Healthy leaf/healthy_00226.jpg
G04527,1,1,False,7. Healthy leaf,7. Healthy leaf/healthy_00227.jpg
G04528,1,1,False,7. Healthy leaf,7. Healthy leaf/healthy_00228.jpg
G04529,1,1,False,7. Healthy leaf,7. Healthy leaf/healthy_00229.jpg
G04530,1,1,False,7. Healthy leaf,7. Healthy leaf/healthy_00230.jpg
G04531,1,1,False,7. Healthy leaf,7. Healthy leaf/healthy_00231.jpg
G04532,1,1,False,7. Healthy leaf,7. Healthy leaf/healthy_00232.jpg
G04533,1,1,False,7. Healthy leaf,7. Healthy leaf/healthy_00233.jpg
G04534,1,1,False,7. Healthy leaf,7. Healthy leaf/healthy_00234.jpg
G04535,1,1,False,7. Healthy leaf,7. Healthy leaf/healthy_00235.jpg
G04536,1,1,False,7. Healthy leaf,7. Healthy leaf/healthy_00236.jpg
G04537,1,1,False,7. Healthy leaf,7. Healthy leaf/healthy_00237.jpg
G04538,1,1,False,7. Healthy leaf,7. Healthy leaf/healthy_00238.jpg
G04539,1,1,False,7. Healthy leaf,7. Healthy leaf/healthy_00239.jpg
G04540,1,1,False,7. Healthy leaf,7. Healthy leaf/healthy_00240.jpg
G04541,1,1,False,7. Healthy leaf,7. Healthy leaf/healthy_00241.jpg
G04542,1,1,False,7. Healthy leaf,7. Healthy leaf/healthy_00242.jpg
G04543,1,1,False,7. Healthy leaf,7. Healthy leaf/healthy_00243.jpg
G04544,1,1,False,7. Healthy leaf,7. Healthy leaf/healthy_00244.jpg
G04545,1,1,False,7. Healthy leaf,7. Healthy leaf/healthy_00245.jpg
G04546,1,1,False,7. Healthy leaf,7. Healthy leaf/healthy_00246.jpg
G04547,1,1,False,7. Healthy leaf,7. Healthy leaf/healthy_00247.jpg
G04548,1,1,False,7. Healthy leaf,7. Healthy leaf/healthy_00248.jpg
G04549,1,1,False,7. Healthy leaf,7. Healthy leaf/healthy_00249.jpg
G04550,1,1,False,7. Healthy leaf,7. Healthy leaf/healthy_00250.jpg
G04551,1,1,False,7. Healthy leaf,7. Healthy leaf/healthy_00251.jpg
G04552,1,1,False,7. Healthy leaf,7. Healthy leaf/healthy_00252.jpg
G04553,1,1,False,7. Healthy leaf,7. Healthy leaf/healthy_00253.jpg
G04554,1,1,False,7. Healthy leaf,7. Healthy leaf/healthy_00254.jpg
G04555,1,1,False,7. Healthy leaf,7. Healthy leaf/healthy_00255.jpg
G04556,1,1,False,7. Healthy leaf,7. Healthy leaf/healthy_00256.jpg
G04557,1,1,False,7. Healthy leaf,7. Healthy leaf/healthy_00257.jpg
G04558,1,1,False,7. Healthy leaf,7. Healthy leaf/healthy_00258.jpg
G04559,1,1,False,7. Healthy leaf,7. Healthy leaf/healthy_00259.jpg
G04560,1,1,False,7. Healthy leaf,7. Healthy leaf/healthy_00260.jpg
G04561,1,1,False,7. Healthy leaf,7. Healthy leaf/healthy_00261.jpg
G04562,1,1,False,7. Healthy leaf,7. Healthy leaf/healthy_00262.jpg
G04563,1,1,False,7. Healthy leaf,7. Healthy leaf/healthy_00263.jpg
G04564,1,1,False,7. Healthy leaf,7. Healthy leaf/healthy_00264.jpg
G04565,1,1,False,7. Healthy leaf,7. Healthy leaf/healthy_00265.jpg
G04566,1,1,False,7. Healthy leaf,7. Healthy leaf/healthy_00266.jpg
G04567,1,1,False,7. Healthy leaf,7. Healthy leaf/healthy_00267.jpg
G04568,1,1,False,7. Healthy leaf,7. Healthy leaf/healthy_00268.jpg
G04569,1,1,False,7. Healthy leaf,7. Healthy leaf/healthy_00269.jpg
G04570,1,1,False,7. Healthy leaf,7. Healthy leaf/healthy_00270.jpg
G04571,1,1,False,7. Healthy leaf,7. Healthy leaf/healthy_00271.jpg
G04572,1,1,False,7. Healthy leaf,7. Healthy leaf/healthy_00272.jpg
G04573,1,1,False,7. Healthy leaf,7. Healthy leaf/healthy_00273.jpg
G04574,1,1,False,7. Healthy leaf,7. Healthy leaf/healthy_00274.jpg
G04575,1,1,False,7. Healthy leaf,7. Healthy leaf/healthy_00275.jpg
G04576,1,1,False,7. Healthy leaf,7. Healthy leaf/healthy_00276.jpg
G04577,1,1,False,7. Healthy leaf,7. Healthy leaf/healthy_00277.jpg
G04578,1,1,False,7. Healthy leaf,7. Healthy leaf/healthy_00278.jpg
G04579,1,1,False,7. Healthy leaf,7. Healthy leaf/healthy_00279.jpg
G04580,1,1,False,7. Healthy leaf,7. Healthy leaf/healthy_00280.jpg
G04581,1,1,False,7. Healthy leaf,7. Healthy leaf/healthy_00281.jpg
G04582,1,1,False,7. Healthy leaf,7. Healthy leaf/healthy_00282.jpg
G04583,1,1,False,7. Healthy leaf,7. Healthy leaf/healthy_00283.jpg
G04584,1,1,False,7. Healthy leaf,7. Healthy leaf/healthy_00284.jpg
G04585,1,1,False,7. Healthy leaf,7. Healthy leaf/healthy_00285.jpg
G04586,1,1,False,7. Healthy leaf,7. Healthy leaf/healthy_00286.jpg
G04587,1,1,False,7. Healthy leaf,7. Healthy leaf/healthy_00287.jpg
G04588,1,1,False,7. Healthy leaf,7. Healthy leaf/healthy_00288.jpg
G04589,1,1,False,7. Healthy leaf,7. Healthy leaf/healthy_00289.jpg
G04590,1,1,False,7. Healthy leaf,7. Healthy leaf/healthy_00290.jpg
G04591,1,1,False,7. Healthy leaf,7. Healthy leaf/healthy_00291.jpg
G04592,1,1,False,7. Healthy leaf,7. Healthy leaf/healthy_00292.jpg
G04593,1,1,False,7. Healthy leaf,7. Healthy leaf/healthy_00295.jpg
G04594,1,1,False,7. Healthy leaf,7. Healthy leaf/healthy_00296.jpg
G04595,1,1,False,7. Healthy leaf,7. Healthy leaf/healthy_00297.jpg
G04596,1,1,False,7. Healthy leaf,7. Healthy leaf/healthy_00298.jpg
G04597,1,1,False,7. Healthy leaf,7. Healthy leaf/healthy_00299.jpg
G04598,1,1,False,7. Healthy leaf,7. Healthy leaf/healthy_00300.jpg
G04599,1,1,False,7. Healthy leaf,7. Healthy leaf/healthy_00301.jpg
G04600,1,1,False,7. Healthy leaf,7. Healthy leaf/healthy_00302.jpg
G04601,1,1,False,7. Healthy leaf,7. Healthy leaf/healthy_00303.jpg
G04602,1,1,False,7. Healthy leaf,7. Healthy leaf/healthy_00304.jpg
G04603,1,1,False,7. Healthy leaf,7. Healthy leaf/healthy_00305.jpg
G04604,1,1,False,7. Healthy leaf,7. Healthy leaf/healthy_00306.jpg
G04605,1,1,False,7. Healthy leaf,7. Healthy leaf/healthy_00307.jpg
G04606,1,1,False,7. Healthy leaf,7. Healthy leaf/healthy_00308.jpg
G04607,1,1,False,7. Healthy leaf,7. Healthy leaf/healthy_00309.jpg
G04608,1,1,False,7. Healthy leaf,7. Healthy leaf/healthy_00310.jpg
G04609,1,1,False,7. Healthy leaf,7. Healthy leaf/healthy_00311.jpg
G04610,1,1,False,7. Healthy leaf,7. Healthy leaf/healthy_00312.jpg
G04611,1,1,False,7. Healthy leaf,7. Healthy leaf/healthy_00313.jpg
G04612,1,1,False,7. Healthy leaf,7. Healthy leaf/healthy_00314.jpg
G04613,1,1,False,7. Healthy leaf,7. Healthy leaf/healthy_00315.jpg
G04614,1,1,False,7. Healthy leaf,7. Healthy leaf/healthy_00316.jpg
G04615,1,1,False,7. Healthy leaf,7. Healthy leaf/healthy_00317.jpg
G04616,1,1,False,7. Healthy leaf,7. Healthy leaf/healthy_00318.jpg
G04617,1,1,False,7. Healthy leaf,7. Healthy leaf/healthy_00319.jpg
G04618,1,1,False,7. Healthy leaf,7. Healthy leaf/healthy_00320.jpg
G04619,1,1,False,7. Healthy leaf,7. Healthy leaf/healthy_00321.jpg
G04620,1,1,False,7. Healthy leaf,7. Healthy leaf/healthy_00322.jpg
G04621,1,1,False,7. Healthy leaf,7. Healthy leaf/healthy_00323.jpg
G04622,1,1,False,7. Healthy leaf,7. Healthy leaf/healthy_00324.jpg
G04623,1,1,False,7. Healthy leaf,7. Healthy leaf/healthy_00325.jpg
G04624,1,1,False,7. Healthy leaf,7. Healthy leaf/healthy_00326.jpg
G04625,1,1,False,7. Healthy leaf,7. Healthy leaf/healthy_00327.jpg
G04626,1,1,False,7. Healthy leaf,7. Healthy leaf/healthy_00328.jpg
G04627,1,1,False,7. Healthy leaf,7. Healthy leaf/healthy_00329.jpg
G04628,1,1,False,7. Healthy leaf,7. Healthy leaf/healthy_00330.jpg
G04629,1,1,False,7. Healthy leaf,7. Healthy leaf/healthy_00331.jpg
G04630,1,1,False,7. Healthy leaf,7. Healthy leaf/healthy_00332.jpg
G04631,1,1,False,7. Healthy leaf,7. Healthy leaf/healthy_00333.jpg
G04632,1,1,False,7. Healthy leaf,7. Healthy leaf/healthy_00334.jpg
G04633,1,1,False,7. Healthy leaf,7. Healthy leaf/healthy_00335.jpg
G04634,1,1,False,7. Healthy leaf,7. Healthy leaf/healthy_00336.jpg
G04635,1,1,False,7. Healthy leaf,7. Healthy leaf/healthy_00337.jpg
G04636,1,1,False,7. Healthy leaf,7. Healthy leaf/healthy_00338.jpg
G04637,1,1,False,7. Healthy leaf,7. Healthy leaf/healthy_00339.jpg
G04638,1,1,False,7. Healthy leaf,7. Healthy leaf/healthy_00340.jpg
G04639,1,1,False,7. Healthy leaf,7. Healthy leaf/healthy_00341.jpg
G04640,1,1,False,7. Healthy leaf,7. Healthy leaf/healthy_00342.jpg
G04641,1,1,False,7. Healthy leaf,7. Healthy leaf/healthy_00343.jpg
G04642,1,1,False,7. Healthy leaf,7. Healthy leaf/healthy_00344.jpg
G04643,1,1,False,7. Healthy leaf,7. Healthy leaf/healthy_00345.jpg
G04644,1,1,False,7. Healthy leaf,7. Healthy leaf/healthy_00346.jpg
G04645,1,1,False,7. Healthy leaf,7. Healthy leaf/healthy_00347.jpg
G04646,1,1,False,7. Healthy leaf,7. Healthy leaf/healthy_00348.jpg
G04647,1,1,False,7. Healthy leaf,7. Healthy leaf/healthy_00349.jpg
G04648,1,1,False,7. Healthy leaf,7. Healthy leaf/healthy_00350.jpg
G04649,1,1,False,7. Healthy leaf,7. Healthy leaf/healthy_00351.jpg
G04650,1,1,False,7. Healthy leaf,7. Healthy leaf/healthy_00352.jpg
G04651,1,1,False,7. Healthy leaf,7. Healthy leaf/healthy_00353.jpg
G04652,1,1,False,7. Healthy leaf,7. Healthy leaf/healthy_00354.jpg
G04653,1,1,False,7. Healthy leaf,7. Healthy leaf/healthy_00355.jpg
G04654,1,1,False,7. Healthy leaf,7. Healthy leaf/healthy_00356.jpg
G04655,1,1,False,7. Healthy leaf,7. Healthy leaf/healthy_00357.jpg
G04656,1,1,False,7. Healthy leaf,7. Healthy leaf/healthy_00358.jpg
G04657,1,1,False,7. Healthy leaf,7. Healthy leaf/healthy_00359.jpg
G04658,1,1,False,7. Healthy leaf,7. Healthy leaf/healthy_00360.jpg
G04659,1,1,False,7. Healthy leaf,7. Healthy leaf/healthy_00361.jpg
G04660,1,1,False,7. Healthy leaf,7. Healthy leaf/healthy_00362.jpg
G04661,1,1,False,7. Healthy leaf,7. Healthy leaf/healthy_00363.jpg
G04662,1,1,False,7. Healthy leaf,7. Healthy leaf/healthy_00364.jpg
G04663,1,1,False,7. Healthy leaf,7. Healthy leaf/healthy_00365.jpg
G04664,1,1,False,7. Healthy leaf,7. Healthy leaf/healthy_00366.jpg
G04665,1,1,False,7. Healthy leaf,7. Healthy leaf/healthy_00367.jpg
G04666,1,1,False,7. Healthy leaf,7. Healthy leaf/healthy_00368.jpg
G04667,1,1,False,7. Healthy leaf,7. Healthy leaf/healthy_00369.jpg
G04668,1,1,False,7. Healthy leaf,7. Healthy leaf/healthy_00370.jpg
G04669,1,1,False,7. Healthy leaf,7. Healthy leaf/healthy_00371.jpg
G04670,1,1,False,7. Healthy leaf,7. Healthy leaf/healthy_00372.jpg
G04671,1,1,False,7. Healthy leaf,7. Healthy leaf/healthy_00373.jpg
G04672,1,1,False,7. Healthy leaf,7. Healthy leaf/healthy_00374.jpg
G04673,1,1,False,7. Healthy leaf,7. Healthy leaf/healthy_00375.jpg
G04674,1,1,False,7. Healthy leaf,7. Healthy leaf/healthy_00376.jpg
G04675,1,1,False,7. Healthy leaf,7. Healthy leaf/healthy_00377.jpg
G04676,1,1,False,7. Healthy leaf,7. Healthy leaf/healthy_00378.jpg
G04677,1,1,False,7. Healthy leaf,7. Healthy leaf/healthy_00379.jpg
G04678,1,1,False,7. Healthy leaf,7. Healthy leaf/healthy_00380.jpg
G04679,1,1,False,7. Healthy leaf,7. Healthy leaf/healthy_00381.jpg
G04680,1,1,False,7. Healthy leaf,7. Healthy leaf/healthy_00382.jpg
G04681,1,1,False,7. Healthy leaf,7. Healthy leaf/healthy_00383.jpg
G04682,1,1,False,7. Healthy leaf,7. Healthy leaf/healthy_00384.jpg
G04683,1,1,False,7. Healthy leaf,7. Healthy leaf/healthy_00385.jpg
G04684,1,1,False,7. Healthy leaf,7. Healthy leaf/healthy_00386.jpg
G04685,1,1,False,7. Healthy leaf,7. Healthy leaf/healthy_00387.jpg
G04686,1,1,False,7. Healthy leaf,7. Healthy leaf/healthy_00388.jpg
G04687,1,1,False,7. Healthy leaf,7. Healthy leaf/healthy_00389.jpg
G04688,1,1,False,7. Healthy leaf,7. Healthy leaf/healthy_00390.jpg
G04689,1,1,False,7. Healthy leaf,7. Healthy leaf/healthy_00391.jpg
G04690,1,1,False,7. Healthy leaf,7. Healthy leaf/healthy_00392.jpg
G04691,1,1,False,7. Healthy leaf,7. Healthy leaf/healthy_00393.jpg
G04692,1,1,False,7. Healthy leaf,7. Healthy leaf/healthy_00394.jpg
G04693,1,1,False,7. Healthy leaf,7. Healthy leaf/healthy_00395.jpg
G04694,1,1,False,7. Healthy leaf,7. Healthy leaf/healthy_00396.jpg
G04695,1,1,False,7. Healthy leaf,7. Healthy leaf/healthy_00397.jpg
G04696,1,1,False,7. Healthy leaf,7. Healthy leaf/healthy_00398.jpg
G04697,1,1,False,7. Healthy leaf,7. Healthy leaf/healthy_00399.jpg
G04698,1,1,False,7. Healthy leaf,7. Healthy leaf/healthy_00400.jpg
G04699,1,1,False,7. Healthy leaf,7. Healthy leaf/healthy_00401.jpg
G04700,1,1,False,7. Healthy leaf,7. Healthy leaf/healthy_00402.jpg
G04701,1,1,False,7. Healthy leaf,7. Healthy leaf/healthy_00403.jpg
G04702,1,1,False,7. Healthy leaf,7. Healthy leaf/healthy_00404.jpg
G04703,1,1,False,7. Healthy leaf,7. Healthy leaf/healthy_00405.jpg
G04704,1,1,False,7. Healthy leaf,7. Healthy leaf/healthy_00406.jpg
G04705,1,1,False,7. Healthy leaf,7. Healthy leaf/healthy_00407.jpg
G04706,1,1,False,7. Healthy leaf,7. Healthy leaf/healthy_00408.jpg
G04707,1,1,False,7. Healthy leaf,7. Healthy leaf/healthy_00409.jpg
G04708,1,1,False,7. Healthy leaf,7. Healthy leaf/healthy_00410.jpg
G04709,1,1,False,7. Healthy leaf,7. Healthy leaf/healthy_00411.jpg
G04710,1,1,False,7. Healthy leaf,7. Healthy leaf/healthy_00412.jpg
G04711,1,1,False,7. Healthy leaf,7. Healthy leaf/healthy_00413.jpg
G04712,1,1,False,7. Healthy leaf,7. Healthy leaf/healthy_00414.jpg
G04713,1,1,False,7. Healthy leaf,7. Healthy leaf/healthy_00415.jpg
G04714,1,1,False,7. Healthy leaf,7. Healthy leaf/healthy_00416.jpg
G04715,1,1,False,7. Healthy leaf,7. Healthy leaf/healthy_00417.jpg
G04716,1,1,False,7. Healthy leaf,7. Healthy leaf/healthy_00418.jpg
G04717,1,1,False,7. Healthy leaf,7. Healthy leaf/healthy_00419.jpg
G04718,1,1,False,7. Healthy leaf,7. Healthy leaf/healthy_00420.jpg
G04719,1,1,False,7. Healthy leaf,7. Healthy leaf/healthy_00421.jpg
G04720,1,1,False,7. Healthy leaf,7. Healthy leaf/healthy_00422.jpg
G04721,1,1,False,7. Healthy leaf,7. Healthy leaf/healthy_00423.jpg
G04722,1,1,False,7. Healthy leaf,7. Healthy leaf/healthy_00424.jpg
G04723,1,1,False,7. Healthy leaf,7. Healthy leaf/healthy_00425.jpg
G04724,1,1,False,7. Healthy leaf,7. Healthy leaf/healthy_00426.jpg
G04725,1,1,False,7. Healthy leaf,7. Healthy leaf/healthy_00427.jpg
G04726,1,1,False,7. Healthy leaf,7. Healthy leaf/healthy_00428.jpg
G04727,1,1,False,7. Healthy leaf,7. Healthy leaf/healthy_00429.jpg
G04728,1,1,False,7. Healthy leaf,7. Healthy leaf/healthy_00430.jpg
G04729,1,1,False,7. Healthy leaf,7. Healthy leaf/healthy_00431.jpg
G04730,1,1,False,7. Healthy leaf,7. Healthy leaf/healthy_00432.jpg
G04731,1,1,False,7. Healthy leaf,7. Healthy leaf/healthy_00433.jpg
G04732,1,1,False,7. Healthy leaf,7. Healthy leaf/healthy_00434.jpg
G04733,1,1,False,7. Healthy leaf,7. Healthy leaf/healthy_00435.jpg
G04734,1,1,False,7. Healthy leaf,7. Healthy leaf/healthy_00436.jpg
G04735,1,1,False,7. Healthy leaf,7. Healthy leaf/healthy_00437.jpg
G04736,1,1,False,7. Healthy leaf,7. Healthy leaf/healthy_00438.jpg
G04737,1,1,False,7. Healthy leaf,7. Healthy leaf/healthy_00439.jpg
G04738,1,1,False,7. Healthy leaf,7. Healthy leaf/healthy_00440.jpg
G04739,1,1,False,7. Healthy leaf,7. Healthy leaf/healthy_00441.jpg
G04740,1,1,False,7. Healthy leaf,7. Healthy leaf/healthy_00442.jpg
G04741,1,1,False,7. Healthy leaf,7. Healthy leaf/healthy_00443.jpg
G04742,1,1,False,7. Healthy leaf,7. Healthy leaf/healthy_00444.jpg
G04743,1,1,False,7. Healthy leaf,7. Healthy leaf/healthy_00445.jpg
G04744,1,1,False,7. Healthy leaf,7. Healthy leaf/healthy_00446.jpg
G04745,1,1,False,7. Healthy leaf,7. Healthy leaf/healthy_00447.jpg
G04746,1,1,False,7. Healthy leaf,7. Healthy leaf/healthy_00448.jpg
G04747,1,1,False,7. Healthy leaf,7. Healthy leaf/healthy_00449.jpg
G04748,1,1,False,7. Healthy leaf,7. Healthy leaf/healthy_00450.jpg
G04749,1,1,False,7. Healthy leaf,7. Healthy leaf/healthy_00451.jpg
G04750,1,1,False,7. Healthy leaf,7. Healthy leaf/healthy_00452.jpg
G04751,1,1,False,7. Healthy leaf,7. Healthy leaf/healthy_00453.jpg
G04752,1,1,False,7. Healthy leaf,7. Healthy leaf/healthy_00454.jpg
G04753,1,1,False,7. Healthy leaf,7. Healthy leaf/healthy_00455.jpg
G04754,1,1,False,7. Healthy leaf,7. Healthy leaf/healthy_00456.jpg
G04755,1,1,False,7. Healthy leaf,7. Healthy leaf/healthy_00457.jpg
G04756,1,1,False,7. Healthy leaf,7. Healthy leaf/healthy_00458.jpg
G04757,1,1,False,7. Healthy leaf,7. Healthy leaf/healthy_00459.jpg
G04758,1,1,False,7. Healthy leaf,7. Healthy leaf/healthy_00460.jpg
G04759,1,1,False,7. Healthy leaf,7. Healthy leaf/healthy_00461.jpg
G04760,1,1,False,7. Healthy leaf,7. Healthy leaf/healthy_00462.jpg
G04761,1,1,False,7. Healthy leaf,7. Healthy leaf/healthy_00463.jpg
G04762,1,1,False,7. Healthy leaf,7. Healthy leaf/healthy_00464.jpg
G04763,1,1,False,7. Healthy leaf,7. Healthy leaf/healthy_00465.jpg
G04764,1,1,False,7. Healthy leaf,7. Healthy leaf/healthy_00466.jpg
G04765,1,1,False,7. Healthy leaf,7. Healthy leaf/healthy_00467.jpg
G04766,1,1,False,7. Healthy leaf,7. Healthy leaf/healthy_00468.jpg
G04767,1,1,False,7. Healthy leaf,7. Healthy leaf/healthy_00469.jpg
G04768,1,1,False,7. Healthy leaf,7. Healthy leaf/healthy_00470.jpg
G04769,1,1,False,7. Healthy leaf,7. Healthy leaf/healthy_00471.jpg
G04770,1,1,False,7. Healthy leaf,7. Healthy leaf/healthy_00472.jpg
G04771,1,1,False,7. Healthy leaf,7. Healthy leaf/healthy_00473.jpg
G04772,1,1,False,7. Healthy leaf,7. Healthy leaf/healthy_00474.jpg
G04773,1,1,False,7. Healthy leaf,7. Healthy leaf/healthy_00475.jpg
G04774,1,1,False,7. Healthy leaf,7. Healthy leaf/healthy_00476.jpg
G04775,1,1,False,7. Healthy leaf,7. Healthy leaf/healthy_00477.jpg
G04776,1,1,False,7. Healthy leaf,7. Healthy leaf/healthy_00478.jpg
G04777,1,1,False,7. Healthy leaf,7. Healthy leaf/healthy_00479.jpg
G04778,1,1,False,7. Healthy leaf,7. Healthy leaf/healthy_00480.jpg
G04779,1,1,False,7. Healthy leaf,7. Healthy leaf/healthy_00481.jpg
G04780,1,1,False,7. Healthy leaf,7. Healthy leaf/healthy_00482.jpg
G04781,1,1,False,7. Healthy leaf,7. Healthy leaf/healthy_00483.jpg
G04782,1,1,False,7. Healthy leaf,7. Healthy leaf/healthy_00484.jpg
G04783,1,1,False,7. Healthy leaf,7. Healthy leaf/healthy_00485.jpg
G04784,1,1,False,7. Healthy leaf,7. Healthy leaf/healthy_00486.jpg
G04785,1,1,False,7. Healthy leaf,7. Healthy leaf/healthy_00487.jpg
G04786,1,1,False,7. Healthy leaf,7. Healthy leaf/healthy_00488.jpg
G04787,1,1,False,7. Healthy leaf,7. Healthy leaf/healthy_00489.jpg
G04788,1,1,False,7. Healthy leaf,7. Healthy leaf/healthy_00490.jpg
G04789,1,1,False,7. Healthy leaf,7. Healthy leaf/healthy_00491.jpg
G04790,1,1,False,7. Healthy leaf,7. Healthy leaf/healthy_00492.jpg
G04791,1,1,False,7. Healthy leaf,7. Healthy leaf/healthy_00493.jpg
G04792,1,1,False,7. Healthy leaf,7. Healthy leaf/healthy_00494.jpg
G04793,1,1,False,7. Healthy leaf,7. Healthy leaf/healthy_00495.jpg
G04794,1,1,False,7. Healthy leaf,7. Healthy leaf/healthy_00496.jpg
G04795,1,1,False,7. Healthy leaf,7. Healthy leaf/healthy_00497.jpg
G04796,1,1,False,7. Healthy leaf,7. Healthy leaf/healthy_00498.jpg
G04797,1,1,False,7. Healthy leaf,7. Healthy leaf/healthy_00499.jpg
G04798,1,1,False,7. Healthy leaf,7. Healthy leaf/healthy_00500.jpg
G04799,1,1,False,7. Healthy leaf,7. Healthy leaf/healthy_00501.jpg
G04800,1,1,False,7. Healthy leaf,7. Healthy leaf/healthy_00502.jpg
G04801,1,1,False,7. Healthy leaf,7. Healthy leaf/healthy_00503.jpg
G04802,1,1,False,7. Healthy leaf,7. Healthy leaf/healthy_00504.jpg
G04803,1,1,False,7. Healthy leaf,7. Healthy leaf/healthy_00505.jpg
G04804,1,1,False,7. Healthy leaf,7. Healthy leaf/healthy_00506.jpg
G04805,1,1,False,7. Healthy leaf,7. Healthy leaf/healthy_00507.jpg
G04806,1,1,False,7. Healthy leaf,7. Healthy leaf/healthy_00508.jpg
G04807,1,1,False,7. Healthy leaf,7. Healthy leaf/healthy_00509.jpg
G04808,1,1,False,7. Healthy leaf,7. Healthy leaf/healthy_00510.jpg
G04809,1,1,False,7. Healthy leaf,7. Healthy leaf/healthy_00511.jpg
G04810,1,1,False,7. Healthy leaf,7. Healthy leaf/healthy_00512.jpg
G04811,1,1,False,7. Healthy leaf,7. Healthy leaf/healthy_00513.jpg
G04812,1,1,False,7. Healthy leaf,7. Healthy leaf/healthy_00514.jpg
G04813,1,1,False,7. Healthy leaf,7. Healthy leaf/healthy_00515.jpg
G04814,1,1,False,7. Healthy leaf,7. Healthy leaf/healthy_00516.jpg
G04815,1,1,False,7. Healthy leaf,7. Healthy leaf/healthy_00517.jpg
G04816,1,1,False,7. Healthy leaf,7. Healthy leaf/healthy_00518.jpg
G04817,1,1,False,7. Healthy leaf,7. Healthy leaf/healthy_00519.jpg
G04818,1,1,False,7. Healthy leaf,7. Healthy leaf/healthy_00520.jpg
G04819,1,1,False,7. Healthy leaf,7. Healthy leaf/healthy_00521.jpg
G04820,1,1,False,7. Healthy leaf,7. Healthy leaf/healthy_00522.jpg
G04821,1,1,False,7. Healthy leaf,7. Healthy leaf/healthy_00523.jpg
G04822,1,1,False,7. Healthy leaf,7. Healthy leaf/healthy_00524.jpg
G04823,1,1,False,7. Healthy leaf,7. Healthy leaf/healthy_00525.jpg
G04824,1,1,False,7. Healthy leaf,7. Healthy leaf/healthy_00526.jpg
G04825,1,1,False,7. Healthy leaf,7. Healthy leaf/healthy_00527.jpg
G04826,1,1,False,7. Healthy leaf,7. Healthy leaf/healthy_00528.jpg
G04827,1,1,False,7. Healthy leaf,7. Healthy leaf/healthy_00529.jpg
G04828,1,1,False,7. Healthy leaf,7. Healthy leaf/healthy_00530.jpg
G04829,1,1,False,7. Healthy leaf,7. Healthy leaf/healthy_00531.jpg
G04830,1,1,False,7. Healthy leaf,7. Healthy leaf/healthy_00532.jpg
G04831,1,1,False,7. Healthy leaf,7. Healthy leaf/healthy_00533.jpg
G04832,1,1,False,7. Healthy leaf,7. Healthy leaf/healthy_00534.jpg
G04833,1,1,False,7. Healthy leaf,7. Healthy leaf/healthy_00535.jpg
G04834,1,1,False,7. Healthy leaf,7. Healthy leaf/healthy_00536.jpg
G04835,1,1,False,7. Healthy leaf,7. Healthy leaf/healthy_00537.jpg
G04836,1,1,False,7. Healthy leaf,7. Healthy leaf/healthy_00538.jpg
G04837,1,1,False,7. Healthy leaf,7. Healthy leaf/healthy_00539.jpg
G04838,1,1,False,7. Healthy leaf,7. Healthy leaf/healthy_00540.jpg
G04839,1,1,False,7. Healthy leaf,7. Healthy leaf/healthy_00541.jpg
G04840,1,1,False,7. Healthy leaf,7. Healthy leaf/healthy_00542.jpg
G04841,1,1,False,7. Healthy leaf,7. Healthy leaf/healthy_00543.jpg
G04842,1,1,False,7. Healthy leaf,7. Healthy leaf/healthy_00544.jpg
G04843,1,1,False,7. Healthy leaf,7. Healthy leaf/healthy_00545.jpg
G04844,1,1,False,7. Healthy leaf,7. Healthy leaf/healthy_00546.jpg
G04845,1,1,False,7. Healthy leaf,7. Healthy leaf/healthy_00547.jpg
G04846,1,1,False,7. Healthy leaf,7. Healthy leaf/healthy_00548.jpg
G04847,1,1,False,7. Healthy leaf,7. Healthy leaf/healthy_00549.jpg
G04848,1,1,False,7. Healthy leaf,7. Healthy leaf/healthy_00550.jpg
G04849,1,1,False,7. Healthy leaf,7. Healthy leaf/healthy_00551.jpg
G04850,1,1,False,7. Healthy leaf,7. Healthy leaf/healthy_00552.jpg
G04851,1,1,False,7. Healthy leaf,7. Healthy leaf/healthy_00553.jpg
G04852,1,1,False,7. Healthy leaf,7. Healthy leaf/healthy_00554.jpg
G04853,1,1,False,7. Healthy leaf,7. Healthy leaf/healthy_00555.jpg
G04854,1,1,False,7. Healthy leaf,7. Healthy leaf/healthy_00556.jpg
G04855,1,1,False,7. Healthy leaf,7. Healthy leaf/healthy_00557.jpg
G04856,1,1,False,7. Healthy leaf,7. Healthy leaf/healthy_00558.jpg
G04857,1,1,False,7. Healthy leaf,7. Healthy leaf/healthy_00559.jpg
G04858,1,1,False,7. Healthy leaf,7. Healthy leaf/healthy_00560.jpg
G04859,1,1,False,7. Healthy leaf,7. Healthy leaf/healthy_00561.jpg
G04860,1,1,False,7. Healthy leaf,7. Healthy leaf/healthy_00562.jpg
G04861,1,1,False,7. Healthy leaf,7. Healthy leaf/healthy_00563.jpg
G04862,1,1,False,7. Healthy leaf,7. Healthy leaf/healthy_00564.jpg
G04863,1,1,False,7. Healthy leaf,7. Healthy leaf/healthy_00565.jpg
G04864,1,1,False,7. Healthy leaf,7. Healthy leaf/healthy_00566.jpg
G04865,1,1,False,7. Healthy leaf,7. Healthy leaf/healthy_00567.jpg
G04866,1,1,False,7. Healthy leaf,7. Healthy leaf/healthy_00568.jpg
G04867,1,1,False,7. Healthy leaf,7. Healthy leaf/healthy_00569.jpg
G04868,1,1,False,7. Healthy leaf,7. Healthy leaf/healthy_00570.jpg
G04869,1,1,False,7. Healthy leaf,7. Healthy leaf/healthy_00571.jpg
G04870,1,1,False,7. Healthy leaf,7. Healthy leaf/healthy_00572.jpg
G04871,1,1,False,7. Healthy leaf,7. Healthy leaf/healthy_00573.jpg
G04872,1,1,False,7. Healthy leaf,7. Healthy leaf/healthy_00574.jpg
G04873,1,1,False,7. Healthy leaf,7. Healthy leaf/healthy_00575.jpg
G04874,1,1,False,7. Healthy leaf,7. Healthy leaf/healthy_00576.jpg
G04875,1,1,False,7. Healthy leaf,7. Healthy leaf/healthy_00577.jpg
G04876,1,1,False,7. Healthy leaf,7. Healthy leaf/healthy_00578.jpg
G04877,1,1,False,7. Healthy leaf,7. Healthy leaf/healthy_00579.jpg
G04878,1,1,False,7. Healthy leaf,7. Healthy leaf/healthy_00580.jpg
G04879,1,1,False,7. Healthy leaf,7. Healthy leaf/healthy_00581.jpg
G04880,1,1,False,7. Healthy leaf,7. Healthy leaf/healthy_00582.jpg
G04881,1,1,False,7. Healthy leaf,7. Healthy leaf/healthy_00583.jpg
G04882,1,1,False,7. Healthy leaf,7. Healthy leaf/healthy_00584.jpg
G04883,1,1,False,7. Healthy leaf,7. Healthy leaf/healthy_00585.jpg
G04884,1,1,False,7. Healthy leaf,7. Healthy leaf/healthy_00586.jpg
G04885,1,1,False,7. Healthy leaf,7. Healthy leaf/healthy_00587.jpg
G04886,1,1,False,7. Healthy leaf,7. Healthy leaf/healthy_00588.jpg
G04887,1,1,False,7. Healthy leaf,7. Healthy leaf/healthy_00589.jpg
G04888,1,1,False,7. Healthy leaf,7. Healthy leaf/healthy_00590.jpg
G04889,1,1,False,7. Healthy leaf,7. Healthy leaf/healthy_00591.jpg
G04890,1,1,False,7. Healthy leaf,7. Healthy leaf/healthy_00592.jpg
G04891,1,1,False,7. Healthy leaf,7. Healthy leaf/healthy_00593.jpg
G04892,1,1,False,7. Healthy leaf,7. Healthy leaf/healthy_00594.jpg
G04893,1,1,False,7. Healthy leaf,7. Healthy leaf/healthy_00595.jpg
G04894,1,1,False,7. Healthy leaf,7. Healthy leaf/healthy_00596.jpg
G04895,1,1,False,7. Healthy leaf,7. Healthy leaf/healthy_00597.jpg
G04896,1,1,False,7. Healthy leaf,7. Healthy leaf/healthy_00598.jpg
G04897,1,1,False,7. Healthy leaf,7. Healthy leaf/healthy_00599.jpg
G04898,1,1,False,7. Healthy leaf,7. Healthy leaf/healthy_00600.jpg
G04899,1,1,False,7. Healthy leaf,7. Healthy leaf/healthy_00601.jpg
G04900,1,1,False,7. Healthy leaf,7. Healthy leaf/healthy_00602.jpg
G04901,1,1,False,7. Healthy leaf,7. Healthy leaf/healthy_00603.jpg
G04902,1,1,False,7. Healthy leaf,7. Healthy leaf/healthy_00604.jpg
G04903,1,1,False,7. Healthy leaf,7. Healthy leaf/healthy_00605.jpg
G04904,1,1,False,7. Healthy leaf,7. Healthy leaf/healthy_00606.jpg
G04905,1,1,False,7. Healthy leaf,7. Healthy leaf/healthy_00607.jpg
G04906,1,1,False,7. Healthy leaf,7. Healthy leaf/healthy_00608.jpg
G04907,1,1,False,7. Healthy leaf,7. Healthy leaf/healthy_00609.jpg
G04908,1,1,False,7. Healthy leaf,7. Healthy leaf/healthy_00610.jpg
G04909,1,1,False,7. Healthy leaf,7. Healthy leaf/healthy_00611.jpg
G04910,1,1,False,7. Healthy leaf,7. Healthy leaf/healthy_00612.jpg
G04911,1,1,False,7. Healthy leaf,7. Healthy leaf/healthy_00613.jpg
G04912,1,1,False,7. Healthy leaf,7. Healthy leaf/healthy_00614.jpg
G04913,1,1,False,7. Healthy leaf,7. Healthy leaf/healthy_00615.jpg
G04914,1,1,False,7. Healthy leaf,7. Healthy leaf/healthy_00616.jpg
G04915,1,1,False,7. Healthy leaf,7. Healthy leaf/healthy_00617.jpg
G04916,1,1,False,7. Healthy leaf,7. Healthy leaf/healthy_00618.jpg
G04917,1,1,False,7. Healthy leaf,7. Healthy leaf/healthy_00619.jpg
G04918,1,1,False,7. Healthy leaf,7. Healthy leaf/healthy_00620.jpg
G04919,1,1,False,7. Healthy leaf,7. Healthy leaf/healthy_00621.jpg
G04920,1,1,False,7. Healthy leaf,7. Healthy leaf/healthy_00622.jpg
G04921,1,1,False,7. Healthy leaf,7. Healthy leaf/healthy_00623.jpg
G04922,1,1,False,7. Healthy leaf,7. Healthy leaf/healthy_00624.jpg
G04923,1,1,False,7. Healthy leaf,7. Healthy leaf/healthy_00625.jpg
G04924,1,1,False,7. Healthy leaf,7. Healthy leaf/healthy_00626.jpg
G04925,1,1,False,7. Healthy leaf,7. Healthy leaf/healthy_00627.jpg
G04926,1,1,False,7. Healthy leaf,7. Healthy leaf/healthy_00628.jpg
G04927,1,1,False,7. Healthy leaf,7. Healthy leaf/healthy_00629.jpg
G04928,1,1,False,7. Healthy leaf,7. Healthy leaf/healthy_00630.jpg
G04929,1,1,False,7. Healthy leaf,7. Healthy leaf/healthy_00631.jpg
G04930,1,1,False,7. Healthy leaf,7. Healthy leaf/healthy_00632.jpg
G04931,1,1,False,7. Healthy leaf,7. Healthy leaf/healthy_00633.jpg
G04932,1,1,False,7. Healthy leaf,7. Healthy leaf/healthy_00634.jpg
G04933,1,1,False,7. Healthy leaf,7. Healthy leaf/healthy_00635.jpg
G04934,1,1,False,7. Healthy leaf,7. Healthy leaf/healthy_00636.jpg
G04935,1,1,False,7. Healthy leaf,7. Healthy leaf/healthy_00637.jpg
G04936,1,1,False,7. Healthy leaf,7. Healthy leaf/healthy_00638.jpg
G04937,1,1,False,7. Healthy leaf,7. Healthy leaf/healthy_00639.jpg
G04938,1,1,False,7. Healthy leaf,7. Healthy leaf/healthy_00640.jpg
G04939,1,1,False,7. Healthy leaf,7. Healthy leaf/healthy_00641.jpg
G04940,1,1,False,7. Healthy leaf,7. Healthy leaf/healthy_00642.jpg
G04941,1,1,False,7. Healthy leaf,7. Healthy leaf/healthy_00643.jpg
G04942,1,1,False,7. Healthy leaf,7. Healthy leaf/healthy_00644.jpg
G04943,1,1,False,7. Healthy leaf,7. Healthy leaf/healthy_00645.jpg
G04944,1,1,False,7. Healthy leaf,7. Healthy leaf/healthy_00646.jpg
G04945,1,1,False,7. Healthy leaf,7. Healthy leaf/healthy_00647.jpg
G04946,1,1,False,7. Healthy leaf,7. Healthy leaf/healthy_00648.jpg
G04947,1,1,False,7. Healthy leaf,7. Healthy leaf/healthy_00649.jpg
G04948,1,1,False,7. Healthy leaf,7. Healthy leaf/healthy_00650.jpg
G04949,1,1,False,7. Healthy leaf,7. Healthy leaf/healthy_00651.jpg
G04950,1,1,False,7. Healthy leaf,7. Healthy leaf/healthy_00652.jpg
G04951,1,1,False,7. Healthy leaf,7. Healthy leaf/healthy_00653.jpg
G04952,1,1,False,7. Healthy leaf,7. Healthy leaf/healthy_00654.jpg
G04953,1,1,False,7. Healthy leaf,7. Healthy leaf/healthy_00655.jpg
G04954,1,1,False,7. Healthy leaf,7. Healthy leaf/healthy_00656.jpg
G04955,1,1,False,7. Healthy leaf,7. Healthy leaf/healthy_00657.jpg
G04956,1,1,False,7. Healthy leaf,7. Healthy leaf/healthy_00658.jpg
G04957,1,1,False,7. Healthy leaf,7. Healthy leaf/healthy_00659.jpg
G04958,1,1,False,7. Healthy leaf,7. Healthy leaf/healthy_00660.jpg
G04959,1,1,False,7. Healthy leaf,7. Healthy leaf/healthy_00661.jpg
G04960,1,1,False,7. Healthy leaf,7. Healthy leaf/healthy_00662.jpg
G04961,1,1,False,7. Healthy leaf,7. Healthy leaf/healthy_00663.jpg
G04962,1,1,False,7. Healthy leaf,7. Healthy leaf/healthy_00664.jpg
G04963,1,1,False,7. Healthy leaf,7. Healthy leaf/healthy_00665.jpg
G04964,1,1,False,7. Healthy leaf,7. Healthy leaf/healthy_00666.jpg
G04965,1,1,False,7. Healthy leaf,7. Healthy leaf/healthy_00667.jpg
G04966,1,1,False,7. Healthy leaf,7. Healthy leaf/healthy_00668.jpg
G04967,1,1,False,7. Healthy leaf,7. Healthy leaf/healthy_00669.jpg
G04968,1,1,False,7. Healthy leaf,7. Healthy leaf/healthy_00670.jpg
G04969,1,1,False,7. Healthy leaf,7. Healthy leaf/healthy_00671.jpg
G04970,1,1,False,7. Healthy leaf,7. Healthy leaf/healthy_00672.jpg
G04971,1,1,False,7. Healthy leaf,7. Healthy leaf/healthy_00673.jpg
G04972,1,1,False,7. Healthy leaf,7. Healthy leaf/healthy_00674.jpg
G04973,1,1,False,7. Healthy leaf,7. Healthy leaf/healthy_00675.jpg
G04974,1,1,False,7. Healthy leaf,7. Healthy leaf/healthy_00676.jpg
G04975,1,1,False,7. Healthy leaf,7. Healthy leaf/healthy_00677.jpg
G04976,1,1,False,7. Healthy leaf,7. Healthy leaf/healthy_00678.jpg
G04977,1,1,False,7. Healthy leaf,7. Healthy leaf/healthy_00679.jpg
G04978,1,1,False,7. Healthy leaf,7. Healthy leaf/healthy_00680.jpg
G04979,1,1,False,7. Healthy leaf,7. Healthy leaf/healthy_00681.jpg
G04980,1,1,False,7. Healthy leaf,7. Healthy leaf/healthy_00682.jpg
G04981,1,1,False,7. Healthy leaf,7. Healthy leaf/healthy_00683.jpg
G04982,1,1,False,7. Healthy leaf,7. Healthy leaf/healthy_00684.jpg
G04983,1,1,False,7. Healthy leaf,7. Healthy leaf/healthy_00685.jpg
G04984,1,1,False,7. Healthy leaf,7. Healthy leaf/healthy_00686.jpg
G04985,1,1,False,7. Healthy leaf,7. Healthy leaf/healthy_00687.jpg
G04986,1,1,False,7. Healthy leaf,7. Healthy leaf/healthy_00688.jpg
G04987,1,1,False,7. Healthy leaf,7. Healthy leaf/healthy_00689.jpg
G04988,1,1,False,7. Healthy leaf,7. Healthy leaf/healthy_00690.jpg
G04989,1,1,False,7. Healthy leaf,7. Healthy leaf/healthy_00691.jpg
G04990,1,1,False,7. Healthy leaf,7. Healthy leaf/healthy_00692.jpg
G04991,1,1,False,7. Healthy leaf,7. Healthy leaf/healthy_00693.jpg
G04992,1,1,False,7. Healthy leaf,7. Healthy leaf/healthy_00694.jpg
G04993,1,1,False,7. Healthy leaf,7. Healthy leaf/healthy_00695.jpg
G04994,1,1,False,7. Healthy leaf,7. Healthy leaf/healthy_00696.jpg
G04995,1,1,False,7. Healthy leaf,7. Healthy leaf/healthy_00697.jpg
G04996,1,1,False,7. Healthy leaf,7. Healthy leaf/healthy_00698.jpg
G04997,1,1,False,7. Healthy leaf,7. Healthy leaf/healthy_00699.jpg
G04998,1,1,False,7. Healthy leaf,7. Healthy leaf/healthy_00700.jpg
G04999,1,1,False,7. Healthy leaf,7. Healthy leaf/healthy_00701.jpg
G05000,1,1,False,7. Healthy leaf,7. Healthy leaf/healthy_00702.jpg
G05001,1,1,False,7. Healthy leaf,7. Healthy leaf/healthy_00703.jpg
G05002,1,1,False,7. Healthy leaf,7. Healthy leaf/healthy_00704.jpg
G05003,1,1,False,7. Healthy leaf,7. Healthy leaf/healthy_00705.jpg
G05004,1,1,False,7. Healthy leaf,7. Healthy leaf/healthy_00706.jpg
G05005,1,1,False,7. Healthy leaf,7. Healthy leaf/healthy_00707.jpg
G05006,1,1,False,7. Healthy leaf,7. Healthy leaf/healthy_00708.jpg
G05007,1,1,False,7. Healthy leaf,7. Healthy leaf/healthy_00709.jpg
G05008,1,1,False,7. Healthy leaf,7. Healthy leaf/healthy_00710.jpg
G05009,1,1,False,7. Healthy leaf,7. Healthy leaf/healthy_00711.jpg
G05010,1,1,False,7. Healthy leaf,7. Healthy leaf/healthy_00712.jpg
G05011,1,1,False,7. Healthy leaf,7. Healthy leaf/healthy_00713.jpg
G05012,1,1,False,7. Healthy leaf,7. Healthy leaf/healthy_00714.jpg
G05013,1,1,False,7. Healthy leaf,7. Healthy leaf/healthy_00715.jpg
G05014,1,1,False,7. Healthy leaf,7. Healthy leaf/healthy_00716.jpg
G05015,1,1,False,7. Healthy leaf,7. Healthy leaf/healthy_00717.jpg
G05016,1,1,False,7. Healthy leaf,7. Healthy leaf/healthy_00718.jpg
G05017,1,1,False,7. Healthy leaf,7. Healthy leaf/healthy_00719.jpg
G05018,1,1,False,7. Healthy leaf,7. Healthy leaf/healthy_00720.jpg
G05019,1,1,False,7. Healthy leaf,7. Healthy leaf/healthy_00721.jpg
G05020,1,1,False,7. Healthy leaf,7. Healthy leaf/healthy_00722.jpg
G05021,1,1,False,7. Healthy leaf,7. Healthy leaf/healthy_00723.jpg
G05022,1,1,False,7. Healthy leaf,7. Healthy leaf/healthy_00724.jpg
G05023,1,1,False,7. Healthy leaf,7. Healthy leaf/healthy_00725.jpg
G05024,1,1,False,7. Healthy leaf,7. Healthy leaf/healthy_00726.jpg
G05025,1,1,False,7. Healthy leaf,7. Healthy leaf/healthy_00727.jpg
G05026,1,1,False,7. Healthy leaf,7. Healthy leaf/healthy_00728.jpg
G05027,1,1,False,7. Healthy leaf,7. Healthy leaf/healthy_00729.jpg
G05028,1,1,False,7. Healthy leaf,7. Healthy leaf/healthy_00730.jpg
G05029,1,1,False,7. Healthy leaf,7. Healthy leaf/healthy_00731.jpg
G05030,1,1,False,7. Healthy leaf,7. Healthy leaf/healthy_00732.jpg
G05031,1,1,False,7. Healthy leaf,7. Healthy leaf/healthy_00733.jpg
G05032,1,1,False,7. Healthy leaf,7. Healthy leaf/healthy_00734.jpg
G05033,1,1,False,7. Healthy leaf,7. Healthy leaf/healthy_00735.jpg
G05034,1,1,False,7. Healthy leaf,7. Healthy leaf/healthy_00736.jpg
G05035,1,1,False,7. Healthy leaf,7. Healthy leaf/healthy_00737.jpg
G05036,1,1,False,7. Healthy leaf,7. Healthy leaf/healthy_00738.jpg
G05037,1,1,False,7. Healthy leaf,7. Healthy leaf/healthy_00739.jpg
G05038,1,1,False,7. Healthy leaf,7. Healthy leaf/healthy_00740.jpg
G05039,1,1,False,7. Healthy leaf,7. Healthy leaf/healthy_00741.jpg
G05040,1,1,False,7. Healthy leaf,7. Healthy leaf/healthy_00742.jpg
G05041,1,1,False,7. Healthy leaf,7. Healthy leaf/healthy_00743.jpg
G05042,1,1,False,7. Healthy leaf,7. Healthy leaf/healthy_00744.jpg
G05043,1,1,False,7. Healthy leaf,7. Healthy leaf/healthy_00745.jpg
G05044,1,1,False,7. Healthy leaf,7. Healthy leaf/healthy_00746.jpg
G05045,1,1,False,7. Healthy leaf,7. Healthy leaf/healthy_00747.jpg
G05046,1,1,False,7. Healthy leaf,7. Healthy leaf/healthy_00748.jpg
G05047,1,1,False,7. Healthy leaf,7. Healthy leaf/healthy_00749.jpg
G05048,1,1,False,7. Healthy leaf,7. Healthy leaf/healthy_00750.jpg
G05049,1,1,False,7. Healthy leaf,7. Healthy leaf/healthy_00751.jpg
G05050,1,1,False,7. Healthy leaf,7. Healthy leaf/healthy_00752.jpg
G05051,1,1,False,7. Healthy leaf,7. Healthy leaf/healthy_00753.jpg
G05052,1,1,False,7. Healthy leaf,7. Healthy leaf/healthy_00754.jpg
G05053,1,1,False,7. Healthy leaf,7. Healthy leaf/healthy_00755.jpg
G05054,1,1,False,7. Healthy leaf,7. Healthy leaf/healthy_00756.jpg
G05055,1,1,False,7. Healthy leaf,7. Healthy leaf/healthy_00757.jpg
G05056,1,1,False,7. Healthy leaf,7. Healthy leaf/healthy_00758.jpg
G05057,1,1,False,7. Healthy leaf,7. Healthy leaf/healthy_00759.jpg
G05058,1,1,False,7. Healthy leaf,7. Healthy leaf/healthy_00760.jpg
G05059,1,1,False,7. Healthy leaf,7. Healthy leaf/healthy_00761.jpg
G05060,1,1,False,7. Healthy leaf,7. Healthy leaf/healthy_00762.jpg
G05061,1,1,False,7. Healthy leaf,7. Healthy leaf/healthy_00763.jpg
G05062,1,1,False,7. Healthy leaf,7. Healthy leaf/healthy_00764.jpg
G05063,1,1,False,7. Healthy leaf,7. Healthy leaf/healthy_00765.jpg
G05064,1,1,False,7. Healthy leaf,7. Healthy leaf/healthy_00766.jpg
G05065,1,1,False,7. Healthy leaf,7. Healthy leaf/healthy_00767.jpg
G05066,1,1,False,7. Healthy leaf,7. Healthy leaf/healthy_00768.jpg
G05067,1,1,False,7. Healthy leaf,7. Healthy leaf/healthy_00769.jpg
G05068,1,1,False,7. Healthy leaf,7. Healthy leaf/healthy_00770.jpg
G05069,1,1,False,7. Healthy leaf,7. Healthy leaf/healthy_00771.jpg
G05070,1,1,False,7. Healthy leaf,7. Healthy leaf/healthy_00772.jpg
G05071,1,1,False,7. Healthy leaf,7. Healthy leaf/healthy_00773.jpg
G05072,1,1,False,7. Healthy leaf,7. Healthy leaf/healthy_00774.jpg
G05073,1,1,False,7. Healthy leaf,7. Healthy leaf/healthy_00775.jpg
G05074,1,1,False,7. Healthy leaf,7. Healthy leaf/healthy_00776.jpg
G05075,1,1,False,7. Healthy leaf,7. Healthy leaf/healthy_00777.jpg
G05076,1,1,False,7. Healthy leaf,7. Healthy leaf/healthy_00778.jpg
G05077,1,1,False,7. Healthy leaf,7. Healthy leaf/healthy_00779.jpg
G05078,1,1,False,7. Healthy leaf,7. Healthy leaf/healthy_00780.jpg
G05079,1,1,False,7. Healthy leaf,7. Healthy leaf/healthy_00781.jpg
G05080,1,1,False,7. Healthy leaf,7. Healthy leaf/healthy_00782.jpg
G05081,1,1,False,7. Healthy leaf,7. Healthy leaf/healthy_00783.jpg
G05082,1,1,False,7. Healthy leaf,7. Healthy leaf/healthy_00784.jpg
G05083,1,1,False,7. Healthy leaf,7. Healthy leaf/healthy_00785.jpg
G05084,1,1,False,7. Healthy leaf,7. Healthy leaf/healthy_00786.jpg
G05085,1,1,False,7. Healthy leaf,7. Healthy leaf/healthy_00787.jpg
G05086,1,1,False,7. Healthy leaf,7. Healthy leaf/healthy_00788.jpg
G05087,1,1,False,7. Healthy leaf,7. Healthy leaf/healthy_00789.jpg
G05088,1,1,False,7. Healthy leaf,7. Healthy leaf/healthy_00790.jpg
G05089,1,1,False,7. Healthy leaf,7. Healthy leaf/healthy_00791.jpg
G05090,1,1,False,7. Healthy leaf,7. Healthy leaf/healthy_00792.jpg
G05091,1,1,False,7. Healthy leaf,7. Healthy leaf/healthy_00793.jpg
G05092,1,1,False,7. Healthy leaf,7. Healthy leaf/healthy_00794.jpg
G05093,1,1,False,7. Healthy leaf,7. Healthy leaf/healthy_00795.jpg
G05094,1,1,False,7. Healthy leaf,7. Healthy leaf/healthy_00796.jpg
G05095,1,1,False,7. Healthy leaf,7. Healthy leaf/healthy_00797.jpg
G05096,1,1,False,7. Healthy leaf,7. Healthy leaf/healthy_00798.jpg
G05097,1,1,False,7. Healthy leaf,7. Healthy leaf/healthy_00799.jpg
G05098,1,1,False,7. Healthy leaf,7. Healthy leaf/healthy_00800.jpg
G05099,1,1,False,7. Healthy leaf,7. Healthy leaf/healthy_00801.jpg
G05100,1,1,False,7. Healthy leaf,7. Healthy leaf/healthy_00802.jpg
G05101,1,1,False,7. Healthy leaf,7. Healthy leaf/healthy_00803.jpg
G05102,1,1,False,7. Healthy leaf,7. Healthy leaf/healthy_00804.jpg
G05103,1,1,False,7. Healthy leaf,7. Healthy leaf/healthy_00805.jpg
G05104,1,1,False,7. Healthy leaf,7. Healthy leaf/healthy_00806.jpg
G05105,1,1,False,7. Healthy leaf,7. Healthy leaf/healthy_00807.jpg
G05106,1,1,False,7. Healthy leaf,7. Healthy leaf/healthy_00808.jpg
G05107,1,1,False,7. Healthy leaf,7. Healthy leaf/healthy_00809.jpg
G05108,1,1,False,7. Healthy leaf,7. Healthy leaf/healthy_00810.jpg
G05109,1,1,False,7. Healthy leaf,7. Healthy leaf/healthy_00811.jpg
G05110,1,1,False,7. Healthy leaf,7. Healthy leaf/healthy_00812.jpg
G05111,1,1,False,7. Healthy leaf,7. Healthy leaf/healthy_00813.jpg
G05112,1,1,False,7. Healthy leaf,7. Healthy leaf/healthy_00814.jpg
G05113,1,1,False,7. Healthy leaf,7. Healthy leaf/healthy_00815.jpg
G05114,1,1,False,7. Healthy leaf,7. Healthy leaf/healthy_00816.jpg
G05115,1,1,False,7. Healthy leaf,7. Healthy leaf/healthy_00817.jpg
G05116,1,1,False,7. Healthy leaf,7. Healthy leaf/healthy_00818.jpg
G05117,1,1,False,7. Healthy leaf,7. Healthy leaf/healthy_00819.jpg
G05118,1,1,False,7. Healthy leaf,7. Healthy leaf/healthy_00820.jpg
G05119,1,1,False,7. Healthy leaf,7. Healthy leaf/healthy_00821.jpg
G05120,1,1,False,7. Healthy leaf,7. Healthy leaf/healthy_00822.jpg
G05121,1,1,False,7. Healthy leaf,7. Healthy leaf/healthy_00823.jpg
G05122,1,1,False,7. Healthy leaf,7. Healthy leaf/healthy_00824.jpg
G05123,1,1,False,7. Healthy leaf,7. Healthy leaf/healthy_00825.jpg
G05124,1,1,False,7. Healthy leaf,7. Healthy leaf/healthy_00826.jpg
G05125,1,1,False,7. Healthy leaf,7. Healthy leaf/healthy_00827.jpg
G05126,1,1,False,7. Healthy leaf,7. Healthy leaf/healthy_00828.jpg
G05127,1,1,False,7. Healthy leaf,7. Healthy leaf/healthy_00829.jpg
G05128,1,1,False,7. Healthy leaf,7. Healthy leaf/healthy_00830.jpg
G05129,1,1,False,7. Healthy leaf,7. Healthy leaf/healthy_00831.jpg
G05130,1,1,False,7. Healthy leaf,7. Healthy leaf/healthy_00832.jpg
G05131,1,1,False,7. Healthy leaf,7. Healthy leaf/healthy_00833.jpg
G05132,1,1,False,7. Healthy leaf,7. Healthy leaf/healthy_00834.jpg
G05133,1,1,False,7. Healthy leaf,7. Healthy leaf/healthy_00835.jpg
G05134,1,1,False,7. Healthy leaf,7. Healthy leaf/healthy_00836.jpg
G05135,1,1,False,7. Healthy leaf,7. Healthy leaf/healthy_00837.jpg
G05136,1,1,False,7. Healthy leaf,7. Healthy leaf/healthy_00838.jpg
G05137,1,1,False,7. Healthy leaf,7. Healthy leaf/healthy_00839.jpg
G05138,1,1,False,7. Healthy leaf,7. Healthy leaf/healthy_00840.jpg
G05139,1,1,False,7. Healthy leaf,7. Healthy leaf/healthy_00841.jpg
G05140,1,1,False,7. Healthy leaf,7. Healthy leaf/healthy_00842.jpg
G05141,1,1,False,7. Healthy leaf,7. Healthy leaf/healthy_00843.jpg
G05142,1,1,False,7. Healthy leaf,7. Healthy leaf/healthy_00844.jpg
G05143,1,1,False,7. Healthy leaf,7. Healthy leaf/healthy_00845.jpg
G05144,1,1,False,7. Healthy leaf,7. Healthy leaf/healthy_00846.jpg
G05145,1,1,False,7. Healthy leaf,7. Healthy leaf/healthy_00847.jpg
G05146,1,1,False,7. Healthy leaf,7. Healthy leaf/healthy_00848.jpg
G05147,1,1,False,7. Healthy leaf,7. Healthy leaf/healthy_00849.jpg
G05148,1,1,False,7. Healthy leaf,7. Healthy leaf/healthy_00850.jpg
G05149,1,1,False,7. Healthy leaf,7. Healthy leaf/healthy_00851.jpg
G05150,1,1,False,7. Healthy leaf,7. Healthy leaf/healthy_00852.jpg
G05151,1,1,False,7. Healthy leaf,7. Healthy leaf/healthy_00853.jpg
G05152,1,1,False,7. Healthy leaf,7. Healthy leaf/healthy_00854.jpg
G05153,1,1,False,7. Healthy leaf,7. Healthy leaf/healthy_00855.jpg
G05154,1,1,False,7. Healthy leaf,7. Healthy leaf/healthy_00856.jpg
G05155,1,1,False,7. Healthy leaf,7. Healthy leaf/healthy_00857.jpg
G05156,1,1,False,7. Healthy leaf,7. Healthy leaf/healthy_00858.jpg
G05157,1,1,False,7. Healthy leaf,7. Healthy leaf/healthy_00859.jpg
G05158,1,1,False,7. Healthy leaf,7. Healthy leaf/healthy_00860.jpg
G05159,1,1,False,7. Healthy leaf,7. Healthy leaf/healthy_00861.jpg
G05160,1,1,False,7. Healthy leaf,7. Healthy leaf/healthy_00862.jpg
G05161,1,1,False,7. Healthy leaf,7. Healthy leaf/healthy_00863.jpg
G05162,1,1,False,7. Healthy leaf,7. Healthy leaf/healthy_00864.jpg
G05163,1,1,False,7. Healthy leaf,7. Healthy leaf/healthy_00865.jpg
G05164,1,1,False,7. Healthy leaf,7. Healthy leaf/healthy_00866.jpg
G05165,1,1,False,7. Healthy leaf,7. Healthy leaf/healthy_00867.jpg
G05166,1,1,False,7. Healthy leaf,7. Healthy leaf/healthy_00868.jpg
G05167,1,1,False,7. Healthy leaf,7. Healthy leaf/healthy_00869.jpg
G05168,1,1,False,7. Healthy leaf,7. Healthy leaf/healthy_00870.jpg
G05169,1,1,False,7. Healthy leaf,7. Healthy leaf/healthy_00871.jpg
G05170,1,1,False,7. Healthy leaf,7. Healthy leaf/healthy_00872.jpg
G05171,1,1,False,7. Healthy leaf,7. Healthy leaf/healthy_00873.jpg
G05172,1,1,False,7. Healthy leaf,7. Healthy leaf/healthy_00874.jpg
G05173,1,1,False,7. Healthy leaf,7. Healthy leaf/healthy_00875.jpg
G05174,1,1,False,7. Healthy leaf,7. Healthy leaf/healthy_00876.jpg
G05175,1,1,False,7. Healthy leaf,7. Healthy leaf/healthy_00877.jpg
G05176,1,1,False,7. Healthy leaf,7. Healthy leaf/healthy_00878.jpg
G05177,1,1,False,7. Healthy leaf,7. Healthy leaf/healthy_00879.jpg
G05178,1,1,False,7. Healthy leaf,7. Healthy leaf/healthy_00880.jpg
G05179,1,1,False,7. Healthy leaf,7. Healthy leaf/healthy_00881.jpg
G05180,1,1,False,7. Healthy leaf,7. Healthy leaf/healthy_00882.jpg
G05181,1,1,False,7. Healthy leaf,7. Healthy leaf/healthy_00883.jpg
G05182,1,1,False,7. Healthy leaf,7. Healthy leaf/healthy_00884.jpg
G05183,1,1,False,7. Healthy leaf,7. Healthy leaf/healthy_00885.jpg
G05184,1,1,False,7. Healthy leaf,7. Healthy leaf/healthy_00886.jpg
G05185,1,1,False,7. Healthy leaf,7. Healthy leaf/healthy_00887.jpg
G05186,1,1,False,7. Healthy leaf,7. Healthy leaf/healthy_00888.jpg
G05187,1,1,False,7. Healthy leaf,7. Healthy leaf/healthy_00889.jpg
G05188,1,1,False,7. Healthy leaf,7. Healthy leaf/healthy_00890.jpg
G05189,1,1,False,7. Healthy leaf,7. Healthy leaf/healthy_00891.jpg
G05190,1,1,False,7. Healthy leaf,7. Healthy leaf/healthy_00892.jpg
G05191,1,1,False,7. Healthy leaf,7. Healthy leaf/healthy_00893.jpg
G05192,1,1,False,7. Healthy leaf,7. Healthy leaf/healthy_00894.jpg
G05193,1,1,False,7. Healthy leaf,7. Healthy leaf/healthy_00895.jpg
G05194,1,1,False,7. Healthy leaf,7. Healthy leaf/healthy_00896.jpg
G05195,1,1,False,7. Healthy leaf,7. Healthy leaf/healthy_00897.jpg
G05196,1,1,False,7. Healthy leaf,7. Healthy leaf/healthy_00898.jpg
G05197,1,1,False,7. Healthy leaf,7. Healthy leaf/healthy_00899.jpg
G05198,1,1,False,7. Healthy leaf,7. Healthy leaf/healthy_00900.jpg
G05199,1,1,False,7. Healthy leaf,7. Healthy leaf/healthy_00901.jpg
G05200,1,1,False,7. Healthy leaf,7. Healthy leaf/healthy_00902.jpg
G05201,1,1,False,7. Healthy leaf,7. Healthy leaf/healthy_00903.jpg
G05202,1,1,False,7. Healthy leaf,7. Healthy leaf/healthy_00904.jpg
G05203,1,1,False,7. Healthy leaf,7. Healthy leaf/healthy_00905.jpg
G05204,1,1,False,7. Healthy leaf,7. Healthy leaf/healthy_00906.jpg
G05205,1,1,False,7. Healthy leaf,7. Healthy leaf/healthy_00907.jpg
G05206,1,1,False,7. Healthy leaf,7. Healthy leaf/healthy_00908.jpg
G05207,1,1,False,7. Healthy leaf,7. Healthy leaf/healthy_00909.jpg
G05208,1,1,False,7. Healthy leaf,7. Healthy leaf/healthy_00910.jpg
G05209,1,1,False,7. Healthy leaf,7. Healthy leaf/healthy_00911.jpg
G05210,1,1,False,7. Healthy leaf,7. Healthy leaf/healthy_00912.jpg
G05211,1,1,False,7. Healthy leaf,7. Healthy leaf/healthy_00913.jpg
G05212,1,1,False,7. Healthy leaf,7. Healthy leaf/healthy_00914.jpg
G05213,1,1,False,7. Healthy leaf,7. Healthy leaf/healthy_00915.jpg
G05214,1,1,False,7. Healthy leaf,7. Healthy leaf/healthy_00916.jpg
G05215,1,1,False,7. Healthy leaf,7. Healthy leaf/healthy_00917.jpg
G05216,1,1,False,7. Healthy leaf,7. Healthy leaf/healthy_00918.jpg
G05217,1,1,False,7. Healthy leaf,7. Healthy leaf/healthy_00919.jpg
G05218,1,1,False,7. Healthy leaf,7. Healthy leaf/healthy_00920.jpg
G05219,1,1,False,7. Healthy leaf,7. Healthy leaf/healthy_00921.jpg
G05220,1,1,False,7. Healthy leaf,7. Healthy leaf/healthy_00922.jpg
G05221,1,1,False,7. Healthy leaf,7. Healthy leaf/healthy_00923.jpg
G05222,1,1,False,7. Healthy leaf,7. Healthy leaf/healthy_00924.jpg
G05223,1,1,False,7. Healthy leaf,7. Healthy leaf/healthy_00925.jpg
G05224,1,1,False,7. Healthy leaf,7. Healthy leaf/healthy_00926.jpg
G05225,1,1,False,7. Healthy leaf,7. Healthy leaf/healthy_00927.jpg
G05226,1,1,False,7. Healthy leaf,7. Healthy leaf/healthy_00928.jpg
G05227,1,1,False,7. Healthy leaf,7. Healthy leaf/healthy_00929.jpg
G05228,1,1,False,7. Healthy leaf,7. Healthy leaf/healthy_00930.jpg
G05229,1,1,False,7. Healthy leaf,7. Healthy leaf/healthy_00931.jpg
G05230,1,1,False,7. Healthy leaf,7. Healthy leaf/healthy_00932.jpg
G05231,1,1,False,7. Healthy leaf,7. Healthy leaf/healthy_00933.jpg
G05232,1,1,False,7. Healthy leaf,7. Healthy leaf/healthy_00934.jpg
G05233,1,1,False,7. Healthy leaf,7. Healthy leaf/healthy_00935.jpg
