relative_path,class_folder_raw,group_id
1. Tea algal leaf spot/tea_algal_leaf_spot_00001.jpg,1. Tea algal leaf spot,G00044
1. Tea algal leaf spot/tea_algal_leaf_spot_00002.jpg,1. Tea algal leaf spot,G00045
1. Tea algal leaf spot/tea_algal_leaf_spot_00003.jpg,1. Tea algal leaf spot,G00046
1. Tea algal leaf spot/tea_algal_leaf_spot_00004.jpg,1. Tea algal leaf spot,G00047
1. Tea algal leaf spot/tea_algal_leaf_spot_00005.jpg,1. Tea algal leaf spot,G00048
1. Tea algal leaf spot/tea_algal_leaf_spot_00006.jpg,1. Tea algal leaf spot,G00049
1. Tea algal leaf spot/tea_algal_leaf_spot_00007.jpg,1. Tea algal leaf spot,G00050
1. Tea algal leaf spot/tea_algal_leaf_spot_00008.jpg,1. Tea algal leaf spot,G00051
1. Tea algal leaf spot/tea_algal_leaf_spot_00009.jpg,1. Tea algal leaf spot,G00052
1. Tea algal leaf spot/tea_algal_leaf_spot_00010.jpg,1. Tea algal leaf spot,G00053
1. Tea algal leaf spot/tea_algal_leaf_spot_00011.jpg,1. Tea algal leaf spot,G00054
1. Tea algal leaf spot/tea_algal_leaf_spot_00012.jpg,1. Tea algal leaf spot,G00055
1. Tea algal leaf spot/tea_algal_leaf_spot_00013.jpg,1. Tea algal leaf spot,G00056
1. Tea algal leaf spot/tea_algal_leaf_spot_00014.jpg,1. Tea algal leaf spot,G00057
1. Tea algal leaf spot/tea_algal_leaf_spot_00015.jpg,1. Tea algal leaf spot,G00058
1. Tea algal leaf spot/tea_algal_leaf_spot_00016.jpg,1. Tea algal leaf spot,G00059
1. Tea algal leaf spot/tea_algal_leaf_spot_00017.jpg,1. Tea algal leaf spot,G00060
1. Tea algal leaf spot/tea_algal_leaf_spot_00018.jpg,1. Tea algal leaf spot,G00061
1. Tea algal leaf spot/tea_algal_leaf_spot_00019.jpg,1. Tea algal leaf spot,G00062
1. Tea algal leaf spot/tea_algal_leaf_spot_00020.jpg,1. Tea algal leaf spot,G00063
1. Tea algal leaf spot/tea_algal_leaf_spot_00021.jpg,1. Tea algal leaf spot,G00064
1. Tea algal leaf spot/tea_algal_leaf_spot_00022.jpg,1. Tea algal leaf spot,G00065
1. Tea algal leaf spot/tea_algal_leaf_spot_00023.jpg,1. Tea algal leaf spot,G00066
1. Tea algal leaf spot/tea_algal_leaf_spot_00024.jpg,1. Tea algal leaf spot,G00067
1. Tea algal leaf spot/tea_algal_leaf_spot_00025.jpg,1. Tea algal leaf spot,G00068
1. Tea algal leaf spot/tea_algal_leaf_spot_00026.jpg,1. Tea algal leaf spot,G00069
1. Tea algal leaf spot/tea_algal_leaf_spot_00027.jpg,1. Tea algal leaf spot,G00070
1. Tea algal leaf spot/tea_algal_leaf_spot_00028.jpg,1. Tea algal leaf spot,G00071
1. Tea algal leaf spot/tea_algal_leaf_spot_00029.jpg,1. Tea algal leaf spot,G00072
1. Tea algal leaf spot/tea_algal_leaf_spot_00030.jpg,1. Tea algal leaf spot,G00073
1. Tea algal leaf spot/tea_algal_leaf_spot_00031.jpg,1. Tea algal leaf spot,G00074
1. Tea algal leaf spot/tea_algal_leaf_spot_00032.jpg,1. Tea algal leaf spot,G00075
1. Tea algal leaf spot/tea_algal_leaf_spot_00033.jpg,1. Tea algal leaf spot,G00076
1. Tea algal leaf spot/tea_algal_leaf_spot_00034.jpg,1. Tea algal leaf spot,G00077
1. Tea algal leaf spot/tea_algal_leaf_spot_00035.jpg,1. Tea algal leaf spot,G00078
1. Tea algal leaf spot/tea_algal_leaf_spot_00036.jpg,1. Tea algal leaf spot,G00079
1. Tea algal leaf spot/tea_algal_leaf_spot_00037.jpg,1. Tea algal leaf spot,G00080
1. Tea algal leaf spot/tea_algal_leaf_spot_00038.jpg,1. Tea algal leaf spot,G00081
1. Tea algal leaf spot/tea_algal_leaf_spot_00039.jpg,1. Tea algal leaf spot,G00082
1. Tea algal leaf spot/tea_algal_leaf_spot_00040.jpg,1. Tea algal leaf spot,G00083
1. Tea algal leaf spot/tea_algal_leaf_spot_00041.jpg,1. Tea algal leaf spot,G00084
1. Tea algal leaf spot/tea_algal_leaf_spot_00042.jpg,1. Tea algal leaf spot,G00085
1. Tea algal leaf spot/tea_algal_leaf_spot_00043.jpg,1. Tea algal leaf spot,G00086
1. Tea algal leaf spot/tea_algal_leaf_spot_00044.jpg,1. Tea algal leaf spot,G00087
1. Tea algal leaf spot/tea_algal_leaf_spot_00045.jpg,1. Tea algal leaf spot,G00088
1. Tea algal leaf spot/tea_algal_leaf_spot_00046.jpg,1. Tea algal leaf spot,G00089
1. Tea algal leaf spot/tea_algal_leaf_spot_00047.jpg,1. Tea algal leaf spot,G00090
1. Tea algal leaf spot/tea_algal_leaf_spot_00048.jpg,1. Tea algal leaf spot,G00091
1. Tea algal leaf spot/tea_algal_leaf_spot_00049.jpg,1. Tea algal leaf spot,G00092
1. Tea algal leaf spot/tea_algal_leaf_spot_00050.jpg,1. Tea algal leaf spot,G00093
1. Tea algal leaf spot/tea_algal_leaf_spot_00051.jpg,1. Tea algal leaf spot,G00094
1. Tea algal leaf spot/tea_algal_leaf_spot_00052.jpg,1. Tea algal leaf spot,G00095
1. Tea algal leaf spot/tea_algal_leaf_spot_00053.jpg,1. Tea algal leaf spot,G00096
1. Tea algal leaf spot/tea_algal_leaf_spot_00054.jpg,1. Tea algal leaf spot,G00097
1. Tea algal leaf spot/tea_algal_leaf_spot_00055.jpg,1. Tea algal leaf spot,G00098
1. Tea algal leaf spot/tea_algal_leaf_spot_00056.jpg,1. Tea algal leaf spot,G00099
1. Tea algal leaf spot/tea_algal_leaf_spot_00057.jpg,1. Tea algal leaf spot,G00100
1. Tea algal leaf spot/tea_algal_leaf_spot_00058.jpg,1. Tea algal leaf spot,G00101
1. Tea algal leaf spot/tea_algal_leaf_spot_00059.jpg,1. Tea algal leaf spot,G00102
1. Tea algal leaf spot/tea_algal_leaf_spot_00060.jpg,1. Tea algal leaf spot,G00103
1. Tea algal leaf spot/tea_algal_leaf_spot_00061.jpg,1. Tea algal leaf spot,G00104
1. Tea algal leaf spot/tea_algal_leaf_spot_00062.jpg,1. Tea algal leaf spot,G00105
1. Tea algal leaf spot/tea_algal_leaf_spot_00063.jpg,1. Tea algal leaf spot,G00106
1. Tea algal leaf spot/tea_algal_leaf_spot_00064.jpg,1. Tea algal leaf spot,G00107
1. Tea algal leaf spot/tea_algal_leaf_spot_00065.jpg,1. Tea algal leaf spot,G00108
1. Tea algal leaf spot/tea_algal_leaf_spot_00066.jpg,1. Tea algal leaf spot,G00109
1. Tea algal leaf spot/tea_algal_leaf_spot_00067.jpg,1. Tea algal leaf spot,G00110
1. Tea algal leaf spot/tea_algal_leaf_spot_00068.jpg,1. Tea algal leaf spot,G00111
1. Tea algal leaf spot/tea_algal_leaf_spot_00069.jpg,1. Tea algal leaf spot,G00112
1. Tea algal leaf spot/tea_algal_leaf_spot_00070.jpg,1. Tea algal leaf spot,G00113
1. Tea algal leaf spot/tea_algal_leaf_spot_00071.jpg,1. Tea algal leaf spot,G00114
1. Tea algal leaf spot/tea_algal_leaf_spot_00072.jpg,1. Tea algal leaf spot,G00115
1. Tea algal leaf spot/tea_algal_leaf_spot_00073.jpg,1. Tea algal leaf spot,G00116
1. Tea algal leaf spot/tea_algal_leaf_spot_00074.jpg,1. Tea algal leaf spot,G00117
1. Tea algal leaf spot/tea_algal_leaf_spot_00075.jpg,1. Tea algal leaf spot,G00118
1. Tea algal leaf spot/tea_algal_leaf_spot_00076.jpg,1. Tea algal leaf spot,G00119
1. Tea algal leaf spot/tea_algal_leaf_spot_00077.jpg,1. Tea algal leaf spot,G00120
1. Tea algal leaf spot/tea_algal_leaf_spot_00078.jpg,1. Tea algal leaf spot,G00121
1. Tea algal leaf spot/tea_algal_leaf_spot_00079.jpg,1. Tea algal leaf spot,G00122
1. Tea algal leaf spot/tea_algal_leaf_spot_00080.jpg,1. Tea algal leaf spot,G00123
1. Tea algal leaf spot/tea_algal_leaf_spot_00081.jpg,1. Tea algal leaf spot,G00124
1. Tea algal leaf spot/tea_algal_leaf_spot_00082.jpg,1. Tea algal leaf spot,G00125
1. Tea algal leaf spot/tea_algal_leaf_spot_00083.jpg,1. Tea algal leaf spot,G00126
1. Tea algal leaf spot/tea_algal_leaf_spot_00084.jpg,1. Tea algal leaf spot,G00127
1. Tea algal leaf spot/tea_algal_leaf_spot_00085.jpg,1. Tea algal leaf spot,G00128
1. Tea algal leaf spot/tea_algal_leaf_spot_00086.jpg,1. Tea algal leaf spot,G00129
1. Tea algal leaf spot/tea_algal_leaf_spot_00087.jpg,1. Tea algal leaf spot,G00130
1. Tea algal leaf spot/tea_algal_leaf_spot_00088.jpg,1. Tea algal leaf spot,G00131
1. Tea algal leaf spot/tea_algal_leaf_spot_00089.jpg,1. Tea algal leaf spot,G00132
1. Tea algal leaf spot/tea_algal_leaf_spot_00090.jpg,1. Tea algal leaf spot,G00133
1. Tea algal leaf spot/tea_algal_leaf_spot_00091.jpg,1. Tea algal leaf spot,G00134
1. Tea algal leaf spot/tea_algal_leaf_spot_00092.jpg,1. Tea algal leaf spot,G00135
1. Tea algal leaf spot/tea_algal_leaf_spot_00093.jpg,1. Tea algal leaf spot,G00136
1. Tea algal leaf spot/tea_algal_leaf_spot_00094.jpg,1. Tea algal leaf spot,G00137
1. Tea algal leaf spot/tea_algal_leaf_spot_00095.jpg,1. Tea algal leaf spot,G00138
1. Tea algal leaf spot/tea_algal_leaf_spot_00096.jpg,1. Tea algal leaf spot,G00139
1. Tea algal leaf spot/tea_algal_leaf_spot_00097.jpg,1. Tea algal leaf spot,G00140
1. Tea algal leaf spot/tea_algal_leaf_spot_00098.jpg,1. Tea algal leaf spot,G00141
1. Tea algal leaf spot/tea_algal_leaf_spot_00099.jpg,1. Tea algal leaf spot,G00142
1. Tea algal leaf spot/tea_algal_leaf_spot_00100.jpg,1. Tea algal leaf spot,G00143
1. Tea algal leaf spot/tea_algal_leaf_spot_00101.jpg,1. Tea algal leaf spot,G00144
1. Tea algal leaf spot/tea_algal_leaf_spot_00102.jpg,1. Tea algal leaf spot,G00145
1. Tea algal leaf spot/tea_algal_leaf_spot_00103.jpg,1. Tea algal leaf spot,G00146
1. Tea algal leaf spot/tea_algal_leaf_spot_00104.jpg,1. Tea algal leaf spot,G00147
1. Tea algal leaf spot/tea_algal_leaf_spot_00105.jpg,1. Tea algal leaf spot,G00148
1. Tea algal leaf spot/tea_algal_leaf_spot_00106.jpg,1. Tea algal leaf spot,G00149
1. Tea algal leaf spot/tea_algal_leaf_spot_00107.jpg,1. Tea algal leaf spot,G00150
1. Tea algal leaf spot/tea_algal_leaf_spot_00108.jpg,1. Tea algal leaf spot,G00151
1. Tea algal leaf spot/tea_algal_leaf_spot_00109.jpg,1. Tea algal leaf spot,G00152
1. Tea algal leaf spot/tea_algal_leaf_spot_00110.jpg,1. Tea algal leaf spot,G00153
1. Tea algal leaf spot/tea_algal_leaf_spot_00111.jpg,1. Tea algal leaf spot,G00154
1. Tea algal leaf spot/tea_algal_leaf_spot_00112.jpg,1. Tea algal leaf spot,G00155
1. Tea algal leaf spot/tea_algal_leaf_spot_00113.jpg,1. Tea algal leaf spot,G00156
1. Tea algal leaf spot/tea_algal_leaf_spot_00114.jpg,1. Tea algal leaf spot,G00157
1. Tea algal leaf spot/tea_algal_leaf_spot_00115.jpg,1. Tea algal leaf spot,G00158
1. Tea algal leaf spot/tea_algal_leaf_spot_00116.jpg,1. Tea algal leaf spot,G00159
1. Tea algal leaf spot/tea_algal_leaf_spot_00117.jpg,1. Tea algal leaf spot,G00160
1. Tea algal leaf spot/tea_algal_leaf_spot_00118.jpg,1. Tea algal leaf spot,G00161
1. Tea algal leaf spot/tea_algal_leaf_spot_00119.jpg,1. Tea algal leaf spot,G00162
1. Tea algal leaf spot/tea_algal_leaf_spot_00120.jpg,1. Tea algal leaf spot,G00163
1. Tea algal leaf spot/tea_algal_leaf_spot_00121.jpg,1. Tea algal leaf spot,G00164
1. Tea algal leaf spot/tea_algal_leaf_spot_00122.jpg,1. Tea algal leaf spot,G00165
1. Tea algal leaf spot/tea_algal_leaf_spot_00123.jpg,1. Tea algal leaf spot,G00166
1. Tea algal leaf spot/tea_algal_leaf_spot_00124.jpg,1. Tea algal leaf spot,G00167
1. Tea algal leaf spot/tea_algal_leaf_spot_00125.jpg,1. Tea algal leaf spot,G00168
1. Tea algal leaf spot/tea_algal_leaf_spot_00126.jpg,1. Tea algal leaf spot,G00169
1. Tea algal leaf spot/tea_algal_leaf_spot_00127.jpg,1. Tea algal leaf spot,G00170
1. Tea algal leaf spot/tea_algal_leaf_spot_00128.jpg,1. Tea algal leaf spot,G00171
1. Tea algal leaf spot/tea_algal_leaf_spot_00129.jpg,1. Tea algal leaf spot,G00172
1. Tea algal leaf spot/tea_algal_leaf_spot_00130.jpg,1. Tea algal leaf spot,G00173
1. Tea algal leaf spot/tea_algal_leaf_spot_00131.jpg,1. Tea algal leaf spot,G00174
1. Tea algal leaf spot/tea_algal_leaf_spot_00132.jpg,1. Tea algal leaf spot,G00175
1. Tea algal leaf spot/tea_algal_leaf_spot_00133.jpg,1. Tea algal leaf spot,G00176
1. Tea algal leaf spot/tea_algal_leaf_spot_00134.jpg,1. Tea algal leaf spot,G00177
1. Tea algal leaf spot/tea_algal_leaf_spot_00135.jpg,1. Tea algal leaf spot,G00178
1. Tea algal leaf spot/tea_algal_leaf_spot_00136.jpg,1. Tea algal leaf spot,G00001
1. Tea algal leaf spot/tea_algal_leaf_spot_00137.jpg,1. Tea algal leaf spot,G00001
1. Tea algal leaf spot/tea_algal_leaf_spot_00138.jpg,1. Tea algal leaf spot,G00179
1. Tea algal leaf spot/tea_algal_leaf_spot_00139.jpg,1. Tea algal leaf spot,G00180
1. Tea algal leaf spot/tea_algal_leaf_spot_00140.jpg,1. Tea algal leaf spot,G00181
1. Tea algal leaf spot/tea_algal_leaf_spot_00141.jpg,1. Tea algal leaf spot,G00182
1. Tea algal leaf spot/tea_algal_leaf_spot_00142.jpg,1. Tea algal leaf spot,G00183
1. Tea algal leaf spot/tea_algal_leaf_spot_00143.jpg,1. Tea algal leaf spot,G00184
1. Tea algal leaf spot/tea_algal_leaf_spot_00144.jpg,1. Tea algal leaf spot,G00002
1. Tea algal leaf spot/tea_algal_leaf_spot_00145.jpg,1. Tea algal leaf spot,G00002
1. Tea algal leaf spot/tea_algal_leaf_spot_00146.jpg,1. Tea algal leaf spot,G00185
1. Tea algal leaf spot/tea_algal_leaf_spot_00147.jpg,1. Tea algal leaf spot,G00186
1. Tea algal leaf spot/tea_algal_leaf_spot_00148.jpg,1. Tea algal leaf spot,G00187
1. Tea algal leaf spot/tea_algal_leaf_spot_00149.jpg,1. Tea algal leaf spot,G00188
1. Tea algal leaf spot/tea_algal_leaf_spot_00150.jpg,1. Tea algal leaf spot,G00189
1. Tea algal leaf spot/tea_algal_leaf_spot_00151.jpg,1. Tea algal leaf spot,G00190
1. Tea algal leaf spot/tea_algal_leaf_spot_00152.jpg,1. Tea algal leaf spot,G00191
1. Tea algal leaf spot/tea_algal_leaf_spot_00153.jpg,1. Tea algal leaf spot,G00192
1. Tea algal leaf spot/tea_algal_leaf_spot_00154.jpg,1. Tea algal leaf spot,G00193
1. Tea algal leaf spot/tea_algal_leaf_spot_00155.jpg,1. Tea algal leaf spot,G00194
1. Tea algal leaf spot/tea_algal_leaf_spot_00156.jpg,1. Tea algal leaf spot,G00195
1. Tea algal leaf spot/tea_algal_leaf_spot_00157.jpg,1. Tea algal leaf spot,G00196
1. Tea algal leaf spot/tea_algal_leaf_spot_00158.jpg,1. Tea algal leaf spot,G00197
1. Tea algal leaf spot/tea_algal_leaf_spot_00159.jpg,1. Tea algal leaf spot,G00198
1. Tea algal leaf spot/tea_algal_leaf_spot_00160.jpg,1. Tea algal leaf spot,G00199
1. Tea algal leaf spot/tea_algal_leaf_spot_00161.jpg,1. Tea algal leaf spot,G00200
1. Tea algal leaf spot/tea_algal_leaf_spot_00162.jpg,1. Tea algal leaf spot,G00201
1. Tea algal leaf spot/tea_algal_leaf_spot_00163.jpg,1. Tea algal leaf spot,G00202
1. Tea algal leaf spot/tea_algal_leaf_spot_00164.jpg,1. Tea algal leaf spot,G00203
1. Tea algal leaf spot/tea_algal_leaf_spot_00165.jpg,1. Tea algal leaf spot,G00204
1. Tea algal leaf spot/tea_algal_leaf_spot_00166.jpg,1. Tea algal leaf spot,G00205
1. Tea algal leaf spot/tea_algal_leaf_spot_00167.jpg,1. Tea algal leaf spot,G00206
1. Tea algal leaf spot/tea_algal_leaf_spot_00168.jpg,1. Tea algal leaf spot,G00207
1. Tea algal leaf spot/tea_algal_leaf_spot_00169.jpg,1. Tea algal leaf spot,G00208
1. Tea algal leaf spot/tea_algal_leaf_spot_00170.jpg,1. Tea algal leaf spot,G00209
1. Tea algal leaf spot/tea_algal_leaf_spot_00171.jpg,1. Tea algal leaf spot,G00210
1. Tea algal leaf spot/tea_algal_leaf_spot_00172.jpg,1. Tea algal leaf spot,G00211
1. Tea algal leaf spot/tea_algal_leaf_spot_00173.jpg,1. Tea algal leaf spot,G00212
1. Tea algal leaf spot/tea_algal_leaf_spot_00174.jpg,1. Tea algal leaf spot,G00213
1. Tea algal leaf spot/tea_algal_leaf_spot_00175.jpg,1. Tea algal leaf spot,G00214
1. Tea algal leaf spot/tea_algal_leaf_spot_00176.jpg,1. Tea algal leaf spot,G00215
1. Tea algal leaf spot/tea_algal_leaf_spot_00177.jpg,1. Tea algal leaf spot,G00216
1. Tea algal leaf spot/tea_algal_leaf_spot_00178.jpg,1. Tea algal leaf spot,G00217
1. Tea algal leaf spot/tea_algal_leaf_spot_00179.jpg,1. Tea algal leaf spot,G00218
1. Tea algal leaf spot/tea_algal_leaf_spot_00180.jpg,1. Tea algal leaf spot,G00219
1. Tea algal leaf spot/tea_algal_leaf_spot_00181.jpg,1. Tea algal leaf spot,G00220
1. Tea algal leaf spot/tea_algal_leaf_spot_00182.jpg,1. Tea algal leaf spot,G00221
1. Tea algal leaf spot/tea_algal_leaf_spot_00183.jpg,1. Tea algal leaf spot,G00222
1. Tea algal leaf spot/tea_algal_leaf_spot_00184.jpg,1. Tea algal leaf spot,G00223
1. Tea algal leaf spot/tea_algal_leaf_spot_00185.jpg,1. Tea algal leaf spot,G00224
1. Tea algal leaf spot/tea_algal_leaf_spot_00186.jpg,1. Tea algal leaf spot,G00225
1. Tea algal leaf spot/tea_algal_leaf_spot_00187.jpg,1. Tea algal leaf spot,G00226
1. Tea algal leaf spot/tea_algal_leaf_spot_00188.jpg,1. Tea algal leaf spot,G00227
1. Tea algal leaf spot/tea_algal_leaf_spot_00189.jpg,1. Tea algal leaf spot,G00228
1. Tea algal leaf spot/tea_algal_leaf_spot_00190.jpg,1. Tea algal leaf spot,G00229
1. Tea algal leaf spot/tea_algal_leaf_spot_00191.jpg,1. Tea algal leaf spot,G00230
1. Tea algal leaf spot/tea_algal_leaf_spot_00192.jpg,1. Tea algal leaf spot,G00231
1. Tea algal leaf spot/tea_algal_leaf_spot_00193.jpg,1. Tea algal leaf spot,G00232
1. Tea algal leaf spot/tea_algal_leaf_spot_00194.jpg,1. Tea algal leaf spot,G00233
1. Tea algal leaf spot/tea_algal_leaf_spot_00195.jpg,1. Tea algal leaf spot,G00234
1. Tea algal leaf spot/tea_algal_leaf_spot_00196.jpg,1. Tea algal leaf spot,G00235
1. Tea algal leaf spot/tea_algal_leaf_spot_00197.jpg,1. Tea algal leaf spot,G00236
1. Tea algal leaf spot/tea_algal_leaf_spot_00198.jpg,1. Tea algal leaf spot,G00237
1. Tea algal leaf spot/tea_algal_leaf_spot_00199.jpg,1. Tea algal leaf spot,G00238
1. Tea algal leaf spot/tea_algal_leaf_spot_00200.jpg,1. Tea algal leaf spot,G00239
1. Tea algal leaf spot/tea_algal_leaf_spot_00201.jpg,1. Tea algal leaf spot,G00240
1. Tea algal leaf spot/tea_algal_leaf_spot_00202.jpg,1. Tea algal leaf spot,G00241
1. Tea algal leaf spot/tea_algal_leaf_spot_00203.jpg,1. Tea algal leaf spot,G00242
1. Tea algal leaf spot/tea_algal_leaf_spot_00204.jpg,1. Tea algal leaf spot,G00243
1. Tea algal leaf spot/tea_algal_leaf_spot_00205.jpg,1. Tea algal leaf spot,G00244
1. Tea algal leaf spot/tea_algal_leaf_spot_00206.jpg,1. Tea algal leaf spot,G00245
1. Tea algal leaf spot/tea_algal_leaf_spot_00207.jpg,1. Tea algal leaf spot,G00246
1. Tea algal leaf spot/tea_algal_leaf_spot_00208.jpg,1. Tea algal leaf spot,G00247
1. Tea algal leaf spot/tea_algal_leaf_spot_00209.jpg,1. Tea algal leaf spot,G00248
1. Tea algal leaf spot/tea_algal_leaf_spot_00210.jpg,1. Tea algal leaf spot,G00249
1. Tea algal leaf spot/tea_algal_leaf_spot_00211.jpg,1. Tea algal leaf spot,G00250
1. Tea algal leaf spot/tea_algal_leaf_spot_00212.jpg,1. Tea algal leaf spot,G00251
1. Tea algal leaf spot/tea_algal_leaf_spot_00213.jpg,1. Tea algal leaf spot,G00252
1. Tea algal leaf spot/tea_algal_leaf_spot_00214.jpg,1. Tea algal leaf spot,G00253
1. Tea algal leaf spot/tea_algal_leaf_spot_00215.jpg,1. Tea algal leaf spot,G00254
1. Tea algal leaf spot/tea_algal_leaf_spot_00216.jpg,1. Tea algal leaf spot,G00255
1. Tea algal leaf spot/tea_algal_leaf_spot_00217.jpg,1. Tea algal leaf spot,G00256
1. Tea algal leaf spot/tea_algal_leaf_spot_00218.jpg,1. Tea algal leaf spot,G00257
1. Tea algal leaf spot/tea_algal_leaf_spot_00219.jpg,1. Tea algal leaf spot,G00258
1. Tea algal leaf spot/tea_algal_leaf_spot_00220.jpg,1. Tea algal leaf spot,G00259
1. Tea algal leaf spot/tea_algal_leaf_spot_00221.jpg,1. Tea algal leaf spot,G00260
1. Tea algal leaf spot/tea_algal_leaf_spot_00222.jpg,1. Tea algal leaf spot,G00261
1. Tea algal leaf spot/tea_algal_leaf_spot_00223.jpg,1. Tea algal leaf spot,G00262
1. Tea algal leaf spot/tea_algal_leaf_spot_00224.jpg,1. Tea algal leaf spot,G00263
1. Tea algal leaf spot/tea_algal_leaf_spot_00225.jpg,1. Tea algal leaf spot,G00264
1. Tea algal leaf spot/tea_algal_leaf_spot_00226.jpg,1. Tea algal leaf spot,G00265
1. Tea algal leaf spot/tea_algal_leaf_spot_00227.jpg,1. Tea algal leaf spot,G00266
1. Tea algal leaf spot/tea_algal_leaf_spot_00228.jpg,1. Tea algal leaf spot,G00267
1. Tea algal leaf spot/tea_algal_leaf_spot_00229.jpg,1. Tea algal leaf spot,G00268
1. Tea algal leaf spot/tea_algal_leaf_spot_00230.jpg,1. Tea algal leaf spot,G00269
1. Tea algal leaf spot/tea_algal_leaf_spot_00231.jpg,1. Tea algal leaf spot,G00270
1. Tea algal leaf spot/tea_algal_leaf_spot_00232.jpg,1. Tea algal leaf spot,G00271
1. Tea algal leaf spot/tea_algal_leaf_spot_00233.jpg,1. Tea algal leaf spot,G00272
1. Tea algal leaf spot/tea_algal_leaf_spot_00234.jpg,1. Tea algal leaf spot,G00273
1. Tea algal leaf spot/tea_algal_leaf_spot_00235.jpg,1. Tea algal leaf spot,G00274
1. Tea algal leaf spot/tea_algal_leaf_spot_00236.jpg,1. Tea algal leaf spot,G00275
1. Tea algal leaf spot/tea_algal_leaf_spot_00237.jpg,1. Tea algal leaf spot,G00276
1. Tea algal leaf spot/tea_algal_leaf_spot_00238.jpg,1. Tea algal leaf spot,G00277
1. Tea algal leaf spot/tea_algal_leaf_spot_00239.jpg,1. Tea algal leaf spot,G00278
1. Tea algal leaf spot/tea_algal_leaf_spot_00240.jpg,1. Tea algal leaf spot,G00279
1. Tea algal leaf spot/tea_algal_leaf_spot_00241.jpg,1. Tea algal leaf spot,G00280
1. Tea algal leaf spot/tea_algal_leaf_spot_00242.jpg,1. Tea algal leaf spot,G00281
1. Tea algal leaf spot/tea_algal_leaf_spot_00243.jpg,1. Tea algal leaf spot,G00282
1. Tea algal leaf spot/tea_algal_leaf_spot_00244.jpg,1. Tea algal leaf spot,G00283
1. Tea algal leaf spot/tea_algal_leaf_spot_00245.jpg,1. Tea algal leaf spot,G00284
1. Tea algal leaf spot/tea_algal_leaf_spot_00246.jpg,1. Tea algal leaf spot,G00285
1. Tea algal leaf spot/tea_algal_leaf_spot_00247.jpg,1. Tea algal leaf spot,G00286
1. Tea algal leaf spot/tea_algal_leaf_spot_00248.jpg,1. Tea algal leaf spot,G00287
1. Tea algal leaf spot/tea_algal_leaf_spot_00249.jpg,1. Tea algal leaf spot,G00288
1. Tea algal leaf spot/tea_algal_leaf_spot_00250.jpg,1. Tea algal leaf spot,G00289
1. Tea algal leaf spot/tea_algal_leaf_spot_00251.jpg,1. Tea algal leaf spot,G00290
1. Tea algal leaf spot/tea_algal_leaf_spot_00252.jpg,1. Tea algal leaf spot,G00291
1. Tea algal leaf spot/tea_algal_leaf_spot_00253.jpg,1. Tea algal leaf spot,G00292
1. Tea algal leaf spot/tea_algal_leaf_spot_00254.jpg,1. Tea algal leaf spot,G00293
1. Tea algal leaf spot/tea_algal_leaf_spot_00255.jpg,1. Tea algal leaf spot,G00294
1. Tea algal leaf spot/tea_algal_leaf_spot_00256.jpg,1. Tea algal leaf spot,G00295
1. Tea algal leaf spot/tea_algal_leaf_spot_00257.jpg,1. Tea algal leaf spot,G00296
1. Tea algal leaf spot/tea_algal_leaf_spot_00258.jpg,1. Tea algal leaf spot,G00297
1. Tea algal leaf spot/tea_algal_leaf_spot_00259.jpg,1. Tea algal leaf spot,G00298
1. Tea algal leaf spot/tea_algal_leaf_spot_00260.jpg,1. Tea algal leaf spot,G00299
1. Tea algal leaf spot/tea_algal_leaf_spot_00261.jpg,1. Tea algal leaf spot,G00300
1. Tea algal leaf spot/tea_algal_leaf_spot_00262.jpg,1. Tea algal leaf spot,G00301
1. Tea algal leaf spot/tea_algal_leaf_spot_00263.jpg,1. Tea algal leaf spot,G00302
1. Tea algal leaf spot/tea_algal_leaf_spot_00264.jpg,1. Tea algal leaf spot,G00303
1. Tea algal leaf spot/tea_algal_leaf_spot_00265.jpg,1. Tea algal leaf spot,G00304
1. Tea algal leaf spot/tea_algal_leaf_spot_00266.jpg,1. Tea algal leaf spot,G00305
1. Tea algal leaf spot/tea_algal_leaf_spot_00267.jpg,1. Tea algal leaf spot,G00306
1. Tea algal leaf spot/tea_algal_leaf_spot_00268.jpg,1. Tea algal leaf spot,G00307
1. Tea algal leaf spot/tea_algal_leaf_spot_00269.jpg,1. Tea algal leaf spot,G00308
1. Tea algal leaf spot/tea_algal_leaf_spot_00270.jpg,1. Tea algal leaf spot,G00309
1. Tea algal leaf spot/tea_algal_leaf_spot_00271.jpg,1. Tea algal leaf spot,G00310
1. Tea algal leaf spot/tea_algal_leaf_spot_00272.jpg,1. Tea algal leaf spot,G00311
1. Tea algal leaf spot/tea_algal_leaf_spot_00273.jpg,1. Tea algal leaf spot,G00312
1. Tea algal leaf spot/tea_algal_leaf_spot_00274.jpg,1. Tea algal leaf spot,G00313
1. Tea algal leaf spot/tea_algal_leaf_spot_00275.jpg,1. Tea algal leaf spot,G00314
1. Tea algal leaf spot/tea_algal_leaf_spot_00276.jpg,1. Tea algal leaf spot,G00315
1. Tea algal leaf spot/tea_algal_leaf_spot_00277.jpg,1. Tea algal leaf spot,G00316
1. Tea algal leaf spot/tea_algal_leaf_spot_00278.jpg,1. Tea algal leaf spot,G00317
1. Tea algal leaf spot/tea_algal_leaf_spot_00279.jpg,1. Tea algal leaf spot,G00318
1. Tea algal leaf spot/tea_algal_leaf_spot_00280.jpg,1. Tea algal leaf spot,G00319
1. Tea algal leaf spot/tea_algal_leaf_spot_00281.jpg,1. Tea algal leaf spot,G00320
1. Tea algal leaf spot/tea_algal_leaf_spot_00282.jpg,1. Tea algal leaf spot,G00321
1. Tea algal leaf spot/tea_algal_leaf_spot_00283.jpg,1. Tea algal leaf spot,G00322
1. Tea algal leaf spot/tea_algal_leaf_spot_00284.jpg,1. Tea algal leaf spot,G00323
1. Tea algal leaf spot/tea_algal_leaf_spot_00285.jpg,1. Tea algal leaf spot,G00324
1. Tea algal leaf spot/tea_algal_leaf_spot_00286.jpg,1. Tea algal leaf spot,G00325
1. Tea algal leaf spot/tea_algal_leaf_spot_00287.jpg,1. Tea algal leaf spot,G00326
1. Tea algal leaf spot/tea_algal_leaf_spot_00288.jpg,1. Tea algal leaf spot,G00327
1. Tea algal leaf spot/tea_algal_leaf_spot_00289.jpg,1. Tea algal leaf spot,G00328
1. Tea algal leaf spot/tea_algal_leaf_spot_00290.jpg,1. Tea algal leaf spot,G00329
1. Tea algal leaf spot/tea_algal_leaf_spot_00291.jpg,1. Tea algal leaf spot,G00330
1. Tea algal leaf spot/tea_algal_leaf_spot_00292.jpg,1. Tea algal leaf spot,G00331
1. Tea algal leaf spot/tea_algal_leaf_spot_00293.jpg,1. Tea algal leaf spot,G00332
1. Tea algal leaf spot/tea_algal_leaf_spot_00294.jpg,1. Tea algal leaf spot,G00333
1. Tea algal leaf spot/tea_algal_leaf_spot_00295.jpg,1. Tea algal leaf spot,G00334
1. Tea algal leaf spot/tea_algal_leaf_spot_00296.jpg,1. Tea algal leaf spot,G00335
1. Tea algal leaf spot/tea_algal_leaf_spot_00297.jpg,1. Tea algal leaf spot,G00336
1. Tea algal leaf spot/tea_algal_leaf_spot_00298.jpg,1. Tea algal leaf spot,G00337
1. Tea algal leaf spot/tea_algal_leaf_spot_00299.jpg,1. Tea algal leaf spot,G00338
1. Tea algal leaf spot/tea_algal_leaf_spot_00300.jpg,1. Tea algal leaf spot,G00339
1. Tea algal leaf spot/tea_algal_leaf_spot_00301.jpg,1. Tea algal leaf spot,G00340
1. Tea algal leaf spot/tea_algal_leaf_spot_00302.jpg,1. Tea algal leaf spot,G00341
1. Tea algal leaf spot/tea_algal_leaf_spot_00303.jpg,1. Tea algal leaf spot,G00342
1. Tea algal leaf spot/tea_algal_leaf_spot_00304.jpg,1. Tea algal leaf spot,G00343
1. Tea algal leaf spot/tea_algal_leaf_spot_00305.jpg,1. Tea algal leaf spot,G00344
1. Tea algal leaf spot/tea_algal_leaf_spot_00306.jpg,1. Tea algal leaf spot,G00345
1. Tea algal leaf spot/tea_algal_leaf_spot_00307.jpg,1. Tea algal leaf spot,G00346
1. Tea algal leaf spot/tea_algal_leaf_spot_00308.jpg,1. Tea algal leaf spot,G00347
1. Tea algal leaf spot/tea_algal_leaf_spot_00309.jpg,1. Tea algal leaf spot,G00348
1. Tea algal leaf spot/tea_algal_leaf_spot_00310.jpg,1. Tea algal leaf spot,G00349
1. Tea algal leaf spot/tea_algal_leaf_spot_00311.jpg,1. Tea algal leaf spot,G00350
1. Tea algal leaf spot/tea_algal_leaf_spot_00312.jpg,1. Tea algal leaf spot,G00351
1. Tea algal leaf spot/tea_algal_leaf_spot_00313.jpg,1. Tea algal leaf spot,G00352
1. Tea algal leaf spot/tea_algal_leaf_spot_00314.jpg,1. Tea algal leaf spot,G00353
1. Tea algal leaf spot/tea_algal_leaf_spot_00315.jpg,1. Tea algal leaf spot,G00354
1. Tea algal leaf spot/tea_algal_leaf_spot_00316.jpg,1. Tea algal leaf spot,G00355
1. Tea algal leaf spot/tea_algal_leaf_spot_00317.jpg,1. Tea algal leaf spot,G00356
1. Tea algal leaf spot/tea_algal_leaf_spot_00318.jpg,1. Tea algal leaf spot,G00357
1. Tea algal leaf spot/tea_algal_leaf_spot_00319.jpg,1. Tea algal leaf spot,G00358
1. Tea algal leaf spot/tea_algal_leaf_spot_00320.jpg,1. Tea algal leaf spot,G00359
1. Tea algal leaf spot/tea_algal_leaf_spot_00321.jpg,1. Tea algal leaf spot,G00360
1. Tea algal leaf spot/tea_algal_leaf_spot_00322.jpg,1. Tea algal leaf spot,G00361
1. Tea algal leaf spot/tea_algal_leaf_spot_00323.jpg,1. Tea algal leaf spot,G00362
1. Tea algal leaf spot/tea_algal_leaf_spot_00324.jpg,1. Tea algal leaf spot,G00363
1. Tea algal leaf spot/tea_algal_leaf_spot_00325.jpg,1. Tea algal leaf spot,G00364
1. Tea algal leaf spot/tea_algal_leaf_spot_00326.jpg,1. Tea algal leaf spot,G00365
1. Tea algal leaf spot/tea_algal_leaf_spot_00327.jpg,1. Tea algal leaf spot,G00366
1. Tea algal leaf spot/tea_algal_leaf_spot_00328.jpg,1. Tea algal leaf spot,G00367
1. Tea algal leaf spot/tea_algal_leaf_spot_00329.jpg,1. Tea algal leaf spot,G00368
1. Tea algal leaf spot/tea_algal_leaf_spot_00330.jpg,1. Tea algal leaf spot,G00369
1. Tea algal leaf spot/tea_algal_leaf_spot_00331.jpg,1. Tea algal leaf spot,G00370
1. Tea algal leaf spot/tea_algal_leaf_spot_00332.jpg,1. Tea algal leaf spot,G00371
1. Tea algal leaf spot/tea_algal_leaf_spot_00333.jpg,1. Tea algal leaf spot,G00372
1. Tea algal leaf spot/tea_algal_leaf_spot_00334.jpg,1. Tea algal leaf spot,G00373
1. Tea algal leaf spot/tea_algal_leaf_spot_00335.jpg,1. Tea algal leaf spot,G00374
1. Tea algal leaf spot/tea_algal_leaf_spot_00336.jpg,1. Tea algal leaf spot,G00375
1. Tea algal leaf spot/tea_algal_leaf_spot_00337.jpg,1. Tea algal leaf spot,G00376
1. Tea algal leaf spot/tea_algal_leaf_spot_00338.jpg,1. Tea algal leaf spot,G00377
1. Tea algal leaf spot/tea_algal_leaf_spot_00339.jpg,1. Tea algal leaf spot,G00378
1. Tea algal leaf spot/tea_algal_leaf_spot_00340.jpg,1. Tea algal leaf spot,G00379
1. Tea algal leaf spot/tea_algal_leaf_spot_00341.jpg,1. Tea algal leaf spot,G00380
1. Tea algal leaf spot/tea_algal_leaf_spot_00342.jpg,1. Tea algal leaf spot,G00381
1. Tea algal leaf spot/tea_algal_leaf_spot_00343.jpg,1. Tea algal leaf spot,G00382
1. Tea algal leaf spot/tea_algal_leaf_spot_00344.jpg,1. Tea algal leaf spot,G00383
1. Tea algal leaf spot/tea_algal_leaf_spot_00345.jpg,1. Tea algal leaf spot,G00384
1. Tea algal leaf spot/tea_algal_leaf_spot_00346.jpg,1. Tea algal leaf spot,G00385
1. Tea algal leaf spot/tea_algal_leaf_spot_00347.jpg,1. Tea algal leaf spot,G00386
1. Tea algal leaf spot/tea_algal_leaf_spot_00348.jpg,1. Tea algal leaf spot,G00387
1. Tea algal leaf spot/tea_algal_leaf_spot_00349.jpg,1. Tea algal leaf spot,G00388
1. Tea algal leaf spot/tea_algal_leaf_spot_00350.jpg,1. Tea algal leaf spot,G00389
1. Tea algal leaf spot/tea_algal_leaf_spot_00351.jpg,1. Tea algal leaf spot,G00390
1. Tea algal leaf spot/tea_algal_leaf_spot_00352.jpg,1. Tea algal leaf spot,G00391
1. Tea algal leaf spot/tea_algal_leaf_spot_00353.jpg,1. Tea algal leaf spot,G00392
1. Tea algal leaf spot/tea_algal_leaf_spot_00354.jpg,1. Tea algal leaf spot,G00393
1. Tea algal leaf spot/tea_algal_leaf_spot_00355.jpg,1. Tea algal leaf spot,G00394
1. Tea algal leaf spot/tea_algal_leaf_spot_00356.jpg,1. Tea algal leaf spot,G00395
1. Tea algal leaf spot/tea_algal_leaf_spot_00357.jpg,1. Tea algal leaf spot,G00396
1. Tea algal leaf spot/tea_algal_leaf_spot_00358.jpg,1. Tea algal leaf spot,G00397
1. Tea algal leaf spot/tea_algal_leaf_spot_00359.jpg,1. Tea algal leaf spot,G00398
1. Tea algal leaf spot/tea_algal_leaf_spot_00360.jpg,1. Tea algal leaf spot,G00399
1. Tea algal leaf spot/tea_algal_leaf_spot_00361.jpg,1. Tea algal leaf spot,G00400
1. Tea algal leaf spot/tea_algal_leaf_spot_00362.jpg,1. Tea algal leaf spot,G00401
1. Tea algal leaf spot/tea_algal_leaf_spot_00363.jpg,1. Tea algal leaf spot,G00402
1. Tea algal leaf spot/tea_algal_leaf_spot_00364.jpg,1. Tea algal leaf spot,G00403
1. Tea algal leaf spot/tea_algal_leaf_spot_00365.jpg,1. Tea algal leaf spot,G00404
1. Tea algal leaf spot/tea_algal_leaf_spot_00366.jpg,1. Tea algal leaf spot,G00405
1. Tea algal leaf spot/tea_algal_leaf_spot_00367.jpg,1. Tea algal leaf spot,G00406
1. Tea algal leaf spot/tea_algal_leaf_spot_00368.jpg,1. Tea algal leaf spot,G00407
1. Tea algal leaf spot/tea_algal_leaf_spot_00369.jpg,1. Tea algal leaf spot,G00408
1. Tea algal leaf spot/tea_algal_leaf_spot_00370.jpg,1. Tea algal leaf spot,G00409
1. Tea algal leaf spot/tea_algal_leaf_spot_00371.jpg,1. Tea algal leaf spot,G00410
1. Tea algal leaf spot/tea_algal_leaf_spot_00372.jpg,1. Tea algal leaf spot,G00411
1. Tea algal leaf spot/tea_algal_leaf_spot_00373.jpg,1. Tea algal leaf spot,G00412
1. Tea algal leaf spot/tea_algal_leaf_spot_00374.jpg,1. Tea algal leaf spot,G00413
1. Tea algal leaf spot/tea_algal_leaf_spot_00375.jpg,1. Tea algal leaf spot,G00414
1. Tea algal leaf spot/tea_algal_leaf_spot_00376.jpg,1. Tea algal leaf spot,G00415
1. Tea algal leaf spot/tea_algal_leaf_spot_00377.jpg,1. Tea algal leaf spot,G00416
1. Tea algal leaf spot/tea_algal_leaf_spot_00378.jpg,1. Tea algal leaf spot,G00417
1. Tea algal leaf spot/tea_algal_leaf_spot_00379.jpg,1. Tea algal leaf spot,G00418
1. Tea algal leaf spot/tea_algal_leaf_spot_00380.jpg,1. Tea algal leaf spot,G00419
1. Tea algal leaf spot/tea_algal_leaf_spot_00381.jpg,1. Tea algal leaf spot,G00420
1. Tea algal leaf spot/tea_algal_leaf_spot_00382.jpg,1. Tea algal leaf spot,G00421
1. Tea algal leaf spot/tea_algal_leaf_spot_00383.jpg,1. Tea algal leaf spot,G00422
1. Tea algal leaf spot/tea_algal_leaf_spot_00384.jpg,1. Tea algal leaf spot,G00423
1. Tea algal leaf spot/tea_algal_leaf_spot_00385.jpg,1. Tea algal leaf spot,G00424
1. Tea algal leaf spot/tea_algal_leaf_spot_00386.jpg,1. Tea algal leaf spot,G00425
1. Tea algal leaf spot/tea_algal_leaf_spot_00387.jpg,1. Tea algal leaf spot,G00426
1. Tea algal leaf spot/tea_algal_leaf_spot_00388.jpg,1. Tea algal leaf spot,G00427
1. Tea algal leaf spot/tea_algal_leaf_spot_00389.jpg,1. Tea algal leaf spot,G00428
1. Tea algal leaf spot/tea_algal_leaf_spot_00390.jpg,1. Tea algal leaf spot,G00429
1. Tea algal leaf spot/tea_algal_leaf_spot_00391.jpg,1. Tea algal leaf spot,G00430
1. Tea algal leaf spot/tea_algal_leaf_spot_00392.jpg,1. Tea algal leaf spot,G00431
1. Tea algal leaf spot/tea_algal_leaf_spot_00393.jpg,1. Tea algal leaf spot,G00432
1. Tea algal leaf spot/tea_algal_leaf_spot_00394.jpg,1. Tea algal leaf spot,G00433
1. Tea algal leaf spot/tea_algal_leaf_spot_00395.jpg,1. Tea algal leaf spot,G00434
1. Tea algal leaf spot/tea_algal_leaf_spot_00396.jpg,1. Tea algal leaf spot,G00435
1. Tea algal leaf spot/tea_algal_leaf_spot_00397.jpg,1. Tea algal leaf spot,G00436
1. Tea algal leaf spot/tea_algal_leaf_spot_00398.jpg,1. Tea algal leaf spot,G00437
1. Tea algal leaf spot/tea_algal_leaf_spot_00399.jpg,1. Tea algal leaf spot,G00438
1. Tea algal leaf spot/tea_algal_leaf_spot_00400.jpg,1. Tea algal leaf spot,G00439
1. Tea algal leaf spot/tea_algal_leaf_spot_00401.jpg,1. Tea algal leaf spot,G00440
1. Tea algal leaf spot/tea_algal_leaf_spot_00402.jpg,1. Tea algal leaf spot,G00441
1. Tea algal leaf spot/tea_algal_leaf_spot_00403.jpg,1. Tea algal leaf spot,G00442
1. Tea algal leaf spot/tea_algal_leaf_spot_00404.jpg,1. Tea algal leaf spot,G00443
1. Tea algal leaf spot/tea_algal_leaf_spot_00405.jpg,1. Tea algal leaf spot,G00444
1. Tea algal leaf spot/tea_algal_leaf_spot_00406.jpg,1. Tea algal leaf spot,G00445
1. Tea algal leaf spot/tea_algal_leaf_spot_00407.jpg,1. Tea algal leaf spot,G00446
1. Tea algal leaf spot/tea_algal_leaf_spot_00408.jpg,1. Tea algal leaf spot,G00447
1. Tea algal leaf spot/tea_algal_leaf_spot_00409.jpg,1. Tea algal leaf spot,G00448
1. Tea algal leaf spot/tea_algal_leaf_spot_00410.jpg,1. Tea algal leaf spot,G00449
1. Tea algal leaf spot/tea_algal_leaf_spot_00411.jpg,1. Tea algal leaf spot,G00450
1. Tea algal leaf spot/tea_algal_leaf_spot_00412.jpg,1. Tea algal leaf spot,G00451
1. Tea algal leaf spot/tea_algal_leaf_spot_00413.jpg,1. Tea algal leaf spot,G00452
1. Tea algal leaf spot/tea_algal_leaf_spot_00414.jpg,1. Tea algal leaf spot,G00453
1. Tea algal leaf spot/tea_algal_leaf_spot_00415.jpg,1. Tea algal leaf spot,G00454
1. Tea algal leaf spot/tea_algal_leaf_spot_00416.jpg,1. Tea algal leaf spot,G00455
1. Tea algal leaf spot/tea_algal_leaf_spot_00417.jpg,1. Tea algal leaf spot,G00456
1. Tea algal leaf spot/tea_algal_leaf_spot_00418.jpg,1. Tea algal leaf spot,G00457
2. Brown Blight/brown_blight_00001.jpg,2. Brown Blight,G00458
2. Brown Blight/brown_blight_00002.jpg,2. Brown Blight,G00459
2. Brown Blight/brown_blight_00003.jpg,2. Brown Blight,G00460
2. Brown Blight/brown_blight_00004.jpg,2. Brown Blight,G00461
2. Brown Blight/brown_blight_00005.jpg,2. Brown Blight,G00462
2. Brown Blight/brown_blight_00006.jpg,2. Brown Blight,G00463
2. Brown Blight/brown_blight_00007.jpg,2. Brown Blight,G00464
2. Brown Blight/brown_blight_00008.jpg,2. Brown Blight,G00465
2. Brown Blight/brown_blight_00009.jpg,2. Brown Blight,G00466
2. Brown Blight/brown_blight_00010.jpg,2. Brown Blight,G00467
2. Brown Blight/brown_blight_00011.jpg,2. Brown Blight,G00468
2. Brown Blight/brown_blight_00012.jpg,2. Brown Blight,G00469
2. Brown Blight/brown_blight_00013.jpg,2. Brown Blight,G00470
2. Brown Blight/brown_blight_00014.jpg,2. Brown Blight,G00471
2. Brown Blight/brown_blight_00015.jpg,2. Brown Blight,G00472
2. Brown Blight/brown_blight_00016.jpg,2. Brown Blight,G00473
2. Brown Blight/brown_blight_00017.jpg,2. Brown Blight,G00474
2. Brown Blight/brown_blight_00018.jpg,2. Brown Blight,G00475
2. Brown Blight/brown_blight_00019.jpg,2. Brown Blight,G00476
2. Brown Blight/brown_blight_00020.jpg,2. Brown Blight,G00477
2. Brown Blight/brown_blight_00021.jpg,2. Brown Blight,G00478
2. Brown Blight/brown_blight_00022.jpg,2. Brown Blight,G00479
2. Brown Blight/brown_blight_00023.jpg,2. Brown Blight,G00480
2. Brown Blight/brown_blight_00024.jpg,2. Brown Blight,G00481
2. Brown Blight/brown_blight_00025.jpg,2. Brown Blight,G00482
2. Brown Blight/brown_blight_00026.jpg,2. Brown Blight,G00483
2. Brown Blight/brown_blight_00027.jpg,2. Brown Blight,G00484
2. Brown Blight/brown_blight_00028.jpg,2. Brown Blight,G00485
2. Brown Blight/brown_blight_00029.jpg,2. Brown Blight,G00486
2. Brown Blight/brown_blight_00030.jpg,2. Brown Blight,G00487
2. Brown Blight/brown_blight_00031.jpg,2. Brown Blight,G00488
2. Brown Blight/brown_blight_00032.jpg,2. Brown Blight,G00489
2. Brown Blight/brown_blight_00033.jpg,2. Brown Blight,G00490
2. Brown Blight/brown_blight_00034.jpg,2. Brown Blight,G00491
2. Brown Blight/brown_blight_00035.jpg,2. Brown Blight,G00492
2. Brown Blight/brown_blight_00036.jpg,2. Brown Blight,G00493
2. Brown Blight/brown_blight_00037.jpg,2. Brown Blight,G00494
2. Brown Blight/brown_blight_00038.jpg,2. Brown Blight,G00495
2. Brown Blight/brown_blight_00039.jpg,2. Brown Blight,G00496
2. Brown Blight/brown_blight_00040.jpg,2. Brown Blight,G00497
2. Brown Blight/brown_blight_00041.jpg,2. Brown Blight,G00498
2. Brown Blight/brown_blight_00042.jpg,2. Brown Blight,G00499
2. Brown Blight/brown_blight_00043.jpg,2. Brown Blight,G00500
2. Brown Blight/brown_blight_00044.jpg,2. Brown Blight,G00501
2. Brown Blight/brown_blight_00045.jpg,2. Brown Blight,G00502
2. Brown Blight/brown_blight_00046.jpg,2. Brown Blight,G00503
2. Brown Blight/brown_blight_00047.jpg,2. Brown Blight,G00504
2. Brown Blight/brown_blight_00048.jpg,2. Brown Blight,G00505
2. Brown Blight/brown_blight_00049.jpg,2. Brown Blight,G00506
2. Brown Blight/brown_blight_00050.jpg,2. Brown Blight,G00507
2. Brown Blight/brown_blight_00051.jpg,2. Brown Blight,G00508
2. Brown Blight/brown_blight_00052.jpg,2. Brown Blight,G00509
2. Brown Blight/brown_blight_00053.jpg,2. Brown Blight,G00510
2. Brown Blight/brown_blight_00054.jpg,2. Brown Blight,G00511
2. Brown Blight/brown_blight_00055.jpg,2. Brown Blight,G00512
2. Brown Blight/brown_blight_00056.jpg,2. Brown Blight,G00513
2. Brown Blight/brown_blight_00057.jpg,2. Brown Blight,G00514
2. Brown Blight/brown_blight_00058.jpg,2. Brown Blight,G00515
2. Brown Blight/brown_blight_00059.jpg,2. Brown Blight,G00516
2. Brown Blight/brown_blight_00060.jpg,2. Brown Blight,G00517
2. Brown Blight/brown_blight_00061.jpg,2. Brown Blight,G00518
2. Brown Blight/brown_blight_00062.jpg,2. Brown Blight,G00519
2. Brown Blight/brown_blight_00063.jpg,2. Brown Blight,G00520
2. Brown Blight/brown_blight_00064.jpg,2. Brown Blight,G00521
2. Brown Blight/brown_blight_00065.jpg,2. Brown Blight,G00522
2. Brown Blight/brown_blight_00066.jpg,2. Brown Blight,G00523
2. Brown Blight/brown_blight_00067.jpg,2. Brown Blight,G00524
2. Brown Blight/brown_blight_00068.jpg,2. Brown Blight,G00525
2. Brown Blight/brown_blight_00069.jpg,2. Brown Blight,G00526
2. Brown Blight/brown_blight_00070.jpg,2. Brown Blight,G00527
2. Brown Blight/brown_blight_00071.jpg,2. Brown Blight,G00528
2. Brown Blight/brown_blight_00072.jpg,2. Brown Blight,G00529
2. Brown Blight/brown_blight_00073.jpg,2. Brown Blight,G00530
2. Brown Blight/brown_blight_00074.jpg,2. Brown Blight,G00531
2. Brown Blight/brown_blight_00075.jpg,2. Brown Blight,G00532
2. Brown Blight/brown_blight_00076.jpg,2. Brown Blight,G00533
2. Brown Blight/brown_blight_00077.jpg,2. Brown Blight,G00534
2. Brown Blight/brown_blight_00078.jpg,2. Brown Blight,G00535
2. Brown Blight/brown_blight_00079.jpg,2. Brown Blight,G00536
2. Brown Blight/brown_blight_00080.jpg,2. Brown Blight,G00537
2. Brown Blight/brown_blight_00081.jpg,2. Brown Blight,G00538
2. Brown Blight/brown_blight_00082.jpg,2. Brown Blight,G00539
2. Brown Blight/brown_blight_00083.jpg,2. Brown Blight,G00540
2. Brown Blight/brown_blight_00084.jpg,2. Brown Blight,G00541
2. Brown Blight/brown_blight_00085.jpg,2. Brown Blight,G00542
2. Brown Blight/brown_blight_00086.jpg,2. Brown Blight,G00543
2. Brown Blight/brown_blight_00087.jpg,2. Brown Blight,G00544
2. Brown Blight/brown_blight_00088.jpg,2. Brown Blight,G00545
2. Brown Blight/brown_blight_00089.jpg,2. Brown Blight,G00546
2. Brown Blight/brown_blight_00090.jpg,2. Brown Blight,G00547
2. Brown Blight/brown_blight_00091.jpg,2. Brown Blight,G00548
2. Brown Blight/brown_blight_00092.jpg,2. Brown Blight,G00549
2. Brown Blight/brown_blight_00093.jpg,2. Brown Blight,G00550
2. Brown Blight/brown_blight_00094.jpg,2. Brown Blight,G00003
2. Brown Blight/brown_blight_00095.jpg,2. Brown Blight,G00003
2. Brown Blight/brown_blight_00096.jpg,2. Brown Blight,G00004
2. Brown Blight/brown_blight_00097.jpg,2. Brown Blight,G00004
2. Brown Blight/brown_blight_00098.jpg,2. Brown Blight,G00551
2. Brown Blight/brown_blight_00099.jpg,2. Brown Blight,G00552
2. Brown Blight/brown_blight_00100.jpg,2. Brown Blight,G00553
2. Brown Blight/brown_blight_00101.jpg,2. Brown Blight,G00554
2. Brown Blight/brown_blight_00102.jpg,2. Brown Blight,G00555
2. Brown Blight/brown_blight_00103.jpg,2. Brown Blight,G00556
2. Brown Blight/brown_blight_00104.jpg,2. Brown Blight,G00557
2. Brown Blight/brown_blight_00105.jpg,2. Brown Blight,G00558
2. Brown Blight/brown_blight_00106.jpg,2. Brown Blight,G00559
2. Brown Blight/brown_blight_00107.jpg,2. Brown Blight,G00560
2. Brown Blight/brown_blight_00108.jpg,2. Brown Blight,G00005
2. Brown Blight/brown_blight_00109.jpg,2. Brown Blight,G00005
2. Brown Blight/brown_blight_00110.jpg,2. Brown Blight,G00561
2. Brown Blight/brown_blight_00111.jpg,2. Brown Blight,G00562
2. Brown Blight/brown_blight_00112.jpg,2. Brown Blight,G00563
2. Brown Blight/brown_blight_00113.jpg,2. Brown Blight,G00564
2. Brown Blight/brown_blight_00114.jpg,2. Brown Blight,G00565
2. Brown Blight/brown_blight_00115.jpg,2. Brown Blight,G00566
2. Brown Blight/brown_blight_00116.jpg,2. Brown Blight,G00567
2. Brown Blight/brown_blight_00117.jpg,2. Brown Blight,G00568
2. Brown Blight/brown_blight_00118.jpg,2. Brown Blight,G00006
2. Brown Blight/brown_blight_00119.jpg,2. Brown Blight,G00006
2. Brown Blight/brown_blight_00120.jpg,2. Brown Blight,G00569
2. Brown Blight/brown_blight_00121.jpg,2. Brown Blight,G00007
2. Brown Blight/brown_blight_00122.jpg,2. Brown Blight,G00007
2. Brown Blight/brown_blight_00123.jpg,2. Brown Blight,G00570
2. Brown Blight/brown_blight_00124.jpg,2. Brown Blight,G00571
2. Brown Blight/brown_blight_00125.jpg,2. Brown Blight,G00572
2. Brown Blight/brown_blight_00126.jpg,2. Brown Blight,G00573
2. Brown Blight/brown_blight_00127.jpg,2. Brown Blight,G00574
2. Brown Blight/brown_blight_00128.jpg,2. Brown Blight,G00575
2. Brown Blight/brown_blight_00129.jpg,2. Brown Blight,G00576
2. Brown Blight/brown_blight_00130.jpg,2. Brown Blight,G00577
2. Brown Blight/brown_blight_00131.jpg,2. Brown Blight,G00578
2. Brown Blight/brown_blight_00132.jpg,2. Brown Blight,G00579
2. Brown Blight/brown_blight_00133.jpg,2. Brown Blight,G00580
2. Brown Blight/brown_blight_00134.jpg,2. Brown Blight,G00581
2. Brown Blight/brown_blight_00135.jpg,2. Brown Blight,G00582
2. Brown Blight/brown_blight_00136.jpg,2. Brown Blight,G00583
2. Brown Blight/brown_blight_00137.jpg,2. Brown Blight,G00584
2. Brown Blight/brown_blight_00138.jpg,2. Brown Blight,G00585
2. Brown Blight/brown_blight_00139.jpg,2. Brown Blight,G00586
2. Brown Blight/brown_blight_00140.jpg,2. Brown Blight,G00587
2. Brown Blight/brown_blight_00141.jpg,2. Brown Blight,G00588
2. Brown Blight/brown_blight_00142.jpg,2. Brown Blight,G00589
2. Brown Blight/brown_blight_00143.jpg,2. Brown Blight,G00590
2. Brown Blight/brown_blight_00144.jpg,2. Brown Blight,G00591
2. Brown Blight/brown_blight_00145.jpg,2. Brown Blight,G00592
2. Brown Blight/brown_blight_00146.jpg,2. Brown Blight,G00593
2. Brown Blight/brown_blight_00147.jpg,2. Brown Blight,G00594
2. Brown Blight/brown_blight_00148.jpg,2. Brown Blight,G00595
2. Brown Blight/brown_blight_00149.jpg,2. Brown Blight,G00596
2. Brown Blight/brown_blight_00150.jpg,2. Brown Blight,G00597
2. Brown Blight/brown_blight_00151.jpg,2. Brown Blight,G00598
2. Brown Blight/brown_blight_00152.jpg,2. Brown Blight,G00599
2. Brown Blight/brown_blight_00153.jpg,2. Brown Blight,G00600
2. Brown Blight/brown_blight_00154.jpg,2. Brown Blight,G00601
2. Brown Blight/brown_blight_00155.jpg,2. Brown Blight,G00602
2. Brown Blight/brown_blight_00156.jpg,2. Brown Blight,G00603
2. Brown Blight/brown_blight_00157.jpg,2. Brown Blight,G00604
2. Brown Blight/brown_blight_00158.jpg,2. Brown Blight,G00605
2. Brown Blight/brown_blight_00159.jpg,2. Brown Blight,G00606
2. Brown Blight/brown_blight_00160.jpg,2. Brown Blight,G00607
2. Brown Blight/brown_blight_00161.jpg,2. Brown Blight,G00608
2. Brown Blight/brown_blight_00162.jpg,2. Brown Blight,G00609
2. Brown Blight/brown_blight_00163.jpg,2. Brown Blight,G00610
2. Brown Blight/brown_blight_00164.jpg,2. Brown Blight,G00611
2. Brown Blight/brown_blight_00165.jpg,2. Brown Blight,G00612
2. Brown Blight/brown_blight_00166.jpg,2. Brown Blight,G00613
2. Brown Blight/brown_blight_00167.jpg,2. Brown Blight,G00614
2. Brown Blight/brown_blight_00168.jpg,2. Brown Blight,G00008
2. Brown Blight/brown_blight_00169.jpg,2. Brown Blight,G00615
2. Brown Blight/brown_blight_00170.jpg,2. Brown Blight,G00008
2. Brown Blight/brown_blight_00171.jpg,2. Brown Blight,G00616
2. Brown Blight/brown_blight_00172.jpg,2. Brown Blight,G00617
2. Brown Blight/brown_blight_00173.jpg,2. Brown Blight,G00618
2. Brown Blight/brown_blight_00174.jpg,2. Brown Blight,G00619
2. Brown Blight/brown_blight_00175.jpg,2. Brown Blight,G00620
2. Brown Blight/brown_blight_00176.jpg,2. Brown Blight,G00621
2. Brown Blight/brown_blight_00177.jpg,2. Brown Blight,G00622
2. Brown Blight/brown_blight_00178.jpg,2. Brown Blight,G00623
2. Brown Blight/brown_blight_00179.jpg,2. Brown Blight,G00624
2. Brown Blight/brown_blight_00180.jpg,2. Brown Blight,G00625
2. Brown Blight/brown_blight_00181.jpg,2. Brown Blight,G00626
2. Brown Blight/brown_blight_00182.jpg,2. Brown Blight,G00627
2. Brown Blight/brown_blight_00183.jpg,2. Brown Blight,G00628
2. Brown Blight/brown_blight_00184.jpg,2. Brown Blight,G00629
2. Brown Blight/brown_blight_00185.jpg,2. Brown Blight,G00630
2. Brown Blight/brown_blight_00186.jpg,2. Brown Blight,G00631
2. Brown Blight/brown_blight_00187.jpg,2. Brown Blight,G00632
2. Brown Blight/brown_blight_00188.jpg,2. Brown Blight,G00633
2. Brown Blight/brown_blight_00189.jpg,2. Brown Blight,G00634
2. Brown Blight/brown_blight_00190.jpg,2. Brown Blight,G00635
2. Brown Blight/brown_blight_00191.jpg,2. Brown Blight,G00636
2. Brown Blight/brown_blight_00192.jpg,2. Brown Blight,G00637
2. Brown Blight/brown_blight_00193.jpg,2. Brown Blight,G00638
2. Brown Blight/brown_blight_00194.jpg,2. Brown Blight,G00639
2. Brown Blight/brown_blight_00195.jpg,2. Brown Blight,G00640
2. Brown Blight/brown_blight_00196.jpg,2. Brown Blight,G00641
2. Brown Blight/brown_blight_00197.jpg,2. Brown Blight,G00642
2. Brown Blight/brown_blight_00198.jpg,2. Brown Blight,G00643
2. Brown Blight/brown_blight_00199.jpg,2. Brown Blight,G00644
2. Brown Blight/brown_blight_00200.jpg,2. Brown Blight,G00645
2. Brown Blight/brown_blight_00201.jpg,2. Brown Blight,G00646
2. Brown Blight/brown_blight_00202.jpg,2. Brown Blight,G00647
2. Brown Blight/brown_blight_00203.jpg,2. Brown Blight,G00648
2. Brown Blight/brown_blight_00204.jpg,2. Brown Blight,G00649
2. Brown Blight/brown_blight_00205.jpg,2. Brown Blight,G00650
2. Brown Blight/brown_blight_00206.jpg,2. Brown Blight,G00651
2. Brown Blight/brown_blight_00207.jpg,2. Brown Blight,G00652
2. Brown Blight/brown_blight_00208.jpg,2. Brown Blight,G00653
2. Brown Blight/brown_blight_00209.jpg,2. Brown Blight,G00654
2. Brown Blight/brown_blight_00210.jpg,2. Brown Blight,G00655
2. Brown Blight/brown_blight_00211.jpg,2. Brown Blight,G00656
2. Brown Blight/brown_blight_00212.jpg,2. Brown Blight,G00657
2. Brown Blight/brown_blight_00213.jpg,2. Brown Blight,G00658
2. Brown Blight/brown_blight_00214.jpg,2. Brown Blight,G00659
2. Brown Blight/brown_blight_00215.jpg,2. Brown Blight,G00660
2. Brown Blight/brown_blight_00216.jpg,2. Brown Blight,G00661
2. Brown Blight/brown_blight_00217.jpg,2. Brown Blight,G00662
2. Brown Blight/brown_blight_00218.jpg,2. Brown Blight,G00663
2. Brown Blight/brown_blight_00219.jpg,2. Brown Blight,G00664
2. Brown Blight/brown_blight_00220.jpg,2. Brown Blight,G00665
2. Brown Blight/brown_blight_00221.jpg,2. Brown Blight,G00666
2. Brown Blight/brown_blight_00222.jpg,2. Brown Blight,G00667
2. Brown Blight/brown_blight_00223.jpg,2. Brown Blight,G00668
2. Brown Blight/brown_blight_00224.jpg,2. Brown Blight,G00669
2. Brown Blight/brown_blight_00225.jpg,2. Brown Blight,G00670
2. Brown Blight/brown_blight_00226.jpg,2. Brown Blight,G00671
2. Brown Blight/brown_blight_00227.jpg,2. Brown Blight,G00672
2. Brown Blight/brown_blight_00228.jpg,2. Brown Blight,G00673
2. Brown Blight/brown_blight_00229.jpg,2. Brown Blight,G00674
2. Brown Blight/brown_blight_00230.jpg,2. Brown Blight,G00675
2. Brown Blight/brown_blight_00231.jpg,2. Brown Blight,G00676
2. Brown Blight/brown_blight_00232.jpg,2. Brown Blight,G00677
2. Brown Blight/brown_blight_00233.jpg,2. Brown Blight,G00678
2. Brown Blight/brown_blight_00234.jpg,2. Brown Blight,G00679
2. Brown Blight/brown_blight_00235.jpg,2. Brown Blight,G00680
2. Brown Blight/brown_blight_00236.jpg,2. Brown Blight,G00681
2. Brown Blight/brown_blight_00237.jpg,2. Brown Blight,G00682
2. Brown Blight/brown_blight_00238.jpg,2. Brown Blight,G00683
2. Brown Blight/brown_blight_00239.jpg,2. Brown Blight,G00684
2. Brown Blight/brown_blight_00240.jpg,2. Brown Blight,G00685
2. Brown Blight/brown_blight_00241.jpg,2. Brown Blight,G00686
2. Brown Blight/brown_blight_00242.jpg,2. Brown Blight,G00687
2. Brown Blight/brown_blight_00243.jpg,2. Brown Blight,G00688
2. Brown Blight/brown_blight_00244.jpg,2. Brown Blight,G00689
2. Brown Blight/brown_blight_00245.jpg,2. Brown Blight,G00690
2. Brown Blight/brown_blight_00246.jpg,2. Brown Blight,G00691
2. Brown Blight/brown_blight_00247.jpg,2. Brown Blight,G00692
2. Brown Blight/brown_blight_00248.jpg,2. Brown Blight,G00693
2. Brown Blight/brown_blight_00249.jpg,2. Brown Blight,G00694
2. Brown Blight/brown_blight_00250.jpg,2. Brown Blight,G00695
2. Brown Blight/brown_blight_00251.jpg,2. Brown Blight,G00696
2. Brown Blight/brown_blight_00252.jpg,2. Brown Blight,G00697
2. Brown Blight/brown_blight_00253.jpg,2. Brown Blight,G00009
2. Brown Blight/brown_blight_00254.jpg,2. Brown Blight,G00009
2. Brown Blight/brown_blight_00255.jpg,2. Brown Blight,G00698
2. Brown Blight/brown_blight_00256.jpg,2. Brown Blight,G00699
2. Brown Blight/brown_blight_00257.jpg,2. Brown Blight,G00700
2. Brown Blight/brown_blight_00258.jpg,2. Brown Blight,G00701
2. Brown Blight/brown_blight_00259.jpg,2. Brown Blight,G00702
2. Brown Blight/brown_blight_00260.jpg,2. Brown Blight,G00703
2. Brown Blight/brown_blight_00261.jpg,2. Brown Blight,G00704
2. Brown Blight/brown_blight_00262.jpg,2. Brown Blight,G00705
2. Brown Blight/brown_blight_00263.jpg,2. Brown Blight,G00706
2. Brown Blight/brown_blight_00264.jpg,2. Brown Blight,G00707
2. Brown Blight/brown_blight_00265.jpg,2. Brown Blight,G00708
2. Brown Blight/brown_blight_00266.jpg,2. Brown Blight,G00709
2. Brown Blight/brown_blight_00267.jpg,2. Brown Blight,G00710
2. Brown Blight/brown_blight_00268.jpg,2. Brown Blight,G00711
2. Brown Blight/brown_blight_00269.jpg,2. Brown Blight,G00712
2. Brown Blight/brown_blight_00270.jpg,2. Brown Blight,G00010
2. Brown Blight/brown_blight_00271.jpg,2. Brown Blight,G00010
2. Brown Blight/brown_blight_00272.jpg,2. Brown Blight,G00713
2. Brown Blight/brown_blight_00273.jpg,2. Brown Blight,G00714
2. Brown Blight/brown_blight_00274.jpg,2. Brown Blight,G00715
2. Brown Blight/brown_blight_00275.jpg,2. Brown Blight,G00716
2. Brown Blight/brown_blight_00276.jpg,2. Brown Blight,G00717
2. Brown Blight/brown_blight_00277.jpg,2. Brown Blight,G00718
2. Brown Blight/brown_blight_00278.jpg,2. Brown Blight,G00719
2. Brown Blight/brown_blight_00279.jpg,2. Brown Blight,G00720
2. Brown Blight/brown_blight_00280.jpg,2. Brown Blight,G00721
2. Brown Blight/brown_blight_00281.jpg,2. Brown Blight,G00722
2. Brown Blight/brown_blight_00282.jpg,2. Brown Blight,G00723
2. Brown Blight/brown_blight_00283.jpg,2. Brown Blight,G00724
2. Brown Blight/brown_blight_00284.jpg,2. Brown Blight,G00011
2. Brown Blight/brown_blight_00285.jpg,2. Brown Blight,G00011
2. Brown Blight/brown_blight_00286.jpg,2. Brown Blight,G00725
2. Brown Blight/brown_blight_00287.jpg,2. Brown Blight,G00726
2. Brown Blight/brown_blight_00288.jpg,2. Brown Blight,G00727
2. Brown Blight/brown_blight_00289.jpg,2. Brown Blight,G00728
2. Brown Blight/brown_blight_00290.jpg,2. Brown Blight,G00729
2. Brown Blight/brown_blight_00291.jpg,2. Brown Blight,G00730
2. Brown Blight/brown_blight_00292.jpg,2. Brown Blight,G00731
2. Brown Blight/brown_blight_00293.jpg,2. Brown Blight,G00732
2. Brown Blight/brown_blight_00294.jpg,2. Brown Blight,G00733
2. Brown Blight/brown_blight_00295.jpg,2. Brown Blight,G00734
2. Brown Blight/brown_blight_00296.jpg,2. Brown Blight,G00735
2. Brown Blight/brown_blight_00297.jpg,2. Brown Blight,G00736
2. Brown Blight/brown_blight_00298.jpg,2. Brown Blight,G00737
2. Brown Blight/brown_blight_00299.jpg,2. Brown Blight,G00738
2. Brown Blight/brown_blight_00300.jpg,2. Brown Blight,G00739
2. Brown Blight/brown_blight_00301.jpg,2. Brown Blight,G00740
2. Brown Blight/brown_blight_00302.jpg,2. Brown Blight,G00741
2. Brown Blight/brown_blight_00303.jpg,2. Brown Blight,G00742
2. Brown Blight/brown_blight_00304.jpg,2. Brown Blight,G00743
2. Brown Blight/brown_blight_00305.jpg,2. Brown Blight,G00744
2. Brown Blight/brown_blight_00306.jpg,2. Brown Blight,G00745
2. Brown Blight/brown_blight_00307.jpg,2. Brown Blight,G00746
2. Brown Blight/brown_blight_00308.jpg,2. Brown Blight,G00747
2. Brown Blight/brown_blight_00309.jpg,2. Brown Blight,G00748
2. Brown Blight/brown_blight_00310.jpg,2. Brown Blight,G00749
2. Brown Blight/brown_blight_00311.jpg,2. Brown Blight,G00750
2. Brown Blight/brown_blight_00312.jpg,2. Brown Blight,G00751
2. Brown Blight/brown_blight_00313.jpg,2. Brown Blight,G00752
2. Brown Blight/brown_blight_00314.jpg,2. Brown Blight,G00753
2. Brown Blight/brown_blight_00315.jpg,2. Brown Blight,G00754
2. Brown Blight/brown_blight_00316.jpg,2. Brown Blight,G00755
2. Brown Blight/brown_blight_00317.jpg,2. Brown Blight,G00756
2. Brown Blight/brown_blight_00318.jpg,2. Brown Blight,G00757
2. Brown Blight/brown_blight_00319.jpg,2. Brown Blight,G00758
2. Brown Blight/brown_blight_00320.jpg,2. Brown Blight,G00759
2. Brown Blight/brown_blight_00321.jpg,2. Brown Blight,G00760
2. Brown Blight/brown_blight_00322.jpg,2. Brown Blight,G00761
2. Brown Blight/brown_blight_00323.jpg,2. Brown Blight,G00762
2. Brown Blight/brown_blight_00324.jpg,2. Brown Blight,G00763
2. Brown Blight/brown_blight_00325.jpg,2. Brown Blight,G00764
2. Brown Blight/brown_blight_00326.jpg,2. Brown Blight,G00765
2. Brown Blight/brown_blight_00327.jpg,2. Brown Blight,G00766
2. Brown Blight/brown_blight_00328.jpg,2. Brown Blight,G00767
2. Brown Blight/brown_blight_00329.jpg,2. Brown Blight,G00768
2. Brown Blight/brown_blight_00330.jpg,2. Brown Blight,G00769
2. Brown Blight/brown_blight_00331.jpg,2. Brown Blight,G00770
2. Brown Blight/brown_blight_00332.jpg,2. Brown Blight,G00771
2. Brown Blight/brown_blight_00333.jpg,2. Brown Blight,G00772
2. Brown Blight/brown_blight_00334.jpg,2. Brown Blight,G00773
2. Brown Blight/brown_blight_00335.jpg,2. Brown Blight,G00774
2. Brown Blight/brown_blight_00336.jpg,2. Brown Blight,G00775
2. Brown Blight/brown_blight_00337.jpg,2. Brown Blight,G00776
2. Brown Blight/brown_blight_00338.jpg,2. Brown Blight,G00777
2. Brown Blight/brown_blight_00339.jpg,2. Brown Blight,G00778
2. Brown Blight/brown_blight_00340.jpg,2. Brown Blight,G00779
2. Brown Blight/brown_blight_00341.jpg,2. Brown Blight,G00780
2. Brown Blight/brown_blight_00342.jpg,2. Brown Blight,G00781
2. Brown Blight/brown_blight_00343.jpg,2. Brown Blight,G00782
2. Brown Blight/brown_blight_00344.jpg,2. Brown Blight,G00783
2. Brown Blight/brown_blight_00345.jpg,2. Brown Blight,G00784
2. Brown Blight/brown_blight_00346.jpg,2. Brown Blight,G00785
2. Brown Blight/brown_blight_00347.jpg,2. Brown Blight,G00786
2. Brown Blight/brown_blight_00348.jpg,2. Brown Blight,G00787
2. Brown Blight/brown_blight_00349.jpg,2. Brown Blight,G00788
2. Brown Blight/brown_blight_00350.jpg,2. Brown Blight,G00789
2. Brown Blight/brown_blight_00351.jpg,2. Brown Blight,G00790
2. Brown Blight/brown_blight_00352.jpg,2. Brown Blight,G00791
2. Brown Blight/brown_blight_00353.jpg,2. Brown Blight,G00792
2. Brown Blight/brown_blight_00354.jpg,2. Brown Blight,G00793
2. Brown Blight/brown_blight_00355.jpg,2. Brown Blight,G00794
2. Brown Blight/brown_blight_00356.jpg,2. Brown Blight,G00795
2. Brown Blight/brown_blight_00357.jpg,2. Brown Blight,G00796
2. Brown Blight/brown_blight_00358.jpg,2. Brown Blight,G00797
2. Brown Blight/brown_blight_00359.jpg,2. Brown Blight,G00798
2. Brown Blight/brown_blight_00360.jpg,2. Brown Blight,G00799
2. Brown Blight/brown_blight_00361.jpg,2. Brown Blight,G00800
2. Brown Blight/brown_blight_00362.jpg,2. Brown Blight,G00801
2. Brown Blight/brown_blight_00363.jpg,2. Brown Blight,G00802
2. Brown Blight/brown_blight_00364.jpg,2. Brown Blight,G00803
2. Brown Blight/brown_blight_00365.jpg,2. Brown Blight,G00804
2. Brown Blight/brown_blight_00366.jpg,2. Brown Blight,G00805
2. Brown Blight/brown_blight_00367.jpg,2. Brown Blight,G00806
2. Brown Blight/brown_blight_00368.jpg,2. Brown Blight,G00807
2. Brown Blight/brown_blight_00369.jpg,2. Brown Blight,G00808
2. Brown Blight/brown_blight_00370.jpg,2. Brown Blight,G00809
2. Brown Blight/brown_blight_00371.jpg,2. Brown Blight,G00810
2. Brown Blight/brown_blight_00372.jpg,2. Brown Blight,G00811
2. Brown Blight/brown_blight_00373.jpg,2. Brown Blight,G00812
2. Brown Blight/brown_blight_00374.jpg,2. Brown Blight,G00813
2. Brown Blight/brown_blight_00375.jpg,2. Brown Blight,G00814
2. Brown Blight/brown_blight_00376.jpg,2. Brown Blight,G00815
2. Brown Blight/brown_blight_00377.jpg,2. Brown Blight,G00816
2. Brown Blight/brown_blight_00378.jpg,2. Brown Blight,G00817
2. Brown Blight/brown_blight_00379.jpg,2. Brown Blight,G00818
2. Brown Blight/brown_blight_00380.jpg,2. Brown Blight,G00819
2. Brown Blight/brown_blight_00381.jpg,2. Brown Blight,G00820
2. Brown Blight/brown_blight_00382.jpg,2. Brown Blight,G00821
2. Brown Blight/brown_blight_00383.jpg,2. Brown Blight,G00822
2. Brown Blight/brown_blight_00384.jpg,2. Brown Blight,G00823
2. Brown Blight/brown_blight_00385.jpg,2. Brown Blight,G00824
2. Brown Blight/brown_blight_00386.jpg,2. Brown Blight,G00825
2. Brown Blight/brown_blight_00387.jpg,2. Brown Blight,G00826
2. Brown Blight/brown_blight_00388.jpg,2. Brown Blight,G00827
2. Brown Blight/brown_blight_00389.jpg,2. Brown Blight,G00828
2. Brown Blight/brown_blight_00390.jpg,2. Brown Blight,G00829
2. Brown Blight/brown_blight_00391.jpg,2. Brown Blight,G00830
2. Brown Blight/brown_blight_00392.jpg,2. Brown Blight,G00831
2. Brown Blight/brown_blight_00393.jpg,2. Brown Blight,G00832
2. Brown Blight/brown_blight_00394.jpg,2. Brown Blight,G00833
2. Brown Blight/brown_blight_00395.jpg,2. Brown Blight,G00834
2. Brown Blight/brown_blight_00396.jpg,2. Brown Blight,G00835
2. Brown Blight/brown_blight_00397.jpg,2. Brown Blight,G00836
2. Brown Blight/brown_blight_00398.jpg,2. Brown Blight,G00837
2. Brown Blight/brown_blight_00399.jpg,2. Brown Blight,G00838
2. Brown Blight/brown_blight_00400.jpg,2. Brown Blight,G00839
2. Brown Blight/brown_blight_00401.jpg,2. Brown Blight,G00840
2. Brown Blight/brown_blight_00402.jpg,2. Brown Blight,G00841
2. Brown Blight/brown_blight_00403.jpg,2. Brown Blight,G00842
2. Brown Blight/brown_blight_00404.jpg,2. Brown Blight,G00843
2. Brown Blight/brown_blight_00405.jpg,2. Brown Blight,G00844
2. Brown Blight/brown_blight_00406.jpg,2. Brown Blight,G00845
2. Brown Blight/brown_blight_00407.jpg,2. Brown Blight,G00846
2. Brown Blight/brown_blight_00408.jpg,2. Brown Blight,G00847
2. Brown Blight/brown_blight_00409.jpg,2. Brown Blight,G00848
2. Brown Blight/brown_blight_00410.jpg,2. Brown Blight,G00849
2. Brown Blight/brown_blight_00411.jpg,2. Brown Blight,G00850
2. Brown Blight/brown_blight_00412.jpg,2. Brown Blight,G00851
2. Brown Blight/brown_blight_00413.jpg,2. Brown Blight,G00852
2. Brown Blight/brown_blight_00414.jpg,2. Brown Blight,G00853
2. Brown Blight/brown_blight_00415.jpg,2. Brown Blight,G00854
2. Brown Blight/brown_blight_00416.jpg,2. Brown Blight,G00855
2. Brown Blight/brown_blight_00417.jpg,2. Brown Blight,G00856
2. Brown Blight/brown_blight_00418.jpg,2. Brown Blight,G00857
2. Brown Blight/brown_blight_00419.jpg,2. Brown Blight,G00858
2. Brown Blight/brown_blight_00420.jpg,2. Brown Blight,G00859
2. Brown Blight/brown_blight_00421.jpg,2. Brown Blight,G00860
2. Brown Blight/brown_blight_00422.jpg,2. Brown Blight,G00861
2. Brown Blight/brown_blight_00423.jpg,2. Brown Blight,G00862
2. Brown Blight/brown_blight_00424.jpg,2. Brown Blight,G00863
2. Brown Blight/brown_blight_00425.jpg,2. Brown Blight,G00864
2. Brown Blight/brown_blight_00426.jpg,2. Brown Blight,G00865
2. Brown Blight/brown_blight_00427.jpg,2. Brown Blight,G00866
2. Brown Blight/brown_blight_00428.jpg,2. Brown Blight,G00867
2. Brown Blight/brown_blight_00429.jpg,2. Brown Blight,G00868
2. Brown Blight/brown_blight_00430.jpg,2. Brown Blight,G00869
2. Brown Blight/brown_blight_00431.jpg,2. Brown Blight,G00870
2. Brown Blight/brown_blight_00432.jpg,2. Brown Blight,G00871
2. Brown Blight/brown_blight_00433.jpg,2. Brown Blight,G00872
2. Brown Blight/brown_blight_00434.jpg,2. Brown Blight,G00873
2. Brown Blight/brown_blight_00435.jpg,2. Brown Blight,G00874
2. Brown Blight/brown_blight_00436.jpg,2. Brown Blight,G00875
2. Brown Blight/brown_blight_00437.jpg,2. Brown Blight,G00876
2. Brown Blight/brown_blight_00438.jpg,2. Brown Blight,G00877
2. Brown Blight/brown_blight_00439.jpg,2. Brown Blight,G00878
2. Brown Blight/brown_blight_00440.jpg,2. Brown Blight,G00879
2. Brown Blight/brown_blight_00441.jpg,2. Brown Blight,G00880
2. Brown Blight/brown_blight_00442.jpg,2. Brown Blight,G00881
2. Brown Blight/brown_blight_00443.jpg,2. Brown Blight,G00882
2. Brown Blight/brown_blight_00444.jpg,2. Brown Blight,G00883
2. Brown Blight/brown_blight_00445.jpg,2. Brown Blight,G00884
2. Brown Blight/brown_blight_00446.jpg,2. Brown Blight,G00885
2. Brown Blight/brown_blight_00447.jpg,2. Brown Blight,G00886
2. Brown Blight/brown_blight_00448.jpg,2. Brown Blight,G00887
2. Brown Blight/brown_blight_00449.jpg,2. Brown Blight,G00888
2. Brown Blight/brown_blight_00450.jpg,2. Brown Blight,G00889
2. Brown Blight/brown_blight_00451.jpg,2. Brown Blight,G00890
2. Brown Blight/brown_blight_00452.jpg,2. Brown Blight,G00891
2. Brown Blight/brown_blight_00453.jpg,2. Brown Blight,G00892
2. Brown Blight/brown_blight_00454.jpg,2. Brown Blight,G00893
2. Brown Blight/brown_blight_00455.jpg,2. Brown Blight,G00894
2. Brown Blight/brown_blight_00456.jpg,2. Brown Blight,G00895
2. Brown Blight/brown_blight_00457.jpg,2. Brown Blight,G00896
2. Brown Blight/brown_blight_00458.jpg,2. Brown Blight,G00897
2. Brown Blight/brown_blight_00459.jpg,2. Brown Blight,G00898
2. Brown Blight/brown_blight_00460.jpg,2. Brown Blight,G00899
2. Brown Blight/brown_blight_00461.jpg,2. Brown Blight,G00900
2. Brown Blight/brown_blight_00462.jpg,2. Brown Blight,G00901
2. Brown Blight/brown_blight_00463.jpg,2. Brown Blight,G00902
2. Brown Blight/brown_blight_00464.jpg,2. Brown Blight,G00903
2. Brown Blight/brown_blight_00465.jpg,2. Brown Blight,G00904
2. Brown Blight/brown_blight_00466.jpg,2. Brown Blight,G00905
2. Brown Blight/brown_blight_00467.jpg,2. Brown Blight,G00906
2. Brown Blight/brown_blight_00468.jpg,2. Brown Blight,G00907
2. Brown Blight/brown_blight_00469.jpg,2. Brown Blight,G00908
2. Brown Blight/brown_blight_00470.jpg,2. Brown Blight,G00909
2. Brown Blight/brown_blight_00471.jpg,2. Brown Blight,G00910
2. Brown Blight/brown_blight_00472.jpg,2. Brown Blight,G00012
2. Brown Blight/brown_blight_00473.jpg,2. Brown Blight,G00012
2. Brown Blight/brown_blight_00474.jpg,2. Brown Blight,G00911
2. Brown Blight/brown_blight_00475.jpg,2. Brown Blight,G00912
2. Brown Blight/brown_blight_00476.jpg,2. Brown Blight,G00913
2. Brown Blight/brown_blight_00477.jpg,2. Brown Blight,G00914
2. Brown Blight/brown_blight_00478.jpg,2. Brown Blight,G00915
2. Brown Blight/brown_blight_00479.jpg,2. Brown Blight,G00916
2. Brown Blight/brown_blight_00480.jpg,2. Brown Blight,G00917
2. Brown Blight/brown_blight_00481.jpg,2. Brown Blight,G00918
2. Brown Blight/brown_blight_00482.jpg,2. Brown Blight,G00919
2. Brown Blight/brown_blight_00483.jpg,2. Brown Blight,G00920
2. Brown Blight/brown_blight_00484.jpg,2. Brown Blight,G00921
2. Brown Blight/brown_blight_00485.jpg,2. Brown Blight,G00922
2. Brown Blight/brown_blight_00486.jpg,2. Brown Blight,G00923
2. Brown Blight/brown_blight_00487.jpg,2. Brown Blight,G00924
2. Brown Blight/brown_blight_00488.jpg,2. Brown Blight,G00925
2. Brown Blight/brown_blight_00489.jpg,2. Brown Blight,G00926
2. Brown Blight/brown_blight_00490.jpg,2. Brown Blight,G00927
2. Brown Blight/brown_blight_00491.jpg,2. Brown Blight,G00928
2. Brown Blight/brown_blight_00492.jpg,2. Brown Blight,G00929
2. Brown Blight/brown_blight_00493.jpg,2. Brown Blight,G00930
2. Brown Blight/brown_blight_00494.jpg,2. Brown Blight,G00931
2. Brown Blight/brown_blight_00495.jpg,2. Brown Blight,G00932
2. Brown Blight/brown_blight_00496.jpg,2. Brown Blight,G00933
2. Brown Blight/brown_blight_00497.jpg,2. Brown Blight,G00934
2. Brown Blight/brown_blight_00498.jpg,2. Brown Blight,G00935
2. Brown Blight/brown_blight_00499.jpg,2. Brown Blight,G00936
2. Brown Blight/brown_blight_00500.jpg,2. Brown Blight,G00937
2. Brown Blight/brown_blight_00501.jpg,2. Brown Blight,G00938
2. Brown Blight/brown_blight_00502.jpg,2. Brown Blight,G00939
2. Brown Blight/brown_blight_00503.jpg,2. Brown Blight,G00940
2. Brown Blight/brown_blight_00504.jpg,2. Brown Blight,G00941
2. Brown Blight/brown_blight_00505.jpg,2. Brown Blight,G00942
2. Brown Blight/brown_blight_00506.jpg,2. Brown Blight,G00943
3. Gray Blight/gray_blight_00001.jpg,3. Gray Blight,G00944
3. Gray Blight/gray_blight_00002.jpg,3. Gray Blight,G00945
3. Gray Blight/gray_blight_00003.jpg,3. Gray Blight,G00946
3. Gray Blight/gray_blight_00004.jpg,3. Gray Blight,G00947
3. Gray Blight/gray_blight_00005.jpg,3. Gray Blight,G00948
3. Gray Blight/gray_blight_00006.jpg,3. Gray Blight,G00949
3. Gray Blight/gray_blight_00007.jpg,3. Gray Blight,G00950
3. Gray Blight/gray_blight_00008.jpg,3. Gray Blight,G00951
3. Gray Blight/gray_blight_00009.jpg,3. Gray Blight,G00952
3. Gray Blight/gray_blight_00010.jpg,3. Gray Blight,G00953
3. Gray Blight/gray_blight_00011.jpg,3. Gray Blight,G00954
3. Gray Blight/gray_blight_00012.jpg,3. Gray Blight,G00955
3. Gray Blight/gray_blight_00013.jpg,3. Gray Blight,G00956
3. Gray Blight/gray_blight_00014.jpg,3. Gray Blight,G00957
3. Gray Blight/gray_blight_00015.jpg,3. Gray Blight,G00958
3. Gray Blight/gray_blight_00016.jpg,3. Gray Blight,G00959
3. Gray Blight/gray_blight_00017.jpg,3. Gray Blight,G00960
3. Gray Blight/gray_blight_00018.jpg,3. Gray Blight,G00961
3. Gray Blight/gray_blight_00019.jpg,3. Gray Blight,G00962
3. Gray Blight/gray_blight_00020.jpg,3. Gray Blight,G00963
3. Gray Blight/gray_blight_00021.jpg,3. Gray Blight,G00964
3. Gray Blight/gray_blight_00022.jpg,3. Gray Blight,G00965
3. Gray Blight/gray_blight_00023.jpg,3. Gray Blight,G00966
3. Gray Blight/gray_blight_00024.jpg,3. Gray Blight,G00967
3. Gray Blight/gray_blight_00025.jpg,3. Gray Blight,G00968
3. Gray Blight/gray_blight_00026.jpg,3. Gray Blight,G00969
3. Gray Blight/gray_blight_00027.jpg,3. Gray Blight,G00970
3. Gray Blight/gray_blight_00028.jpg,3. Gray Blight,G00971
3. Gray Blight/gray_blight_00029.jpg,3. Gray Blight,G00972
3. Gray Blight/gray_blight_00030.jpg,3. Gray Blight,G00973
3. Gray Blight/gray_blight_00031.jpg,3. Gray Blight,G00974
3. Gray Blight/gray_blight_00032.jpg,3. Gray Blight,G00975
3. Gray Blight/gray_blight_00033.jpg,3. Gray Blight,G00976
3. Gray Blight/gray_blight_00034.jpg,3. Gray Blight,G00977
3. Gray Blight/gray_blight_00035.jpg,3. Gray Blight,G00978
3. Gray Blight/gray_blight_00036.jpg,3. Gray Blight,G00979
3. Gray Blight/gray_blight_00037.jpg,3. Gray Blight,G00980
3. Gray Blight/gray_blight_00038.jpg,3. Gray Blight,G00981
3. Gray Blight/gray_blight_00039.jpg,3. Gray Blight,G00982
3. Gray Blight/gray_blight_00040.jpg,3. Gray Blight,G00983
3. Gray Blight/gray_blight_00041.jpg,3. Gray Blight,G00984
3. Gray Blight/gray_blight_00042.jpg,3. Gray Blight,G00985
3. Gray Blight/gray_blight_00043.jpg,3. Gray Blight,G00986
3. Gray Blight/gray_blight_00044.jpg,3. Gray Blight,G00987
3. Gray Blight/gray_blight_00045.jpg,3. Gray Blight,G00988
3. Gray Blight/gray_blight_00046.jpg,3. Gray Blight,G00989
3. Gray Blight/gray_blight_00047.jpg,3. Gray Blight,G00990
3. Gray Blight/gray_blight_00048.jpg,3. Gray Blight,G00991
3. Gray Blight/gray_blight_00049.jpg,3. Gray Blight,G00992
3. Gray Blight/gray_blight_00050.jpg,3. Gray Blight,G00993
3. Gray Blight/gray_blight_00051.jpg,3. Gray Blight,G00994
3. Gray Blight/gray_blight_00052.jpg,3. Gray Blight,G00995
3. Gray Blight/gray_blight_00053.jpg,3. Gray Blight,G00996
3. Gray Blight/gray_blight_00054.jpg,3. Gray Blight,G00997
3. Gray Blight/gray_blight_00055.jpg,3. Gray Blight,G00998
3. Gray Blight/gray_blight_00056.jpg,3. Gray Blight,G00999
3. Gray Blight/gray_blight_00057.jpg,3. Gray Blight,G01000
3. Gray Blight/gray_blight_00058.jpg,3. Gray Blight,G01001
3. Gray Blight/gray_blight_00059.jpg,3. Gray Blight,G01002
3. Gray Blight/gray_blight_00060.jpg,3. Gray Blight,G01003
3. Gray Blight/gray_blight_00061.jpg,3. Gray Blight,G01004
3. Gray Blight/gray_blight_00062.jpg,3. Gray Blight,G01005
3. Gray Blight/gray_blight_00063.jpg,3. Gray Blight,G01006
3. Gray Blight/gray_blight_00064.jpg,3. Gray Blight,G01007
3. Gray Blight/gray_blight_00065.jpg,3. Gray Blight,G01008
3. Gray Blight/gray_blight_00066.jpg,3. Gray Blight,G01009
3. Gray Blight/gray_blight_00067.jpg,3. Gray Blight,G01010
3. Gray Blight/gray_blight_00068.jpg,3. Gray Blight,G01011
3. Gray Blight/gray_blight_00069.jpg,3. Gray Blight,G01012
3. Gray Blight/gray_blight_00070.jpg,3. Gray Blight,G01013
3. Gray Blight/gray_blight_00071.jpg,3. Gray Blight,G01014
3. Gray Blight/gray_blight_00072.jpg,3. Gray Blight,G01015
3. Gray Blight/gray_blight_00073.jpg,3. Gray Blight,G01016
3. Gray Blight/gray_blight_00074.jpg,3. Gray Blight,G01017
3. Gray Blight/gray_blight_00075.jpg,3. Gray Blight,G01018
3. Gray Blight/gray_blight_00076.jpg,3. Gray Blight,G01019
3. Gray Blight/gray_blight_00077.jpg,3. Gray Blight,G01020
3. Gray Blight/gray_blight_00078.jpg,3. Gray Blight,G01021
3. Gray Blight/gray_blight_00079.jpg,3. Gray Blight,G01022
3. Gray Blight/gray_blight_00080.jpg,3. Gray Blight,G01023
3. Gray Blight/gray_blight_00081.jpg,3. Gray Blight,G01024
3. Gray Blight/gray_blight_00082.jpg,3. Gray Blight,G01025
3. Gray Blight/gray_blight_00083.jpg,3. Gray Blight,G01026
3. Gray Blight/gray_blight_00084.jpg,3. Gray Blight,G01027
3. Gray Blight/gray_blight_00085.jpg,3. Gray Blight,G01028
3. Gray Blight/gray_blight_00086.jpg,3. Gray Blight,G01029
3. Gray Blight/gray_blight_00087.jpg,3. Gray Blight,G01030
3. Gray Blight/gray_blight_00088.jpg,3. Gray Blight,G01031
3. Gray Blight/gray_blight_00089.jpg,3. Gray Blight,G01032
3. Gray Blight/gray_blight_00090.jpg,3. Gray Blight,G01033
3. Gray Blight/gray_blight_00091.jpg,3. Gray Blight,G01034
3. Gray Blight/gray_blight_00092.jpg,3. Gray Blight,G01035
3. Gray Blight/gray_blight_00093.jpg,3. Gray Blight,G01036
3. Gray Blight/gray_blight_00094.jpg,3. Gray Blight,G01037
3. Gray Blight/gray_blight_00095.jpg,3. Gray Blight,G01038
3. Gray Blight/gray_blight_00096.jpg,3. Gray Blight,G01039
3. Gray Blight/gray_blight_00097.jpg,3. Gray Blight,G01040
3. Gray Blight/gray_blight_00098.jpg,3. Gray Blight,G01041
3. Gray Blight/gray_blight_00099.jpg,3. Gray Blight,G01042
3. Gray Blight/gray_blight_00100.jpg,3. Gray Blight,G01043
3. Gray Blight/gray_blight_00101.jpg,3. Gray Blight,G01044
3. Gray Blight/gray_blight_00102.jpg,3. Gray Blight,G01045
3. Gray Blight/gray_blight_00103.jpg,3. Gray Blight,G01046
3. Gray Blight/gray_blight_00104.jpg,3. Gray Blight,G01047
3. Gray Blight/gray_blight_00105.jpg,3. Gray Blight,G01048
3. Gray Blight/gray_blight_00106.jpg,3. Gray Blight,G01049
3. Gray Blight/gray_blight_00107.jpg,3. Gray Blight,G01050
3. Gray Blight/gray_blight_00108.jpg,3. Gray Blight,G01051
3. Gray Blight/gray_blight_00109.jpg,3. Gray Blight,G01052
3. Gray Blight/gray_blight_00110.jpg,3. Gray Blight,G01053
3. Gray Blight/gray_blight_00111.jpg,3. Gray Blight,G01054
3. Gray Blight/gray_blight_00112.jpg,3. Gray Blight,G01055
3. Gray Blight/gray_blight_00113.jpg,3. Gray Blight,G01056
3. Gray Blight/gray_blight_00114.jpg,3. Gray Blight,G01057
3. Gray Blight/gray_blight_00115.jpg,3. Gray Blight,G01058
3. Gray Blight/gray_blight_00116.jpg,3. Gray Blight,G01059
3. Gray Blight/gray_blight_00117.jpg,3. Gray Blight,G01060
3. Gray Blight/gray_blight_00118.jpg,3. Gray Blight,G01061
3. Gray Blight/gray_blight_00119.jpg,3. Gray Blight,G01062
3. Gray Blight/gray_blight_00120.jpg,3. Gray Blight,G01063
3. Gray Blight/gray_blight_00121.jpg,3. Gray Blight,G01064
3. Gray Blight/gray_blight_00122.jpg,3. Gray Blight,G01065
3. Gray Blight/gray_blight_00123.jpg,3. Gray Blight,G01066
3. Gray Blight/gray_blight_00124.jpg,3. Gray Blight,G01067
3. Gray Blight/gray_blight_00125.jpg,3. Gray Blight,G01068
3. Gray Blight/gray_blight_00126.jpg,3. Gray Blight,G01069
3. Gray Blight/gray_blight_00127.jpg,3. Gray Blight,G01070
3. Gray Blight/gray_blight_00128.jpg,3. Gray Blight,G01071
3. Gray Blight/gray_blight_00129.jpg,3. Gray Blight,G01072
3. Gray Blight/gray_blight_00130.jpg,3. Gray Blight,G01073
3. Gray Blight/gray_blight_00131.jpg,3. Gray Blight,G01074
3. Gray Blight/gray_blight_00132.jpg,3. Gray Blight,G01075
3. Gray Blight/gray_blight_00133.jpg,3. Gray Blight,G01076
3. Gray Blight/gray_blight_00134.jpg,3. Gray Blight,G01077
3. Gray Blight/gray_blight_00135.jpg,3. Gray Blight,G01078
3. Gray Blight/gray_blight_00136.jpg,3. Gray Blight,G01079
3. Gray Blight/gray_blight_00137.jpg,3. Gray Blight,G01080
3. Gray Blight/gray_blight_00138.jpg,3. Gray Blight,G01081
3. Gray Blight/gray_blight_00139.jpg,3. Gray Blight,G01082
3. Gray Blight/gray_blight_00140.jpg,3. Gray Blight,G01083
3. Gray Blight/gray_blight_00141.jpg,3. Gray Blight,G01084
3. Gray Blight/gray_blight_00142.jpg,3. Gray Blight,G01085
3. Gray Blight/gray_blight_00143.jpg,3. Gray Blight,G01086
3. Gray Blight/gray_blight_00144.jpg,3. Gray Blight,G01087
3. Gray Blight/gray_blight_00145.jpg,3. Gray Blight,G01088
3. Gray Blight/gray_blight_00146.jpg,3. Gray Blight,G01089
3. Gray Blight/gray_blight_00147.jpg,3. Gray Blight,G01090
3. Gray Blight/gray_blight_00148.jpg,3. Gray Blight,G01091
3. Gray Blight/gray_blight_00149.jpg,3. Gray Blight,G01092
3. Gray Blight/gray_blight_00150.jpg,3. Gray Blight,G01093
3. Gray Blight/gray_blight_00151.jpg,3. Gray Blight,G01094
3. Gray Blight/gray_blight_00152.jpg,3. Gray Blight,G01095
3. Gray Blight/gray_blight_00153.jpg,3. Gray Blight,G01096
3. Gray Blight/gray_blight_00154.jpg,3. Gray Blight,G01097
3. Gray Blight/gray_blight_00155.jpg,3. Gray Blight,G01098
3. Gray Blight/gray_blight_00156.jpg,3. Gray Blight,G01099
3. Gray Blight/gray_blight_00157.jpg,3. Gray Blight,G01100
3. Gray Blight/gray_blight_00158.jpg,3. Gray Blight,G01101
3. Gray Blight/gray_blight_00159.jpg,3. Gray Blight,G01102
3. Gray Blight/gray_blight_00160.jpg,3. Gray Blight,G01103
3. Gray Blight/gray_blight_00161.jpg,3. Gray Blight,G01104
3. Gray Blight/gray_blight_00162.jpg,3. Gray Blight,G01105
3. Gray Blight/gray_blight_00163.jpg,3. Gray Blight,G01106
3. Gray Blight/gray_blight_00164.jpg,3. Gray Blight,G01107
3. Gray Blight/gray_blight_00165.jpg,3. Gray Blight,G01108
3. Gray Blight/gray_blight_00166.jpg,3. Gray Blight,G01109
3. Gray Blight/gray_blight_00167.jpg,3. Gray Blight,G01110
3. Gray Blight/gray_blight_00168.jpg,3. Gray Blight,G01111
3. Gray Blight/gray_blight_00169.jpg,3. Gray Blight,G01112
3. Gray Blight/gray_blight_00170.jpg,3. Gray Blight,G01113
3. Gray Blight/gray_blight_00171.jpg,3. Gray Blight,G01114
3. Gray Blight/gray_blight_00172.jpg,3. Gray Blight,G01115
3. Gray Blight/gray_blight_00173.jpg,3. Gray Blight,G01116
3. Gray Blight/gray_blight_00174.jpg,3. Gray Blight,G01117
3. Gray Blight/gray_blight_00175.jpg,3. Gray Blight,G01118
3. Gray Blight/gray_blight_00176.jpg,3. Gray Blight,G01119
3. Gray Blight/gray_blight_00177.jpg,3. Gray Blight,G01120
3. Gray Blight/gray_blight_00178.jpg,3. Gray Blight,G01121
3. Gray Blight/gray_blight_00179.jpg,3. Gray Blight,G01122
3. Gray Blight/gray_blight_00180.jpg,3. Gray Blight,G01123
3. Gray Blight/gray_blight_00181.jpg,3. Gray Blight,G01124
3. Gray Blight/gray_blight_00182.jpg,3. Gray Blight,G01125
3. Gray Blight/gray_blight_00183.jpg,3. Gray Blight,G01126
3. Gray Blight/gray_blight_00184.jpg,3. Gray Blight,G01127
3. Gray Blight/gray_blight_00185.jpg,3. Gray Blight,G01128
3. Gray Blight/gray_blight_00186.jpg,3. Gray Blight,G01129
3. Gray Blight/gray_blight_00187.jpg,3. Gray Blight,G01130
3. Gray Blight/gray_blight_00188.jpg,3. Gray Blight,G01131
3. Gray Blight/gray_blight_00189.jpg,3. Gray Blight,G01132
3. Gray Blight/gray_blight_00190.jpg,3. Gray Blight,G01133
3. Gray Blight/gray_blight_00191.jpg,3. Gray Blight,G01134
3. Gray Blight/gray_blight_00192.jpg,3. Gray Blight,G01135
3. Gray Blight/gray_blight_00193.jpg,3. Gray Blight,G01136
3. Gray Blight/gray_blight_00194.jpg,3. Gray Blight,G01137
3. Gray Blight/gray_blight_00195.jpg,3. Gray Blight,G01138
3. Gray Blight/gray_blight_00196.jpg,3. Gray Blight,G01139
3. Gray Blight/gray_blight_00197.jpg,3. Gray Blight,G01140
3. Gray Blight/gray_blight_00198.jpg,3. Gray Blight,G01141
3. Gray Blight/gray_blight_00199.jpg,3. Gray Blight,G01142
3. Gray Blight/gray_blight_00200.jpg,3. Gray Blight,G01143
3. Gray Blight/gray_blight_00201.jpg,3. Gray Blight,G01144
3. Gray Blight/gray_blight_00202.jpg,3. Gray Blight,G01145
3. Gray Blight/gray_blight_00203.jpg,3. Gray Blight,G01146
3. Gray Blight/gray_blight_00204.jpg,3. Gray Blight,G01147
3. Gray Blight/gray_blight_00205.jpg,3. Gray Blight,G01148
3. Gray Blight/gray_blight_00206.jpg,3. Gray Blight,G01149
3. Gray Blight/gray_blight_00207.jpg,3. Gray Blight,G01150
3. Gray Blight/gray_blight_00208.jpg,3. Gray Blight,G01151
3. Gray Blight/gray_blight_00209.jpg,3. Gray Blight,G01152
3. Gray Blight/gray_blight_00210.jpg,3. Gray Blight,G01153
3. Gray Blight/gray_blight_00211.jpg,3. Gray Blight,G01154
3. Gray Blight/gray_blight_00212.jpg,3. Gray Blight,G01155
3. Gray Blight/gray_blight_00213.jpg,3. Gray Blight,G01156
3. Gray Blight/gray_blight_00214.jpg,3. Gray Blight,G01157
3. Gray Blight/gray_blight_00215.jpg,3. Gray Blight,G01158
3. Gray Blight/gray_blight_00216.jpg,3. Gray Blight,G01159
3. Gray Blight/gray_blight_00217.jpg,3. Gray Blight,G01160
3. Gray Blight/gray_blight_00218.jpg,3. Gray Blight,G01161
3. Gray Blight/gray_blight_00219.jpg,3. Gray Blight,G01162
3. Gray Blight/gray_blight_00220.jpg,3. Gray Blight,G01163
3. Gray Blight/gray_blight_00221.jpg,3. Gray Blight,G01164
3. Gray Blight/gray_blight_00222.jpg,3. Gray Blight,G01165
3. Gray Blight/gray_blight_00223.jpg,3. Gray Blight,G01166
3. Gray Blight/gray_blight_00224.jpg,3. Gray Blight,G01167
3. Gray Blight/gray_blight_00225.jpg,3. Gray Blight,G01168
3. Gray Blight/gray_blight_00226.jpg,3. Gray Blight,G01169
3. Gray Blight/gray_blight_00227.jpg,3. Gray Blight,G01170
3. Gray Blight/gray_blight_00228.jpg,3. Gray Blight,G01171
3. Gray Blight/gray_blight_00229.jpg,3. Gray Blight,G01172
3. Gray Blight/gray_blight_00230.jpg,3. Gray Blight,G01173
3. Gray Blight/gray_blight_00231.jpg,3. Gray Blight,G01174
3. Gray Blight/gray_blight_00232.jpg,3. Gray Blight,G01175
3. Gray Blight/gray_blight_00233.jpg,3. Gray Blight,G01176
3. Gray Blight/gray_blight_00234.jpg,3. Gray Blight,G01177
3. Gray Blight/gray_blight_00235.jpg,3. Gray Blight,G01178
3. Gray Blight/gray_blight_00236.jpg,3. Gray Blight,G01179
3. Gray Blight/gray_blight_00237.jpg,3. Gray Blight,G01180
3. Gray Blight/gray_blight_00238.jpg,3. Gray Blight,G01181
3. Gray Blight/gray_blight_00239.jpg,3. Gray Blight,G01182
3. Gray Blight/gray_blight_00240.jpg,3. Gray Blight,G01183
3. Gray Blight/gray_blight_00241.jpg,3. Gray Blight,G01184
3. Gray Blight/gray_blight_00242.jpg,3. Gray Blight,G01185
3. Gray Blight/gray_blight_00243.jpg,3. Gray Blight,G01186
3. Gray Blight/gray_blight_00244.jpg,3. Gray Blight,G01187
3. Gray Blight/gray_blight_00245.jpg,3. Gray Blight,G01188
3. Gray Blight/gray_blight_00246.jpg,3. Gray Blight,G01189
3. Gray Blight/gray_blight_00247.jpg,3. Gray Blight,G01190
3. Gray Blight/gray_blight_00248.jpg,3. Gray Blight,G01191
3. Gray Blight/gray_blight_00249.jpg,3. Gray Blight,G01192
3. Gray Blight/gray_blight_00250.jpg,3. Gray Blight,G01193
3. Gray Blight/gray_blight_00251.jpg,3. Gray Blight,G01194
3. Gray Blight/gray_blight_00252.jpg,3. Gray Blight,G01195
3. Gray Blight/gray_blight_00253.jpg,3. Gray Blight,G01196
3. Gray Blight/gray_blight_00254.jpg,3. Gray Blight,G01197
3. Gray Blight/gray_blight_00255.jpg,3. Gray Blight,G01198
3. Gray Blight/gray_blight_00256.jpg,3. Gray Blight,G01199
3. Gray Blight/gray_blight_00257.jpg,3. Gray Blight,G01200
3. Gray Blight/gray_blight_00258.jpg,3. Gray Blight,G01201
3. Gray Blight/gray_blight_00259.jpg,3. Gray Blight,G01202
3. Gray Blight/gray_blight_00260.jpg,3. Gray Blight,G01203
3. Gray Blight/gray_blight_00261.jpg,3. Gray Blight,G01204
3. Gray Blight/gray_blight_00262.jpg,3. Gray Blight,G01205
3. Gray Blight/gray_blight_00263.jpg,3. Gray Blight,G01206
3. Gray Blight/gray_blight_00264.jpg,3. Gray Blight,G01207
3. Gray Blight/gray_blight_00265.jpg,3. Gray Blight,G01208
3. Gray Blight/gray_blight_00266.jpg,3. Gray Blight,G01209
3. Gray Blight/gray_blight_00267.jpg,3. Gray Blight,G01210
3. Gray Blight/gray_blight_00268.jpg,3. Gray Blight,G01211
3. Gray Blight/gray_blight_00269.jpg,3. Gray Blight,G01212
3. Gray Blight/gray_blight_00270.jpg,3. Gray Blight,G01213
3. Gray Blight/gray_blight_00271.jpg,3. Gray Blight,G01214
3. Gray Blight/gray_blight_00272.jpg,3. Gray Blight,G01215
3. Gray Blight/gray_blight_00273.jpg,3. Gray Blight,G01216
3. Gray Blight/gray_blight_00274.jpg,3. Gray Blight,G01217
3. Gray Blight/gray_blight_00275.jpg,3. Gray Blight,G01218
3. Gray Blight/gray_blight_00276.jpg,3. Gray Blight,G01219
3. Gray Blight/gray_blight_00277.jpg,3. Gray Blight,G01220
3. Gray Blight/gray_blight_00278.jpg,3. Gray Blight,G01221
3. Gray Blight/gray_blight_00279.jpg,3. Gray Blight,G01222
3. Gray Blight/gray_blight_00280.jpg,3. Gray Blight,G01223
3. Gray Blight/gray_blight_00281.jpg,3. Gray Blight,G01224
3. Gray Blight/gray_blight_00282.jpg,3. Gray Blight,G01225
3. Gray Blight/gray_blight_00283.jpg,3. Gray Blight,G01226
3. Gray Blight/gray_blight_00284.jpg,3. Gray Blight,G01227
3. Gray Blight/gray_blight_00285.jpg,3. Gray Blight,G01228
3. Gray Blight/gray_blight_00286.jpg,3. Gray Blight,G01229
3. Gray Blight/gray_blight_00287.jpg,3. Gray Blight,G01230
3. Gray Blight/gray_blight_00288.jpg,3. Gray Blight,G01231
3. Gray Blight/gray_blight_00289.jpg,3. Gray Blight,G01232
3. Gray Blight/gray_blight_00290.jpg,3. Gray Blight,G01233
3. Gray Blight/gray_blight_00291.jpg,3. Gray Blight,G01234
3. Gray Blight/gray_blight_00292.jpg,3. Gray Blight,G01235
3. Gray Blight/gray_blight_00293.jpg,3. Gray Blight,G00013
3. Gray Blight/gray_blight_00294.jpg,3. Gray Blight,G00013
3. Gray Blight/gray_blight_00295.jpg,3. Gray Blight,G00014
3. Gray Blight/gray_blight_00296.jpg,3. Gray Blight,G00014
3. Gray Blight/gray_blight_00297.jpg,3. Gray Blight,G01236
3. Gray Blight/gray_blight_00298.jpg,3. Gray Blight,G01237
3. Gray Blight/gray_blight_00299.jpg,3. Gray Blight,G01238
3. Gray Blight/gray_blight_00300.jpg,3. Gray Blight,G01239
3. Gray Blight/gray_blight_00301.jpg,3. Gray Blight,G01240
3. Gray Blight/gray_blight_00302.jpg,3. Gray Blight,G01241
3. Gray Blight/gray_blight_00303.jpg,3. Gray Blight,G01242
3. Gray Blight/gray_blight_00304.jpg,3. Gray Blight,G01243
3. Gray Blight/gray_blight_00305.jpg,3. Gray Blight,G01244
3. Gray Blight/gray_blight_00306.jpg,3. Gray Blight,G01245
3. Gray Blight/gray_blight_00307.jpg,3. Gray Blight,G01246
3. Gray Blight/gray_blight_00308.jpg,3. Gray Blight,G01247
3. Gray Blight/gray_blight_00309.jpg,3. Gray Blight,G01248
3. Gray Blight/gray_blight_00310.jpg,3. Gray Blight,G01249
3. Gray Blight/gray_blight_00311.jpg,3. Gray Blight,G01250
3. Gray Blight/gray_blight_00312.jpg,3. Gray Blight,G01251
3. Gray Blight/gray_blight_00313.jpg,3. Gray Blight,G01252
3. Gray Blight/gray_blight_00314.jpg,3. Gray Blight,G01253
3. Gray Blight/gray_blight_00315.jpg,3. Gray Blight,G01254
3. Gray Blight/gray_blight_00316.jpg,3. Gray Blight,G01255
3. Gray Blight/gray_blight_00317.jpg,3. Gray Blight,G01256
3. Gray Blight/gray_blight_00318.jpg,3. Gray Blight,G01257
3. Gray Blight/gray_blight_00319.jpg,3. Gray Blight,G01258
3. Gray Blight/gray_blight_00320.jpg,3. Gray Blight,G01259
3. Gray Blight/gray_blight_00321.jpg,3. Gray Blight,G01260
3. Gray Blight/gray_blight_00322.jpg,3. Gray Blight,G01261
3. Gray Blight/gray_blight_00323.jpg,3. Gray Blight,G01262
3. Gray Blight/gray_blight_00324.jpg,3. Gray Blight,G01263
3. Gray Blight/gray_blight_00325.jpg,3. Gray Blight,G01264
3. Gray Blight/gray_blight_00326.jpg,3. Gray Blight,G01265
3. Gray Blight/gray_blight_00327.jpg,3. Gray Blight,G01266
3. Gray Blight/gray_blight_00328.jpg,3. Gray Blight,G01267
3. Gray Blight/gray_blight_00329.jpg,3. Gray Blight,G01268
3. Gray Blight/gray_blight_00330.jpg,3. Gray Blight,G01269
3. Gray Blight/gray_blight_00331.jpg,3. Gray Blight,G01270
3. Gray Blight/gray_blight_00332.jpg,3. Gray Blight,G01271
3. Gray Blight/gray_blight_00333.jpg,3. Gray Blight,G01272
3. Gray Blight/gray_blight_00334.jpg,3. Gray Blight,G01273
3. Gray Blight/gray_blight_00335.jpg,3. Gray Blight,G01274
3. Gray Blight/gray_blight_00336.jpg,3. Gray Blight,G01275
3. Gray Blight/gray_blight_00337.jpg,3. Gray Blight,G01276
3. Gray Blight/gray_blight_00338.jpg,3. Gray Blight,G01277
3. Gray Blight/gray_blight_00339.jpg,3. Gray Blight,G01278
3. Gray Blight/gray_blight_00340.jpg,3. Gray Blight,G01279
3. Gray Blight/gray_blight_00341.jpg,3. Gray Blight,G01280
3. Gray Blight/gray_blight_00342.jpg,3. Gray Blight,G01281
3. Gray Blight/gray_blight_00343.jpg,3. Gray Blight,G01282
3. Gray Blight/gray_blight_00344.jpg,3. Gray Blight,G01283
3. Gray Blight/gray_blight_00345.jpg,3. Gray Blight,G01284
3. Gray Blight/gray_blight_00346.jpg,3. Gray Blight,G01285
3. Gray Blight/gray_blight_00347.jpg,3. Gray Blight,G01286
3. Gray Blight/gray_blight_00348.jpg,3. Gray Blight,G01287
3. Gray Blight/gray_blight_00349.jpg,3. Gray Blight,G01288
3. Gray Blight/gray_blight_00350.jpg,3. Gray Blight,G01289
3. Gray Blight/gray_blight_00351.jpg,3. Gray Blight,G01290
3. Gray Blight/gray_blight_00352.jpg,3. Gray Blight,G01291
3. Gray Blight/gray_blight_00353.jpg,3. Gray Blight,G01292
3. Gray Blight/gray_blight_00354.jpg,3. Gray Blight,G01293
3. Gray Blight/gray_blight_00355.jpg,3. Gray Blight,G01294
3. Gray Blight/gray_blight_00356.jpg,3. Gray Blight,G01295
3. Gray Blight/gray_blight_00357.jpg,3. Gray Blight,G01296
3. Gray Blight/gray_blight_00358.jpg,3. Gray Blight,G01297
3. Gray Blight/gray_blight_00359.jpg,3. Gray Blight,G01298
3. Gray Blight/gray_blight_00360.jpg,3. Gray Blight,G00015
3. Gray Blight/gray_blight_00361.jpg,3. Gray Blight,G00015
3. Gray Blight/gray_blight_00362.jpg,3. Gray Blight,G01299
3. Gray Blight/gray_blight_00363.jpg,3. Gray Blight,G00016
3. Gray Blight/gray_blight_00364.jpg,3. Gray Blight,G00016
3. Gray Blight/gray_blight_00365.jpg,3. Gray Blight,G01300
3. Gray Blight/gray_blight_00366.jpg,3. Gray Blight,G01301
3. Gray Blight/gray_blight_00367.jpg,3. Gray Blight,G01302
3. Gray Blight/gray_blight_00368.jpg,3. Gray Blight,G01303
3. Gray Blight/gray_blight_00369.jpg,3. Gray Blight,G01304
3. Gray Blight/gray_blight_00370.jpg,3. Gray Blight,G01305
3. Gray Blight/gray_blight_00371.jpg,3. Gray Blight,G01306
3. Gray Blight/gray_blight_00372.jpg,3. Gray Blight,G01307
3. Gray Blight/gray_blight_00373.jpg,3. Gray Blight,G01308
3. Gray Blight/gray_blight_00374.jpg,3. Gray Blight,G01309
3. Gray Blight/gray_blight_00375.jpg,3. Gray Blight,G01310
3. Gray Blight/gray_blight_00376.jpg,3. Gray Blight,G01311
3. Gray Blight/gray_blight_00377.jpg,3. Gray Blight,G01312
3. Gray Blight/gray_blight_00378.jpg,3. Gray Blight,G01313
3. Gray Blight/gray_blight_00379.jpg,3. Gray Blight,G01314
3. Gray Blight/gray_blight_00380.jpg,3. Gray Blight,G01315
3. Gray Blight/gray_blight_00381.jpg,3. Gray Blight,G01316
3. Gray Blight/gray_blight_00382.jpg,3. Gray Blight,G01317
3. Gray Blight/gray_blight_00383.jpg,3. Gray Blight,G01318
3. Gray Blight/gray_blight_00384.jpg,3. Gray Blight,G01319
3. Gray Blight/gray_blight_00385.jpg,3. Gray Blight,G01320
3. Gray Blight/gray_blight_00386.jpg,3. Gray Blight,G01321
3. Gray Blight/gray_blight_00387.jpg,3. Gray Blight,G01322
3. Gray Blight/gray_blight_00388.jpg,3. Gray Blight,G01323
3. Gray Blight/gray_blight_00389.jpg,3. Gray Blight,G01324
3. Gray Blight/gray_blight_00390.jpg,3. Gray Blight,G01325
3. Gray Blight/gray_blight_00391.jpg,3. Gray Blight,G01326
3. Gray Blight/gray_blight_00392.jpg,3. Gray Blight,G01327
3. Gray Blight/gray_blight_00393.jpg,3. Gray Blight,G01328
3. Gray Blight/gray_blight_00394.jpg,3. Gray Blight,G01329
3. Gray Blight/gray_blight_00395.jpg,3. Gray Blight,G01330
3. Gray Blight/gray_blight_00396.jpg,3. Gray Blight,G01331
3. Gray Blight/gray_blight_00397.jpg,3. Gray Blight,G01332
3. Gray Blight/gray_blight_00398.jpg,3. Gray Blight,G01333
3. Gray Blight/gray_blight_00399.jpg,3. Gray Blight,G01334
3. Gray Blight/gray_blight_00400.jpg,3. Gray Blight,G01335
3. Gray Blight/gray_blight_00401.jpg,3. Gray Blight,G01336
3. Gray Blight/gray_blight_00402.jpg,3. Gray Blight,G01337
3. Gray Blight/gray_blight_00403.jpg,3. Gray Blight,G01338
3. Gray Blight/gray_blight_00404.jpg,3. Gray Blight,G01339
3. Gray Blight/gray_blight_00405.jpg,3. Gray Blight,G01340
3. Gray Blight/gray_blight_00406.jpg,3. Gray Blight,G01341
3. Gray Blight/gray_blight_00407.jpg,3. Gray Blight,G01342
3. Gray Blight/gray_blight_00408.jpg,3. Gray Blight,G01343
3. Gray Blight/gray_blight_00409.jpg,3. Gray Blight,G01344
3. Gray Blight/gray_blight_00410.jpg,3. Gray Blight,G01345
3. Gray Blight/gray_blight_00411.jpg,3. Gray Blight,G01346
3. Gray Blight/gray_blight_00412.jpg,3. Gray Blight,G01347
3. Gray Blight/gray_blight_00413.jpg,3. Gray Blight,G01348
3. Gray Blight/gray_blight_00414.jpg,3. Gray Blight,G01349
3. Gray Blight/gray_blight_00415.jpg,3. Gray Blight,G01350
3. Gray Blight/gray_blight_00416.jpg,3. Gray Blight,G01351
3. Gray Blight/gray_blight_00417.jpg,3. Gray Blight,G01352
3. Gray Blight/gray_blight_00418.jpg,3. Gray Blight,G01353
3. Gray Blight/gray_blight_00419.jpg,3. Gray Blight,G01354
3. Gray Blight/gray_blight_00420.jpg,3. Gray Blight,G01355
3. Gray Blight/gray_blight_00421.jpg,3. Gray Blight,G01356
3. Gray Blight/gray_blight_00422.jpg,3. Gray Blight,G01357
3. Gray Blight/gray_blight_00423.jpg,3. Gray Blight,G01358
3. Gray Blight/gray_blight_00424.jpg,3. Gray Blight,G01359
3. Gray Blight/gray_blight_00425.jpg,3. Gray Blight,G01360
3. Gray Blight/gray_blight_00426.jpg,3. Gray Blight,G01361
3. Gray Blight/gray_blight_00427.jpg,3. Gray Blight,G01362
3. Gray Blight/gray_blight_00428.jpg,3. Gray Blight,G01363
3. Gray Blight/gray_blight_00429.jpg,3. Gray Blight,G01364
3. Gray Blight/gray_blight_00430.jpg,3. Gray Blight,G01365
3. Gray Blight/gray_blight_00431.jpg,3. Gray Blight,G01366
3. Gray Blight/gray_blight_00432.jpg,3. Gray Blight,G01367
3. Gray Blight/gray_blight_00433.jpg,3. Gray Blight,G01368
3. Gray Blight/gray_blight_00434.jpg,3. Gray Blight,G01369
3. Gray Blight/gray_blight_00435.jpg,3. Gray Blight,G01370
3. Gray Blight/gray_blight_00436.jpg,3. Gray Blight,G01371
3. Gray Blight/gray_blight_00437.jpg,3. Gray Blight,G01372
3. Gray Blight/gray_blight_00438.jpg,3. Gray Blight,G01373
3. Gray Blight/gray_blight_00439.jpg,3. Gray Blight,G01374
3. Gray Blight/gray_blight_00440.jpg,3. Gray Blight,G01375
3. Gray Blight/gray_blight_00441.jpg,3. Gray Blight,G01376
3. Gray Blight/gray_blight_00442.jpg,3. Gray Blight,G01377
3. Gray Blight/gray_blight_00443.jpg,3. Gray Blight,G01378
3. Gray Blight/gray_blight_00444.jpg,3. Gray Blight,G01379
3. Gray Blight/gray_blight_00445.jpg,3. Gray Blight,G01380
3. Gray Blight/gray_blight_00446.jpg,3. Gray Blight,G01381
3. Gray Blight/gray_blight_00447.jpg,3. Gray Blight,G01382
3. Gray Blight/gray_blight_00448.jpg,3. Gray Blight,G01383
3. Gray Blight/gray_blight_00449.jpg,3. Gray Blight,G01384
3. Gray Blight/gray_blight_00450.jpg,3. Gray Blight,G01385
3. Gray Blight/gray_blight_00451.jpg,3. Gray Blight,G01386
3. Gray Blight/gray_blight_00452.jpg,3. Gray Blight,G01387
3. Gray Blight/gray_blight_00453.jpg,3. Gray Blight,G01388
3. Gray Blight/gray_blight_00454.jpg,3. Gray Blight,G01389
3. Gray Blight/gray_blight_00455.jpg,3. Gray Blight,G01390
3. Gray Blight/gray_blight_00456.jpg,3. Gray Blight,G01391
3. Gray Blight/gray_blight_00457.jpg,3. Gray Blight,G01392
3. Gray Blight/gray_blight_00458.jpg,3. Gray Blight,G01393
3. Gray Blight/gray_blight_00459.jpg,3. Gray Blight,G01394
3. Gray Blight/gray_blight_00460.jpg,3. Gray Blight,G01395
3. Gray Blight/gray_blight_00461.jpg,3. Gray Blight,G01396
3. Gray Blight/gray_blight_00462.jpg,3. Gray Blight,G01397
3. Gray Blight/gray_blight_00463.jpg,3. Gray Blight,G01398
3. Gray Blight/gray_blight_00464.jpg,3. Gray Blight,G01399
3. Gray Blight/gray_blight_00465.jpg,3. Gray Blight,G01400
3. Gray Blight/gray_blight_00466.jpg,3. Gray Blight,G01401
3. Gray Blight/gray_blight_00467.jpg,3. Gray Blight,G01402
3. Gray Blight/gray_blight_00468.jpg,3. Gray Blight,G01403
3. Gray Blight/gray_blight_00469.jpg,3. Gray Blight,G01404
3. Gray Blight/gray_blight_00470.jpg,3. Gray Blight,G01405
3. Gray Blight/gray_blight_00471.jpg,3. Gray Blight,G01406
3. Gray Blight/gray_blight_00472.jpg,3. Gray Blight,G01407
3. Gray Blight/gray_blight_00473.jpg,3. Gray Blight,G01408
3. Gray Blight/gray_blight_00474.jpg,3. Gray Blight,G01409
3. Gray Blight/gray_blight_00475.jpg,3. Gray Blight,G01410
3. Gray Blight/gray_blight_00476.jpg,3. Gray Blight,G01411
3. Gray Blight/gray_blight_00477.jpg,3. Gray Blight,G01412
3. Gray Blight/gray_blight_00478.jpg,3. Gray Blight,G01413
3. Gray Blight/gray_blight_00479.jpg,3. Gray Blight,G01414
3. Gray Blight/gray_blight_00480.jpg,3. Gray Blight,G01415
3. Gray Blight/gray_blight_00481.jpg,3. Gray Blight,G01416
3. Gray Blight/gray_blight_00482.jpg,3. Gray Blight,G01417
3. Gray Blight/gray_blight_00483.jpg,3. Gray Blight,G01418
3. Gray Blight/gray_blight_00484.jpg,3. Gray Blight,G01419
3. Gray Blight/gray_blight_00485.jpg,3. Gray Blight,G01420
3. Gray Blight/gray_blight_00486.jpg,3. Gray Blight,G01421
3. Gray Blight/gray_blight_00487.jpg,3. Gray Blight,G01422
3. Gray Blight/gray_blight_00488.jpg,3. Gray Blight,G01423
3. Gray Blight/gray_blight_00489.jpg,3. Gray Blight,G01424
3. Gray Blight/gray_blight_00490.jpg,3. Gray Blight,G01425
3. Gray Blight/gray_blight_00491.jpg,3. Gray Blight,G01426
3. Gray Blight/gray_blight_00492.jpg,3. Gray Blight,G01427
3. Gray Blight/gray_blight_00493.jpg,3. Gray Blight,G00017
3. Gray Blight/gray_blight_00494.jpg,3. Gray Blight,G00017
3. Gray Blight/gray_blight_00495.jpg,3. Gray Blight,G01428
3. Gray Blight/gray_blight_00496.jpg,3. Gray Blight,G01429
3. Gray Blight/gray_blight_00497.jpg,3. Gray Blight,G01430
3. Gray Blight/gray_blight_00498.jpg,3. Gray Blight,G01431
3. Gray Blight/gray_blight_00499.jpg,3. Gray Blight,G01432
3. Gray Blight/gray_blight_00500.jpg,3. Gray Blight,G01433
3. Gray Blight/gray_blight_00501.jpg,3. Gray Blight,G01434
3. Gray Blight/gray_blight_00502.jpg,3. Gray Blight,G01435
3. Gray Blight/gray_blight_00503.jpg,3. Gray Blight,G01436
3. Gray Blight/gray_blight_00504.jpg,3. Gray Blight,G01437
3. Gray Blight/gray_blight_00505.jpg,3. Gray Blight,G01438
3. Gray Blight/gray_blight_00506.jpg,3. Gray Blight,G01439
3. Gray Blight/gray_blight_00507.jpg,3. Gray Blight,G01440
3. Gray Blight/gray_blight_00508.jpg,3. Gray Blight,G01441
3. Gray Blight/gray_blight_00509.jpg,3. Gray Blight,G01442
3. Gray Blight/gray_blight_00510.jpg,3. Gray Blight,G01443
3. Gray Blight/gray_blight_00511.jpg,3. Gray Blight,G01444
3. Gray Blight/gray_blight_00512.jpg,3. Gray Blight,G01445
3. Gray Blight/gray_blight_00513.jpg,3. Gray Blight,G01446
3. Gray Blight/gray_blight_00514.jpg,3. Gray Blight,G01447
3. Gray Blight/gray_blight_00515.jpg,3. Gray Blight,G01448
3. Gray Blight/gray_blight_00516.jpg,3. Gray Blight,G01449
3. Gray Blight/gray_blight_00517.jpg,3. Gray Blight,G01450
3. Gray Blight/gray_blight_00518.jpg,3. Gray Blight,G01451
3. Gray Blight/gray_blight_00519.jpg,3. Gray Blight,G01452
3. Gray Blight/gray_blight_00520.jpg,3. Gray Blight,G01453
3. Gray Blight/gray_blight_00521.jpg,3. Gray Blight,G01454
3. Gray Blight/gray_blight_00522.jpg,3. Gray Blight,G01455
3. Gray Blight/gray_blight_00523.jpg,3. Gray Blight,G01456
3. Gray Blight/gray_blight_00524.jpg,3. Gray Blight,G01457
3. Gray Blight/gray_blight_00525.jpg,3. Gray Blight,G01458
3. Gray Blight/gray_blight_00526.jpg,3. Gray Blight,G01459
3. Gray Blight/gray_blight_00527.jpg,3. Gray Blight,G01460
3. Gray Blight/gray_blight_00528.jpg,3. Gray Blight,G01461
3. Gray Blight/gray_blight_00529.jpg,3. Gray Blight,G01462
3. Gray Blight/gray_blight_00530.jpg,3. Gray Blight,G01463
3. Gray Blight/gray_blight_00531.jpg,3. Gray Blight,G01464
3. Gray Blight/gray_blight_00532.jpg,3. Gray Blight,G01465
3. Gray Blight/gray_blight_00533.jpg,3. Gray Blight,G01466
3. Gray Blight/gray_blight_00534.jpg,3. Gray Blight,G01467
3. Gray Blight/gray_blight_00535.jpg,3. Gray Blight,G01468
3. Gray Blight/gray_blight_00536.jpg,3. Gray Blight,G01469
3. Gray Blight/gray_blight_00537.jpg,3. Gray Blight,G01470
3. Gray Blight/gray_blight_00538.jpg,3. Gray Blight,G01471
3. Gray Blight/gray_blight_00539.jpg,3. Gray Blight,G01472
3. Gray Blight/gray_blight_00540.jpg,3. Gray Blight,G01473
3. Gray Blight/gray_blight_00541.jpg,3. Gray Blight,G01474
3. Gray Blight/gray_blight_00542.jpg,3. Gray Blight,G01475
3. Gray Blight/gray_blight_00543.jpg,3. Gray Blight,G01476
3. Gray Blight/gray_blight_00544.jpg,3. Gray Blight,G01477
3. Gray Blight/gray_blight_00545.jpg,3. Gray Blight,G01478
3. Gray Blight/gray_blight_00546.jpg,3. Gray Blight,G01479
3. Gray Blight/gray_blight_00547.jpg,3. Gray Blight,G01480
3. Gray Blight/gray_blight_00548.jpg,3. Gray Blight,G01481
3. Gray Blight/gray_blight_00549.jpg,3. Gray Blight,G01482
3. Gray Blight/gray_blight_00550.jpg,3. Gray Blight,G01483
3. Gray Blight/gray_blight_00551.jpg,3. Gray Blight,G01484
3. Gray Blight/gray_blight_00552.jpg,3. Gray Blight,G01485
3. Gray Blight/gray_blight_00553.jpg,3. Gray Blight,G01486
3. Gray Blight/gray_blight_00554.jpg,3. Gray Blight,G01487
3. Gray Blight/gray_blight_00555.jpg,3. Gray Blight,G01488
3. Gray Blight/gray_blight_00556.jpg,3. Gray Blight,G01489
3. Gray Blight/gray_blight_00557.jpg,3. Gray Blight,G01490
3. Gray Blight/gray_blight_00558.jpg,3. Gray Blight,G01491
3. Gray Blight/gray_blight_00559.jpg,3. Gray Blight,G01492
3. Gray Blight/gray_blight_00560.jpg,3. Gray Blight,G01493
3. Gray Blight/gray_blight_00561.jpg,3. Gray Blight,G01494
3. Gray Blight/gray_blight_00562.jpg,3. Gray Blight,G01495
3. Gray Blight/gray_blight_00563.jpg,3. Gray Blight,G01496
3. Gray Blight/gray_blight_00564.jpg,3. Gray Blight,G01497
3. Gray Blight/gray_blight_00565.jpg,3. Gray Blight,G01498
3. Gray Blight/gray_blight_00566.jpg,3. Gray Blight,G01499
3. Gray Blight/gray_blight_00567.jpg,3. Gray Blight,G01500
3. Gray Blight/gray_blight_00568.jpg,3. Gray Blight,G01501
3. Gray Blight/gray_blight_00569.jpg,3. Gray Blight,G01502
3. Gray Blight/gray_blight_00570.jpg,3. Gray Blight,G01503
3. Gray Blight/gray_blight_00571.jpg,3. Gray Blight,G01504
3. Gray Blight/gray_blight_00572.jpg,3. Gray Blight,G01505
3. Gray Blight/gray_blight_00573.jpg,3. Gray Blight,G01506
3. Gray Blight/gray_blight_00574.jpg,3. Gray Blight,G01507
3. Gray Blight/gray_blight_00575.jpg,3. Gray Blight,G01508
3. Gray Blight/gray_blight_00576.jpg,3. Gray Blight,G01509
3. Gray Blight/gray_blight_00577.jpg,3. Gray Blight,G01510
3. Gray Blight/gray_blight_00578.jpg,3. Gray Blight,G01511
3. Gray Blight/gray_blight_00579.jpg,3. Gray Blight,G01512
3. Gray Blight/gray_blight_00580.jpg,3. Gray Blight,G01513
3. Gray Blight/gray_blight_00581.jpg,3. Gray Blight,G01514
3. Gray Blight/gray_blight_00582.jpg,3. Gray Blight,G01515
3. Gray Blight/gray_blight_00583.jpg,3. Gray Blight,G01516
3. Gray Blight/gray_blight_00584.jpg,3. Gray Blight,G01517
3. Gray Blight/gray_blight_00585.jpg,3. Gray Blight,G01518
3. Gray Blight/gray_blight_00586.jpg,3. Gray Blight,G01519
3. Gray Blight/gray_blight_00587.jpg,3. Gray Blight,G01520
3. Gray Blight/gray_blight_00588.jpg,3. Gray Blight,G01521
3. Gray Blight/gray_blight_00589.jpg,3. Gray Blight,G01522
3. Gray Blight/gray_blight_00590.jpg,3. Gray Blight,G01523
3. Gray Blight/gray_blight_00591.jpg,3. Gray Blight,G01524
3. Gray Blight/gray_blight_00592.jpg,3. Gray Blight,G01525
3. Gray Blight/gray_blight_00593.jpg,3. Gray Blight,G01526
3. Gray Blight/gray_blight_00594.jpg,3. Gray Blight,G01527
3. Gray Blight/gray_blight_00595.jpg,3. Gray Blight,G01528
3. Gray Blight/gray_blight_00596.jpg,3. Gray Blight,G01529
3. Gray Blight/gray_blight_00597.jpg,3. Gray Blight,G01530
3. Gray Blight/gray_blight_00598.jpg,3. Gray Blight,G01531
3. Gray Blight/gray_blight_00599.jpg,3. Gray Blight,G01532
3. Gray Blight/gray_blight_00600.jpg,3. Gray Blight,G01533
3. Gray Blight/gray_blight_00601.jpg,3. Gray Blight,G01534
3. Gray Blight/gray_blight_00602.jpg,3. Gray Blight,G01535
3. Gray Blight/gray_blight_00603.jpg,3. Gray Blight,G01536
3. Gray Blight/gray_blight_00604.jpg,3. Gray Blight,G01537
3. Gray Blight/gray_blight_00605.jpg,3. Gray Blight,G01538
3. Gray Blight/gray_blight_00606.jpg,3. Gray Blight,G01539
3. Gray Blight/gray_blight_00607.jpg,3. Gray Blight,G01540
3. Gray Blight/gray_blight_00608.jpg,3. Gray Blight,G01541
3. Gray Blight/gray_blight_00609.jpg,3. Gray Blight,G01542
3. Gray Blight/gray_blight_00610.jpg,3. Gray Blight,G01543
3. Gray Blight/gray_blight_00611.jpg,3. Gray Blight,G01544
3. Gray Blight/gray_blight_00612.jpg,3. Gray Blight,G01545
3. Gray Blight/gray_blight_00613.jpg,3. Gray Blight,G01546
3. Gray Blight/gray_blight_00614.jpg,3. Gray Blight,G01547
3. Gray Blight/gray_blight_00615.jpg,3. Gray Blight,G01548
3. Gray Blight/gray_blight_00616.jpg,3. Gray Blight,G01549
3. Gray Blight/gray_blight_00617.jpg,3. Gray Blight,G01550
3. Gray Blight/gray_blight_00618.jpg,3. Gray Blight,G01551
3. Gray Blight/gray_blight_00619.jpg,3. Gray Blight,G01552
3. Gray Blight/gray_blight_00620.jpg,3. Gray Blight,G01553
3. Gray Blight/gray_blight_00621.jpg,3. Gray Blight,G01554
3. Gray Blight/gray_blight_00622.jpg,3. Gray Blight,G01555
3. Gray Blight/gray_blight_00623.jpg,3. Gray Blight,G01556
3. Gray Blight/gray_blight_00624.jpg,3. Gray Blight,G01557
3. Gray Blight/gray_blight_00625.jpg,3. Gray Blight,G01558
3. Gray Blight/gray_blight_00626.jpg,3. Gray Blight,G01559
3. Gray Blight/gray_blight_00627.jpg,3. Gray Blight,G01560
3. Gray Blight/gray_blight_00628.jpg,3. Gray Blight,G01561
3. Gray Blight/gray_blight_00629.jpg,3. Gray Blight,G01562
3. Gray Blight/gray_blight_00630.jpg,3. Gray Blight,G01563
3. Gray Blight/gray_blight_00631.jpg,3. Gray Blight,G01564
3. Gray Blight/gray_blight_00632.jpg,3. Gray Blight,G01565
3. Gray Blight/gray_blight_00633.jpg,3. Gray Blight,G01566
3. Gray Blight/gray_blight_00634.jpg,3. Gray Blight,G01567
3. Gray Blight/gray_blight_00635.jpg,3. Gray Blight,G01568
3. Gray Blight/gray_blight_00636.jpg,3. Gray Blight,G01569
3. Gray Blight/gray_blight_00637.jpg,3. Gray Blight,G01570
3. Gray Blight/gray_blight_00638.jpg,3. Gray Blight,G01571
3. Gray Blight/gray_blight_00639.jpg,3. Gray Blight,G01572
3. Gray Blight/gray_blight_00640.jpg,3. Gray Blight,G01573
3. Gray Blight/gray_blight_00641.jpg,3. Gray Blight,G01574
3. Gray Blight/gray_blight_00642.jpg,3. Gray Blight,G01575
3. Gray Blight/gray_blight_00643.jpg,3. Gray Blight,G01576
3. Gray Blight/gray_blight_00644.jpg,3. Gray Blight,G01577
3. Gray Blight/gray_blight_00645.jpg,3. Gray Blight,G01578
3. Gray Blight/gray_blight_00646.jpg,3. Gray Blight,G01579
3. Gray Blight/gray_blight_00647.jpg,3. Gray Blight,G01580
3. Gray Blight/gray_blight_00648.jpg,3. Gray Blight,G01581
3. Gray Blight/gray_blight_00649.jpg,3. Gray Blight,G01582
3. Gray Blight/gray_blight_00650.jpg,3. Gray Blight,G01583
3. Gray Blight/gray_blight_00651.jpg,3. Gray Blight,G01584
3. Gray Blight/gray_blight_00652.jpg,3. Gray Blight,G01585
3. Gray Blight/gray_blight_00653.jpg,3. Gray Blight,G01586
3. Gray Blight/gray_blight_00654.jpg,3. Gray Blight,G01587
3. Gray Blight/gray_blight_00655.jpg,3. Gray Blight,G01588
3. Gray Blight/gray_blight_00656.jpg,3. Gray Blight,G01589
3. Gray Blight/gray_blight_00657.jpg,3. Gray Blight,G01590
3. Gray Blight/gray_blight_00658.jpg,3. Gray Blight,G01591
3. Gray Blight/gray_blight_00659.jpg,3. Gray Blight,G01592
3. Gray Blight/gray_blight_00660.jpg,3. Gray Blight,G01593
3. Gray Blight/gray_blight_00661.jpg,3. Gray Blight,G01594
3. Gray Blight/gray_blight_00662.jpg,3. Gray Blight,G01595
3. Gray Blight/gray_blight_00663.jpg,3. Gray Blight,G01596
3. Gray Blight/gray_blight_00664.jpg,3. Gray Blight,G01597
3. Gray Blight/gray_blight_00665.jpg,3. Gray Blight,G01598
3. Gray Blight/gray_blight_00666.jpg,3. Gray Blight,G01599
3. Gray Blight/gray_blight_00667.jpg,3. Gray Blight,G01600
3. Gray Blight/gray_blight_00668.jpg,3. Gray Blight,G01601
3. Gray Blight/gray_blight_00669.jpg,3. Gray Blight,G01602
3. Gray Blight/gray_blight_00670.jpg,3. Gray Blight,G01603
3. Gray Blight/gray_blight_00671.jpg,3. Gray Blight,G01604
3. Gray Blight/gray_blight_00672.jpg,3. Gray Blight,G01605
3. Gray Blight/gray_blight_00673.jpg,3. Gray Blight,G01606
3. Gray Blight/gray_blight_00674.jpg,3. Gray Blight,G01607
3. Gray Blight/gray_blight_00675.jpg,3. Gray Blight,G01608
3. Gray Blight/gray_blight_00676.jpg,3. Gray Blight,G01609
3. Gray Blight/gray_blight_00677.jpg,3. Gray Blight,G01610
3. Gray Blight/gray_blight_00678.jpg,3. Gray Blight,G01611
3. Gray Blight/gray_blight_00679.jpg,3. Gray Blight,G01612
3. Gray Blight/gray_blight_00680.jpg,3. Gray Blight,G01613
3. Gray Blight/gray_blight_00681.jpg,3. Gray Blight,G01614
3. Gray Blight/gray_blight_00682.jpg,3. Gray Blight,G01615
3. Gray Blight/gray_blight_00683.jpg,3. Gray Blight,G01616
3. Gray Blight/gray_blight_00684.jpg,3. Gray Blight,G01617
3. Gray Blight/gray_blight_00685.jpg,3. Gray Blight,G01618
3. Gray Blight/gray_blight_00686.jpg,3. Gray Blight,G01619
3. Gray Blight/gray_blight_00687.jpg,3. Gray Blight,G01620
3. Gray Blight/gray_blight_00688.jpg,3. Gray Blight,G01621
3. Gray Blight/gray_blight_00689.jpg,3. Gray Blight,G01622
3. Gray Blight/gray_blight_00690.jpg,3. Gray Blight,G01623
3. Gray Blight/gray_blight_00691.jpg,3. Gray Blight,G01624
3. Gray Blight/gray_blight_00692.jpg,3. Gray Blight,G01625
3. Gray Blight/gray_blight_00693.jpg,3. Gray Blight,G01626
3. Gray Blight/gray_blight_00694.jpg,3. Gray Blight,G01627
3. Gray Blight/gray_blight_00695.jpg,3. Gray Blight,G01628
3. Gray Blight/gray_blight_00696.jpg,3. Gray Blight,G01629
3. Gray Blight/gray_blight_00697.jpg,3. Gray Blight,G01630
3. Gray Blight/gray_blight_00698.jpg,3. Gray Blight,G01631
3. Gray Blight/gray_blight_00699.jpg,3. Gray Blight,G01632
3. Gray Blight/gray_blight_00700.jpg,3. Gray Blight,G01633
3. Gray Blight/gray_blight_00701.jpg,3. Gray Blight,G01634
3. Gray Blight/gray_blight_00702.jpg,3. Gray Blight,G01635
3. Gray Blight/gray_blight_00703.jpg,3. Gray Blight,G01636
3. Gray Blight/gray_blight_00704.jpg,3. Gray Blight,G01637
3. Gray Blight/gray_blight_00705.jpg,3. Gray Blight,G01638
3. Gray Blight/gray_blight_00706.jpg,3. Gray Blight,G01639
3. Gray Blight/gray_blight_00707.jpg,3. Gray Blight,G01640
3. Gray Blight/gray_blight_00708.jpg,3. Gray Blight,G01641
3. Gray Blight/gray_blight_00709.jpg,3. Gray Blight,G01642
3. Gray Blight/gray_blight_00710.jpg,3. Gray Blight,G01643
3. Gray Blight/gray_blight_00711.jpg,3. Gray Blight,G01644
3. Gray Blight/gray_blight_00712.jpg,3. Gray Blight,G01645
3. Gray Blight/gray_blight_00713.jpg,3. Gray Blight,G01646
3. Gray Blight/gray_blight_00714.jpg,3. Gray Blight,G01647
3. Gray Blight/gray_blight_00715.jpg,3. Gray Blight,G01648
3. Gray Blight/gray_blight_00716.jpg,3. Gray Blight,G01649
3. Gray Blight/gray_blight_00717.jpg,3. Gray Blight,G01650
3. Gray Blight/gray_blight_00718.jpg,3. Gray Blight,G01651
3. Gray Blight/gray_blight_00719.jpg,3. Gray Blight,G01652
3. Gray Blight/gray_blight_00720.jpg,3. Gray Blight,G01653
3. Gray Blight/gray_blight_00721.jpg,3. Gray Blight,G01654
3. Gray Blight/gray_blight_00722.jpg,3. Gray Blight,G01655
3. Gray Blight/gray_blight_00723.jpg,3. Gray Blight,G01656
3. Gray Blight/gray_blight_00724.jpg,3. Gray Blight,G01657
3. Gray Blight/gray_blight_00725.jpg,3. Gray Blight,G01658
3. Gray Blight/gray_blight_00726.jpg,3. Gray Blight,G01659
3. Gray Blight/gray_blight_00727.jpg,3. Gray Blight,G01660
3. Gray Blight/gray_blight_00728.jpg,3. Gray Blight,G01661
3. Gray Blight/gray_blight_00729.jpg,3. Gray Blight,G01662
3. Gray Blight/gray_blight_00730.jpg,3. Gray Blight,G01663
3. Gray Blight/gray_blight_00731.jpg,3. Gray Blight,G01664
3. Gray Blight/gray_blight_00732.jpg,3. Gray Blight,G01665
3. Gray Blight/gray_blight_00733.jpg,3. Gray Blight,G01666
3. Gray Blight/gray_blight_00734.jpg,3. Gray Blight,G01667
3. Gray Blight/gray_blight_00735.jpg,3. Gray Blight,G01668
3. Gray Blight/gray_blight_00736.jpg,3. Gray Blight,G01669
3. Gray Blight/gray_blight_00737.jpg,3. Gray Blight,G01670
3. Gray Blight/gray_blight_00738.jpg,3. Gray Blight,G01671
3. Gray Blight/gray_blight_00739.jpg,3. Gray Blight,G01672
3. Gray Blight/gray_blight_00740.jpg,3. Gray Blight,G01673
3. Gray Blight/gray_blight_00741.jpg,3. Gray Blight,G01674
3. Gray Blight/gray_blight_00742.jpg,3. Gray Blight,G01675
3. Gray Blight/gray_blight_00743.jpg,3. Gray Blight,G01676
3. Gray Blight/gray_blight_00744.jpg,3. Gray Blight,G01677
3. Gray Blight/gray_blight_00745.jpg,3. Gray Blight,G01678
3. Gray Blight/gray_blight_00746.jpg,3. Gray Blight,G01679
3. Gray Blight/gray_blight_00747.jpg,3. Gray Blight,G01680
3. Gray Blight/gray_blight_00748.jpg,3. Gray Blight,G01681
3. Gray Blight/gray_blight_00749.jpg,3. Gray Blight,G01682
3. Gray Blight/gray_blight_00750.jpg,3. Gray Blight,G01683
3. Gray Blight/gray_blight_00751.jpg,3. Gray Blight,G01684
3. Gray Blight/gray_blight_00752.jpg,3. Gray Blight,G01685
3. Gray Blight/gray_blight_00753.jpg,3. Gray Blight,G01686
3. Gray Blight/gray_blight_00754.jpg,3. Gray Blight,G01687
3. Gray Blight/gray_blight_00755.jpg,3. Gray Blight,G01688
3. Gray Blight/gray_blight_00756.jpg,3. Gray Blight,G01689
3. Gray Blight/gray_blight_00757.jpg,3. Gray Blight,G01690
3. Gray Blight/gray_blight_00758.jpg,3. Gray Blight,G01691
3. Gray Blight/gray_blight_00759.jpg,3. Gray Blight,G01692
3. Gray Blight/gray_blight_00760.jpg,3. Gray Blight,G01693
3. Gray Blight/gray_blight_00761.jpg,3. Gray Blight,G01694
3. Gray Blight/gray_blight_00762.jpg,3. Gray Blight,G01695
3. Gray Blight/gray_blight_00763.jpg,3. Gray Blight,G01696
3. Gray Blight/gray_blight_00764.jpg,3. Gray Blight,G01697
3. Gray Blight/gray_blight_00765.jpg,3. Gray Blight,G01698
3. Gray Blight/gray_blight_00766.jpg,3. Gray Blight,G01699
3. Gray Blight/gray_blight_00767.jpg,3. Gray Blight,G01700
3. Gray Blight/gray_blight_00768.jpg,3. Gray Blight,G01701
3. Gray Blight/gray_blight_00769.jpg,3. Gray Blight,G01702
3. Gray Blight/gray_blight_00770.jpg,3. Gray Blight,G01703
3. Gray Blight/gray_blight_00771.jpg,3. Gray Blight,G01704
3. Gray Blight/gray_blight_00772.jpg,3. Gray Blight,G01705
3. Gray Blight/gray_blight_00773.jpg,3. Gray Blight,G01706
3. Gray Blight/gray_blight_00774.jpg,3. Gray Blight,G01707
3. Gray Blight/gray_blight_00775.jpg,3. Gray Blight,G01708
3. Gray Blight/gray_blight_00776.jpg,3. Gray Blight,G01709
3. Gray Blight/gray_blight_00777.jpg,3. Gray Blight,G01710
3. Gray Blight/gray_blight_00778.jpg,3. Gray Blight,G01711
3. Gray Blight/gray_blight_00779.jpg,3. Gray Blight,G01712
3. Gray Blight/gray_blight_00780.jpg,3. Gray Blight,G01713
3. Gray Blight/gray_blight_00781.jpg,3. Gray Blight,G01714
3. Gray Blight/gray_blight_00782.jpg,3. Gray Blight,G01715
3. Gray Blight/gray_blight_00783.jpg,3. Gray Blight,G01716
3. Gray Blight/gray_blight_00784.jpg,3. Gray Blight,G01717
3. Gray Blight/gray_blight_00785.jpg,3. Gray Blight,G01718
3. Gray Blight/gray_blight_00786.jpg,3. Gray Blight,G01719
3. Gray Blight/gray_blight_00787.jpg,3. Gray Blight,G01720
3. Gray Blight/gray_blight_00788.jpg,3. Gray Blight,G01721
3. Gray Blight/gray_blight_00789.jpg,3. Gray Blight,G01722
3. Gray Blight/gray_blight_00790.jpg,3. Gray Blight,G01723
3. Gray Blight/gray_blight_00791.jpg,3. Gray Blight,G01724
3. Gray Blight/gray_blight_00792.jpg,3. Gray Blight,G01725
3. Gray Blight/gray_blight_00793.jpg,3. Gray Blight,G01726
3. Gray Blight/gray_blight_00794.jpg,3. Gray Blight,G01727
3. Gray Blight/gray_blight_00795.jpg,3. Gray Blight,G01728
3. Gray Blight/gray_blight_00796.jpg,3. Gray Blight,G01729
3. Gray Blight/gray_blight_00797.jpg,3. Gray Blight,G01730
3. Gray Blight/gray_blight_00798.jpg,3. Gray Blight,G01731
3. Gray Blight/gray_blight_00799.jpg,3. Gray Blight,G01732
3. Gray Blight/gray_blight_00800.jpg,3. Gray Blight,G01733
3. Gray Blight/gray_blight_00801.jpg,3. Gray Blight,G01734
3. Gray Blight/gray_blight_00802.jpg,3. Gray Blight,G01735
3. Gray Blight/gray_blight_00803.jpg,3. Gray Blight,G01736
3. Gray Blight/gray_blight_00804.jpg,3. Gray Blight,G01737
3. Gray Blight/gray_blight_00805.jpg,3. Gray Blight,G01738
3. Gray Blight/gray_blight_00806.jpg,3. Gray Blight,G01739
3. Gray Blight/gray_blight_00807.jpg,3. Gray Blight,G01740
3. Gray Blight/gray_blight_00808.jpg,3. Gray Blight,G01741
3. Gray Blight/gray_blight_00809.jpg,3. Gray Blight,G01742
3. Gray Blight/gray_blight_00810.jpg,3. Gray Blight,G01743
3. Gray Blight/gray_blight_00811.jpg,3. Gray Blight,G01744
3. Gray Blight/gray_blight_00812.jpg,3. Gray Blight,G01745
3. Gray Blight/gray_blight_00813.jpg,3. Gray Blight,G01746
3. Gray Blight/gray_blight_00814.jpg,3. Gray Blight,G01747
3. Gray Blight/gray_blight_00815.jpg,3. Gray Blight,G01748
3. Gray Blight/gray_blight_00816.jpg,3. Gray Blight,G01749
3. Gray Blight/gray_blight_00817.jpg,3. Gray Blight,G01750
3. Gray Blight/gray_blight_00818.jpg,3. Gray Blight,G01751
3. Gray Blight/gray_blight_00819.jpg,3. Gray Blight,G01752
3. Gray Blight/gray_blight_00820.jpg,3. Gray Blight,G01753
3. Gray Blight/gray_blight_00821.jpg,3. Gray Blight,G01754
3. Gray Blight/gray_blight_00822.jpg,3. Gray Blight,G01755
3. Gray Blight/gray_blight_00823.jpg,3. Gray Blight,G01756
3. Gray Blight/gray_blight_00824.jpg,3. Gray Blight,G01757
3. Gray Blight/gray_blight_00825.jpg,3. Gray Blight,G01758
3. Gray Blight/gray_blight_00826.jpg,3. Gray Blight,G01759
3. Gray Blight/gray_blight_00827.jpg,3. Gray Blight,G01760
3. Gray Blight/gray_blight_00828.jpg,3. Gray Blight,G01761
3. Gray Blight/gray_blight_00829.jpg,3. Gray Blight,G01762
3. Gray Blight/gray_blight_00830.jpg,3. Gray Blight,G01763
3. Gray Blight/gray_blight_00831.jpg,3. Gray Blight,G01764
3. Gray Blight/gray_blight_00832.jpg,3. Gray Blight,G01765
3. Gray Blight/gray_blight_00833.jpg,3. Gray Blight,G01766
3. Gray Blight/gray_blight_00834.jpg,3. Gray Blight,G01767
3. Gray Blight/gray_blight_00835.jpg,3. Gray Blight,G01768
3. Gray Blight/gray_blight_00836.jpg,3. Gray Blight,G01769
3. Gray Blight/gray_blight_00837.jpg,3. Gray Blight,G01770
3. Gray Blight/gray_blight_00838.jpg,3. Gray Blight,G01771
3. Gray Blight/gray_blight_00839.jpg,3. Gray Blight,G01772
3. Gray Blight/gray_blight_00840.jpg,3. Gray Blight,G01773
3. Gray Blight/gray_blight_00841.jpg,3. Gray Blight,G01774
3. Gray Blight/gray_blight_00842.jpg,3. Gray Blight,G01775
3. Gray Blight/gray_blight_00843.jpg,3. Gray Blight,G01776
3. Gray Blight/gray_blight_00844.jpg,3. Gray Blight,G01777
3. Gray Blight/gray_blight_00845.jpg,3. Gray Blight,G01778
3. Gray Blight/gray_blight_00846.jpg,3. Gray Blight,G01779
3. Gray Blight/gray_blight_00847.jpg,3. Gray Blight,G01780
3. Gray Blight/gray_blight_00848.jpg,3. Gray Blight,G01781
3. Gray Blight/gray_blight_00849.jpg,3. Gray Blight,G01782
3. Gray Blight/gray_blight_00850.jpg,3. Gray Blight,G01783
3. Gray Blight/gray_blight_00851.jpg,3. Gray Blight,G01784
3. Gray Blight/gray_blight_00852.jpg,3. Gray Blight,G01785
3. Gray Blight/gray_blight_00853.jpg,3. Gray Blight,G01786
3. Gray Blight/gray_blight_00854.jpg,3. Gray Blight,G01787
3. Gray Blight/gray_blight_00855.jpg,3. Gray Blight,G01788
3. Gray Blight/gray_blight_00856.jpg,3. Gray Blight,G01789
3. Gray Blight/gray_blight_00857.jpg,3. Gray Blight,G01790
3. Gray Blight/gray_blight_00858.jpg,3. Gray Blight,G01791
3. Gray Blight/gray_blight_00859.jpg,3. Gray Blight,G01792
3. Gray Blight/gray_blight_00860.jpg,3. Gray Blight,G01793
3. Gray Blight/gray_blight_00861.jpg,3. Gray Blight,G01794
3. Gray Blight/gray_blight_00862.jpg,3. Gray Blight,G01795
3. Gray Blight/gray_blight_00863.jpg,3. Gray Blight,G01796
3. Gray Blight/gray_blight_00864.jpg,3. Gray Blight,G01797
3. Gray Blight/gray_blight_00865.jpg,3. Gray Blight,G01798
3. Gray Blight/gray_blight_00866.jpg,3. Gray Blight,G01799
3. Gray Blight/gray_blight_00867.jpg,3. Gray Blight,G01800
3. Gray Blight/gray_blight_00868.jpg,3. Gray Blight,G01801
3. Gray Blight/gray_blight_00869.jpg,3. Gray Blight,G01802
3. Gray Blight/gray_blight_00870.jpg,3. Gray Blight,G01803
3. Gray Blight/gray_blight_00871.jpg,3. Gray Blight,G01804
3. Gray Blight/gray_blight_00872.jpg,3. Gray Blight,G01805
3. Gray Blight/gray_blight_00873.jpg,3. Gray Blight,G01806
3. Gray Blight/gray_blight_00874.jpg,3. Gray Blight,G01807
3. Gray Blight/gray_blight_00875.jpg,3. Gray Blight,G01808
3. Gray Blight/gray_blight_00876.jpg,3. Gray Blight,G01809
3. Gray Blight/gray_blight_00877.jpg,3. Gray Blight,G01810
3. Gray Blight/gray_blight_00878.jpg,3. Gray Blight,G01811
3. Gray Blight/gray_blight_00879.jpg,3. Gray Blight,G01812
3. Gray Blight/gray_blight_00880.jpg,3. Gray Blight,G01813
3. Gray Blight/gray_blight_00881.jpg,3. Gray Blight,G01814
3. Gray Blight/gray_blight_00882.jpg,3. Gray Blight,G01815
3. Gray Blight/gray_blight_00883.jpg,3. Gray Blight,G01816
3. Gray Blight/gray_blight_00884.jpg,3. Gray Blight,G01817
3. Gray Blight/gray_blight_00885.jpg,3. Gray Blight,G01818
3. Gray Blight/gray_blight_00886.jpg,3. Gray Blight,G01819
3. Gray Blight/gray_blight_00887.jpg,3. Gray Blight,G01820
3. Gray Blight/gray_blight_00888.jpg,3. Gray Blight,G01821
3. Gray Blight/gray_blight_00889.jpg,3. Gray Blight,G01822
3. Gray Blight/gray_blight_00890.jpg,3. Gray Blight,G01823
3. Gray Blight/gray_blight_00891.jpg,3. Gray Blight,G01824
3. Gray Blight/gray_blight_00892.jpg,3. Gray Blight,G01825
3. Gray Blight/gray_blight_00893.jpg,3. Gray Blight,G01826
3. Gray Blight/gray_blight_00894.jpg,3. Gray Blight,G01827
3. Gray Blight/gray_blight_00895.jpg,3. Gray Blight,G01828
3. Gray Blight/gray_blight_00896.jpg,3. Gray Blight,G01829
3. Gray Blight/gray_blight_00897.jpg,3. Gray Blight,G01830
3. Gray Blight/gray_blight_00898.jpg,3. Gray Blight,G01831
3. Gray Blight/gray_blight_00899.jpg,3. Gray Blight,G01832
3. Gray Blight/gray_blight_00900.jpg,3. Gray Blight,G01833
3. Gray Blight/gray_blight_00901.jpg,3. Gray Blight,G01834
3. Gray Blight/gray_blight_00902.jpg,3. Gray Blight,G01835
3. Gray Blight/gray_blight_00903.jpg,3. Gray Blight,G01836
3. Gray Blight/gray_blight_00904.jpg,3. Gray Blight,G01837
3. Gray Blight/gray_blight_00905.jpg,3. Gray Blight,G01838
3. Gray Blight/gray_blight_00906.jpg,3. Gray Blight,G01839
3. Gray Blight/gray_blight_00907.jpg,3. Gray Blight,G01840
3. Gray Blight/gray_blight_00908.jpg,3. Gray Blight,G01841
3. Gray Blight/gray_blight_00909.jpg,3. Gray Blight,G01842
3. Gray Blight/gray_blight_00910.jpg,3. Gray Blight,G01843
3. Gray Blight/gray_blight_00911.jpg,3. Gray Blight,G01844
3. Gray Blight/gray_blight_00912.jpg,3. Gray Blight,G01845
3. Gray Blight/gray_blight_00913.jpg,3. Gray Blight,G01846
3. Gray Blight/gray_blight_00914.jpg,3. Gray Blight,G01847
3. Gray Blight/gray_blight_00915.jpg,3. Gray Blight,G01848
3. Gray Blight/gray_blight_00916.jpg,3. Gray Blight,G01849
3. Gray Blight/gray_blight_00917.jpg,3. Gray Blight,G01850
3. Gray Blight/gray_blight_00918.jpg,3. Gray Blight,G01851
3. Gray Blight/gray_blight_00919.jpg,3. Gray Blight,G01852
3. Gray Blight/gray_blight_00920.jpg,3. Gray Blight,G01853
3. Gray Blight/gray_blight_00921.jpg,3. Gray Blight,G01854
3. Gray Blight/gray_blight_00922.jpg,3. Gray Blight,G01855
3. Gray Blight/gray_blight_00923.jpg,3. Gray Blight,G01856
3. Gray Blight/gray_blight_00924.jpg,3. Gray Blight,G01857
3. Gray Blight/gray_blight_00925.jpg,3. Gray Blight,G01858
3. Gray Blight/gray_blight_00926.jpg,3. Gray Blight,G01859
3. Gray Blight/gray_blight_00927.jpg,3. Gray Blight,G01860
3. Gray Blight/gray_blight_00928.jpg,3. Gray Blight,G01861
3. Gray Blight/gray_blight_00929.jpg,3. Gray Blight,G01862
3. Gray Blight/gray_blight_00930.jpg,3. Gray Blight,G01863
3. Gray Blight/gray_blight_00931.jpg,3. Gray Blight,G01864
3. Gray Blight/gray_blight_00932.jpg,3. Gray Blight,G01865
3. Gray Blight/gray_blight_00933.jpg,3. Gray Blight,G01866
3. Gray Blight/gray_blight_00934.jpg,3. Gray Blight,G01867
3. Gray Blight/gray_blight_00935.jpg,3. Gray Blight,G01868
3. Gray Blight/gray_blight_00936.jpg,3. Gray Blight,G01869
3. Gray Blight/gray_blight_00937.jpg,3. Gray Blight,G01870
3. Gray Blight/gray_blight_00938.jpg,3. Gray Blight,G01871
3. Gray Blight/gray_blight_00939.jpg,3. Gray Blight,G01872
3. Gray Blight/gray_blight_00940.jpg,3. Gray Blight,G01873
3. Gray Blight/gray_blight_00941.jpg,3. Gray Blight,G01874
3. Gray Blight/gray_blight_00942.jpg,3. Gray Blight,G01875
3. Gray Blight/gray_blight_00943.jpg,3. Gray Blight,G01876
3. Gray Blight/gray_blight_00944.jpg,3. Gray Blight,G01877
3. Gray Blight/gray_blight_00945.jpg,3. Gray Blight,G01878
3. Gray Blight/gray_blight_00946.jpg,3. Gray Blight,G01879
3. Gray Blight/gray_blight_00947.jpg,3. Gray Blight,G01880
3. Gray Blight/gray_blight_00948.jpg,3. Gray Blight,G01881
3. Gray Blight/gray_blight_00949.jpg,3. Gray Blight,G01882
3. Gray Blight/gray_blight_00950.jpg,3. Gray Blight,G01883
3. Gray Blight/gray_blight_00951.jpg,3. Gray Blight,G01884
3. Gray Blight/gray_blight_00952.jpg,3. Gray Blight,G01885
3. Gray Blight/gray_blight_00953.jpg,3. Gray Blight,G01886
3. Gray Blight/gray_blight_00954.jpg,3. Gray Blight,G01887
3. Gray Blight/gray_blight_00955.jpg,3. Gray Blight,G01888
3. Gray Blight/gray_blight_00956.jpg,3. Gray Blight,G01889
3. Gray Blight/gray_blight_00957.jpg,3. Gray Blight,G01890
3. Gray Blight/gray_blight_00958.jpg,3. Gray Blight,G01891
3. Gray Blight/gray_blight_00959.jpg,3. Gray Blight,G01892
3. Gray Blight/gray_blight_00960.jpg,3. Gray Blight,G01893
3. Gray Blight/gray_blight_00961.jpg,3. Gray Blight,G01894
3. Gray Blight/gray_blight_00962.jpg,3. Gray Blight,G01895
3. Gray Blight/gray_blight_00963.jpg,3. Gray Blight,G01896
3. Gray Blight/gray_blight_00964.jpg,3. Gray Blight,G01897
3. Gray Blight/gray_blight_00965.jpg,3. Gray Blight,G01898
3. Gray Blight/gray_blight_00966.jpg,3. Gray Blight,G01899
3. Gray Blight/gray_blight_00967.jpg,3. Gray Blight,G01900
3. Gray Blight/gray_blight_00968.jpg,3. Gray Blight,G01901
3. Gray Blight/gray_blight_00969.jpg,3. Gray Blight,G01902
3. Gray Blight/gray_blight_00970.jpg,3. Gray Blight,G01903
3. Gray Blight/gray_blight_00971.jpg,3. Gray Blight,G01904
3. Gray Blight/gray_blight_00972.jpg,3. Gray Blight,G01905
3. Gray Blight/gray_blight_00973.jpg,3. Gray Blight,G01906
3. Gray Blight/gray_blight_00974.jpg,3. Gray Blight,G01907
3. Gray Blight/gray_blight_00975.jpg,3. Gray Blight,G01908
3. Gray Blight/gray_blight_00976.jpg,3. Gray Blight,G01909
3. Gray Blight/gray_blight_00977.jpg,3. Gray Blight,G01910
3. Gray Blight/gray_blight_00978.jpg,3. Gray Blight,G01911
3. Gray Blight/gray_blight_00979.jpg,3. Gray Blight,G01912
3. Gray Blight/gray_blight_00980.jpg,3. Gray Blight,G01913
3. Gray Blight/gray_blight_00981.jpg,3. Gray Blight,G01914
3. Gray Blight/gray_blight_00982.jpg,3. Gray Blight,G01915
3. Gray Blight/gray_blight_00983.jpg,3. Gray Blight,G01916
3. Gray Blight/gray_blight_00984.jpg,3. Gray Blight,G01917
3. Gray Blight/gray_blight_00985.jpg,3. Gray Blight,G01918
3. Gray Blight/gray_blight_00986.jpg,3. Gray Blight,G01919
3. Gray Blight/gray_blight_00987.jpg,3. Gray Blight,G01920
3. Gray Blight/gray_blight_00988.jpg,3. Gray Blight,G01921
3. Gray Blight/gray_blight_00989.jpg,3. Gray Blight,G01922
3. Gray Blight/gray_blight_00990.jpg,3. Gray Blight,G01923
3. Gray Blight/gray_blight_00991.jpg,3. Gray Blight,G01924
3. Gray Blight/gray_blight_00992.jpg,3. Gray Blight,G01925
3. Gray Blight/gray_blight_00993.jpg,3. Gray Blight,G01926
3. Gray Blight/gray_blight_00994.jpg,3. Gray Blight,G01927
3. Gray Blight/gray_blight_00995.jpg,3. Gray Blight,G01928
3. Gray Blight/gray_blight_00996.jpg,3. Gray Blight,G01929
3. Gray Blight/gray_blight_00997.jpg,3. Gray Blight,G01930
3. Gray Blight/gray_blight_00998.jpg,3. Gray Blight,G01931
3. Gray Blight/gray_blight_00999.jpg,3. Gray Blight,G01932
3. Gray Blight/gray_blight_01000.jpg,3. Gray Blight,G01933
3. Gray Blight/gray_blight_01001.jpg,3. Gray Blight,G01934
3. Gray Blight/gray_blight_01002.jpg,3. Gray Blight,G01935
3. Gray Blight/gray_blight_01003.jpg,3. Gray Blight,G01936
3. Gray Blight/gray_blight_01004.jpg,3. Gray Blight,G01937
3. Gray Blight/gray_blight_01005.jpg,3. Gray Blight,G01938
3. Gray Blight/gray_blight_01006.jpg,3. Gray Blight,G01939
3. Gray Blight/gray_blight_01007.jpg,3. Gray Blight,G01940
3. Gray Blight/gray_blight_01008.jpg,3. Gray Blight,G01941
3. Gray Blight/gray_blight_01009.jpg,3. Gray Blight,G01942
3. Gray Blight/gray_blight_01010.jpg,3. Gray Blight,G01943
3. Gray Blight/gray_blight_01011.jpg,3. Gray Blight,G01944
3. Gray Blight/gray_blight_01012.jpg,3. Gray Blight,G01945
3. Gray Blight/gray_blight_01013.jpg,3. Gray Blight,G01946
4. Helopeltis/helopeltis_00001.jpg,4. Helopeltis,G01947
4. Helopeltis/helopeltis_00002.jpg,4. Helopeltis,G01948
4. Helopeltis/helopeltis_00003.jpg,4. Helopeltis,G01949
4. Helopeltis/helopeltis_00004.jpg,4. Helopeltis,G01950
4. Helopeltis/helopeltis_00005.jpg,4. Helopeltis,G01951
4. Helopeltis/helopeltis_00006.jpg,4. Helopeltis,G01952
4. Helopeltis/helopeltis_00007.jpg,4. Helopeltis,G01953
4. Helopeltis/helopeltis_00008.jpg,4. Helopeltis,G01954
4. Helopeltis/helopeltis_00009.jpg,4. Helopeltis,G01955
4. Helopeltis/helopeltis_00010.jpg,4. Helopeltis,G01956
4. Helopeltis/helopeltis_00011.jpg,4. Helopeltis,G01957
4. Helopeltis/helopeltis_00012.jpg,4. Helopeltis,G01958
4. Helopeltis/helopeltis_00013.jpg,4. Helopeltis,G01959
4. Helopeltis/helopeltis_00014.jpg,4. Helopeltis,G01960
4. Helopeltis/helopeltis_00015.jpg,4. Helopeltis,G01961
4. Helopeltis/helopeltis_00016.jpg,4. Helopeltis,G01962
4. Helopeltis/helopeltis_00017.jpg,4. Helopeltis,G01963
4. Helopeltis/helopeltis_00018.jpg,4. Helopeltis,G01964
4. Helopeltis/helopeltis_00019.jpg,4. Helopeltis,G01965
4. Helopeltis/helopeltis_00020.jpg,4. Helopeltis,G01966
4. Helopeltis/helopeltis_00021.jpg,4. Helopeltis,G01967
4. Helopeltis/helopeltis_00022.jpg,4. Helopeltis,G01968
4. Helopeltis/helopeltis_00023.jpg,4. Helopeltis,G01969
4. Helopeltis/helopeltis_00024.jpg,4. Helopeltis,G01970
4. Helopeltis/helopeltis_00025.jpg,4. Helopeltis,G01971
4. Helopeltis/helopeltis_00026.jpg,4. Helopeltis,G01972
4. Helopeltis/helopeltis_00027.jpg,4. Helopeltis,G01973
4. Helopeltis/helopeltis_00028.jpg,4. Helopeltis,G01974
4. Helopeltis/helopeltis_00029.jpg,4. Helopeltis,G01975
4. Helopeltis/helopeltis_00030.jpg,4. Helopeltis,G01976
4. Helopeltis/helopeltis_00031.jpg,4. Helopeltis,G01977
4. Helopeltis/helopeltis_00032.jpg,4. Helopeltis,G01978
4. Helopeltis/helopeltis_00033.jpg,4. Helopeltis,G01979
4. Helopeltis/helopeltis_00034.jpg,4. Helopeltis,G01980
4. Helopeltis/helopeltis_00035.jpg,4. Helopeltis,G01981
4. Helopeltis/helopeltis_00036.jpg,4. Helopeltis,G01982
4. Helopeltis/helopeltis_00037.jpg,4. Helopeltis,G01983
4. Helopeltis/helopeltis_00038.jpg,4. Helopeltis,G01984
4. Helopeltis/helopeltis_00039.jpg,4. Helopeltis,G01985
4. Helopeltis/helopeltis_00040.jpg,4. Helopeltis,G01986
4. Helopeltis/helopeltis_00041.jpg,4. Helopeltis,G01987
4. Helopeltis/helopeltis_00042.jpg,4. Helopeltis,G01988
4. Helopeltis/helopeltis_00043.jpg,4. Helopeltis,G01989
4. Helopeltis/helopeltis_00044.jpg,4. Helopeltis,G01990
4. Helopeltis/helopeltis_00045.jpg,4. Helopeltis,G01991
4. Helopeltis/helopeltis_00046.jpg,4. Helopeltis,G01992
4. Helopeltis/helopeltis_00047.jpg,4. Helopeltis,G01993
4. Helopeltis/helopeltis_00048.jpg,4. Helopeltis,G01994
4. Helopeltis/helopeltis_00049.jpg,4. Helopeltis,G01995
4. Helopeltis/helopeltis_00050.jpg,4. Helopeltis,G01996
4. Helopeltis/helopeltis_00051.jpg,4. Helopeltis,G01997
4. Helopeltis/helopeltis_00052.jpg,4. Helopeltis,G01998
4. Helopeltis/helopeltis_00053.jpg,4. Helopeltis,G01999
4. Helopeltis/helopeltis_00054.jpg,4. Helopeltis,G00018
4. Helopeltis/helopeltis_00055.jpg,4. Helopeltis,G00018
4. Helopeltis/helopeltis_00056.jpg,4. Helopeltis,G02000
4. Helopeltis/helopeltis_00057.jpg,4. Helopeltis,G02001
4. Helopeltis/helopeltis_00058.jpg,4. Helopeltis,G02002
4. Helopeltis/helopeltis_00059.jpg,4. Helopeltis,G02003
4. Helopeltis/helopeltis_00060.jpg,4. Helopeltis,G02004
4. Helopeltis/helopeltis_00061.jpg,4. Helopeltis,G02005
4. Helopeltis/helopeltis_00062.jpg,4. Helopeltis,G02006
4. Helopeltis/helopeltis_00063.jpg,4. Helopeltis,G02007
4. Helopeltis/helopeltis_00064.jpg,4. Helopeltis,G02008
4. Helopeltis/helopeltis_00065.jpg,4. Helopeltis,G02009
4. Helopeltis/helopeltis_00066.jpg,4. Helopeltis,G02010
4. Helopeltis/helopeltis_00067.jpg,4. Helopeltis,G02011
4. Helopeltis/helopeltis_00068.jpg,4. Helopeltis,G02012
4. Helopeltis/helopeltis_00069.jpg,4. Helopeltis,G02013
4. Helopeltis/helopeltis_00070.jpg,4. Helopeltis,G02014
4. Helopeltis/helopeltis_00071.jpg,4. Helopeltis,G02015
4. Helopeltis/helopeltis_00072.jpg,4. Helopeltis,G02016
4. Helopeltis/helopeltis_00073.jpg,4. Helopeltis,G02017
4. Helopeltis/helopeltis_00074.jpg,4. Helopeltis,G02018
4. Helopeltis/helopeltis_00075.jpg,4. Helopeltis,G02019
4. Helopeltis/helopeltis_00076.jpg,4. Helopeltis,G02020
4. Helopeltis/helopeltis_00077.jpg,4. Helopeltis,G02021
4. Helopeltis/helopeltis_00078.jpg,4. Helopeltis,G02022
4. Helopeltis/helopeltis_00079.jpg,4. Helopeltis,G02023
4. Helopeltis/helopeltis_00080.jpg,4. Helopeltis,G02024
4. Helopeltis/helopeltis_00081.jpg,4. Helopeltis,G02025
4. Helopeltis/helopeltis_00082.jpg,4. Helopeltis,G02026
4. Helopeltis/helopeltis_00083.jpg,4. Helopeltis,G02027
4. Helopeltis/helopeltis_00084.jpg,4. Helopeltis,G02028
4. Helopeltis/helopeltis_00085.jpg,4. Helopeltis,G02029
4. Helopeltis/helopeltis_00086.jpg,4. Helopeltis,G02030
4. Helopeltis/helopeltis_00087.jpg,4. Helopeltis,G02031
4. Helopeltis/helopeltis_00088.jpg,4. Helopeltis,G02032
4. Helopeltis/helopeltis_00089.jpg,4. Helopeltis,G02033
4. Helopeltis/helopeltis_00090.jpg,4. Helopeltis,G02034
4. Helopeltis/helopeltis_00091.jpg,4. Helopeltis,G02035
4. Helopeltis/helopeltis_00092.jpg,4. Helopeltis,G02036
4. Helopeltis/helopeltis_00093.jpg,4. Helopeltis,G02037
4. Helopeltis/helopeltis_00094.jpg,4. Helopeltis,G02038
4. Helopeltis/helopeltis_00095.jpg,4. Helopeltis,G02039
4. Helopeltis/helopeltis_00096.jpg,4. Helopeltis,G02040
4. Helopeltis/helopeltis_00097.jpg,4. Helopeltis,G02041
4. Helopeltis/helopeltis_00098.jpg,4. Helopeltis,G02042
4. Helopeltis/helopeltis_00099.jpg,4. Helopeltis,G02043
4. Helopeltis/helopeltis_00100.jpg,4. Helopeltis,G02044
4. Helopeltis/helopeltis_00101.jpg,4. Helopeltis,G02045
4. Helopeltis/helopeltis_00102.jpg,4. Helopeltis,G02046
4. Helopeltis/helopeltis_00103.jpg,4. Helopeltis,G02047
4. Helopeltis/helopeltis_00104.jpg,4. Helopeltis,G02048
4. Helopeltis/helopeltis_00105.jpg,4. Helopeltis,G02049
4. Helopeltis/helopeltis_00106.jpg,4. Helopeltis,G02050
4. Helopeltis/helopeltis_00107.jpg,4. Helopeltis,G02051
4. Helopeltis/helopeltis_00108.jpg,4. Helopeltis,G02052
4. Helopeltis/helopeltis_00109.jpg,4. Helopeltis,G02053
4. Helopeltis/helopeltis_00110.jpg,4. Helopeltis,G02054
4. Helopeltis/helopeltis_00111.jpg,4. Helopeltis,G02055
4. Helopeltis/helopeltis_00112.jpg,4. Helopeltis,G02056
4. Helopeltis/helopeltis_00113.jpg,4. Helopeltis,G02057
4. Helopeltis/helopeltis_00114.jpg,4. Helopeltis,G02058
4. Helopeltis/helopeltis_00115.jpg,4. Helopeltis,G02059
4. Helopeltis/helopeltis_00116.jpg,4. Helopeltis,G02060
4. Helopeltis/helopeltis_00117.jpg,4. Helopeltis,G02061
4. Helopeltis/helopeltis_00118.jpg,4. Helopeltis,G02062
4. Helopeltis/helopeltis_00119.jpg,4. Helopeltis,G02063
4. Helopeltis/helopeltis_00120.jpg,4. Helopeltis,G02064
4. Helopeltis/helopeltis_00121.jpg,4. Helopeltis,G02065
4. Helopeltis/helopeltis_00122.jpg,4. Helopeltis,G02066
4. Helopeltis/helopeltis_00123.jpg,4. Helopeltis,G02067
4. Helopeltis/helopeltis_00124.jpg,4. Helopeltis,G02068
4. Helopeltis/helopeltis_00125.jpg,4. Helopeltis,G02069
4. Helopeltis/helopeltis_00126.jpg,4. Helopeltis,G02070
4. Helopeltis/helopeltis_00127.jpg,4. Helopeltis,G02071
4. Helopeltis/helopeltis_00128.jpg,4. Helopeltis,G02072
4. Helopeltis/helopeltis_00129.jpg,4. Helopeltis,G02073
4. Helopeltis/helopeltis_00130.jpg,4. Helopeltis,G02074
4. Helopeltis/helopeltis_00131.jpg,4. Helopeltis,G02075
4. Helopeltis/helopeltis_00132.jpg,4. Helopeltis,G02076
4. Helopeltis/helopeltis_00133.jpg,4. Helopeltis,G02077
4. Helopeltis/helopeltis_00134.jpg,4. Helopeltis,G02078
4. Helopeltis/helopeltis_00135.jpg,4. Helopeltis,G02079
4. Helopeltis/helopeltis_00136.jpg,4. Helopeltis,G02080
4. Helopeltis/helopeltis_00137.jpg,4. Helopeltis,G02081
4. Helopeltis/helopeltis_00138.jpg,4. Helopeltis,G02082
4. Helopeltis/helopeltis_00139.jpg,4. Helopeltis,G02083
4. Helopeltis/helopeltis_00140.jpg,4. Helopeltis,G02084
4. Helopeltis/helopeltis_00141.jpg,4. Helopeltis,G02085
4. Helopeltis/helopeltis_00142.jpg,4. Helopeltis,G02086
4. Helopeltis/helopeltis_00143.jpg,4. Helopeltis,G00019
4. Helopeltis/helopeltis_00144.jpg,4. Helopeltis,G00019
4. Helopeltis/helopeltis_00145.jpg,4. Helopeltis,G02087
4. Helopeltis/helopeltis_00146.jpg,4. Helopeltis,G02088
4. Helopeltis/helopeltis_00147.jpg,4. Helopeltis,G02089
4. Helopeltis/helopeltis_00148.jpg,4. Helopeltis,G02090
4. Helopeltis/helopeltis_00149.jpg,4. Helopeltis,G02091
4. Helopeltis/helopeltis_00150.jpg,4. Helopeltis,G00020
4. Helopeltis/helopeltis_00151.jpg,4. Helopeltis,G00020
4. Helopeltis/helopeltis_00152.jpg,4. Helopeltis,G02092
4. Helopeltis/helopeltis_00153.jpg,4. Helopeltis,G02093
4. Helopeltis/helopeltis_00154.jpg,4. Helopeltis,G02094
4. Helopeltis/helopeltis_00155.jpg,4. Helopeltis,G02095
4. Helopeltis/helopeltis_00156.jpg,4. Helopeltis,G02096
4. Helopeltis/helopeltis_00157.jpg,4. Helopeltis,G02097
4. Helopeltis/helopeltis_00158.jpg,4. Helopeltis,G02098
4. Helopeltis/helopeltis_00159.jpg,4. Helopeltis,G02099
4. Helopeltis/helopeltis_00160.jpg,4. Helopeltis,G02100
4. Helopeltis/helopeltis_00161.jpg,4. Helopeltis,G02101
4. Helopeltis/helopeltis_00162.jpg,4. Helopeltis,G02102
4. Helopeltis/helopeltis_00163.jpg,4. Helopeltis,G02103
4. Helopeltis/helopeltis_00164.jpg,4. Helopeltis,G02104
4. Helopeltis/helopeltis_00165.jpg,4. Helopeltis,G02105
4. Helopeltis/helopeltis_00166.jpg,4. Helopeltis,G02106
4. Helopeltis/helopeltis_00167.jpg,4. Helopeltis,G02107
4. Helopeltis/helopeltis_00168.jpg,4. Helopeltis,G02108
4. Helopeltis/helopeltis_00169.jpg,4. Helopeltis,G02109
4. Helopeltis/helopeltis_00170.jpg,4. Helopeltis,G02110
4. Helopeltis/helopeltis_00171.jpg,4. Helopeltis,G02111
4. Helopeltis/helopeltis_00172.jpg,4. Helopeltis,G02112
4. Helopeltis/helopeltis_00173.jpg,4. Helopeltis,G02113
4. Helopeltis/helopeltis_00174.jpg,4. Helopeltis,G02114
4. Helopeltis/helopeltis_00175.jpg,4. Helopeltis,G02115
4. Helopeltis/helopeltis_00176.jpg,4. Helopeltis,G02116
4. Helopeltis/helopeltis_00177.jpg,4. Helopeltis,G02117
4. Helopeltis/helopeltis_00178.jpg,4. Helopeltis,G00021
4. Helopeltis/helopeltis_00179.jpg,4. Helopeltis,G00021
4. Helopeltis/helopeltis_00180.jpg,4. Helopeltis,G02118
4. Helopeltis/helopeltis_00181.jpg,4. Helopeltis,G02119
4. Helopeltis/helopeltis_00182.jpg,4. Helopeltis,G02120
4. Helopeltis/helopeltis_00183.jpg,4. Helopeltis,G02121
4. Helopeltis/helopeltis_00184.jpg,4. Helopeltis,G02122
4. Helopeltis/helopeltis_00185.jpg,4. Helopeltis,G02123
4. Helopeltis/helopeltis_00186.jpg,4. Helopeltis,G02124
4. Helopeltis/helopeltis_00187.jpg,4. Helopeltis,G02125
4. Helopeltis/helopeltis_00188.jpg,4. Helopeltis,G02126
4. Helopeltis/helopeltis_00189.jpg,4. Helopeltis,G02127
4. Helopeltis/helopeltis_00190.jpg,4. Helopeltis,G02128
4. Helopeltis/helopeltis_00191.jpg,4. Helopeltis,G02129
4. Helopeltis/helopeltis_00192.jpg,4. Helopeltis,G02130
4. Helopeltis/helopeltis_00193.jpg,4. Helopeltis,G02131
4. Helopeltis/helopeltis_00194.jpg,4. Helopeltis,G02132
4. Helopeltis/helopeltis_00195.jpg,4. Helopeltis,G02133
4. Helopeltis/helopeltis_00196.jpg,4. Helopeltis,G02134
4. Helopeltis/helopeltis_00197.jpg,4. Helopeltis,G02135
4. Helopeltis/helopeltis_00198.jpg,4. Helopeltis,G02136
4. Helopeltis/helopeltis_00199.jpg,4. Helopeltis,G02137
4. Helopeltis/helopeltis_00200.jpg,4. Helopeltis,G02138
4. Helopeltis/helopeltis_00201.jpg,4. Helopeltis,G02139
4. Helopeltis/helopeltis_00202.jpg,4. Helopeltis,G02140
4. Helopeltis/helopeltis_00203.jpg,4. Helopeltis,G02141
4. Helopeltis/helopeltis_00204.jpg,4. Helopeltis,G02142
4. Helopeltis/helopeltis_00205.jpg,4. Helopeltis,G02143
4. Helopeltis/helopeltis_00206.jpg,4. Helopeltis,G02144
4. Helopeltis/helopeltis_00207.jpg,4. Helopeltis,G02145
4. Helopeltis/helopeltis_00208.jpg,4. Helopeltis,G02146
4. Helopeltis/helopeltis_00209.jpg,4. Helopeltis,G02147
4. Helopeltis/helopeltis_00210.jpg,4. Helopeltis,G00022
4. Helopeltis/helopeltis_00211.jpg,4. Helopeltis,G00022
4. Helopeltis/helopeltis_00212.jpg,4. Helopeltis,G02148
4. Helopeltis/helopeltis_00213.jpg,4. Helopeltis,G02149
4. Helopeltis/helopeltis_00214.jpg,4. Helopeltis,G02150
4. Helopeltis/helopeltis_00215.jpg,4. Helopeltis,G02151
4. Helopeltis/helopeltis_00216.jpg,4. Helopeltis,G02152
4. Helopeltis/helopeltis_00217.jpg,4. Helopeltis,G02153
4. Helopeltis/helopeltis_00218.jpg,4. Helopeltis,G02154
4. Helopeltis/helopeltis_00219.jpg,4. Helopeltis,G02155
4. Helopeltis/helopeltis_00220.jpg,4. Helopeltis,G02156
4. Helopeltis/helopeltis_00221.jpg,4. Helopeltis,G02157
4. Helopeltis/helopeltis_00222.jpg,4. Helopeltis,G02158
4. Helopeltis/helopeltis_00223.jpg,4. Helopeltis,G02159
4. Helopeltis/helopeltis_00224.jpg,4. Helopeltis,G02160
4. Helopeltis/helopeltis_00225.jpg,4. Helopeltis,G02161
4. Helopeltis/helopeltis_00226.jpg,4. Helopeltis,G02162
4. Helopeltis/helopeltis_00227.jpg,4. Helopeltis,G02163
4. Helopeltis/helopeltis_00228.jpg,4. Helopeltis,G02164
4. Helopeltis/helopeltis_00229.jpg,4. Helopeltis,G02165
4. Helopeltis/helopeltis_00230.jpg,4. Helopeltis,G02166
4. Helopeltis/helopeltis_00231.jpg,4. Helopeltis,G02167
4. Helopeltis/helopeltis_00232.jpg,4. Helopeltis,G00023
4. Helopeltis/helopeltis_00233.jpg,4. Helopeltis,G00023
4. Helopeltis/helopeltis_00234.jpg,4. Helopeltis,G02168
4. Helopeltis/helopeltis_00235.jpg,4. Helopeltis,G02169
4. Helopeltis/helopeltis_00236.jpg,4. Helopeltis,G02170
4. Helopeltis/helopeltis_00237.jpg,4. Helopeltis,G02171
4. Helopeltis/helopeltis_00238.jpg,4. Helopeltis,G02172
4. Helopeltis/helopeltis_00239.jpg,4. Helopeltis,G02173
4. Helopeltis/helopeltis_00240.jpg,4. Helopeltis,G02174
4. Helopeltis/helopeltis_00241.jpg,4. Helopeltis,G02175
4. Helopeltis/helopeltis_00242.jpg,4. Helopeltis,G02176
4. Helopeltis/helopeltis_00243.jpg,4. Helopeltis,G02177
4. Helopeltis/helopeltis_00244.jpg,4. Helopeltis,G02178
4. Helopeltis/helopeltis_00245.jpg,4. Helopeltis,G02179
4. Helopeltis/helopeltis_00246.jpg,4. Helopeltis,G02180
4. Helopeltis/helopeltis_00247.jpg,4. Helopeltis,G02181
4. Helopeltis/helopeltis_00248.jpg,4. Helopeltis,G02182
4. Helopeltis/helopeltis_00249.jpg,4. Helopeltis,G02183
4. Helopeltis/helopeltis_00250.jpg,4. Helopeltis,G02184
4. Helopeltis/helopeltis_00251.jpg,4. Helopeltis,G02185
4. Helopeltis/helopeltis_00252.jpg,4. Helopeltis,G02186
4. Helopeltis/helopeltis_00253.jpg,4. Helopeltis,G02187
4. Helopeltis/helopeltis_00254.jpg,4. Helopeltis,G02188
4. Helopeltis/helopeltis_00255.jpg,4. Helopeltis,G02189
4. Helopeltis/helopeltis_00256.jpg,4. Helopeltis,G02190
4. Helopeltis/helopeltis_00257.jpg,4. Helopeltis,G02191
4. Helopeltis/helopeltis_00258.jpg,4. Helopeltis,G02192
4. Helopeltis/helopeltis_00259.jpg,4. Helopeltis,G02193
4. Helopeltis/helopeltis_00260.jpg,4. Helopeltis,G02194
4. Helopeltis/helopeltis_00261.jpg,4. Helopeltis,G02195
4. Helopeltis/helopeltis_00262.jpg,4. Helopeltis,G02196
4. Helopeltis/helopeltis_00263.jpg,4. Helopeltis,G00024
4. Helopeltis/helopeltis_00264.jpg,4. Helopeltis,G00024
4. Helopeltis/helopeltis_00265.jpg,4. Helopeltis,G02197
4. Helopeltis/helopeltis_00266.jpg,4. Helopeltis,G02198
4. Helopeltis/helopeltis_00267.jpg,4. Helopeltis,G02199
4. Helopeltis/helopeltis_00268.jpg,4. Helopeltis,G02200
4. Helopeltis/helopeltis_00269.jpg,4. Helopeltis,G02201
4. Helopeltis/helopeltis_00270.jpg,4. Helopeltis,G02202
4. Helopeltis/helopeltis_00271.jpg,4. Helopeltis,G02203
4. Helopeltis/helopeltis_00272.jpg,4. Helopeltis,G02204
4. Helopeltis/helopeltis_00273.jpg,4. Helopeltis,G02205
4. Helopeltis/helopeltis_00274.jpg,4. Helopeltis,G02206
4. Helopeltis/helopeltis_00275.jpg,4. Helopeltis,G02207
4. Helopeltis/helopeltis_00276.jpg,4. Helopeltis,G02208
4. Helopeltis/helopeltis_00277.jpg,4. Helopeltis,G02209
4. Helopeltis/helopeltis_00278.jpg,4. Helopeltis,G02210
4. Helopeltis/helopeltis_00279.jpg,4. Helopeltis,G02211
4. Helopeltis/helopeltis_00280.jpg,4. Helopeltis,G02212
4. Helopeltis/helopeltis_00281.jpg,4. Helopeltis,G02213
4. Helopeltis/helopeltis_00282.jpg,4. Helopeltis,G02214
4. Helopeltis/helopeltis_00283.jpg,4. Helopeltis,G02215
4. Helopeltis/helopeltis_00284.jpg,4. Helopeltis,G02216
4. Helopeltis/helopeltis_00285.jpg,4. Helopeltis,G02217
4. Helopeltis/helopeltis_00286.jpg,4. Helopeltis,G02218
4. Helopeltis/helopeltis_00287.jpg,4. Helopeltis,G02219
4. Helopeltis/helopeltis_00288.jpg,4. Helopeltis,G02220
4. Helopeltis/helopeltis_00289.jpg,4. Helopeltis,G02221
4. Helopeltis/helopeltis_00290.jpg,4. Helopeltis,G00025
4. Helopeltis/helopeltis_00291.jpg,4. Helopeltis,G00025
4. Helopeltis/helopeltis_00292.jpg,4. Helopeltis,G02222
4. Helopeltis/helopeltis_00293.jpg,4. Helopeltis,G02223
4. Helopeltis/helopeltis_00294.jpg,4. Helopeltis,G02224
4. Helopeltis/helopeltis_00295.jpg,4. Helopeltis,G02225
4. Helopeltis/helopeltis_00296.jpg,4. Helopeltis,G02226
4. Helopeltis/helopeltis_00297.jpg,4. Helopeltis,G02227
4. Helopeltis/helopeltis_00298.jpg,4. Helopeltis,G02228
4. Helopeltis/helopeltis_00299.jpg,4. Helopeltis,G02229
4. Helopeltis/helopeltis_00300.jpg,4. Helopeltis,G02230
4. Helopeltis/helopeltis_00301.jpg,4. Helopeltis,G02231
4. Helopeltis/helopeltis_00302.jpg,4. Helopeltis,G02232
4. Helopeltis/helopeltis_00303.jpg,4. Helopeltis,G02233
4. Helopeltis/helopeltis_00304.jpg,4. Helopeltis,G02234
4. Helopeltis/helopeltis_00305.jpg,4. Helopeltis,G02235
4. Helopeltis/helopeltis_00306.jpg,4. Helopeltis,G02236
4. Helopeltis/helopeltis_00307.jpg,4. Helopeltis,G02237
4. Helopeltis/helopeltis_00308.jpg,4. Helopeltis,G02238
4. Helopeltis/helopeltis_00309.jpg,4. Helopeltis,G02239
4. Helopeltis/helopeltis_00310.jpg,4. Helopeltis,G02240
4. Helopeltis/helopeltis_00311.jpg,4. Helopeltis,G02241
4. Helopeltis/helopeltis_00312.jpg,4. Helopeltis,G02242
4. Helopeltis/helopeltis_00313.jpg,4. Helopeltis,G02243
4. Helopeltis/helopeltis_00314.jpg,4. Helopeltis,G02244
4. Helopeltis/helopeltis_00315.jpg,4. Helopeltis,G02245
4. Helopeltis/helopeltis_00316.jpg,4. Helopeltis,G02246
4. Helopeltis/helopeltis_00317.jpg,4. Helopeltis,G02247
4. Helopeltis/helopeltis_00318.jpg,4. Helopeltis,G02248
4. Helopeltis/helopeltis_00319.jpg,4. Helopeltis,G02249
4. Helopeltis/helopeltis_00320.jpg,4. Helopeltis,G02250
4. Helopeltis/helopeltis_00321.jpg,4. Helopeltis,G02251
4. Helopeltis/helopeltis_00322.jpg,4. Helopeltis,G02252
4. Helopeltis/helopeltis_00323.jpg,4. Helopeltis,G02253
4. Helopeltis/helopeltis_00324.jpg,4. Helopeltis,G02254
4. Helopeltis/helopeltis_00325.jpg,4. Helopeltis,G02255
4. Helopeltis/helopeltis_00326.jpg,4. Helopeltis,G02256
4. Helopeltis/helopeltis_00327.jpg,4. Helopeltis,G02257
4. Helopeltis/helopeltis_00328.jpg,4. Helopeltis,G02258
4. Helopeltis/helopeltis_00329.jpg,4. Helopeltis,G02259
4. Helopeltis/helopeltis_00330.jpg,4. Helopeltis,G02260
4. Helopeltis/helopeltis_00331.jpg,4. Helopeltis,G02261
4. Helopeltis/helopeltis_00332.jpg,4. Helopeltis,G02262
4. Helopeltis/helopeltis_00333.jpg,4. Helopeltis,G02263
4. Helopeltis/helopeltis_00334.jpg,4. Helopeltis,G02264
4. Helopeltis/helopeltis_00335.jpg,4. Helopeltis,G02265
4. Helopeltis/helopeltis_00336.jpg,4. Helopeltis,G02266
4. Helopeltis/helopeltis_00337.jpg,4. Helopeltis,G02267
4. Helopeltis/helopeltis_00338.jpg,4. Helopeltis,G02268
4. Helopeltis/helopeltis_00339.jpg,4. Helopeltis,G02269
4. Helopeltis/helopeltis_00340.jpg,4. Helopeltis,G02270
4. Helopeltis/helopeltis_00341.jpg,4. Helopeltis,G02271
4. Helopeltis/helopeltis_00342.jpg,4. Helopeltis,G02272
4. Helopeltis/helopeltis_00343.jpg,4. Helopeltis,G02273
4. Helopeltis/helopeltis_00344.jpg,4. Helopeltis,G02274
4. Helopeltis/helopeltis_00345.jpg,4. Helopeltis,G02275
4. Helopeltis/helopeltis_00346.jpg,4. Helopeltis,G02276
4. Helopeltis/helopeltis_00347.jpg,4. Helopeltis,G02277
4. Helopeltis/helopeltis_00348.jpg,4. Helopeltis,G02278
4. Helopeltis/helopeltis_00349.jpg,4. Helopeltis,G02279
4. Helopeltis/helopeltis_00350.jpg,4. Helopeltis,G02280
4. Helopeltis/helopeltis_00351.jpg,4. Helopeltis,G02281
4. Helopeltis/helopeltis_00352.jpg,4. Helopeltis,G02282
4. Helopeltis/helopeltis_00353.jpg,4. Helopeltis,G02283
4. Helopeltis/helopeltis_00354.jpg,4. Helopeltis,G02284
4. Helopeltis/helopeltis_00355.jpg,4. Helopeltis,G02285
4. Helopeltis/helopeltis_00356.jpg,4. Helopeltis,G02286
4. Helopeltis/helopeltis_00357.jpg,4. Helopeltis,G02287
4. Helopeltis/helopeltis_00358.jpg,4. Helopeltis,G02288
4. Helopeltis/helopeltis_00359.jpg,4. Helopeltis,G02289
4. Helopeltis/helopeltis_00360.jpg,4. Helopeltis,G02290
4. Helopeltis/helopeltis_00361.jpg,4. Helopeltis,G02291
4. Helopeltis/helopeltis_00362.jpg,4. Helopeltis,G02292
4. Helopeltis/helopeltis_00363.jpg,4. Helopeltis,G02293
4. Helopeltis/helopeltis_00364.jpg,4. Helopeltis,G02294
4. Helopeltis/helopeltis_00365.jpg,4. Helopeltis,G02295
4. Helopeltis/helopeltis_00366.jpg,4. Helopeltis,G02296
4. Helopeltis/helopeltis_00367.jpg,4. Helopeltis,G02297
4. Helopeltis/helopeltis_00368.jpg,4. Helopeltis,G02298
4. Helopeltis/helopeltis_00369.jpg,4. Helopeltis,G02299
4. Helopeltis/helopeltis_00370.jpg,4. Helopeltis,G02300
4. Helopeltis/helopeltis_00371.jpg,4. Helopeltis,G02301
4. Helopeltis/helopeltis_00372.jpg,4. Helopeltis,G02302
4. Helopeltis/helopeltis_00373.jpg,4. Helopeltis,G02303
4. Helopeltis/helopeltis_00374.jpg,4. Helopeltis,G02304
4. Helopeltis/helopeltis_00375.jpg,4. Helopeltis,G02305
4. Helopeltis/helopeltis_00376.jpg,4. Helopeltis,G02306
4. Helopeltis/helopeltis_00377.jpg,4. Helopeltis,G02307
4. Helopeltis/helopeltis_00378.jpg,4. Helopeltis,G02308
4. Helopeltis/helopeltis_00379.jpg,4. Helopeltis,G02309
4. Helopeltis/helopeltis_00380.jpg,4. Helopeltis,G02310
4. Helopeltis/helopeltis_00381.jpg,4. Helopeltis,G02311
4. Helopeltis/helopeltis_00382.jpg,4. Helopeltis,G02312
4. Helopeltis/helopeltis_00383.jpg,4. Helopeltis,G02313
4. Helopeltis/helopeltis_00384.jpg,4. Helopeltis,G02314
4. Helopeltis/helopeltis_00385.jpg,4. Helopeltis,G02315
4. Helopeltis/helopeltis_00386.jpg,4. Helopeltis,G02316
4. Helopeltis/helopeltis_00387.jpg,4. Helopeltis,G02317
4. Helopeltis/helopeltis_00388.jpg,4. Helopeltis,G02318
4. Helopeltis/helopeltis_00389.jpg,4. Helopeltis,G02319
4. Helopeltis/helopeltis_00390.jpg,4. Helopeltis,G02320
4. Helopeltis/helopeltis_00391.jpg,4. Helopeltis,G02321
4. Helopeltis/helopeltis_00392.jpg,4. Helopeltis,G02322
4. Helopeltis/helopeltis_00393.jpg,4. Helopeltis,G02323
4. Helopeltis/helopeltis_00394.jpg,4. Helopeltis,G02324
4. Helopeltis/helopeltis_00395.jpg,4. Helopeltis,G02325
4. Helopeltis/helopeltis_00396.jpg,4. Helopeltis,G02326
4. Helopeltis/helopeltis_00397.jpg,4. Helopeltis,G02327
4. Helopeltis/helopeltis_00398.jpg,4. Helopeltis,G02328
4. Helopeltis/helopeltis_00399.jpg,4. Helopeltis,G02329
4. Helopeltis/helopeltis_00400.jpg,4. Helopeltis,G02330
4. Helopeltis/helopeltis_00401.jpg,4. Helopeltis,G02331
4. Helopeltis/helopeltis_00402.jpg,4. Helopeltis,G02332
4. Helopeltis/helopeltis_00403.jpg,4. Helopeltis,G02333
4. Helopeltis/helopeltis_00404.jpg,4. Helopeltis,G02334
4. Helopeltis/helopeltis_00405.jpg,4. Helopeltis,G02335
4. Helopeltis/helopeltis_00406.jpg,4. Helopeltis,G02336
4. Helopeltis/helopeltis_00407.jpg,4. Helopeltis,G02337
4. Helopeltis/helopeltis_00408.jpg,4. Helopeltis,G02338
4. Helopeltis/helopeltis_00409.jpg,4. Helopeltis,G02339
4. Helopeltis/helopeltis_00410.jpg,4. Helopeltis,G02340
4. Helopeltis/helopeltis_00411.jpg,4. Helopeltis,G02341
4. Helopeltis/helopeltis_00412.jpg,4. Helopeltis,G02342
4. Helopeltis/helopeltis_00413.jpg,4. Helopeltis,G02343
4. Helopeltis/helopeltis_00414.jpg,4. Helopeltis,G02344
4. Helopeltis/helopeltis_00415.jpg,4. Helopeltis,G02345
4. Helopeltis/helopeltis_00416.jpg,4. Helopeltis,G02346
4. Helopeltis/helopeltis_00417.jpg,4. Helopeltis,G02347
4. Helopeltis/helopeltis_00418.jpg,4. Helopeltis,G02348
4. Helopeltis/helopeltis_00419.jpg,4. Helopeltis,G02349
4. Helopeltis/helopeltis_00420.jpg,4. Helopeltis,G02350
4. Helopeltis/helopeltis_00421.jpg,4. Helopeltis,G02351
4. Helopeltis/helopeltis_00422.jpg,4. Helopeltis,G02352
4. Helopeltis/helopeltis_00423.jpg,4. Helopeltis,G02353
4. Helopeltis/helopeltis_00424.jpg,4. Helopeltis,G02354
4. Helopeltis/helopeltis_00425.jpg,4. Helopeltis,G02355
4. Helopeltis/helopeltis_00426.jpg,4. Helopeltis,G02356
4. Helopeltis/helopeltis_00427.jpg,4. Helopeltis,G02357
4. Helopeltis/helopeltis_00428.jpg,4. Helopeltis,G02358
4. Helopeltis/helopeltis_00429.jpg,4. Helopeltis,G02359
4. Helopeltis/helopeltis_00430.jpg,4. Helopeltis,G02360
4. Helopeltis/helopeltis_00431.jpg,4. Helopeltis,G02361
4. Helopeltis/helopeltis_00432.jpg,4. Helopeltis,G02362
4. Helopeltis/helopeltis_00433.jpg,4. Helopeltis,G02363
4. Helopeltis/helopeltis_00434.jpg,4. Helopeltis,G02364
4. Helopeltis/helopeltis_00435.jpg,4. Helopeltis,G02365
4. Helopeltis/helopeltis_00436.jpg,4. Helopeltis,G02366
4. Helopeltis/helopeltis_00437.jpg,4. Helopeltis,G02367
4. Helopeltis/helopeltis_00438.jpg,4. Helopeltis,G02368
4. Helopeltis/helopeltis_00439.jpg,4. Helopeltis,G02369
4. Helopeltis/helopeltis_00440.jpg,4. Helopeltis,G02370
4. Helopeltis/helopeltis_00441.jpg,4. Helopeltis,G02371
4. Helopeltis/helopeltis_00442.jpg,4. Helopeltis,G02372
4. Helopeltis/helopeltis_00443.jpg,4. Helopeltis,G02373
4. Helopeltis/helopeltis_00444.jpg,4. Helopeltis,G02374
4. Helopeltis/helopeltis_00445.jpg,4. Helopeltis,G02375
4. Helopeltis/helopeltis_00446.jpg,4. Helopeltis,G02376
4. Helopeltis/helopeltis_00447.jpg,4. Helopeltis,G02377
4. Helopeltis/helopeltis_00448.jpg,4. Helopeltis,G02378
4. Helopeltis/helopeltis_00449.jpg,4. Helopeltis,G02379
4. Helopeltis/helopeltis_00450.jpg,4. Helopeltis,G02380
4. Helopeltis/helopeltis_00451.jpg,4. Helopeltis,G02381
4. Helopeltis/helopeltis_00452.jpg,4. Helopeltis,G02382
4. Helopeltis/helopeltis_00453.jpg,4. Helopeltis,G02383
4. Helopeltis/helopeltis_00454.jpg,4. Helopeltis,G02384
4. Helopeltis/helopeltis_00455.jpg,4. Helopeltis,G02385
4. Helopeltis/helopeltis_00456.jpg,4. Helopeltis,G02386
4. Helopeltis/helopeltis_00457.jpg,4. Helopeltis,G02387
4. Helopeltis/helopeltis_00458.jpg,4. Helopeltis,G00026
4. Helopeltis/helopeltis_00459.jpg,4. Helopeltis,G00026
4. Helopeltis/helopeltis_00460.jpg,4. Helopeltis,G02388
4. Helopeltis/helopeltis_00461.jpg,4. Helopeltis,G02389
4. Helopeltis/helopeltis_00462.jpg,4. Helopeltis,G02390
4. Helopeltis/helopeltis_00463.jpg,4. Helopeltis,G02391
4. Helopeltis/helopeltis_00464.jpg,4. Helopeltis,G02392
4. Helopeltis/helopeltis_00465.jpg,4. Helopeltis,G02393
4. Helopeltis/helopeltis_00466.jpg,4. Helopeltis,G02394
4. Helopeltis/helopeltis_00467.jpg,4. Helopeltis,G02395
4. Helopeltis/helopeltis_00468.jpg,4. Helopeltis,G02396
4. Helopeltis/helopeltis_00469.jpg,4. Helopeltis,G02397
4. Helopeltis/helopeltis_00470.jpg,4. Helopeltis,G02398
4. Helopeltis/helopeltis_00471.jpg,4. Helopeltis,G02399
4. Helopeltis/helopeltis_00472.jpg,4. Helopeltis,G02400
4. Helopeltis/helopeltis_00473.jpg,4. Helopeltis,G02401
4. Helopeltis/helopeltis_00474.jpg,4. Helopeltis,G02402
4. Helopeltis/helopeltis_00475.jpg,4. Helopeltis,G02403
4. Helopeltis/helopeltis_00476.jpg,4. Helopeltis,G02404
4. Helopeltis/helopeltis_00477.jpg,4. Helopeltis,G02405
4. Helopeltis/helopeltis_00478.jpg,4. Helopeltis,G02406
4. Helopeltis/helopeltis_00479.jpg,4. Helopeltis,G02407
4. Helopeltis/helopeltis_00480.jpg,4. Helopeltis,G02408
4. Helopeltis/helopeltis_00481.jpg,4. Helopeltis,G02409
4. Helopeltis/helopeltis_00482.jpg,4. Helopeltis,G02410
4. Helopeltis/helopeltis_00483.jpg,4. Helopeltis,G02411
4. Helopeltis/helopeltis_00484.jpg,4. Helopeltis,G02412
4. Helopeltis/helopeltis_00485.jpg,4. Helopeltis,G02413
4. Helopeltis/helopeltis_00486.jpg,4. Helopeltis,G02414
4. Helopeltis/helopeltis_00487.jpg,4. Helopeltis,G02415
4. Helopeltis/helopeltis_00488.jpg,4. Helopeltis,G02416
4. Helopeltis/helopeltis_00489.jpg,4. Helopeltis,G02417
4. Helopeltis/helopeltis_00490.jpg,4. Helopeltis,G02418
4. Helopeltis/helopeltis_00491.jpg,4. Helopeltis,G02419
4. Helopeltis/helopeltis_00492.jpg,4. Helopeltis,G02420
4. Helopeltis/helopeltis_00493.jpg,4. Helopeltis,G02421
4. Helopeltis/helopeltis_00494.jpg,4. Helopeltis,G02422
4. Helopeltis/helopeltis_00495.jpg,4. Helopeltis,G02423
4. Helopeltis/helopeltis_00496.jpg,4. Helopeltis,G02424
4. Helopeltis/helopeltis_00497.jpg,4. Helopeltis,G02425
4. Helopeltis/helopeltis_00498.jpg,4. Helopeltis,G02426
4. Helopeltis/helopeltis_00499.jpg,4. Helopeltis,G02427
4. Helopeltis/helopeltis_00500.jpg,4. Helopeltis,G02428
4. Helopeltis/helopeltis_00501.jpg,4. Helopeltis,G02429
4. Helopeltis/helopeltis_00502.jpg,4. Helopeltis,G02430
4. Helopeltis/helopeltis_00503.jpg,4. Helopeltis,G02431
4. Helopeltis/helopeltis_00504.jpg,4. Helopeltis,G02432
4. Helopeltis/helopeltis_00505.jpg,4. Helopeltis,G02433
4. Helopeltis/helopeltis_00506.jpg,4. Helopeltis,G02434
4. Helopeltis/helopeltis_00507.jpg,4. Helopeltis,G02435
4. Helopeltis/helopeltis_00508.jpg,4. Helopeltis,G02436
4. Helopeltis/helopeltis_00509.jpg,4. Helopeltis,G02437
4. Helopeltis/helopeltis_00510.jpg,4. Helopeltis,G02438
4. Helopeltis/helopeltis_00511.jpg,4. Helopeltis,G02439
4. Helopeltis/helopeltis_00512.jpg,4. Helopeltis,G02440
4. Helopeltis/helopeltis_00513.jpg,4. Helopeltis,G02441
4. Helopeltis/helopeltis_00514.jpg,4. Helopeltis,G02442
4. Helopeltis/helopeltis_00515.jpg,4. Helopeltis,G02443
4. Helopeltis/helopeltis_00516.jpg,4. Helopeltis,G02444
4. Helopeltis/helopeltis_00517.jpg,4. Helopeltis,G02445
4. Helopeltis/helopeltis_00518.jpg,4. Helopeltis,G02446
4. Helopeltis/helopeltis_00519.jpg,4. Helopeltis,G02447
4. Helopeltis/helopeltis_00520.jpg,4. Helopeltis,G02448
4. Helopeltis/helopeltis_00521.jpg,4. Helopeltis,G02449
4. Helopeltis/helopeltis_00522.jpg,4. Helopeltis,G02450
4. Helopeltis/helopeltis_00523.jpg,4. Helopeltis,G02451
4. Helopeltis/helopeltis_00524.jpg,4. Helopeltis,G02452
4. Helopeltis/helopeltis_00525.jpg,4. Helopeltis,G02453
4. Helopeltis/helopeltis_00526.jpg,4. Helopeltis,G02454
4. Helopeltis/helopeltis_00527.jpg,4. Helopeltis,G02455
4. Helopeltis/helopeltis_00528.jpg,4. Helopeltis,G02456
4. Helopeltis/helopeltis_00529.jpg,4. Helopeltis,G02457
4. Helopeltis/helopeltis_00530.jpg,4. Helopeltis,G02458
4. Helopeltis/helopeltis_00531.jpg,4. Helopeltis,G02459
4. Helopeltis/helopeltis_00532.jpg,4. Helopeltis,G02460
4. Helopeltis/helopeltis_00533.jpg,4. Helopeltis,G02461
4. Helopeltis/helopeltis_00534.jpg,4. Helopeltis,G02462
4. Helopeltis/helopeltis_00535.jpg,4. Helopeltis,G02463
4. Helopeltis/helopeltis_00536.jpg,4. Helopeltis,G02464
4. Helopeltis/helopeltis_00537.jpg,4. Helopeltis,G02465
4. Helopeltis/helopeltis_00538.jpg,4. Helopeltis,G02466
4. Helopeltis/helopeltis_00539.jpg,4. Helopeltis,G02467
4. Helopeltis/helopeltis_00540.jpg,4. Helopeltis,G02468
4. Helopeltis/helopeltis_00541.jpg,4. Helopeltis,G02469
4. Helopeltis/helopeltis_00542.jpg,4. Helopeltis,G02470
4. Helopeltis/helopeltis_00543.jpg,4. Helopeltis,G02471
4. Helopeltis/helopeltis_00544.jpg,4. Helopeltis,G02472
4. Helopeltis/helopeltis_00545.jpg,4. Helopeltis,G02473
4. Helopeltis/helopeltis_00546.jpg,4. Helopeltis,G02474
4. Helopeltis/helopeltis_00547.jpg,4. Helopeltis,G00027
4. Helopeltis/helopeltis_00548.jpg,4. Helopeltis,G00027
4. Helopeltis/helopeltis_00549.jpg,4. Helopeltis,G02475
4. Helopeltis/helopeltis_00550.jpg,4. Helopeltis,G02476
4. Helopeltis/helopeltis_00551.jpg,4. Helopeltis,G02477
4. Helopeltis/helopeltis_00552.jpg,4. Helopeltis,G02478
4. Helopeltis/helopeltis_00553.jpg,4. Helopeltis,G02479
4. Helopeltis/helopeltis_00554.jpg,4. Helopeltis,G02480
4. Helopeltis/helopeltis_00555.jpg,4. Helopeltis,G02481
4. Helopeltis/helopeltis_00556.jpg,4. Helopeltis,G02482
4. Helopeltis/helopeltis_00557.jpg,4. Helopeltis,G02483
4. Helopeltis/helopeltis_00558.jpg,4. Helopeltis,G02484
4. Helopeltis/helopeltis_00559.jpg,4. Helopeltis,G02485
4. Helopeltis/helopeltis_00560.jpg,4. Helopeltis,G02486
4. Helopeltis/helopeltis_00561.jpg,4. Helopeltis,G02487
4. Helopeltis/helopeltis_00562.jpg,4. Helopeltis,G02488
4. Helopeltis/helopeltis_00563.jpg,4. Helopeltis,G02489
4. Helopeltis/helopeltis_00564.jpg,4. Helopeltis,G02490
4. Helopeltis/helopeltis_00565.jpg,4. Helopeltis,G02491
4. Helopeltis/helopeltis_00566.jpg,4. Helopeltis,G02492
4. Helopeltis/helopeltis_00567.jpg,4. Helopeltis,G02493
4. Helopeltis/helopeltis_00568.jpg,4. Helopeltis,G02494
4. Helopeltis/helopeltis_00569.jpg,4. Helopeltis,G02495
4. Helopeltis/helopeltis_00570.jpg,4. Helopeltis,G02496
4. Helopeltis/helopeltis_00571.jpg,4. Helopeltis,G02497
4. Helopeltis/helopeltis_00572.jpg,4. Helopeltis,G02498
4. Helopeltis/helopeltis_00573.jpg,4. Helopeltis,G02499
4. Helopeltis/helopeltis_00574.jpg,4. Helopeltis,G02500
4. Helopeltis/helopeltis_00575.jpg,4. Helopeltis,G02501
4. Helopeltis/helopeltis_00576.jpg,4. Helopeltis,G02502
4. Helopeltis/helopeltis_00577.jpg,4. Helopeltis,G02503
4. Helopeltis/helopeltis_00578.jpg,4. Helopeltis,G02504
4. Helopeltis/helopeltis_00579.jpg,4. Helopeltis,G02505
4. Helopeltis/helopeltis_00580.jpg,4. Helopeltis,G02506
4. Helopeltis/helopeltis_00581.jpg,4. Helopeltis,G02507
4. Helopeltis/helopeltis_00582.jpg,4. Helopeltis,G02508
4. Helopeltis/helopeltis_00583.jpg,4. Helopeltis,G02509
4. Helopeltis/helopeltis_00584.jpg,4. Helopeltis,G02510
4. Helopeltis/helopeltis_00585.jpg,4. Helopeltis,G02511
4. Helopeltis/helopeltis_00586.jpg,4. Helopeltis,G02512
4. Helopeltis/helopeltis_00587.jpg,4. Helopeltis,G02513
4. Helopeltis/helopeltis_00588.jpg,4. Helopeltis,G02514
4. Helopeltis/helopeltis_00589.jpg,4. Helopeltis,G02515
4. Helopeltis/helopeltis_00590.jpg,4. Helopeltis,G02516
4. Helopeltis/helopeltis_00591.jpg,4. Helopeltis,G02517
4. Helopeltis/helopeltis_00592.jpg,4. Helopeltis,G02518
4. Helopeltis/helopeltis_00593.jpg,4. Helopeltis,G02519
4. Helopeltis/helopeltis_00594.jpg,4. Helopeltis,G02520
4. Helopeltis/helopeltis_00595.jpg,4. Helopeltis,G02521
4. Helopeltis/helopeltis_00596.jpg,4. Helopeltis,G02522
4. Helopeltis/helopeltis_00597.jpg,4. Helopeltis,G02523
4. Helopeltis/helopeltis_00598.jpg,4. Helopeltis,G02524
4. Helopeltis/helopeltis_00599.jpg,4. Helopeltis,G02525
4. Helopeltis/helopeltis_00600.jpg,4. Helopeltis,G02526
4. Helopeltis/helopeltis_00601.jpg,4. Helopeltis,G02527
4. Helopeltis/helopeltis_00602.jpg,4. Helopeltis,G02528
4. Helopeltis/helopeltis_00603.jpg,4. Helopeltis,G02529
4. Helopeltis/helopeltis_00604.jpg,4. Helopeltis,G02530
4. Helopeltis/helopeltis_00605.jpg,4. Helopeltis,G02531
4. Helopeltis/helopeltis_00606.jpg,4. Helopeltis,G02532
4. Helopeltis/helopeltis_00607.jpg,4. Helopeltis,G02533
5. Red spider/red_spider_00001.jpg,5. Red spider,G02534
5. Red spider/red_spider_00002.jpg,5. Red spider,G02535
5. Red spider/red_spider_00003.jpg,5. Red spider,G02536
5. Red spider/red_spider_00004.jpg,5. Red spider,G02537
5. Red spider/red_spider_00005.jpg,5. Red spider,G02538
5. Red spider/red_spider_00006.jpg,5. Red spider,G02539
5. Red spider/red_spider_00007.jpg,5. Red spider,G02540
5. Red spider/red_spider_00008.jpg,5. Red spider,G02541
5. Red spider/red_spider_00009.jpg,5. Red spider,G02542
5. Red spider/red_spider_00010.jpg,5. Red spider,G02543
5. Red spider/red_spider_00011.jpg,5. Red spider,G02544
5. Red spider/red_spider_00012.jpg,5. Red spider,G02545
5. Red spider/red_spider_00013.jpg,5. Red spider,G02546
5. Red spider/red_spider_00014.jpg,5. Red spider,G02547
5. Red spider/red_spider_00015.jpg,5. Red spider,G02548
5. Red spider/red_spider_00016.jpg,5. Red spider,G02549
5. Red spider/red_spider_00017.jpg,5. Red spider,G02550
5. Red spider/red_spider_00018.jpg,5. Red spider,G02551
5. Red spider/red_spider_00019.jpg,5. Red spider,G02552
5. Red spider/red_spider_00020.jpg,5. Red spider,G02553
5. Red spider/red_spider_00021.jpg,5. Red spider,G02554
5. Red spider/red_spider_00022.jpg,5. Red spider,G02555
5. Red spider/red_spider_00023.jpg,5. Red spider,G02556
5. Red spider/red_spider_00024.jpg,5. Red spider,G02557
5. Red spider/red_spider_00025.jpg,5. Red spider,G02558
5. Red spider/red_spider_00026.jpg,5. Red spider,G02559
5. Red spider/red_spider_00027.jpg,5. Red spider,G02560
5. Red spider/red_spider_00028.jpg,5. Red spider,G02561
5. Red spider/red_spider_00029.jpg,5. Red spider,G02562
5. Red spider/red_spider_00030.jpg,5. Red spider,G02563
5. Red spider/red_spider_00031.jpg,5. Red spider,G02564
5. Red spider/red_spider_00032.jpg,5. Red spider,G02565
5. Red spider/red_spider_00033.jpg,5. Red spider,G02566
5. Red spider/red_spider_00034.jpg,5. Red spider,G02567
5. Red spider/red_spider_00035.jpg,5. Red spider,G02568
5. Red spider/red_spider_00036.jpg,5. Red spider,G02569
5. Red spider/red_spider_00037.jpg,5. Red spider,G02570
5. Red spider/red_spider_00038.jpg,5. Red spider,G02571
5. Red spider/red_spider_00039.jpg,5. Red spider,G02572
5. Red spider/red_spider_00040.jpg,5. Red spider,G02573
5. Red spider/red_spider_00041.jpg,5. Red spider,G02574
5. Red spider/red_spider_00042.jpg,5. Red spider,G02575
5. Red spider/red_spider_00043.jpg,5. Red spider,G02576
5. Red spider/red_spider_00044.jpg,5. Red spider,G02577
5. Red spider/red_spider_00045.jpg,5. Red spider,G02578
5. Red spider/red_spider_00046.jpg,5. Red spider,G02579
5. Red spider/red_spider_00047.jpg,5. Red spider,G02580
5. Red spider/red_spider_00048.jpg,5. Red spider,G02581
5. Red spider/red_spider_00049.jpg,5. Red spider,G02582
5. Red spider/red_spider_00050.jpg,5. Red spider,G02583
5. Red spider/red_spider_00051.jpg,5. Red spider,G02584
5. Red spider/red_spider_00052.jpg,5. Red spider,G02585
5. Red spider/red_spider_00053.jpg,5. Red spider,G02586
5. Red spider/red_spider_00054.jpg,5. Red spider,G02587
5. Red spider/red_spider_00055.jpg,5. Red spider,G02588
5. Red spider/red_spider_00056.jpg,5. Red spider,G02589
5. Red spider/red_spider_00057.jpg,5. Red spider,G02590
5. Red spider/red_spider_00058.jpg,5. Red spider,G02591
5. Red spider/red_spider_00059.jpg,5. Red spider,G02592
5. Red spider/red_spider_00060.jpg,5. Red spider,G02593
5. Red spider/red_spider_00061.jpg,5. Red spider,G02594
5. Red spider/red_spider_00062.jpg,5. Red spider,G02595
5. Red spider/red_spider_00063.jpg,5. Red spider,G02596
5. Red spider/red_spider_00064.jpg,5. Red spider,G02597
5. Red spider/red_spider_00065.jpg,5. Red spider,G02598
5. Red spider/red_spider_00066.jpg,5. Red spider,G02599
5. Red spider/red_spider_00067.jpg,5. Red spider,G02600
5. Red spider/red_spider_00068.jpg,5. Red spider,G02601
5. Red spider/red_spider_00069.jpg,5. Red spider,G02602
5. Red spider/red_spider_00070.jpg,5. Red spider,G02603
5. Red spider/red_spider_00071.jpg,5. Red spider,G02604
5. Red spider/red_spider_00072.jpg,5. Red spider,G02605
5. Red spider/red_spider_00073.jpg,5. Red spider,G02606
5. Red spider/red_spider_00074.jpg,5. Red spider,G02607
5. Red spider/red_spider_00075.jpg,5. Red spider,G02608
5. Red spider/red_spider_00076.jpg,5. Red spider,G00028
5. Red spider/red_spider_00077.jpg,5. Red spider,G00028
5. Red spider/red_spider_00078.jpg,5. Red spider,G02609
5. Red spider/red_spider_00079.jpg,5. Red spider,G02610
5. Red spider/red_spider_00080.jpg,5. Red spider,G02611
5. Red spider/red_spider_00081.jpg,5. Red spider,G02612
5. Red spider/red_spider_00082.jpg,5. Red spider,G02613
5. Red spider/red_spider_00083.jpg,5. Red spider,G02614
5. Red spider/red_spider_00084.jpg,5. Red spider,G02615
5. Red spider/red_spider_00085.jpg,5. Red spider,G02616
5. Red spider/red_spider_00086.jpg,5. Red spider,G02617
5. Red spider/red_spider_00087.jpg,5. Red spider,G02618
5. Red spider/red_spider_00088.jpg,5. Red spider,G02619
5. Red spider/red_spider_00089.jpg,5. Red spider,G02620
5. Red spider/red_spider_00090.jpg,5. Red spider,G02621
5. Red spider/red_spider_00091.jpg,5. Red spider,G02622
5. Red spider/red_spider_00092.jpg,5. Red spider,G02623
5. Red spider/red_spider_00093.jpg,5. Red spider,G02624
5. Red spider/red_spider_00094.jpg,5. Red spider,G02625
5. Red spider/red_spider_00095.jpg,5. Red spider,G02626
5. Red spider/red_spider_00096.jpg,5. Red spider,G02627
5. Red spider/red_spider_00097.jpg,5. Red spider,G02628
5. Red spider/red_spider_00098.jpg,5. Red spider,G02629
5. Red spider/red_spider_00099.jpg,5. Red spider,G02630
5. Red spider/red_spider_00100.jpg,5. Red spider,G02631
5. Red spider/red_spider_00101.jpg,5. Red spider,G00029
5. Red spider/red_spider_00102.jpg,5. Red spider,G00029
5. Red spider/red_spider_00103.jpg,5. Red spider,G02632
5. Red spider/red_spider_00104.jpg,5. Red spider,G02633
5. Red spider/red_spider_00105.jpg,5. Red spider,G02634
5. Red spider/red_spider_00106.jpg,5. Red spider,G02635
5. Red spider/red_spider_00107.jpg,5. Red spider,G02636
5. Red spider/red_spider_00108.jpg,5. Red spider,G02637
5. Red spider/red_spider_00109.jpg,5. Red spider,G02638
5. Red spider/red_spider_00110.jpg,5. Red spider,G02639
5. Red spider/red_spider_00111.jpg,5. Red spider,G02640
5. Red spider/red_spider_00112.jpg,5. Red spider,G02641
5. Red spider/red_spider_00113.jpg,5. Red spider,G02642
5. Red spider/red_spider_00114.jpg,5. Red spider,G02643
5. Red spider/red_spider_00115.jpg,5. Red spider,G02644
5. Red spider/red_spider_00116.jpg,5. Red spider,G02645
5. Red spider/red_spider_00117.jpg,5. Red spider,G02646
5. Red spider/red_spider_00118.jpg,5. Red spider,G02647
5. Red spider/red_spider_00119.jpg,5. Red spider,G02648
5. Red spider/red_spider_00120.jpg,5. Red spider,G02649
5. Red spider/red_spider_00121.jpg,5. Red spider,G02650
5. Red spider/red_spider_00122.jpg,5. Red spider,G02651
5. Red spider/red_spider_00123.jpg,5. Red spider,G02652
5. Red spider/red_spider_00124.jpg,5. Red spider,G02653
5. Red spider/red_spider_00125.jpg,5. Red spider,G02654
5. Red spider/red_spider_00126.jpg,5. Red spider,G02655
5. Red spider/red_spider_00127.jpg,5. Red spider,G02656
5. Red spider/red_spider_00128.jpg,5. Red spider,G02657
5. Red spider/red_spider_00129.jpg,5. Red spider,G00030
5. Red spider/red_spider_00130.jpg,5. Red spider,G00030
5. Red spider/red_spider_00131.jpg,5. Red spider,G02658
5. Red spider/red_spider_00132.jpg,5. Red spider,G02659
5. Red spider/red_spider_00133.jpg,5. Red spider,G02660
5. Red spider/red_spider_00134.jpg,5. Red spider,G02661
5. Red spider/red_spider_00135.jpg,5. Red spider,G02662
5. Red spider/red_spider_00136.jpg,5. Red spider,G02663
5. Red spider/red_spider_00137.jpg,5. Red spider,G02664
5. Red spider/red_spider_00138.jpg,5. Red spider,G02665
5. Red spider/red_spider_00139.jpg,5. Red spider,G02666
5. Red spider/red_spider_00140.jpg,5. Red spider,G02667
5. Red spider/red_spider_00141.jpg,5. Red spider,G02668
5. Red spider/red_spider_00142.jpg,5. Red spider,G02669
5. Red spider/red_spider_00143.jpg,5. Red spider,G02670
5. Red spider/red_spider_00144.jpg,5. Red spider,G02671
5. Red spider/red_spider_00145.jpg,5. Red spider,G02672
5. Red spider/red_spider_00146.jpg,5. Red spider,G02673
5. Red spider/red_spider_00147.jpg,5. Red spider,G02674
5. Red spider/red_spider_00148.jpg,5. Red spider,G02675
5. Red spider/red_spider_00149.jpg,5. Red spider,G02676
5. Red spider/red_spider_00150.jpg,5. Red spider,G02677
5. Red spider/red_spider_00151.jpg,5. Red spider,G02678
5. Red spider/red_spider_00152.jpg,5. Red spider,G02679
5. Red spider/red_spider_00153.jpg,5. Red spider,G02680
5. Red spider/red_spider_00154.jpg,5. Red spider,G02681
5. Red spider/red_spider_00155.jpg,5. Red spider,G02682
5. Red spider/red_spider_00156.jpg,5. Red spider,G02683
5. Red spider/red_spider_00157.jpg,5. Red spider,G02684
5. Red spider/red_spider_00158.jpg,5. Red spider,G02685
5. Red spider/red_spider_00159.jpg,5. Red spider,G02686
5. Red spider/red_spider_00160.jpg,5. Red spider,G02687
5. Red spider/red_spider_00161.jpg,5. Red spider,G02688
5. Red spider/red_spider_00162.jpg,5. Red spider,G02689
5. Red spider/red_spider_00163.jpg,5. Red spider,G02690
5. Red spider/red_spider_00164.jpg,5. Red spider,G02691
5. Red spider/red_spider_00165.jpg,5. Red spider,G02692
5. Red spider/red_spider_00166.jpg,5. Red spider,G02693
5. Red spider/red_spider_00167.jpg,5. Red spider,G02694
5. Red spider/red_spider_00168.jpg,5. Red spider,G02695
5. Red spider/red_spider_00169.jpg,5. Red spider,G02696
5. Red spider/red_spider_00170.jpg,5. Red spider,G02697
5. Red spider/red_spider_00171.jpg,5. Red spider,G02698
5. Red spider/red_spider_00172.jpg,5. Red spider,G02699
5. Red spider/red_spider_00173.jpg,5. Red spider,G02700
5. Red spider/red_spider_00174.jpg,5. Red spider,G02701
5. Red spider/red_spider_00175.jpg,5. Red spider,G02702
5. Red spider/red_spider_00176.jpg,5. Red spider,G02703
5. Red spider/red_spider_00177.jpg,5. Red spider,G02704
5. Red spider/red_spider_00178.jpg,5. Red spider,G02705
5. Red spider/red_spider_00179.jpg,5. Red spider,G02706
5. Red spider/red_spider_00180.jpg,5. Red spider,G02707
5. Red spider/red_spider_00181.jpg,5. Red spider,G02708
5. Red spider/red_spider_00182.jpg,5. Red spider,G02709
5. Red spider/red_spider_00183.jpg,5. Red spider,G02710
5. Red spider/red_spider_00184.jpg,5. Red spider,G02711
5. Red spider/red_spider_00185.jpg,5. Red spider,G02712
5. Red spider/red_spider_00186.jpg,5. Red spider,G02713
5. Red spider/red_spider_00187.jpg,5. Red spider,G02714
5. Red spider/red_spider_00188.jpg,5. Red spider,G02715
5. Red spider/red_spider_00189.jpg,5. Red spider,G02716
5. Red spider/red_spider_00190.jpg,5. Red spider,G02717
5. Red spider/red_spider_00191.jpg,5. Red spider,G02718
5. Red spider/red_spider_00192.jpg,5. Red spider,G02719
5. Red spider/red_spider_00193.jpg,5. Red spider,G02720
5. Red spider/red_spider_00194.jpg,5. Red spider,G02721
5. Red spider/red_spider_00195.jpg,5. Red spider,G02722
5. Red spider/red_spider_00196.jpg,5. Red spider,G02723
5. Red spider/red_spider_00197.jpg,5. Red spider,G02724
5. Red spider/red_spider_00198.jpg,5. Red spider,G02725
5. Red spider/red_spider_00199.jpg,5. Red spider,G02726
5. Red spider/red_spider_00200.jpg,5. Red spider,G02727
5. Red spider/red_spider_00201.jpg,5. Red spider,G02728
5. Red spider/red_spider_00202.jpg,5. Red spider,G02729
5. Red spider/red_spider_00203.jpg,5. Red spider,G02730
5. Red spider/red_spider_00204.jpg,5. Red spider,G02731
5. Red spider/red_spider_00205.jpg,5. Red spider,G02732
5. Red spider/red_spider_00206.jpg,5. Red spider,G02733
5. Red spider/red_spider_00207.jpg,5. Red spider,G02734
5. Red spider/red_spider_00208.jpg,5. Red spider,G02735
5. Red spider/red_spider_00209.jpg,5. Red spider,G02736
5. Red spider/red_spider_00210.jpg,5. Red spider,G02737
5. Red spider/red_spider_00211.jpg,5. Red spider,G02738
5. Red spider/red_spider_00212.jpg,5. Red spider,G02739
5. Red spider/red_spider_00213.jpg,5. Red spider,G02740
5. Red spider/red_spider_00214.jpg,5. Red spider,G02741
5. Red spider/red_spider_00215.jpg,5. Red spider,G02742
5. Red spider/red_spider_00216.jpg,5. Red spider,G02743
5. Red spider/red_spider_00217.jpg,5. Red spider,G02744
5. Red spider/red_spider_00218.jpg,5. Red spider,G02745
5. Red spider/red_spider_00219.jpg,5. Red spider,G02746
5. Red spider/red_spider_00220.jpg,5. Red spider,G02747
5. Red spider/red_spider_00221.jpg,5. Red spider,G02748
5. Red spider/red_spider_00222.jpg,5. Red spider,G02749
5. Red spider/red_spider_00223.jpg,5. Red spider,G02750
5. Red spider/red_spider_00224.jpg,5. Red spider,G02751
5. Red spider/red_spider_00225.jpg,5. Red spider,G02752
5. Red spider/red_spider_00226.jpg,5. Red spider,G00031
5. Red spider/red_spider_00227.jpg,5. Red spider,G00031
5. Red spider/red_spider_00228.jpg,5. Red spider,G02753
5. Red spider/red_spider_00229.jpg,5. Red spider,G02754
5. Red spider/red_spider_00230.jpg,5. Red spider,G02755
5. Red spider/red_spider_00231.jpg,5. Red spider,G02756
5. Red spider/red_spider_00232.jpg,5. Red spider,G02757
5. Red spider/red_spider_00233.jpg,5. Red spider,G02758
5. Red spider/red_spider_00234.jpg,5. Red spider,G02759
5. Red spider/red_spider_00235.jpg,5. Red spider,G02760
5. Red spider/red_spider_00236.jpg,5. Red spider,G02761
5. Red spider/red_spider_00237.jpg,5. Red spider,G02762
5. Red spider/red_spider_00238.jpg,5. Red spider,G02763
5. Red spider/red_spider_00239.jpg,5. Red spider,G02764
5. Red spider/red_spider_00240.jpg,5. Red spider,G02765
5. Red spider/red_spider_00241.jpg,5. Red spider,G02766
5. Red spider/red_spider_00242.jpg,5. Red spider,G02767
5. Red spider/red_spider_00243.jpg,5. Red spider,G02768
5. Red spider/red_spider_00244.jpg,5. Red spider,G02769
5. Red spider/red_spider_00245.jpg,5. Red spider,G02770
5. Red spider/red_spider_00246.jpg,5. Red spider,G02771
5. Red spider/red_spider_00247.jpg,5. Red spider,G02772
5. Red spider/red_spider_00248.jpg,5. Red spider,G02773
5. Red spider/red_spider_00249.jpg,5. Red spider,G02774
5. Red spider/red_spider_00250.jpg,5. Red spider,G02775
5. Red spider/red_spider_00251.jpg,5. Red spider,G02776
5. Red spider/red_spider_00252.jpg,5. Red spider,G02777
5. Red spider/red_spider_00253.jpg,5. Red spider,G02778
5. Red spider/red_spider_00254.jpg,5. Red spider,G02779
5. Red spider/red_spider_00255.jpg,5. Red spider,G02780
5. Red spider/red_spider_00256.jpg,5. Red spider,G02781
5. Red spider/red_spider_00257.jpg,5. Red spider,G02782
5. Red spider/red_spider_00258.jpg,5. Red spider,G02783
5. Red spider/red_spider_00259.jpg,5. Red spider,G02784
5. Red spider/red_spider_00260.jpg,5. Red spider,G02785
5. Red spider/red_spider_00261.jpg,5. Red spider,G02786
5. Red spider/red_spider_00262.jpg,5. Red spider,G02787
5. Red spider/red_spider_00263.jpg,5. Red spider,G02788
5. Red spider/red_spider_00264.jpg,5. Red spider,G02789
5. Red spider/red_spider_00265.jpg,5. Red spider,G02790
5. Red spider/red_spider_00266.jpg,5. Red spider,G02791
5. Red spider/red_spider_00267.jpg,5. Red spider,G02792
5. Red spider/red_spider_00268.jpg,5. Red spider,G02793
5. Red spider/red_spider_00269.jpg,5. Red spider,G02794
5. Red spider/red_spider_00270.jpg,5. Red spider,G02795
5. Red spider/red_spider_00271.jpg,5. Red spider,G02796
5. Red spider/red_spider_00272.jpg,5. Red spider,G02797
5. Red spider/red_spider_00273.jpg,5. Red spider,G02798
5. Red spider/red_spider_00274.jpg,5. Red spider,G02799
5. Red spider/red_spider_00275.jpg,5. Red spider,G02800
5. Red spider/red_spider_00276.jpg,5. Red spider,G02801
5. Red spider/red_spider_00277.jpg,5. Red spider,G02802
5. Red spider/red_spider_00278.jpg,5. Red spider,G02803
5. Red spider/red_spider_00279.jpg,5. Red spider,G02804
5. Red spider/red_spider_00280.jpg,5. Red spider,G02805
5. Red spider/red_spider_00281.jpg,5. Red spider,G02806
5. Red spider/red_spider_00282.jpg,5. Red spider,G02807
5. Red spider/red_spider_00283.jpg,5. Red spider,G02808
5. Red spider/red_spider_00284.jpg,5. Red spider,G02809
5. Red spider/red_spider_00285.jpg,5. Red spider,G02810
5. Red spider/red_spider_00286.jpg,5. Red spider,G02811
5. Red spider/red_spider_00287.jpg,5. Red spider,G02812
5. Red spider/red_spider_00288.jpg,5. Red spider,G02813
5. Red spider/red_spider_00289.jpg,5. Red spider,G02814
5. Red spider/red_spider_00290.jpg,5. Red spider,G02815
5. Red spider/red_spider_00291.jpg,5. Red spider,G02816
5. Red spider/red_spider_00292.jpg,5. Red spider,G02817
5. Red spider/red_spider_00293.jpg,5. Red spider,G02818
5. Red spider/red_spider_00294.jpg,5. Red spider,G02819
5. Red spider/red_spider_00295.jpg,5. Red spider,G02820
5. Red spider/red_spider_00296.jpg,5. Red spider,G02821
5. Red spider/red_spider_00297.jpg,5. Red spider,G02822
5. Red spider/red_spider_00298.jpg,5. Red spider,G02823
5. Red spider/red_spider_00299.jpg,5. Red spider,G02824
5. Red spider/red_spider_00300.jpg,5. Red spider,G02825
5. Red spider/red_spider_00301.jpg,5. Red spider,G02826
5. Red spider/red_spider_00302.jpg,5. Red spider,G02827
5. Red spider/red_spider_00303.jpg,5. Red spider,G02828
5. Red spider/red_spider_00304.jpg,5. Red spider,G02829
5. Red spider/red_spider_00305.jpg,5. Red spider,G02830
5. Red spider/red_spider_00306.jpg,5. Red spider,G02831
5. Red spider/red_spider_00307.jpg,5. Red spider,G02832
5. Red spider/red_spider_00308.jpg,5. Red spider,G02833
5. Red spider/red_spider_00309.jpg,5. Red spider,G02834
5. Red spider/red_spider_00310.jpg,5. Red spider,G02835
5. Red spider/red_spider_00311.jpg,5. Red spider,G02836
5. Red spider/red_spider_00312.jpg,5. Red spider,G02837
5. Red spider/red_spider_00313.jpg,5. Red spider,G02838
5. Red spider/red_spider_00314.jpg,5. Red spider,G02839
5. Red spider/red_spider_00315.jpg,5. Red spider,G02840
5. Red spider/red_spider_00316.jpg,5. Red spider,G02841
5. Red spider/red_spider_00317.jpg,5. Red spider,G02842
5. Red spider/red_spider_00318.jpg,5. Red spider,G02843
5. Red spider/red_spider_00319.jpg,5. Red spider,G02844
5. Red spider/red_spider_00320.jpg,5. Red spider,G02845
5. Red spider/red_spider_00321.jpg,5. Red spider,G02846
5. Red spider/red_spider_00322.jpg,5. Red spider,G02847
5. Red spider/red_spider_00323.jpg,5. Red spider,G02848
5. Red spider/red_spider_00324.jpg,5. Red spider,G02849
5. Red spider/red_spider_00325.jpg,5. Red spider,G02850
5. Red spider/red_spider_00326.jpg,5. Red spider,G02851
5. Red spider/red_spider_00327.jpg,5. Red spider,G02852
5. Red spider/red_spider_00328.jpg,5. Red spider,G02853
5. Red spider/red_spider_00329.jpg,5. Red spider,G02854
5. Red spider/red_spider_00330.jpg,5. Red spider,G02855
5. Red spider/red_spider_00331.jpg,5. Red spider,G02856
5. Red spider/red_spider_00332.jpg,5. Red spider,G02857
5. Red spider/red_spider_00333.jpg,5. Red spider,G02858
5. Red spider/red_spider_00334.jpg,5. Red spider,G02859
5. Red spider/red_spider_00335.jpg,5. Red spider,G02860
5. Red spider/red_spider_00336.jpg,5. Red spider,G02861
5. Red spider/red_spider_00337.jpg,5. Red spider,G02862
5. Red spider/red_spider_00338.jpg,5. Red spider,G02863
5. Red spider/red_spider_00339.jpg,5. Red spider,G02864
5. Red spider/red_spider_00340.jpg,5. Red spider,G02865
5. Red spider/red_spider_00341.jpg,5. Red spider,G02866
5. Red spider/red_spider_00342.jpg,5. Red spider,G02867
5. Red spider/red_spider_00343.jpg,5. Red spider,G02868
5. Red spider/red_spider_00344.jpg,5. Red spider,G02869
5. Red spider/red_spider_00345.jpg,5. Red spider,G02870
5. Red spider/red_spider_00346.jpg,5. Red spider,G02871
5. Red spider/red_spider_00347.jpg,5. Red spider,G02872
5. Red spider/red_spider_00348.jpg,5. Red spider,G02873
5. Red spider/red_spider_00349.jpg,5. Red spider,G02874
5. Red spider/red_spider_00350.jpg,5. Red spider,G02875
5. Red spider/red_spider_00351.jpg,5. Red spider,G02876
5. Red spider/red_spider_00352.jpg,5. Red spider,G02877
5. Red spider/red_spider_00353.jpg,5. Red spider,G02878
5. Red spider/red_spider_00354.jpg,5. Red spider,G02879
5. Red spider/red_spider_00355.jpg,5. Red spider,G02880
5. Red spider/red_spider_00356.jpg,5. Red spider,G02881
5. Red spider/red_spider_00357.jpg,5. Red spider,G02882
5. Red spider/red_spider_00358.jpg,5. Red spider,G02883
5. Red spider/red_spider_00359.jpg,5. Red spider,G02884
5. Red spider/red_spider_00360.jpg,5. Red spider,G02885
5. Red spider/red_spider_00361.jpg,5. Red spider,G02886
5. Red spider/red_spider_00362.jpg,5. Red spider,G02887
5. Red spider/red_spider_00363.jpg,5. Red spider,G02888
5. Red spider/red_spider_00364.jpg,5. Red spider,G02889
5. Red spider/red_spider_00365.jpg,5. Red spider,G02890
5. Red spider/red_spider_00366.jpg,5. Red spider,G02891
5. Red spider/red_spider_00367.jpg,5. Red spider,G02892
5. Red spider/red_spider_00368.jpg,5. Red spider,G02893
5. Red spider/red_spider_00369.jpg,5. Red spider,G02894
5. Red spider/red_spider_00370.jpg,5. Red spider,G02895
5. Red spider/red_spider_00371.jpg,5. Red spider,G02896
5. Red spider/red_spider_00372.jpg,5. Red spider,G02897
5. Red spider/red_spider_00373.jpg,5. Red spider,G02898
5. Red spider/red_spider_00374.jpg,5. Red spider,G02899
5. Red spider/red_spider_00375.jpg,5. Red spider,G02900
5. Red spider/red_spider_00376.jpg,5. Red spider,G02901
5. Red spider/red_spider_00377.jpg,5. Red spider,G02902
5. Red spider/red_spider_00378.jpg,5. Red spider,G02903
5. Red spider/red_spider_00379.jpg,5. Red spider,G02904
5. Red spider/red_spider_00380.jpg,5. Red spider,G02905
5. Red spider/red_spider_00381.jpg,5. Red spider,G02906
5. Red spider/red_spider_00382.jpg,5. Red spider,G02907
5. Red spider/red_spider_00383.jpg,5. Red spider,G02908
5. Red spider/red_spider_00384.jpg,5. Red spider,G02909
5. Red spider/red_spider_00385.jpg,5. Red spider,G02910
5. Red spider/red_spider_00386.jpg,5. Red spider,G02911
5. Red spider/red_spider_00387.jpg,5. Red spider,G02912
5. Red spider/red_spider_00388.jpg,5. Red spider,G02913
5. Red spider/red_spider_00389.jpg,5. Red spider,G02914
5. Red spider/red_spider_00390.jpg,5. Red spider,G02915
5. Red spider/red_spider_00391.jpg,5. Red spider,G02916
5. Red spider/red_spider_00392.jpg,5. Red spider,G02917
5. Red spider/red_spider_00393.jpg,5. Red spider,G02918
5. Red spider/red_spider_00394.jpg,5. Red spider,G02919
5. Red spider/red_spider_00395.jpg,5. Red spider,G02920
5. Red spider/red_spider_00396.jpg,5. Red spider,G02921
5. Red spider/red_spider_00397.jpg,5. Red spider,G02922
5. Red spider/red_spider_00398.jpg,5. Red spider,G02923
5. Red spider/red_spider_00399.jpg,5. Red spider,G02924
5. Red spider/red_spider_00400.jpg,5. Red spider,G02925
5. Red spider/red_spider_00401.jpg,5. Red spider,G02926
5. Red spider/red_spider_00402.jpg,5. Red spider,G02927
5. Red spider/red_spider_00403.jpg,5. Red spider,G02928
5. Red spider/red_spider_00404.jpg,5. Red spider,G02929
5. Red spider/red_spider_00405.jpg,5. Red spider,G02930
5. Red spider/red_spider_00406.jpg,5. Red spider,G02931
5. Red spider/red_spider_00407.jpg,5. Red spider,G02932
5. Red spider/red_spider_00408.jpg,5. Red spider,G02933
5. Red spider/red_spider_00409.jpg,5. Red spider,G02934
5. Red spider/red_spider_00410.jpg,5. Red spider,G02935
5. Red spider/red_spider_00411.jpg,5. Red spider,G02936
5. Red spider/red_spider_00412.jpg,5. Red spider,G02937
5. Red spider/red_spider_00413.jpg,5. Red spider,G02938
5. Red spider/red_spider_00414.jpg,5. Red spider,G02939
5. Red spider/red_spider_00415.jpg,5. Red spider,G02940
5. Red spider/red_spider_00416.jpg,5. Red spider,G02941
5. Red spider/red_spider_00417.jpg,5. Red spider,G02942
5. Red spider/red_spider_00418.jpg,5. Red spider,G02943
5. Red spider/red_spider_00419.jpg,5. Red spider,G02944
5. Red spider/red_spider_00420.jpg,5. Red spider,G02945
5. Red spider/red_spider_00421.jpg,5. Red spider,G02946
5. Red spider/red_spider_00422.jpg,5. Red spider,G02947
5. Red spider/red_spider_00423.jpg,5. Red spider,G02948
5. Red spider/red_spider_00424.jpg,5. Red spider,G02949
5. Red spider/red_spider_00425.jpg,5. Red spider,G02950
5. Red spider/red_spider_00426.jpg,5. Red spider,G02951
5. Red spider/red_spider_00427.jpg,5. Red spider,G02952
5. Red spider/red_spider_00428.jpg,5. Red spider,G02953
5. Red spider/red_spider_00429.jpg,5. Red spider,G02954
5. Red spider/red_spider_00430.jpg,5. Red spider,G02955
5. Red spider/red_spider_00431.jpg,5. Red spider,G02956
5. Red spider/red_spider_00432.jpg,5. Red spider,G02957
5. Red spider/red_spider_00433.jpg,5. Red spider,G02958
5. Red spider/red_spider_00434.jpg,5. Red spider,G02959
5. Red spider/red_spider_00435.jpg,5. Red spider,G02960
5. Red spider/red_spider_00436.jpg,5. Red spider,G02961
5. Red spider/red_spider_00437.jpg,5. Red spider,G02962
5. Red spider/red_spider_00438.jpg,5. Red spider,G02963
5. Red spider/red_spider_00439.jpg,5. Red spider,G02964
5. Red spider/red_spider_00440.jpg,5. Red spider,G02965
5. Red spider/red_spider_00441.jpg,5. Red spider,G02966
5. Red spider/red_spider_00442.jpg,5. Red spider,G02967
5. Red spider/red_spider_00443.jpg,5. Red spider,G02968
5. Red spider/red_spider_00444.jpg,5. Red spider,G02969
5. Red spider/red_spider_00445.jpg,5. Red spider,G02970
5. Red spider/red_spider_00446.jpg,5. Red spider,G02971
5. Red spider/red_spider_00447.jpg,5. Red spider,G02972
5. Red spider/red_spider_00448.jpg,5. Red spider,G02973
5. Red spider/red_spider_00449.jpg,5. Red spider,G02974
5. Red spider/red_spider_00450.jpg,5. Red spider,G02975
5. Red spider/red_spider_00451.jpg,5. Red spider,G02976
5. Red spider/red_spider_00452.jpg,5. Red spider,G02977
5. Red spider/red_spider_00453.jpg,5. Red spider,G02978
5. Red spider/red_spider_00454.jpg,5. Red spider,G02979
5. Red spider/red_spider_00455.jpg,5. Red spider,G02980
5. Red spider/red_spider_00456.jpg,5. Red spider,G02981
5. Red spider/red_spider_00457.jpg,5. Red spider,G02982
5. Red spider/red_spider_00458.jpg,5. Red spider,G02983
5. Red spider/red_spider_00459.jpg,5. Red spider,G02984
5. Red spider/red_spider_00460.jpg,5. Red spider,G02985
5. Red spider/red_spider_00461.jpg,5. Red spider,G02986
5. Red spider/red_spider_00462.jpg,5. Red spider,G02987
5. Red spider/red_spider_00463.jpg,5. Red spider,G02988
5. Red spider/red_spider_00464.jpg,5. Red spider,G02989
5. Red spider/red_spider_00465.jpg,5. Red spider,G02990
5. Red spider/red_spider_00466.jpg,5. Red spider,G02991
5. Red spider/red_spider_00467.jpg,5. Red spider,G02992
5. Red spider/red_spider_00468.jpg,5. Red spider,G02993
5. Red spider/red_spider_00469.jpg,5. Red spider,G02994
5. Red spider/red_spider_00470.jpg,5. Red spider,G02995
5. Red spider/red_spider_00471.jpg,5. Red spider,G02996
5. Red spider/red_spider_00472.jpg,5. Red spider,G02997
5. Red spider/red_spider_00473.jpg,5. Red spider,G02998
5. Red spider/red_spider_00474.jpg,5. Red spider,G02999
5. Red spider/red_spider_00475.jpg,5. Red spider,G03000
5. Red spider/red_spider_00476.jpg,5. Red spider,G03001
5. Red spider/red_spider_00477.jpg,5. Red spider,G03002
5. Red spider/red_spider_00478.jpg,5. Red spider,G03003
5. Red spider/red_spider_00479.jpg,5. Red spider,G03004
5. Red spider/red_spider_00480.jpg,5. Red spider,G03005
5. Red spider/red_spider_00481.jpg,5. Red spider,G03006
5. Red spider/red_spider_00482.jpg,5. Red spider,G03007
5. Red spider/red_spider_00483.jpg,5. Red spider,G03008
5. Red spider/red_spider_00484.jpg,5. Red spider,G03009
5. Red spider/red_spider_00485.jpg,5. Red spider,G03010
5. Red spider/red_spider_00486.jpg,5. Red spider,G03011
5. Red spider/red_spider_00487.jpg,5. Red spider,G03012
5. Red spider/red_spider_00488.jpg,5. Red spider,G03013
5. Red spider/red_spider_00489.jpg,5. Red spider,G03014
5. Red spider/red_spider_00490.jpg,5. Red spider,G03015
5. Red spider/red_spider_00491.jpg,5. Red spider,G03016
5. Red spider/red_spider_00492.jpg,5. Red spider,G03017
5. Red spider/red_spider_00493.jpg,5. Red spider,G03018
5. Red spider/red_spider_00494.jpg,5. Red spider,G03019
5. Red spider/red_spider_00495.jpg,5. Red spider,G03020
5. Red spider/red_spider_00496.jpg,5. Red spider,G03021
5. Red spider/red_spider_00497.jpg,5. Red spider,G03022
5. Red spider/red_spider_00498.jpg,5. Red spider,G03023
5. Red spider/red_spider_00499.jpg,5. Red spider,G03024
5. Red spider/red_spider_00500.jpg,5. Red spider,G03025
5. Red spider/red_spider_00501.jpg,5. Red spider,G03026
5. Red spider/red_spider_00502.jpg,5. Red spider,G03027
5. Red spider/red_spider_00503.jpg,5. Red spider,G03028
5. Red spider/red_spider_00504.jpg,5. Red spider,G03029
5. Red spider/red_spider_00505.jpg,5. Red spider,G03030
5. Red spider/red_spider_00506.jpg,5. Red spider,G03031
5. Red spider/red_spider_00507.jpg,5. Red spider,G03032
5. Red spider/red_spider_00508.jpg,5. Red spider,G03033
5. Red spider/red_spider_00509.jpg,5. Red spider,G03034
5. Red spider/red_spider_00510.jpg,5. Red spider,G03035
5. Red spider/red_spider_00511.jpg,5. Red spider,G03036
5. Red spider/red_spider_00512.jpg,5. Red spider,G03037
5. Red spider/red_spider_00513.jpg,5. Red spider,G03038
5. Red spider/red_spider_00514.jpg,5. Red spider,G03039
5. Red spider/red_spider_00515.jpg,5. Red spider,G03040
6. Green mirid bug/green_mirid_bug_00001.jpg,6. Green mirid bug,G03041
6. Green mirid bug/green_mirid_bug_00002.jpg,6. Green mirid bug,G03042
6. Green mirid bug/green_mirid_bug_00003.jpg,6. Green mirid bug,G03043
6. Green mirid bug/green_mirid_bug_00004.jpg,6. Green mirid bug,G03044
6. Green mirid bug/green_mirid_bug_00005.jpg,6. Green mirid bug,G03045
6. Green mirid bug/green_mirid_bug_00006.jpg,6. Green mirid bug,G03046
6. Green mirid bug/green_mirid_bug_00007.jpg,6. Green mirid bug,G03047
6. Green mirid bug/green_mirid_bug_00008.jpg,6. Green mirid bug,G03048
6. Green mirid bug/green_mirid_bug_00009.jpg,6. Green mirid bug,G03049
6. Green mirid bug/green_mirid_bug_00010.jpg,6. Green mirid bug,G03050
6. Green mirid bug/green_mirid_bug_00011.jpg,6. Green mirid bug,G03051
6. Green mirid bug/green_mirid_bug_00012.jpg,6. Green mirid bug,G03052
6. Green mirid bug/green_mirid_bug_00013.jpg,6. Green mirid bug,G03053
6. Green mirid bug/green_mirid_bug_00014.jpg,6. Green mirid bug,G03054
6. Green mirid bug/green_mirid_bug_00015.jpg,6. Green mirid bug,G03055
6. Green mirid bug/green_mirid_bug_00016.jpg,6. Green mirid bug,G03056
6. Green mirid bug/green_mirid_bug_00017.jpg,6. Green mirid bug,G03057
6. Green mirid bug/green_mirid_bug_00018.jpg,6. Green mirid bug,G03058
6. Green mirid bug/green_mirid_bug_00019.jpg,6. Green mirid bug,G03059
6. Green mirid bug/green_mirid_bug_00020.jpg,6. Green mirid bug,G03060
6. Green mirid bug/green_mirid_bug_00021.jpg,6. Green mirid bug,G03061
6. Green mirid bug/green_mirid_bug_00022.jpg,6. Green mirid bug,G03062
6. Green mirid bug/green_mirid_bug_00023.jpg,6. Green mirid bug,G03063
6. Green mirid bug/green_mirid_bug_00024.jpg,6. Green mirid bug,G03064
6. Green mirid bug/green_mirid_bug_00025.jpg,6. Green mirid bug,G03065
6. Green mirid bug/green_mirid_bug_00026.jpg,6. Green mirid bug,G03066
6. Green mirid bug/green_mirid_bug_00027.jpg,6. Green mirid bug,G03067
6. Green mirid bug/green_mirid_bug_00028.jpg,6. Green mirid bug,G03068
6. Green mirid bug/green_mirid_bug_00029.jpg,6. Green mirid bug,G03069
6. Green mirid bug/green_mirid_bug_00030.jpg,6. Green mirid bug,G03070
6. Green mirid bug/green_mirid_bug_00031.jpg,6. Green mirid bug,G03071
6. Green mirid bug/green_mirid_bug_00032.jpg,6. Green mirid bug,G03072
6. Green mirid bug/green_mirid_bug_00033.jpg,6. Green mirid bug,G03073
6. Green mirid bug/green_mirid_bug_00034.jpg,6. Green mirid bug,G03074
6. Green mirid bug/green_mirid_bug_00035.jpg,6. Green mirid bug,G03075
6. Green mirid bug/green_mirid_bug_00036.jpg,6. Green mirid bug,G03076
6. Green mirid bug/green_mirid_bug_00037.jpg,6. Green mirid bug,G03077
6. Green mirid bug/green_mirid_bug_00038.jpg,6. Green mirid bug,G03078
6. Green mirid bug/green_mirid_bug_00039.jpg,6. Green mirid bug,G03079
6. Green mirid bug/green_mirid_bug_00040.jpg,6. Green mirid bug,G03080
6. Green mirid bug/green_mirid_bug_00041.jpg,6. Green mirid bug,G03081
6. Green mirid bug/green_mirid_bug_00042.jpg,6. Green mirid bug,G03082
6. Green mirid bug/green_mirid_bug_00043.jpg,6. Green mirid bug,G03083
6. Green mirid bug/green_mirid_bug_00044.jpg,6. Green mirid bug,G03084
6. Green mirid bug/green_mirid_bug_00045.jpg,6. Green mirid bug,G03085
6. Green mirid bug/green_mirid_bug_00046.jpg,6. Green mirid bug,G03086
6. Green mirid bug/green_mirid_bug_00047.jpg,6. Green mirid bug,G03087
6. Green mirid bug/green_mirid_bug_00048.jpg,6. Green mirid bug,G03088
6. Green mirid bug/green_mirid_bug_00049.jpg,6. Green mirid bug,G03089
6. Green mirid bug/green_mirid_bug_00050.jpg,6. Green mirid bug,G03090
6. Green mirid bug/green_mirid_bug_00051.jpg,6. Green mirid bug,G03091
6. Green mirid bug/green_mirid_bug_00052.jpg,6. Green mirid bug,G03092
6. Green mirid bug/green_mirid_bug_00053.jpg,6. Green mirid bug,G03093
6. Green mirid bug/green_mirid_bug_00054.jpg,6. Green mirid bug,G03094
6. Green mirid bug/green_mirid_bug_00055.jpg,6. Green mirid bug,G03095
6. Green mirid bug/green_mirid_bug_00056.jpg,6. Green mirid bug,G03096
6. Green mirid bug/green_mirid_bug_00057.jpg,6. Green mirid bug,G03097
6. Green mirid bug/green_mirid_bug_00058.jpg,6. Green mirid bug,G03098
6. Green mirid bug/green_mirid_bug_00059.jpg,6. Green mirid bug,G03099
6. Green mirid bug/green_mirid_bug_00060.jpg,6. Green mirid bug,G03100
6. Green mirid bug/green_mirid_bug_00061.jpg,6. Green mirid bug,G03101
6. Green mirid bug/green_mirid_bug_00062.jpg,6. Green mirid bug,G03102
6. Green mirid bug/green_mirid_bug_00063.jpg,6. Green mirid bug,G03103
6. Green mirid bug/green_mirid_bug_00064.jpg,6. Green mirid bug,G03104
6. Green mirid bug/green_mirid_bug_00065.jpg,6. Green mirid bug,G03105
6. Green mirid bug/green_mirid_bug_00066.jpg,6. Green mirid bug,G03106
6. Green mirid bug/green_mirid_bug_00067.jpg,6. Green mirid bug,G03107
6. Green mirid bug/green_mirid_bug_00068.jpg,6. Green mirid bug,G03108
6. Green mirid bug/green_mirid_bug_00069.jpg,6. Green mirid bug,G03109
6. Green mirid bug/green_mirid_bug_00070.jpg,6. Green mirid bug,G03110
6. Green mirid bug/green_mirid_bug_00071.jpg,6. Green mirid bug,G03111
6. Green mirid bug/green_mirid_bug_00072.jpg,6. Green mirid bug,G03112
6. Green mirid bug/green_mirid_bug_00073.jpg,6. Green mirid bug,G03113
6. Green mirid bug/green_mirid_bug_00074.jpg,6. Green mirid bug,G03114
6. Green mirid bug/green_mirid_bug_00075.jpg,6. Green mirid bug,G03115
6. Green mirid bug/green_mirid_bug_00076.jpg,6. Green mirid bug,G03116
6. Green mirid bug/green_mirid_bug_00077.jpg,6. Green mirid bug,G03117
6. Green mirid bug/green_mirid_bug_00078.jpg,6. Green mirid bug,G03118
6. Green mirid bug/green_mirid_bug_00079.jpg,6. Green mirid bug,G03119
6. Green mirid bug/green_mirid_bug_00080.jpg,6. Green mirid bug,G03120
6. Green mirid bug/green_mirid_bug_00081.jpg,6. Green mirid bug,G03121
6. Green mirid bug/green_mirid_bug_00082.jpg,6. Green mirid bug,G03122
6. Green mirid bug/green_mirid_bug_00083.jpg,6. Green mirid bug,G03123
6. Green mirid bug/green_mirid_bug_00084.jpg,6. Green mirid bug,G03124
6. Green mirid bug/green_mirid_bug_00085.jpg,6. Green mirid bug,G03125
6. Green mirid bug/green_mirid_bug_00086.jpg,6. Green mirid bug,G03126
6. Green mirid bug/green_mirid_bug_00087.jpg,6. Green mirid bug,G03127
6. Green mirid bug/green_mirid_bug_00088.jpg,6. Green mirid bug,G03128
6. Green mirid bug/green_mirid_bug_00089.jpg,6. Green mirid bug,G03129
6. Green mirid bug/green_mirid_bug_00090.jpg,6. Green mirid bug,G03130
6. Green mirid bug/green_mirid_bug_00091.jpg,6. Green mirid bug,G03131
6. Green mirid bug/green_mirid_bug_00092.jpg,6. Green mirid bug,G03132
6. Green mirid bug/green_mirid_bug_00093.jpg,6. Green mirid bug,G03133
6. Green mirid bug/green_mirid_bug_00094.jpg,6. Green mirid bug,G03134
6. Green mirid bug/green_mirid_bug_00095.jpg,6. Green mirid bug,G03135
6. Green mirid bug/green_mirid_bug_00096.jpg,6. Green mirid bug,G03136
6. Green mirid bug/green_mirid_bug_00097.jpg,6. Green mirid bug,G03137
6. Green mirid bug/green_mirid_bug_00098.jpg,6. Green mirid bug,G03138
6. Green mirid bug/green_mirid_bug_00099.jpg,6. Green mirid bug,G03139
6. Green mirid bug/green_mirid_bug_00100.jpg,6. Green mirid bug,G03140
6. Green mirid bug/green_mirid_bug_00101.jpg,6. Green mirid bug,G03141
6. Green mirid bug/green_mirid_bug_00102.jpg,6. Green mirid bug,G03142
6. Green mirid bug/green_mirid_bug_00103.jpg,6. Green mirid bug,G03143
6. Green mirid bug/green_mirid_bug_00104.jpg,6. Green mirid bug,G03144
6. Green mirid bug/green_mirid_bug_00105.jpg,6. Green mirid bug,G03145
6. Green mirid bug/green_mirid_bug_00106.jpg,6. Green mirid bug,G03146
6. Green mirid bug/green_mirid_bug_00107.jpg,6. Green mirid bug,G03147
6. Green mirid bug/green_mirid_bug_00108.jpg,6. Green mirid bug,G03148
6. Green mirid bug/green_mirid_bug_00109.jpg,6. Green mirid bug,G03149
6. Green mirid bug/green_mirid_bug_00110.jpg,6. Green mirid bug,G03150
6. Green mirid bug/green_mirid_bug_00111.jpg,6. Green mirid bug,G03151
6. Green mirid bug/green_mirid_bug_00112.jpg,6. Green mirid bug,G03152
6. Green mirid bug/green_mirid_bug_00113.jpg,6. Green mirid bug,G03153
6. Green mirid bug/green_mirid_bug_00114.jpg,6. Green mirid bug,G03154
6. Green mirid bug/green_mirid_bug_00115.jpg,6. Green mirid bug,G03155
6. Green mirid bug/green_mirid_bug_00116.jpg,6. Green mirid bug,G03156
6. Green mirid bug/green_mirid_bug_00117.jpg,6. Green mirid bug,G03157
6. Green mirid bug/green_mirid_bug_00118.jpg,6. Green mirid bug,G03158
6. Green mirid bug/green_mirid_bug_00119.jpg,6. Green mirid bug,G03159
6. Green mirid bug/green_mirid_bug_00120.jpg,6. Green mirid bug,G03160
6. Green mirid bug/green_mirid_bug_00121.jpg,6. Green mirid bug,G03161
6. Green mirid bug/green_mirid_bug_00122.jpg,6. Green mirid bug,G03162
6. Green mirid bug/green_mirid_bug_00123.jpg,6. Green mirid bug,G03163
6. Green mirid bug/green_mirid_bug_00124.jpg,6. Green mirid bug,G03164
6. Green mirid bug/green_mirid_bug_00125.jpg,6. Green mirid bug,G03165
6. Green mirid bug/green_mirid_bug_00126.jpg,6. Green mirid bug,G03166
6. Green mirid bug/green_mirid_bug_00127.jpg,6. Green mirid bug,G03167
6. Green mirid bug/green_mirid_bug_00128.jpg,6. Green mirid bug,G03168
6. Green mirid bug/green_mirid_bug_00129.jpg,6. Green mirid bug,G03169
6. Green mirid bug/green_mirid_bug_00130.jpg,6. Green mirid bug,G03170
6. Green mirid bug/green_mirid_bug_00131.jpg,6. Green mirid bug,G03171
6. Green mirid bug/green_mirid_bug_00132.jpg,6. Green mirid bug,G03172
6. Green mirid bug/green_mirid_bug_00133.jpg,6. Green mirid bug,G03173
6. Green mirid bug/green_mirid_bug_00134.jpg,6. Green mirid bug,G03174
6. Green mirid bug/green_mirid_bug_00135.jpg,6. Green mirid bug,G03175
6. Green mirid bug/green_mirid_bug_00136.jpg,6. Green mirid bug,G03176
6. Green mirid bug/green_mirid_bug_00137.jpg,6. Green mirid bug,G03177
6. Green mirid bug/green_mirid_bug_00138.jpg,6. Green mirid bug,G03178
6. Green mirid bug/green_mirid_bug_00139.jpg,6. Green mirid bug,G03179
6. Green mirid bug/green_mirid_bug_00140.jpg,6. Green mirid bug,G03180
6. Green mirid bug/green_mirid_bug_00141.jpg,6. Green mirid bug,G03181
6. Green mirid bug/green_mirid_bug_00142.jpg,6. Green mirid bug,G03182
6. Green mirid bug/green_mirid_bug_00143.jpg,6. Green mirid bug,G03183
6. Green mirid bug/green_mirid_bug_00144.jpg,6. Green mirid bug,G03184
6. Green mirid bug/green_mirid_bug_00145.jpg,6. Green mirid bug,G03185
6. Green mirid bug/green_mirid_bug_00146.jpg,6. Green mirid bug,G03186
6. Green mirid bug/green_mirid_bug_00147.jpg,6. Green mirid bug,G03187
6. Green mirid bug/green_mirid_bug_00148.jpg,6. Green mirid bug,G03188
6. Green mirid bug/green_mirid_bug_00149.jpg,6. Green mirid bug,G03189
6. Green mirid bug/green_mirid_bug_00150.jpg,6. Green mirid bug,G03190
6. Green mirid bug/green_mirid_bug_00151.jpg,6. Green mirid bug,G03191
6. Green mirid bug/green_mirid_bug_00152.jpg,6. Green mirid bug,G03192
6. Green mirid bug/green_mirid_bug_00153.jpg,6. Green mirid bug,G03193
6. Green mirid bug/green_mirid_bug_00154.jpg,6. Green mirid bug,G03194
6. Green mirid bug/green_mirid_bug_00155.jpg,6. Green mirid bug,G03195
6. Green mirid bug/green_mirid_bug_00156.jpg,6. Green mirid bug,G03196
6. Green mirid bug/green_mirid_bug_00157.jpg,6. Green mirid bug,G03197
6. Green mirid bug/green_mirid_bug_00158.jpg,6. Green mirid bug,G03198
6. Green mirid bug/green_mirid_bug_00159.jpg,6. Green mirid bug,G03199
6. Green mirid bug/green_mirid_bug_00160.jpg,6. Green mirid bug,G03200
6. Green mirid bug/green_mirid_bug_00161.jpg,6. Green mirid bug,G03201
6. Green mirid bug/green_mirid_bug_00162.jpg,6. Green mirid bug,G03202
6. Green mirid bug/green_mirid_bug_00163.jpg,6. Green mirid bug,G03203
6. Green mirid bug/green_mirid_bug_00164.jpg,6. Green mirid bug,G03204
6. Green mirid bug/green_mirid_bug_00165.jpg,6. Green mirid bug,G03205
6. Green mirid bug/green_mirid_bug_00166.jpg,6. Green mirid bug,G03206
6. Green mirid bug/green_mirid_bug_00167.jpg,6. Green mirid bug,G03207
6. Green mirid bug/green_mirid_bug_00168.jpg,6. Green mirid bug,G03208
6. Green mirid bug/green_mirid_bug_00169.jpg,6. Green mirid bug,G03209
6. Green mirid bug/green_mirid_bug_00170.jpg,6. Green mirid bug,G03210
6. Green mirid bug/green_mirid_bug_00171.jpg,6. Green mirid bug,G03211
6. Green mirid bug/green_mirid_bug_00172.jpg,6. Green mirid bug,G03212
6. Green mirid bug/green_mirid_bug_00173.jpg,6. Green mirid bug,G03213
6. Green mirid bug/green_mirid_bug_00174.jpg,6. Green mirid bug,G03214
6. Green mirid bug/green_mirid_bug_00175.jpg,6. Green mirid bug,G03215
6. Green mirid bug/green_mirid_bug_00176.jpg,6. Green mirid bug,G03216
6. Green mirid bug/green_mirid_bug_00177.jpg,6. Green mirid bug,G03217
6. Green mirid bug/green_mirid_bug_00178.jpg,6. Green mirid bug,G03218
6. Green mirid bug/green_mirid_bug_00179.jpg,6. Green mirid bug,G03219
6. Green mirid bug/green_mirid_bug_00180.jpg,6. Green mirid bug,G03220
6. Green mirid bug/green_mirid_bug_00181.jpg,6. Green mirid bug,G03221
6. Green mirid bug/green_mirid_bug_00182.jpg,6. Green mirid bug,G03222
6. Green mirid bug/green_mirid_bug_00183.jpg,6. Green mirid bug,G03223
6. Green mirid bug/green_mirid_bug_00184.jpg,6. Green mirid bug,G03224
6. Green mirid bug/green_mirid_bug_00185.jpg,6. Green mirid bug,G03225
6. Green mirid bug/green_mirid_bug_00186.jpg,6. Green mirid bug,G03226
6. Green mirid bug/green_mirid_bug_00187.jpg,6. Green mirid bug,G03227
6. Green mirid bug/green_mirid_bug_00188.jpg,6. Green mirid bug,G03228
6. Green mirid bug/green_mirid_bug_00189.jpg,6. Green mirid bug,G03229
6. Green mirid bug/green_mirid_bug_00190.jpg,6. Green mirid bug,G03230
6. Green mirid bug/green_mirid_bug_00191.jpg,6. Green mirid bug,G03231
6. Green mirid bug/green_mirid_bug_00192.jpg,6. Green mirid bug,G03232
6. Green mirid bug/green_mirid_bug_00193.jpg,6. Green mirid bug,G03233
6. Green mirid bug/green_mirid_bug_00194.jpg,6. Green mirid bug,G03234
6. Green mirid bug/green_mirid_bug_00195.jpg,6. Green mirid bug,G03235
6. Green mirid bug/green_mirid_bug_00196.jpg,6. Green mirid bug,G03236
6. Green mirid bug/green_mirid_bug_00197.jpg,6. Green mirid bug,G03237
6. Green mirid bug/green_mirid_bug_00198.jpg,6. Green mirid bug,G03238
6. Green mirid bug/green_mirid_bug_00199.jpg,6. Green mirid bug,G03239
6. Green mirid bug/green_mirid_bug_00200.jpg,6. Green mirid bug,G03240
6. Green mirid bug/green_mirid_bug_00201.jpg,6. Green mirid bug,G03241
6. Green mirid bug/green_mirid_bug_00202.jpg,6. Green mirid bug,G03242
6. Green mirid bug/green_mirid_bug_00203.jpg,6. Green mirid bug,G03243
6. Green mirid bug/green_mirid_bug_00204.jpg,6. Green mirid bug,G03244
6. Green mirid bug/green_mirid_bug_00205.jpg,6. Green mirid bug,G03245
6. Green mirid bug/green_mirid_bug_00206.jpg,6. Green mirid bug,G03246
6. Green mirid bug/green_mirid_bug_00207.jpg,6. Green mirid bug,G03247
6. Green mirid bug/green_mirid_bug_00208.jpg,6. Green mirid bug,G03248
6. Green mirid bug/green_mirid_bug_00209.jpg,6. Green mirid bug,G03249
6. Green mirid bug/green_mirid_bug_00210.jpg,6. Green mirid bug,G03250
6. Green mirid bug/green_mirid_bug_00211.jpg,6. Green mirid bug,G03251
6. Green mirid bug/green_mirid_bug_00212.jpg,6. Green mirid bug,G03252
6. Green mirid bug/green_mirid_bug_00213.jpg,6. Green mirid bug,G03253
6. Green mirid bug/green_mirid_bug_00214.jpg,6. Green mirid bug,G03254
6. Green mirid bug/green_mirid_bug_00215.jpg,6. Green mirid bug,G03255
6. Green mirid bug/green_mirid_bug_00216.jpg,6. Green mirid bug,G03256
6. Green mirid bug/green_mirid_bug_00217.jpg,6. Green mirid bug,G03257
6. Green mirid bug/green_mirid_bug_00218.jpg,6. Green mirid bug,G03258
6. Green mirid bug/green_mirid_bug_00219.jpg,6. Green mirid bug,G03259
6. Green mirid bug/green_mirid_bug_00220.jpg,6. Green mirid bug,G03260
6. Green mirid bug/green_mirid_bug_00221.jpg,6. Green mirid bug,G03261
6. Green mirid bug/green_mirid_bug_00222.jpg,6. Green mirid bug,G03262
6. Green mirid bug/green_mirid_bug_00223.jpg,6. Green mirid bug,G03263
6. Green mirid bug/green_mirid_bug_00224.jpg,6. Green mirid bug,G03264
6. Green mirid bug/green_mirid_bug_00225.jpg,6. Green mirid bug,G03265
6. Green mirid bug/green_mirid_bug_00226.jpg,6. Green mirid bug,G03266
6. Green mirid bug/green_mirid_bug_00227.jpg,6. Green mirid bug,G03267
6. Green mirid bug/green_mirid_bug_00228.jpg,6. Green mirid bug,G03268
6. Green mirid bug/green_mirid_bug_00229.jpg,6. Green mirid bug,G03269
6. Green mirid bug/green_mirid_bug_00230.jpg,6. Green mirid bug,G03270
6. Green mirid bug/green_mirid_bug_00231.jpg,6. Green mirid bug,G03271
6. Green mirid bug/green_mirid_bug_00232.jpg,6. Green mirid bug,G03272
6. Green mirid bug/green_mirid_bug_00233.jpg,6. Green mirid bug,G03273
6. Green mirid bug/green_mirid_bug_00234.jpg,6. Green mirid bug,G03274
6. Green mirid bug/green_mirid_bug_00235.jpg,6. Green mirid bug,G03275
6. Green mirid bug/green_mirid_bug_00236.jpg,6. Green mirid bug,G03276
6. Green mirid bug/green_mirid_bug_00237.jpg,6. Green mirid bug,G03277
6. Green mirid bug/green_mirid_bug_00238.jpg,6. Green mirid bug,G03278
6. Green mirid bug/green_mirid_bug_00239.jpg,6. Green mirid bug,G03279
6. Green mirid bug/green_mirid_bug_00240.jpg,6. Green mirid bug,G03280
6. Green mirid bug/green_mirid_bug_00241.jpg,6. Green mirid bug,G03281
6. Green mirid bug/green_mirid_bug_00242.jpg,6. Green mirid bug,G03282
6. Green mirid bug/green_mirid_bug_00243.jpg,6. Green mirid bug,G03283
6. Green mirid bug/green_mirid_bug_00244.jpg,6. Green mirid bug,G03284
6. Green mirid bug/green_mirid_bug_00245.jpg,6. Green mirid bug,G03285
6. Green mirid bug/green_mirid_bug_00246.jpg,6. Green mirid bug,G03286
6. Green mirid bug/green_mirid_bug_00247.jpg,6. Green mirid bug,G03287
6. Green mirid bug/green_mirid_bug_00248.jpg,6. Green mirid bug,G03288
6. Green mirid bug/green_mirid_bug_00249.jpg,6. Green mirid bug,G03289
6. Green mirid bug/green_mirid_bug_00250.jpg,6. Green mirid bug,G03290
6. Green mirid bug/green_mirid_bug_00251.jpg,6. Green mirid bug,G03291
6. Green mirid bug/green_mirid_bug_00252.jpg,6. Green mirid bug,G03292
6. Green mirid bug/green_mirid_bug_00253.jpg,6. Green mirid bug,G03293
6. Green mirid bug/green_mirid_bug_00254.jpg,6. Green mirid bug,G03294
6. Green mirid bug/green_mirid_bug_00255.jpg,6. Green mirid bug,G03295
6. Green mirid bug/green_mirid_bug_00256.jpg,6. Green mirid bug,G03296
6. Green mirid bug/green_mirid_bug_00257.jpg,6. Green mirid bug,G03297
6. Green mirid bug/green_mirid_bug_00258.jpg,6. Green mirid bug,G03298
6. Green mirid bug/green_mirid_bug_00259.jpg,6. Green mirid bug,G03299
6. Green mirid bug/green_mirid_bug_00260.jpg,6. Green mirid bug,G03300
6. Green mirid bug/green_mirid_bug_00261.jpg,6. Green mirid bug,G03301
6. Green mirid bug/green_mirid_bug_00262.jpg,6. Green mirid bug,G03302
6. Green mirid bug/green_mirid_bug_00263.jpg,6. Green mirid bug,G03303
6. Green mirid bug/green_mirid_bug_00264.jpg,6. Green mirid bug,G03304
6. Green mirid bug/green_mirid_bug_00265.jpg,6. Green mirid bug,G03305
6. Green mirid bug/green_mirid_bug_00266.jpg,6. Green mirid bug,G03306
6. Green mirid bug/green_mirid_bug_00267.jpg,6. Green mirid bug,G03307
6. Green mirid bug/green_mirid_bug_00268.jpg,6. Green mirid bug,G03308
6. Green mirid bug/green_mirid_bug_00269.jpg,6. Green mirid bug,G03309
6. Green mirid bug/green_mirid_bug_00270.jpg,6. Green mirid bug,G03310
6. Green mirid bug/green_mirid_bug_00271.jpg,6. Green mirid bug,G03311
6. Green mirid bug/green_mirid_bug_00272.jpg,6. Green mirid bug,G03312
6. Green mirid bug/green_mirid_bug_00273.jpg,6. Green mirid bug,G03313
6. Green mirid bug/green_mirid_bug_00274.jpg,6. Green mirid bug,G03314
6. Green mirid bug/green_mirid_bug_00275.jpg,6. Green mirid bug,G03315
6. Green mirid bug/green_mirid_bug_00276.jpg,6. Green mirid bug,G03316
6. Green mirid bug/green_mirid_bug_00277.jpg,6. Green mirid bug,G03317
6. Green mirid bug/green_mirid_bug_00278.jpg,6. Green mirid bug,G03318
6. Green mirid bug/green_mirid_bug_00279.jpg,6. Green mirid bug,G03319
6. Green mirid bug/green_mirid_bug_00280.jpg,6. Green mirid bug,G03320
6. Green mirid bug/green_mirid_bug_00281.jpg,6. Green mirid bug,G03321
6. Green mirid bug/green_mirid_bug_00282.jpg,6. Green mirid bug,G03322
6. Green mirid bug/green_mirid_bug_00283.jpg,6. Green mirid bug,G03323
6. Green mirid bug/green_mirid_bug_00284.jpg,6. Green mirid bug,G03324
6. Green mirid bug/green_mirid_bug_00285.jpg,6. Green mirid bug,G03325
6. Green mirid bug/green_mirid_bug_00286.jpg,6. Green mirid bug,G03326
6. Green mirid bug/green_mirid_bug_00287.jpg,6. Green mirid bug,G03327
6. Green mirid bug/green_mirid_bug_00288.jpg,6. Green mirid bug,G03328
6. Green mirid bug/green_mirid_bug_00289.jpg,6. Green mirid bug,G03329
6. Green mirid bug/green_mirid_bug_00290.jpg,6. Green mirid bug,G03330
6. Green mirid bug/green_mirid_bug_00291.jpg,6. Green mirid bug,G03331
6. Green mirid bug/green_mirid_bug_00292.jpg,6. Green mirid bug,G03332
6. Green mirid bug/green_mirid_bug_00293.jpg,6. Green mirid bug,G03333
6. Green mirid bug/green_mirid_bug_00294.jpg,6. Green mirid bug,G03334
6. Green mirid bug/green_mirid_bug_00295.jpg,6. Green mirid bug,G03335
6. Green mirid bug/green_mirid_bug_00296.jpg,6. Green mirid bug,G03336
6. Green mirid bug/green_mirid_bug_00297.jpg,6. Green mirid bug,G03337
6. Green mirid bug/green_mirid_bug_00298.jpg,6. Green mirid bug,G03338
6. Green mirid bug/green_mirid_bug_00299.jpg,6. Green mirid bug,G03339
6. Green mirid bug/green_mirid_bug_00300.jpg,6. Green mirid bug,G03340
6. Green mirid bug/green_mirid_bug_00301.jpg,6. Green mirid bug,G03341
6. Green mirid bug/green_mirid_bug_00302.jpg,6. Green mirid bug,G03342
6. Green mirid bug/green_mirid_bug_00303.jpg,6. Green mirid bug,G03343
6. Green mirid bug/green_mirid_bug_00304.jpg,6. Green mirid bug,G03344
6. Green mirid bug/green_mirid_bug_00305.jpg,6. Green mirid bug,G03345
6. Green mirid bug/green_mirid_bug_00306.jpg,6. Green mirid bug,G03346
6. Green mirid bug/green_mirid_bug_00307.jpg,6. Green mirid bug,G03347
6. Green mirid bug/green_mirid_bug_00308.jpg,6. Green mirid bug,G03348
6. Green mirid bug/green_mirid_bug_00309.jpg,6. Green mirid bug,G03349
6. Green mirid bug/green_mirid_bug_00310.jpg,6. Green mirid bug,G03350
6. Green mirid bug/green_mirid_bug_00311.jpg,6. Green mirid bug,G03351
6. Green mirid bug/green_mirid_bug_00312.jpg,6. Green mirid bug,G03352
6. Green mirid bug/green_mirid_bug_00313.jpg,6. Green mirid bug,G03353
6. Green mirid bug/green_mirid_bug_00314.jpg,6. Green mirid bug,G03354
6. Green mirid bug/green_mirid_bug_00315.jpg,6. Green mirid bug,G03355
6. Green mirid bug/green_mirid_bug_00316.jpg,6. Green mirid bug,G03356
6. Green mirid bug/green_mirid_bug_00317.jpg,6. Green mirid bug,G03357
6. Green mirid bug/green_mirid_bug_00318.jpg,6. Green mirid bug,G03358
6. Green mirid bug/green_mirid_bug_00319.jpg,6. Green mirid bug,G03359
6. Green mirid bug/green_mirid_bug_00320.jpg,6. Green mirid bug,G03360
6. Green mirid bug/green_mirid_bug_00321.jpg,6. Green mirid bug,G03361
6. Green mirid bug/green_mirid_bug_00322.jpg,6. Green mirid bug,G03362
6. Green mirid bug/green_mirid_bug_00323.jpg,6. Green mirid bug,G03363
6. Green mirid bug/green_mirid_bug_00324.jpg,6. Green mirid bug,G03364
6. Green mirid bug/green_mirid_bug_00325.jpg,6. Green mirid bug,G03365
6. Green mirid bug/green_mirid_bug_00326.jpg,6. Green mirid bug,G03366
6. Green mirid bug/green_mirid_bug_00327.jpg,6. Green mirid bug,G03367
6. Green mirid bug/green_mirid_bug_00328.jpg,6. Green mirid bug,G03368
6. Green mirid bug/green_mirid_bug_00329.jpg,6. Green mirid bug,G03369
6. Green mirid bug/green_mirid_bug_00330.jpg,6. Green mirid bug,G03370
6. Green mirid bug/green_mirid_bug_00331.jpg,6. Green mirid bug,G03371
6. Green mirid bug/green_mirid_bug_00332.jpg,6. Green mirid bug,G03372
6. Green mirid bug/green_mirid_bug_00333.jpg,6. Green mirid bug,G03373
6. Green mirid bug/green_mirid_bug_00334.jpg,6. Green mirid bug,G03374
6. Green mirid bug/green_mirid_bug_00335.jpg,6. Green mirid bug,G03375
6. Green mirid bug/green_mirid_bug_00336.jpg,6. Green mirid bug,G03376
6. Green mirid bug/green_mirid_bug_00337.jpg,6. Green mirid bug,G03377
6. Green mirid bug/green_mirid_bug_00338.jpg,6. Green mirid bug,G03378
6. Green mirid bug/green_mirid_bug_00339.jpg,6. Green mirid bug,G03379
6. Green mirid bug/green_mirid_bug_00340.jpg,6. Green mirid bug,G03380
6. Green mirid bug/green_mirid_bug_00341.jpg,6. Green mirid bug,G03381
6. Green mirid bug/green_mirid_bug_00342.jpg,6. Green mirid bug,G03382
6. Green mirid bug/green_mirid_bug_00343.jpg,6. Green mirid bug,G03383
6. Green mirid bug/green_mirid_bug_00344.jpg,6. Green mirid bug,G03384
6. Green mirid bug/green_mirid_bug_00345.jpg,6. Green mirid bug,G03385
6. Green mirid bug/green_mirid_bug_00346.jpg,6. Green mirid bug,G03386
6. Green mirid bug/green_mirid_bug_00347.jpg,6. Green mirid bug,G03387
6. Green mirid bug/green_mirid_bug_00348.jpg,6. Green mirid bug,G03388
6. Green mirid bug/green_mirid_bug_00349.jpg,6. Green mirid bug,G03389
6. Green mirid bug/green_mirid_bug_00350.jpg,6. Green mirid bug,G03390
6. Green mirid bug/green_mirid_bug_00351.jpg,6. Green mirid bug,G03391
6. Green mirid bug/green_mirid_bug_00352.jpg,6. Green mirid bug,G03392
6. Green mirid bug/green_mirid_bug_00353.jpg,6. Green mirid bug,G03393
6. Green mirid bug/green_mirid_bug_00354.jpg,6. Green mirid bug,G03394
6. Green mirid bug/green_mirid_bug_00355.jpg,6. Green mirid bug,G03395
6. Green mirid bug/green_mirid_bug_00356.jpg,6. Green mirid bug,G03396
6. Green mirid bug/green_mirid_bug_00357.jpg,6. Green mirid bug,G03397
6. Green mirid bug/green_mirid_bug_00358.jpg,6. Green mirid bug,G03398
6. Green mirid bug/green_mirid_bug_00359.jpg,6. Green mirid bug,G03399
6. Green mirid bug/green_mirid_bug_00360.jpg,6. Green mirid bug,G03400
6. Green mirid bug/green_mirid_bug_00361.jpg,6. Green mirid bug,G03401
6. Green mirid bug/green_mirid_bug_00362.jpg,6. Green mirid bug,G03402
6. Green mirid bug/green_mirid_bug_00363.jpg,6. Green mirid bug,G03403
6. Green mirid bug/green_mirid_bug_00364.jpg,6. Green mirid bug,G03404
6. Green mirid bug/green_mirid_bug_00365.jpg,6. Green mirid bug,G03405
6. Green mirid bug/green_mirid_bug_00366.jpg,6. Green mirid bug,G03406
6. Green mirid bug/green_mirid_bug_00367.jpg,6. Green mirid bug,G03407
6. Green mirid bug/green_mirid_bug_00368.jpg,6. Green mirid bug,G03408
6. Green mirid bug/green_mirid_bug_00369.jpg,6. Green mirid bug,G03409
6. Green mirid bug/green_mirid_bug_00370.jpg,6. Green mirid bug,G03410
6. Green mirid bug/green_mirid_bug_00371.jpg,6. Green mirid bug,G03411
6. Green mirid bug/green_mirid_bug_00372.jpg,6. Green mirid bug,G03412
6. Green mirid bug/green_mirid_bug_00373.jpg,6. Green mirid bug,G03413
6. Green mirid bug/green_mirid_bug_00374.jpg,6. Green mirid bug,G03414
6. Green mirid bug/green_mirid_bug_00375.jpg,6. Green mirid bug,G03415
6. Green mirid bug/green_mirid_bug_00376.jpg,6. Green mirid bug,G03416
6. Green mirid bug/green_mirid_bug_00377.jpg,6. Green mirid bug,G03417
6. Green mirid bug/green_mirid_bug_00378.jpg,6. Green mirid bug,G03418
6. Green mirid bug/green_mirid_bug_00379.jpg,6. Green mirid bug,G03419
6. Green mirid bug/green_mirid_bug_00380.jpg,6. Green mirid bug,G03420
6. Green mirid bug/green_mirid_bug_00381.jpg,6. Green mirid bug,G03421
6. Green mirid bug/green_mirid_bug_00382.jpg,6. Green mirid bug,G03422
6. Green mirid bug/green_mirid_bug_00383.jpg,6. Green mirid bug,G03423
6. Green mirid bug/green_mirid_bug_00384.jpg,6. Green mirid bug,G03424
6. Green mirid bug/green_mirid_bug_00385.jpg,6. Green mirid bug,G03425
6. Green mirid bug/green_mirid_bug_00386.jpg,6. Green mirid bug,G03426
6. Green mirid bug/green_mirid_bug_00387.jpg,6. Green mirid bug,G03427
6. Green mirid bug/green_mirid_bug_00388.jpg,6. Green mirid bug,G00032
6. Green mirid bug/green_mirid_bug_00389.jpg,6. Green mirid bug,G00032
6. Green mirid bug/green_mirid_bug_00390.jpg,6. Green mirid bug,G03428
6. Green mirid bug/green_mirid_bug_00391.jpg,6. Green mirid bug,G03429
6. Green mirid bug/green_mirid_bug_00392.jpg,6. Green mirid bug,G03430
6. Green mirid bug/green_mirid_bug_00393.jpg,6. Green mirid bug,G03431
6. Green mirid bug/green_mirid_bug_00394.jpg,6. Green mirid bug,G03432
6. Green mirid bug/green_mirid_bug_00395.jpg,6. Green mirid bug,G03433
6. Green mirid bug/green_mirid_bug_00396.jpg,6. Green mirid bug,G03434
6. Green mirid bug/green_mirid_bug_00397.jpg,6. Green mirid bug,G03435
6. Green mirid bug/green_mirid_bug_00398.jpg,6. Green mirid bug,G03436
6. Green mirid bug/green_mirid_bug_00399.jpg,6. Green mirid bug,G03437
6. Green mirid bug/green_mirid_bug_00400.jpg,6. Green mirid bug,G03438
6. Green mirid bug/green_mirid_bug_00401.jpg,6. Green mirid bug,G03439
6. Green mirid bug/green_mirid_bug_00402.jpg,6. Green mirid bug,G03440
6. Green mirid bug/green_mirid_bug_00403.jpg,6. Green mirid bug,G03441
6. Green mirid bug/green_mirid_bug_00404.jpg,6. Green mirid bug,G03442
6. Green mirid bug/green_mirid_bug_00405.jpg,6. Green mirid bug,G03443
6. Green mirid bug/green_mirid_bug_00406.jpg,6. Green mirid bug,G03444
6. Green mirid bug/green_mirid_bug_00407.jpg,6. Green mirid bug,G03445
6. Green mirid bug/green_mirid_bug_00408.jpg,6. Green mirid bug,G03446
6. Green mirid bug/green_mirid_bug_00409.jpg,6. Green mirid bug,G03447
6. Green mirid bug/green_mirid_bug_00410.jpg,6. Green mirid bug,G03448
6. Green mirid bug/green_mirid_bug_00411.jpg,6. Green mirid bug,G03449
6. Green mirid bug/green_mirid_bug_00412.jpg,6. Green mirid bug,G03450
6. Green mirid bug/green_mirid_bug_00413.jpg,6. Green mirid bug,G03451
6. Green mirid bug/green_mirid_bug_00414.jpg,6. Green mirid bug,G03452
6. Green mirid bug/green_mirid_bug_00415.jpg,6. Green mirid bug,G03453
6. Green mirid bug/green_mirid_bug_00416.jpg,6. Green mirid bug,G03454
6. Green mirid bug/green_mirid_bug_00417.jpg,6. Green mirid bug,G03455
6. Green mirid bug/green_mirid_bug_00418.jpg,6. Green mirid bug,G03456
6. Green mirid bug/green_mirid_bug_00419.jpg,6. Green mirid bug,G03457
6. Green mirid bug/green_mirid_bug_00420.jpg,6. Green mirid bug,G03458
6. Green mirid bug/green_mirid_bug_00421.jpg,6. Green mirid bug,G03459
6. Green mirid bug/green_mirid_bug_00422.jpg,6. Green mirid bug,G03460
6. Green mirid bug/green_mirid_bug_00423.jpg,6. Green mirid bug,G03461
6. Green mirid bug/green_mirid_bug_00424.jpg,6. Green mirid bug,G03462
6. Green mirid bug/green_mirid_bug_00425.jpg,6. Green mirid bug,G03463
6. Green mirid bug/green_mirid_bug_00426.jpg,6. Green mirid bug,G03464
6. Green mirid bug/green_mirid_bug_00427.jpg,6. Green mirid bug,G03465
6. Green mirid bug/green_mirid_bug_00428.jpg,6. Green mirid bug,G03466
6. Green mirid bug/green_mirid_bug_00429.jpg,6. Green mirid bug,G03467
6. Green mirid bug/green_mirid_bug_00430.jpg,6. Green mirid bug,G03468
6. Green mirid bug/green_mirid_bug_00431.jpg,6. Green mirid bug,G03469
6. Green mirid bug/green_mirid_bug_00432.jpg,6. Green mirid bug,G03470
6. Green mirid bug/green_mirid_bug_00433.jpg,6. Green mirid bug,G03471
6. Green mirid bug/green_mirid_bug_00434.jpg,6. Green mirid bug,G03472
6. Green mirid bug/green_mirid_bug_00435.jpg,6. Green mirid bug,G03473
6. Green mirid bug/green_mirid_bug_00436.jpg,6. Green mirid bug,G03474
6. Green mirid bug/green_mirid_bug_00437.jpg,6. Green mirid bug,G03475
6. Green mirid bug/green_mirid_bug_00438.jpg,6. Green mirid bug,G03476
6. Green mirid bug/green_mirid_bug_00439.jpg,6. Green mirid bug,G03477
6. Green mirid bug/green_mirid_bug_00440.jpg,6. Green mirid bug,G03478
6. Green mirid bug/green_mirid_bug_00441.jpg,6. Green mirid bug,G03479
6. Green mirid bug/green_mirid_bug_00442.jpg,6. Green mirid bug,G03480
6. Green mirid bug/green_mirid_bug_00443.jpg,6. Green mirid bug,G03481
6. Green mirid bug/green_mirid_bug_00444.jpg,6. Green mirid bug,G03482
6. Green mirid bug/green_mirid_bug_00445.jpg,6. Green mirid bug,G03483
6. Green mirid bug/green_mirid_bug_00446.jpg,6. Green mirid bug,G03484
6. Green mirid bug/green_mirid_bug_00447.jpg,6. Green mirid bug,G03485
6. Green mirid bug/green_mirid_bug_00448.jpg,6. Green mirid bug,G03486
6. Green mirid bug/green_mirid_bug_00449.jpg,6. Green mirid bug,G03487
6. Green mirid bug/green_mirid_bug_00450.jpg,6. Green mirid bug,G03488
6. Green mirid bug/green_mirid_bug_00451.jpg,6. Green mirid bug,G03489
6. Green mirid bug/green_mirid_bug_00452.jpg,6. Green mirid bug,G03490
6. Green mirid bug/green_mirid_bug_00453.jpg,6. Green mirid bug,G03491
6. Green mirid bug/green_mirid_bug_00454.jpg,6. Green mirid bug,G03492
6. Green mirid bug/green_mirid_bug_00455.jpg,6. Green mirid bug,G03493
6. Green mirid bug/green_mirid_bug_00456.jpg,6. Green mirid bug,G03494
6. Green mirid bug/green_mirid_bug_00457.jpg,6. Green mirid bug,G03495
6. Green mirid bug/green_mirid_bug_00458.jpg,6. Green mirid bug,G03496
6. Green mirid bug/green_mirid_bug_00459.jpg,6. Green mirid bug,G03497
6. Green mirid bug/green_mirid_bug_00460.jpg,6. Green mirid bug,G03498
6. Green mirid bug/green_mirid_bug_00461.jpg,6. Green mirid bug,G03499
6. Green mirid bug/green_mirid_bug_00462.jpg,6. Green mirid bug,G03500
6. Green mirid bug/green_mirid_bug_00463.jpg,6. Green mirid bug,G03501
6. Green mirid bug/green_mirid_bug_00464.jpg,6. Green mirid bug,G03502
6. Green mirid bug/green_mirid_bug_00465.jpg,6. Green mirid bug,G03503
6. Green mirid bug/green_mirid_bug_00466.jpg,6. Green mirid bug,G03504
6. Green mirid bug/green_mirid_bug_00467.jpg,6. Green mirid bug,G03505
6. Green mirid bug/green_mirid_bug_00468.jpg,6. Green mirid bug,G03506
6. Green mirid bug/green_mirid_bug_00469.jpg,6. Green mirid bug,G03507
6. Green mirid bug/green_mirid_bug_00470.jpg,6. Green mirid bug,G03508
6. Green mirid bug/green_mirid_bug_00471.jpg,6. Green mirid bug,G03509
6. Green mirid bug/green_mirid_bug_00472.jpg,6. Green mirid bug,G03510
6. Green mirid bug/green_mirid_bug_00473.jpg,6. Green mirid bug,G03511
6. Green mirid bug/green_mirid_bug_00474.jpg,6. Green mirid bug,G03512
6. Green mirid bug/green_mirid_bug_00475.jpg,6. Green mirid bug,G03513
6. Green mirid bug/green_mirid_bug_00476.jpg,6. Green mirid bug,G03514
6. Green mirid bug/green_mirid_bug_00477.jpg,6. Green mirid bug,G03515
6. Green mirid bug/green_mirid_bug_00478.jpg,6. Green mirid bug,G03516
6. Green mirid bug/green_mirid_bug_00479.jpg,6. Green mirid bug,G03517
6. Green mirid bug/green_mirid_bug_00480.jpg,6. Green mirid bug,G03518
6. Green mirid bug/green_mirid_bug_00481.jpg,6. Green mirid bug,G03519
6. Green mirid bug/green_mirid_bug_00482.jpg,6. Green mirid bug,G03520
6. Green mirid bug/green_mirid_bug_00483.jpg,6. Green mirid bug,G03521
6. Green mirid bug/green_mirid_bug_00484.jpg,6. Green mirid bug,G03522
6. Green mirid bug/green_mirid_bug_00485.jpg,6. Green mirid bug,G03523
6. Green mirid bug/green_mirid_bug_00486.jpg,6. Green mirid bug,G03524
6. Green mirid bug/green_mirid_bug_00487.jpg,6. Green mirid bug,G00033
6. Green mirid bug/green_mirid_bug_00488.jpg,6. Green mirid bug,G00033
6. Green mirid bug/green_mirid_bug_00489.jpg,6. Green mirid bug,G03525
6. Green mirid bug/green_mirid_bug_00490.jpg,6. Green mirid bug,G03526
6. Green mirid bug/green_mirid_bug_00491.jpg,6. Green mirid bug,G03527
6. Green mirid bug/green_mirid_bug_00492.jpg,6. Green mirid bug,G03528
6. Green mirid bug/green_mirid_bug_00493.jpg,6. Green mirid bug,G03529
6. Green mirid bug/green_mirid_bug_00494.jpg,6. Green mirid bug,G03530
6. Green mirid bug/green_mirid_bug_00495.jpg,6. Green mirid bug,G03531
6. Green mirid bug/green_mirid_bug_00496.jpg,6. Green mirid bug,G03532
6. Green mirid bug/green_mirid_bug_00497.jpg,6. Green mirid bug,G03533
6. Green mirid bug/green_mirid_bug_00498.jpg,6. Green mirid bug,G03534
6. Green mirid bug/green_mirid_bug_00499.jpg,6. Green mirid bug,G03535
6. Green mirid bug/green_mirid_bug_00500.jpg,6. Green mirid bug,G03536
6. Green mirid bug/green_mirid_bug_00501.jpg,6. Green mirid bug,G03537
6. Green mirid bug/green_mirid_bug_00502.jpg,6. Green mirid bug,G03538
6. Green mirid bug/green_mirid_bug_00503.jpg,6. Green mirid bug,G03539
6. Green mirid bug/green_mirid_bug_00504.jpg,6. Green mirid bug,G03540
6. Green mirid bug/green_mirid_bug_00505.jpg,6. Green mirid bug,G03541
6. Green mirid bug/green_mirid_bug_00506.jpg,6. Green mirid bug,G03542
6. Green mirid bug/green_mirid_bug_00507.jpg,6. Green mirid bug,G03543
6. Green mirid bug/green_mirid_bug_00508.jpg,6. Green mirid bug,G03544
6. Green mirid bug/green_mirid_bug_00509.jpg,6. Green mirid bug,G03545
6. Green mirid bug/green_mirid_bug_00510.jpg,6. Green mirid bug,G03546
6. Green mirid bug/green_mirid_bug_00511.jpg,6. Green mirid bug,G03547
6. Green mirid bug/green_mirid_bug_00512.jpg,6. Green mirid bug,G03548
6. Green mirid bug/green_mirid_bug_00513.jpg,6. Green mirid bug,G03549
6. Green mirid bug/green_mirid_bug_00514.jpg,6. Green mirid bug,G03550
6. Green mirid bug/green_mirid_bug_00515.jpg,6. Green mirid bug,G00034
6. Green mirid bug/green_mirid_bug_00516.jpg,6. Green mirid bug,G00034
6. Green mirid bug/green_mirid_bug_00517.jpg,6. Green mirid bug,G03551
6. Green mirid bug/green_mirid_bug_00518.jpg,6. Green mirid bug,G03552
6. Green mirid bug/green_mirid_bug_00519.jpg,6. Green mirid bug,G03553
6. Green mirid bug/green_mirid_bug_00520.jpg,6. Green mirid bug,G03554
6. Green mirid bug/green_mirid_bug_00521.jpg,6. Green mirid bug,G00035
6. Green mirid bug/green_mirid_bug_00522.jpg,6. Green mirid bug,G00035
6. Green mirid bug/green_mirid_bug_00523.jpg,6. Green mirid bug,G03555
6. Green mirid bug/green_mirid_bug_00524.jpg,6. Green mirid bug,G03556
6. Green mirid bug/green_mirid_bug_00525.jpg,6. Green mirid bug,G03557
6. Green mirid bug/green_mirid_bug_00526.jpg,6. Green mirid bug,G03558
6. Green mirid bug/green_mirid_bug_00527.jpg,6. Green mirid bug,G03559
6. Green mirid bug/green_mirid_bug_00528.jpg,6. Green mirid bug,G03560
6. Green mirid bug/green_mirid_bug_00529.jpg,6. Green mirid bug,G03561
6. Green mirid bug/green_mirid_bug_00530.jpg,6. Green mirid bug,G03562
6. Green mirid bug/green_mirid_bug_00531.jpg,6. Green mirid bug,G03563
6. Green mirid bug/green_mirid_bug_00532.jpg,6. Green mirid bug,G03564
6. Green mirid bug/green_mirid_bug_00533.jpg,6. Green mirid bug,G03565
6. Green mirid bug/green_mirid_bug_00534.jpg,6. Green mirid bug,G03566
6. Green mirid bug/green_mirid_bug_00535.jpg,6. Green mirid bug,G03567
6. Green mirid bug/green_mirid_bug_00536.jpg,6. Green mirid bug,G03568
6. Green mirid bug/green_mirid_bug_00537.jpg,6. Green mirid bug,G03569
6. Green mirid bug/green_mirid_bug_00538.jpg,6. Green mirid bug,G03570
6. Green mirid bug/green_mirid_bug_00539.jpg,6. Green mirid bug,G03571
6. Green mirid bug/green_mirid_bug_00540.jpg,6. Green mirid bug,G03572
6. Green mirid bug/green_mirid_bug_00541.jpg,6. Green mirid bug,G03573
6. Green mirid bug/green_mirid_bug_00542.jpg,6. Green mirid bug,G03574
6. Green mirid bug/green_mirid_bug_00543.jpg,6. Green mirid bug,G03575
6. Green mirid bug/green_mirid_bug_00544.jpg,6. Green mirid bug,G03576
6. Green mirid bug/green_mirid_bug_00545.jpg,6. Green mirid bug,G03577
6. Green mirid bug/green_mirid_bug_00546.jpg,6. Green mirid bug,G03578
6. Green mirid bug/green_mirid_bug_00547.jpg,6. Green mirid bug,G03579
6. Green mirid bug/green_mirid_bug_00548.jpg,6. Green mirid bug,G03580
6. Green mirid bug/green_mirid_bug_00549.jpg,6. Green mirid bug,G03581
6. Green mirid bug/green_mirid_bug_00550.jpg,6. Green mirid bug,G03582
6. Green mirid bug/green_mirid_bug_00551.jpg,6. Green mirid bug,G03583
6. Green mirid bug/green_mirid_bug_00552.jpg,6. Green mirid bug,G03584
6. Green mirid bug/green_mirid_bug_00553.jpg,6. Green mirid bug,G03585
6. Green mirid bug/green_mirid_bug_00554.jpg,6. Green mirid bug,G03586
6. Green mirid bug/green_mirid_bug_00555.jpg,6. Green mirid bug,G03587
6. Green mirid bug/green_mirid_bug_00556.jpg,6. Green mirid bug,G03588
6. Green mirid bug/green_mirid_bug_00557.jpg,6. Green mirid bug,G03589
6. Green mirid bug/green_mirid_bug_00558.jpg,6. Green mirid bug,G03590
6. Green mirid bug/green_mirid_bug_00559.jpg,6. Green mirid bug,G03591
6. Green mirid bug/green_mirid_bug_00560.jpg,6. Green mirid bug,G03592
6. Green mirid bug/green_mirid_bug_00561.jpg,6. Green mirid bug,G03593
6. Green mirid bug/green_mirid_bug_00562.jpg,6. Green mirid bug,G03594
6. Green mirid bug/green_mirid_bug_00563.jpg,6. Green mirid bug,G03595
6. Green mirid bug/green_mirid_bug_00564.jpg,6. Green mirid bug,G03596
6. Green mirid bug/green_mirid_bug_00565.jpg,6. Green mirid bug,G03597
6. Green mirid bug/green_mirid_bug_00566.jpg,6. Green mirid bug,G03598
6. Green mirid bug/green_mirid_bug_00567.jpg,6. Green mirid bug,G03599
6. Green mirid bug/green_mirid_bug_00568.jpg,6. Green mirid bug,G03600
6. Green mirid bug/green_mirid_bug_00569.jpg,6. Green mirid bug,G03601
6. Green mirid bug/green_mirid_bug_00570.jpg,6. Green mirid bug,G03602
6. Green mirid bug/green_mirid_bug_00571.jpg,6. Green mirid bug,G03603
6. Green mirid bug/green_mirid_bug_00572.jpg,6. Green mirid bug,G03604
6. Green mirid bug/green_mirid_bug_00573.jpg,6. Green mirid bug,G03605
6. Green mirid bug/green_mirid_bug_00574.jpg,6. Green mirid bug,G03606
6. Green mirid bug/green_mirid_bug_00575.jpg,6. Green mirid bug,G03607
6. Green mirid bug/green_mirid_bug_00576.jpg,6. Green mirid bug,G03608
6. Green mirid bug/green_mirid_bug_00577.jpg,6. Green mirid bug,G03609
6. Green mirid bug/green_mirid_bug_00578.jpg,6. Green mirid bug,G03610
6. Green mirid bug/green_mirid_bug_00579.jpg,6. Green mirid bug,G03611
6. Green mirid bug/green_mirid_bug_00580.jpg,6. Green mirid bug,G00036
6. Green mirid bug/green_mirid_bug_00581.jpg,6. Green mirid bug,G00036
6. Green mirid bug/green_mirid_bug_00582.jpg,6. Green mirid bug,G03612
6. Green mirid bug/green_mirid_bug_00583.jpg,6. Green mirid bug,G03613
6. Green mirid bug/green_mirid_bug_00584.jpg,6. Green mirid bug,G03614
6. Green mirid bug/green_mirid_bug_00585.jpg,6. Green mirid bug,G03615
6. Green mirid bug/green_mirid_bug_00586.jpg,6. Green mirid bug,G03616
6. Green mirid bug/green_mirid_bug_00587.jpg,6. Green mirid bug,G03617
6. Green mirid bug/green_mirid_bug_00588.jpg,6. Green mirid bug,G03618
6. Green mirid bug/green_mirid_bug_00589.jpg,6. Green mirid bug,G03619
6. Green mirid bug/green_mirid_bug_00590.jpg,6. Green mirid bug,G03620
6. Green mirid bug/green_mirid_bug_00591.jpg,6. Green mirid bug,G03621
6. Green mirid bug/green_mirid_bug_00592.jpg,6. Green mirid bug,G03622
6. Green mirid bug/green_mirid_bug_00593.jpg,6. Green mirid bug,G03623
6. Green mirid bug/green_mirid_bug_00594.jpg,6. Green mirid bug,G03624
6. Green mirid bug/green_mirid_bug_00595.jpg,6. Green mirid bug,G03625
6. Green mirid bug/green_mirid_bug_00596.jpg,6. Green mirid bug,G03626
6. Green mirid bug/green_mirid_bug_00597.jpg,6. Green mirid bug,G03627
6. Green mirid bug/green_mirid_bug_00598.jpg,6. Green mirid bug,G03628
6. Green mirid bug/green_mirid_bug_00599.jpg,6. Green mirid bug,G03629
6. Green mirid bug/green_mirid_bug_00600.jpg,6. Green mirid bug,G03630
6. Green mirid bug/green_mirid_bug_00601.jpg,6. Green mirid bug,G03631
6. Green mirid bug/green_mirid_bug_00602.jpg,6. Green mirid bug,G03632
6. Green mirid bug/green_mirid_bug_00603.jpg,6. Green mirid bug,G03633
6. Green mirid bug/green_mirid_bug_00604.jpg,6. Green mirid bug,G03634
6. Green mirid bug/green_mirid_bug_00605.jpg,6. Green mirid bug,G03635
6. Green mirid bug/green_mirid_bug_00606.jpg,6. Green mirid bug,G03636
6. Green mirid bug/green_mirid_bug_00607.jpg,6. Green mirid bug,G03637
6. Green mirid bug/green_mirid_bug_00608.jpg,6. Green mirid bug,G03638
6. Green mirid bug/green_mirid_bug_00609.jpg,6. Green mirid bug,G03639
6. Green mirid bug/green_mirid_bug_00610.jpg,6. Green mirid bug,G03640
6. Green mirid bug/green_mirid_bug_00611.jpg,6. Green mirid bug,G03641
6. Green mirid bug/green_mirid_bug_00612.jpg,6. Green mirid bug,G03642
6. Green mirid bug/green_mirid_bug_00613.jpg,6. Green mirid bug,G03643
6. Green mirid bug/green_mirid_bug_00614.jpg,6. Green mirid bug,G03644
6. Green mirid bug/green_mirid_bug_00615.jpg,6. Green mirid bug,G03645
6. Green mirid bug/green_mirid_bug_00616.jpg,6. Green mirid bug,G03646
6. Green mirid bug/green_mirid_bug_00617.jpg,6. Green mirid bug,G03647
6. Green mirid bug/green_mirid_bug_00618.jpg,6. Green mirid bug,G03648
6. Green mirid bug/green_mirid_bug_00619.jpg,6. Green mirid bug,G03649
6. Green mirid bug/green_mirid_bug_00620.jpg,6. Green mirid bug,G03650
6. Green mirid bug/green_mirid_bug_00621.jpg,6. Green mirid bug,G03651
6. Green mirid bug/green_mirid_bug_00622.jpg,6. Green mirid bug,G03652
6. Green mirid bug/green_mirid_bug_00623.jpg,6. Green mirid bug,G03653
6. Green mirid bug/green_mirid_bug_00624.jpg,6. Green mirid bug,G03654
6. Green mirid bug/green_mirid_bug_00625.jpg,6. Green mirid bug,G03655
6. Green mirid bug/green_mirid_bug_00626.jpg,6. Green mirid bug,G03656
6. Green mirid bug/green_mirid_bug_00627.jpg,6. Green mirid bug,G03657
6. Green mirid bug/green_mirid_bug_00628.jpg,6. Green mirid bug,G03658
6. Green mirid bug/green_mirid_bug_00629.jpg,6. Green mirid bug,G03659
6. Green mirid bug/green_mirid_bug_00630.jpg,6. Green mirid bug,G03660
6. Green mirid bug/green_mirid_bug_00631.jpg,6. Green mirid bug,G03661
6. Green mirid bug/green_mirid_bug_00632.jpg,6. Green mirid bug,G03662
6. Green mirid bug/green_mirid_bug_00633.jpg,6. Green mirid bug,G03663
6. Green mirid bug/green_mirid_bug_00634.jpg,6. Green mirid bug,G03664
6. Green mirid bug/green_mirid_bug_00635.jpg,6. Green mirid bug,G03665
6. Green mirid bug/green_mirid_bug_00636.jpg,6. Green mirid bug,G03666
6. Green mirid bug/green_mirid_bug_00637.jpg,6. Green mirid bug,G03667
6. Green mirid bug/green_mirid_bug_00638.jpg,6. Green mirid bug,G03668
6. Green mirid bug/green_mirid_bug_00639.jpg,6. Green mirid bug,G03669
6. Green mirid bug/green_mirid_bug_00640.jpg,6. Green mirid bug,G03670
6. Green mirid bug/green_mirid_bug_00641.jpg,6. Green mirid bug,G03671
6. Green mirid bug/green_mirid_bug_00642.jpg,6. Green mirid bug,G03672
6. Green mirid bug/green_mirid_bug_00643.jpg,6. Green mirid bug,G03673
6. Green mirid bug/green_mirid_bug_00644.jpg,6. Green mirid bug,G03674
6. Green mirid bug/green_mirid_bug_00645.jpg,6. Green mirid bug,G03675
6. Green mirid bug/green_mirid_bug_00646.jpg,6. Green mirid bug,G03676
6. Green mirid bug/green_mirid_bug_00647.jpg,6. Green mirid bug,G00037
6. Green mirid bug/green_mirid_bug_00648.jpg,6. Green mirid bug,G00037
6. Green mirid bug/green_mirid_bug_00649.jpg,6. Green mirid bug,G03677
6. Green mirid bug/green_mirid_bug_00650.jpg,6. Green mirid bug,G00038
6. Green mirid bug/green_mirid_bug_00651.jpg,6. Green mirid bug,G00038
6. Green mirid bug/green_mirid_bug_00652.jpg,6. Green mirid bug,G03678
6. Green mirid bug/green_mirid_bug_00653.jpg,6. Green mirid bug,G03679
6. Green mirid bug/green_mirid_bug_00654.jpg,6. Green mirid bug,G03680
6. Green mirid bug/green_mirid_bug_00655.jpg,6. Green mirid bug,G03681
6. Green mirid bug/green_mirid_bug_00656.jpg,6. Green mirid bug,G03682
6. Green mirid bug/green_mirid_bug_00657.jpg,6. Green mirid bug,G03683
6. Green mirid bug/green_mirid_bug_00658.jpg,6. Green mirid bug,G03684
6. Green mirid bug/green_mirid_bug_00659.jpg,6. Green mirid bug,G03685
6. Green mirid bug/green_mirid_bug_00660.jpg,6. Green mirid bug,G03686
6. Green mirid bug/green_mirid_bug_00661.jpg,6. Green mirid bug,G03687
6. Green mirid bug/green_mirid_bug_00662.jpg,6. Green mirid bug,G03688
6. Green mirid bug/green_mirid_bug_00663.jpg,6. Green mirid bug,G03689
6. Green mirid bug/green_mirid_bug_00664.jpg,6. Green mirid bug,G03690
6. Green mirid bug/green_mirid_bug_00665.jpg,6. Green mirid bug,G03691
6. Green mirid bug/green_mirid_bug_00666.jpg,6. Green mirid bug,G03692
6. Green mirid bug/green_mirid_bug_00667.jpg,6. Green mirid bug,G03693
6. Green mirid bug/green_mirid_bug_00668.jpg,6. Green mirid bug,G03694
6. Green mirid bug/green_mirid_bug_00669.jpg,6. Green mirid bug,G03695
6. Green mirid bug/green_mirid_bug_00670.jpg,6. Green mirid bug,G03696
6. Green mirid bug/green_mirid_bug_00671.jpg,6. Green mirid bug,G03697
6. Green mirid bug/green_mirid_bug_00672.jpg,6. Green mirid bug,G03698
6. Green mirid bug/green_mirid_bug_00673.jpg,6. Green mirid bug,G03699
6. Green mirid bug/green_mirid_bug_00674.jpg,6. Green mirid bug,G03700
6. Green mirid bug/green_mirid_bug_00675.jpg,6. Green mirid bug,G03701
6. Green mirid bug/green_mirid_bug_00676.jpg,6. Green mirid bug,G03702
6. Green mirid bug/green_mirid_bug_00677.jpg,6. Green mirid bug,G03703
6. Green mirid bug/green_mirid_bug_00678.jpg,6. Green mirid bug,G03704
6. Green mirid bug/green_mirid_bug_00679.jpg,6. Green mirid bug,G03705
6. Green mirid bug/green_mirid_bug_00680.jpg,6. Green mirid bug,G03706
6. Green mirid bug/green_mirid_bug_00681.jpg,6. Green mirid bug,G03707
6. Green mirid bug/green_mirid_bug_00682.jpg,6. Green mirid bug,G03708
6. Green mirid bug/green_mirid_bug_00683.jpg,6. Green mirid bug,G03709
6. Green mirid bug/green_mirid_bug_00684.jpg,6. Green mirid bug,G03710
6. Green mirid bug/green_mirid_bug_00685.jpg,6. Green mirid bug,G03711
6. Green mirid bug/green_mirid_bug_00686.jpg,6. Green mirid bug,G03712
6. Green mirid bug/green_mirid_bug_00687.jpg,6. Green mirid bug,G03713
6. Green mirid bug/green_mirid_bug_00688.jpg,6. Green mirid bug,G03714
6. Green mirid bug/green_mirid_bug_00689.jpg,6. Green mirid bug,G00039
6. Green mirid bug/green_mirid_bug_00690.jpg,6. Green mirid bug,G00039
6. Green mirid bug/green_mirid_bug_00691.jpg,6. Green mirid bug,G03715
6. Green mirid bug/green_mirid_bug_00692.jpg,6. Green mirid bug,G03716
6. Green mirid bug/green_mirid_bug_00693.jpg,6. Green mirid bug,G03717
6. Green mirid bug/green_mirid_bug_00694.jpg,6. Green mirid bug,G03718
6. Green mirid bug/green_mirid_bug_00695.jpg,6. Green mirid bug,G03719
6. Green mirid bug/green_mirid_bug_00696.jpg,6. Green mirid bug,G03720
6. Green mirid bug/green_mirid_bug_00697.jpg,6. Green mirid bug,G03721
6. Green mirid bug/green_mirid_bug_00698.jpg,6. Green mirid bug,G03722
6. Green mirid bug/green_mirid_bug_00699.jpg,6. Green mirid bug,G03723
6. Green mirid bug/green_mirid_bug_00700.jpg,6. Green mirid bug,G03724
6. Green mirid bug/green_mirid_bug_00701.jpg,6. Green mirid bug,G03725
6. Green mirid bug/green_mirid_bug_00702.jpg,6. Green mirid bug,G03726
6. Green mirid bug/green_mirid_bug_00703.jpg,6. Green mirid bug,G03727
6. Green mirid bug/green_mirid_bug_00704.jpg,6. Green mirid bug,G03728
6. Green mirid bug/green_mirid_bug_00705.jpg,6. Green mirid bug,G03729
6. Green mirid bug/green_mirid_bug_00706.jpg,6. Green mirid bug,G03730
6. Green mirid bug/green_mirid_bug_00707.jpg,6. Green mirid bug,G03731
6. Green mirid bug/green_mirid_bug_00708.jpg,6. Green mirid bug,G03732
6. Green mirid bug/green_mirid_bug_00709.jpg,6. Green mirid bug,G03733
6. Green mirid bug/green_mirid_bug_00710.jpg,6. Green mirid bug,G03734
6. Green mirid bug/green_mirid_bug_00711.jpg,6. Green mirid bug,G03735
6. Green mirid bug/green_mirid_bug_00712.jpg,6. Green mirid bug,G03736
6. Green mirid bug/green_mirid_bug_00713.jpg,6. Green mirid bug,G03737
6. Green mirid bug/green_mirid_bug_00714.jpg,6. Green mirid bug,G03738
6. Green mirid bug/green_mirid_bug_00715.jpg,6. Green mirid bug,G03739
6. Green mirid bug/green_mirid_bug_00716.jpg,6. Green mirid bug,G03740
6. Green mirid bug/green_mirid_bug_00717.jpg,6. Green mirid bug,G03741
6. Green mirid bug/green_mirid_bug_00718.jpg,6. Green mirid bug,G03742
6. Green mirid bug/green_mirid_bug_00719.jpg,6. Green mirid bug,G03743
6. Green mirid bug/green_mirid_bug_00720.jpg,6. Green mirid bug,G03744
6. Green mirid bug/green_mirid_bug_00721.jpg,6. Green mirid bug,G03745
6. Green mirid bug/green_mirid_bug_00722.jpg,6. Green mirid bug,G03746
6. Green mirid bug/green_mirid_bug_00723.jpg,6. Green mirid bug,G03747
6. Green mirid bug/green_mirid_bug_00724.jpg,6. Green mirid bug,G03748
6. Green mirid bug/green_mirid_bug_00725.jpg,6. Green mirid bug,G03749
6. Green mirid bug/green_mirid_bug_00726.jpg,6. Green mirid bug,G03750
6. Green mirid bug/green_mirid_bug_00727.jpg,6. Green mirid bug,G03751
6. Green mirid bug/green_mirid_bug_00728.jpg,6. Green mirid bug,G03752
6. Green mirid bug/green_mirid_bug_00729.jpg,6. Green mirid bug,G03753
6. Green mirid bug/green_mirid_bug_00730.jpg,6. Green mirid bug,G03754
6. Green mirid bug/green_mirid_bug_00731.jpg,6. Green mirid bug,G03755
6. Green mirid bug/green_mirid_bug_00732.jpg,6. Green mirid bug,G03756
6. Green mirid bug/green_mirid_bug_00733.jpg,6. Green mirid bug,G03757
6. Green mirid bug/green_mirid_bug_00734.jpg,6. Green mirid bug,G03758
6. Green mirid bug/green_mirid_bug_00735.jpg,6. Green mirid bug,G03759
6. Green mirid bug/green_mirid_bug_00736.jpg,6. Green mirid bug,G03760
6. Green mirid bug/green_mirid_bug_00737.jpg,6. Green mirid bug,G03761
6. Green mirid bug/green_mirid_bug_00738.jpg,6. Green mirid bug,G03762
6. Green mirid bug/green_mirid_bug_00739.jpg,6. Green mirid bug,G03763
6. Green mirid bug/green_mirid_bug_00740.jpg,6. Green mirid bug,G03764
6. Green mirid bug/green_mirid_bug_00741.jpg,6. Green mirid bug,G03765
6. Green mirid bug/green_mirid_bug_00742.jpg,6. Green mirid bug,G03766
6. Green mirid bug/green_mirid_bug_00743.jpg,6. Green mirid bug,G03767
6. Green mirid bug/green_mirid_bug_00744.jpg,6. Green mirid bug,G03768
6. Green mirid bug/green_mirid_bug_00745.jpg,6. Green mirid bug,G03769
6. Green mirid bug/green_mirid_bug_00746.jpg,6. Green mirid bug,G03770
6. Green mirid bug/green_mirid_bug_00747.jpg,6. Green mirid bug,G03771
6. Green mirid bug/green_mirid_bug_00748.jpg,6. Green mirid bug,G03772
6. Green mirid bug/green_mirid_bug_00749.jpg,6. Green mirid bug,G03773
6. Green mirid bug/green_mirid_bug_00750.jpg,6. Green mirid bug,G03774
6. Green mirid bug/green_mirid_bug_00751.jpg,6. Green mirid bug,G03775
6. Green mirid bug/green_mirid_bug_00752.jpg,6. Green mirid bug,G03776
6. Green mirid bug/green_mirid_bug_00753.jpg,6. Green mirid bug,G03777
6. Green mirid bug/green_mirid_bug_00754.jpg,6. Green mirid bug,G03778
6. Green mirid bug/green_mirid_bug_00755.jpg,6. Green mirid bug,G03779
6. Green mirid bug/green_mirid_bug_00756.jpg,6. Green mirid bug,G03780
6. Green mirid bug/green_mirid_bug_00757.jpg,6. Green mirid bug,G03781
6. Green mirid bug/green_mirid_bug_00758.jpg,6. Green mirid bug,G03782
6. Green mirid bug/green_mirid_bug_00759.jpg,6. Green mirid bug,G03783
6. Green mirid bug/green_mirid_bug_00760.jpg,6. Green mirid bug,G03784
6. Green mirid bug/green_mirid_bug_00761.jpg,6. Green mirid bug,G03785
6. Green mirid bug/green_mirid_bug_00762.jpg,6. Green mirid bug,G03786
6. Green mirid bug/green_mirid_bug_00763.jpg,6. Green mirid bug,G03787
6. Green mirid bug/green_mirid_bug_00764.jpg,6. Green mirid bug,G03788
6. Green mirid bug/green_mirid_bug_00765.jpg,6. Green mirid bug,G03789
6. Green mirid bug/green_mirid_bug_00766.jpg,6. Green mirid bug,G03790
6. Green mirid bug/green_mirid_bug_00767.jpg,6. Green mirid bug,G03791
6. Green mirid bug/green_mirid_bug_00768.jpg,6. Green mirid bug,G03792
6. Green mirid bug/green_mirid_bug_00769.jpg,6. Green mirid bug,G03793
6. Green mirid bug/green_mirid_bug_00770.jpg,6. Green mirid bug,G03794
6. Green mirid bug/green_mirid_bug_00771.jpg,6. Green mirid bug,G03795
6. Green mirid bug/green_mirid_bug_00772.jpg,6. Green mirid bug,G03796
6. Green mirid bug/green_mirid_bug_00773.jpg,6. Green mirid bug,G03797
6. Green mirid bug/green_mirid_bug_00774.jpg,6. Green mirid bug,G03798
6. Green mirid bug/green_mirid_bug_00775.jpg,6. Green mirid bug,G03799
6. Green mirid bug/green_mirid_bug_00776.jpg,6. Green mirid bug,G03800
6. Green mirid bug/green_mirid_bug_00777.jpg,6. Green mirid bug,G03801
6. Green mirid bug/green_mirid_bug_00778.jpg,6. Green mirid bug,G03802
6. Green mirid bug/green_mirid_bug_00779.jpg,6. Green mirid bug,G03803
6. Green mirid bug/green_mirid_bug_00780.jpg,6. Green mirid bug,G03804
6. Green mirid bug/green_mirid_bug_00781.jpg,6. Green mirid bug,G03805
6. Green mirid bug/green_mirid_bug_00782.jpg,6. Green mirid bug,G03806
6. Green mirid bug/green_mirid_bug_00783.jpg,6. Green mirid bug,G03807
6. Green mirid bug/green_mirid_bug_00784.jpg,6. Green mirid bug,G03808
6. Green mirid bug/green_mirid_bug_00785.jpg,6. Green mirid bug,G03809
6. Green mirid bug/green_mirid_bug_00786.jpg,6. Green mirid bug,G03810
6. Green mirid bug/green_mirid_bug_00787.jpg,6. Green mirid bug,G03811
6. Green mirid bug/green_mirid_bug_00788.jpg,6. Green mirid bug,G03812
6. Green mirid bug/green_mirid_bug_00789.jpg,6. Green mirid bug,G03813
6. Green mirid bug/green_mirid_bug_00790.jpg,6. Green mirid bug,G03814
6. Green mirid bug/green_mirid_bug_00791.jpg,6. Green mirid bug,G03815
6. Green mirid bug/green_mirid_bug_00792.jpg,6. Green mirid bug,G03816
6. Green mirid bug/green_mirid_bug_00793.jpg,6. Green mirid bug,G03817
6. Green mirid bug/green_mirid_bug_00794.jpg,6. Green mirid bug,G03818
6. Green mirid bug/green_mirid_bug_00795.jpg,6. Green mirid bug,G03819
6. Green mirid bug/green_mirid_bug_00796.jpg,6. Green mirid bug,G03820
6. Green mirid bug/green_mirid_bug_00797.jpg,6. Green mirid bug,G03821
6. Green mirid bug/green_mirid_bug_00798.jpg,6. Green mirid bug,G03822
6. Green mirid bug/green_mirid_bug_00799.jpg,6. Green mirid bug,G03823
6. Green mirid bug/green_mirid_bug_00800.jpg,6. Green mirid bug,G03824
6. Green mirid bug/green_mirid_bug_00801.jpg,6. Green mirid bug,G00040
6. Green mirid bug/green_mirid_bug_00802.jpg,6. Green mirid bug,G03825
6. Green mirid bug/green_mirid_bug_00803.jpg,6. Green mirid bug,G00040
6. Green mirid bug/green_mirid_bug_00804.jpg,6. Green mirid bug,G03826
6. Green mirid bug/green_mirid_bug_00805.jpg,6. Green mirid bug,G03827
6. Green mirid bug/green_mirid_bug_00806.jpg,6. Green mirid bug,G03828
6. Green mirid bug/green_mirid_bug_00807.jpg,6. Green mirid bug,G03829
6. Green mirid bug/green_mirid_bug_00808.jpg,6. Green mirid bug,G03830
6. Green mirid bug/green_mirid_bug_00809.jpg,6. Green mirid bug,G03831
6. Green mirid bug/green_mirid_bug_00810.jpg,6. Green mirid bug,G03832
6. Green mirid bug/green_mirid_bug_00811.jpg,6. Green mirid bug,G03833
6. Green mirid bug/green_mirid_bug_00812.jpg,6. Green mirid bug,G03834
6. Green mirid bug/green_mirid_bug_00813.jpg,6. Green mirid bug,G03835
6. Green mirid bug/green_mirid_bug_00814.jpg,6. Green mirid bug,G03836
6. Green mirid bug/green_mirid_bug_00815.jpg,6. Green mirid bug,G03837
6. Green mirid bug/green_mirid_bug_00816.jpg,6. Green mirid bug,G00041
6. Green mirid bug/green_mirid_bug_00817.jpg,6. Green mirid bug,G00041
6. Green mirid bug/green_mirid_bug_00818.jpg,6. Green mirid bug,G03838
6. Green mirid bug/green_mirid_bug_00819.jpg,6. Green mirid bug,G03839
6. Green mirid bug/green_mirid_bug_00820.jpg,6. Green mirid bug,G03840
6. Green mirid bug/green_mirid_bug_00821.jpg,6. Green mirid bug,G03841
6. Green mirid bug/green_mirid_bug_00822.jpg,6. Green mirid bug,G03842
6. Green mirid bug/green_mirid_bug_00823.jpg,6. Green mirid bug,G03843
6. Green mirid bug/green_mirid_bug_00824.jpg,6. Green mirid bug,G03844
6. Green mirid bug/green_mirid_bug_00825.jpg,6. Green mirid bug,G03845
6. Green mirid bug/green_mirid_bug_00826.jpg,6. Green mirid bug,G03846
6. Green mirid bug/green_mirid_bug_00827.jpg,6. Green mirid bug,G03847
6. Green mirid bug/green_mirid_bug_00828.jpg,6. Green mirid bug,G03848
6. Green mirid bug/green_mirid_bug_00829.jpg,6. Green mirid bug,G03849
6. Green mirid bug/green_mirid_bug_00830.jpg,6. Green mirid bug,G03850
6. Green mirid bug/green_mirid_bug_00831.jpg,6. Green mirid bug,G03851
6. Green mirid bug/green_mirid_bug_00832.jpg,6. Green mirid bug,G03852
6. Green mirid bug/green_mirid_bug_00833.jpg,6. Green mirid bug,G03853
6. Green mirid bug/green_mirid_bug_00834.jpg,6. Green mirid bug,G03854
6. Green mirid bug/green_mirid_bug_00835.jpg,6. Green mirid bug,G03855
6. Green mirid bug/green_mirid_bug_00836.jpg,6. Green mirid bug,G03856
6. Green mirid bug/green_mirid_bug_00837.jpg,6. Green mirid bug,G03857
6. Green mirid bug/green_mirid_bug_00838.jpg,6. Green mirid bug,G03858
6. Green mirid bug/green_mirid_bug_00839.jpg,6. Green mirid bug,G03859
6. Green mirid bug/green_mirid_bug_00840.jpg,6. Green mirid bug,G03860
6. Green mirid bug/green_mirid_bug_00841.jpg,6. Green mirid bug,G03861
6. Green mirid bug/green_mirid_bug_00842.jpg,6. Green mirid bug,G03862
6. Green mirid bug/green_mirid_bug_00843.jpg,6. Green mirid bug,G03863
6. Green mirid bug/green_mirid_bug_00844.jpg,6. Green mirid bug,G03864
6. Green mirid bug/green_mirid_bug_00845.jpg,6. Green mirid bug,G03865
6. Green mirid bug/green_mirid_bug_00846.jpg,6. Green mirid bug,G03866
6. Green mirid bug/green_mirid_bug_00847.jpg,6. Green mirid bug,G03867
6. Green mirid bug/green_mirid_bug_00848.jpg,6. Green mirid bug,G03868
6. Green mirid bug/green_mirid_bug_00849.jpg,6. Green mirid bug,G03869
6. Green mirid bug/green_mirid_bug_00850.jpg,6. Green mirid bug,G03870
6. Green mirid bug/green_mirid_bug_00851.jpg,6. Green mirid bug,G03871
6. Green mirid bug/green_mirid_bug_00852.jpg,6. Green mirid bug,G03872
6. Green mirid bug/green_mirid_bug_00853.jpg,6. Green mirid bug,G03873
6. Green mirid bug/green_mirid_bug_00854.jpg,6. Green mirid bug,G03874
6. Green mirid bug/green_mirid_bug_00855.jpg,6. Green mirid bug,G03875
6. Green mirid bug/green_mirid_bug_00856.jpg,6. Green mirid bug,G03876
6. Green mirid bug/green_mirid_bug_00857.jpg,6. Green mirid bug,G03877
6. Green mirid bug/green_mirid_bug_00858.jpg,6. Green mirid bug,G03878
6. Green mirid bug/green_mirid_bug_00859.jpg,6. Green mirid bug,G03879
6. Green mirid bug/green_mirid_bug_00860.jpg,6. Green mirid bug,G03880
6. Green mirid bug/green_mirid_bug_00861.jpg,6. Green mirid bug,G03881
6. Green mirid bug/green_mirid_bug_00862.jpg,6. Green mirid bug,G03882
6. Green mirid bug/green_mirid_bug_00863.jpg,6. Green mirid bug,G03883
6. Green mirid bug/green_mirid_bug_00864.jpg,6. Green mirid bug,G03884
6. Green mirid bug/green_mirid_bug_00865.jpg,6. Green mirid bug,G03885
6. Green mirid bug/green_mirid_bug_00866.jpg,6. Green mirid bug,G03886
6. Green mirid bug/green_mirid_bug_00867.jpg,6. Green mirid bug,G03887
6. Green mirid bug/green_mirid_bug_00868.jpg,6. Green mirid bug,G03888
6. Green mirid bug/green_mirid_bug_00869.jpg,6. Green mirid bug,G03889
6. Green mirid bug/green_mirid_bug_00870.jpg,6. Green mirid bug,G03890
6. Green mirid bug/green_mirid_bug_00871.jpg,6. Green mirid bug,G03891
6. Green mirid bug/green_mirid_bug_00872.jpg,6. Green mirid bug,G03892
6. Green mirid bug/green_mirid_bug_00873.jpg,6. Green mirid bug,G03893
6. Green mirid bug/green_mirid_bug_00874.jpg,6. Green mirid bug,G03894
6. Green mirid bug/green_mirid_bug_00875.jpg,6. Green mirid bug,G03895
6. Green mirid bug/green_mirid_bug_00876.jpg,6. Green mirid bug,G03896
6. Green mirid bug/green_mirid_bug_00877.jpg,6. Green mirid bug,G03897
6. Green mirid bug/green_mirid_bug_00878.jpg,6. Green mirid bug,G03898
6. Green mirid bug/green_mirid_bug_00879.jpg,6. Green mirid bug,G03899
6. Green mirid bug/green_mirid_bug_00880.jpg,6. Green mirid bug,G03900
6. Green mirid bug/green_mirid_bug_00881.jpg,6. Green mirid bug,G03901
6. Green mirid bug/green_mirid_bug_00882.jpg,6. Green mirid bug,G03902
6. Green mirid bug/green_mirid_bug_00883.jpg,6. Green mirid bug,G03903
6. Green mirid bug/green_mirid_bug_00884.jpg,6. Green mirid bug,G03904
6. Green mirid bug/green_mirid_bug_00885.jpg,6. Green mirid bug,G03905
6. Green mirid bug/green_mirid_bug_00886.jpg,6. Green mirid bug,G03906
6. Green mirid bug/green_mirid_bug_00887.jpg,6. Green mirid bug,G03907
6. Green mirid bug/green_mirid_bug_00888.jpg,6. Green mirid bug,G03908
6. Green mirid bug/green_mirid_bug_00889.jpg,6. Green mirid bug,G03909
6. Green mirid bug/green_mirid_bug_00890.jpg,6. Green mirid bug,G03910
6. Green mirid bug/green_mirid_bug_00891.jpg,6. Green mirid bug,G03911
6. Green mirid bug/green_mirid_bug_00892.jpg,6. Green mirid bug,G03912
6. Green mirid bug/green_mirid_bug_00893.jpg,6. Green mirid bug,G03913
6. Green mirid bug/green_mirid_bug_00894.jpg,6. Green mirid bug,G03914
6. Green mirid bug/green_mirid_bug_00895.jpg,6. Green mirid bug,G03915
6. Green mirid bug/green_mirid_bug_00896.jpg,6. Green mirid bug,G03916
6. Green mirid bug/green_mirid_bug_00897.jpg,6. Green mirid bug,G03917
6. Green mirid bug/green_mirid_bug_00898.jpg,6. Green mirid bug,G03918
6. Green mirid bug/green_mirid_bug_00899.jpg,6. Green mirid bug,G03919
6. Green mirid bug/green_mirid_bug_00900.jpg,6. Green mirid bug,G03920
6. Green mirid bug/green_mirid_bug_00901.jpg,6. Green mirid bug,G03921
6. Green mirid bug/green_mirid_bug_00902.jpg,6. Green mirid bug,G03922
6. Green mirid bug/green_mirid_bug_00903.jpg,6. Green mirid bug,G03923
6. Green mirid bug/green_mirid_bug_00904.jpg,6. Green mirid bug,G03924
6. Green mirid bug/green_mirid_bug_00905.jpg,6. Green mirid bug,G03925
6. Green mirid bug/green_mirid_bug_00906.jpg,6. Green mirid bug,G03926
6. Green mirid bug/green_mirid_bug_00907.jpg,6. Green mirid bug,G03927
6. Green mirid bug/green_mirid_bug_00908.jpg,6. Green mirid bug,G03928
6. Green mirid bug/green_mirid_bug_00909.jpg,6. Green mirid bug,G03929
6. Green mirid bug/green_mirid_bug_00910.jpg,6. Green mirid bug,G03930
6. Green mirid bug/green_mirid_bug_00911.jpg,6. Green mirid bug,G03931
6. Green mirid bug/green_mirid_bug_00912.jpg,6. Green mirid bug,G03932
6. Green mirid bug/green_mirid_bug_00913.jpg,6. Green mirid bug,G03933
6. Green mirid bug/green_mirid_bug_00914.jpg,6. Green mirid bug,G03934
6. Green mirid bug/green_mirid_bug_00915.jpg,6. Green mirid bug,G03935
6. Green mirid bug/green_mirid_bug_00916.jpg,6. Green mirid bug,G03936
6. Green mirid bug/green_mirid_bug_00917.jpg,6. Green mirid bug,G03937
6. Green mirid bug/green_mirid_bug_00918.jpg,6. Green mirid bug,G03938
6. Green mirid bug/green_mirid_bug_00919.jpg,6. Green mirid bug,G03939
6. Green mirid bug/green_mirid_bug_00920.jpg,6. Green mirid bug,G03940
6. Green mirid bug/green_mirid_bug_00921.jpg,6. Green mirid bug,G03941
6. Green mirid bug/green_mirid_bug_00922.jpg,6. Green mirid bug,G03942
6. Green mirid bug/green_mirid_bug_00923.jpg,6. Green mirid bug,G03943
6. Green mirid bug/green_mirid_bug_00924.jpg,6. Green mirid bug,G03944
6. Green mirid bug/green_mirid_bug_00925.jpg,6. Green mirid bug,G03945
6. Green mirid bug/green_mirid_bug_00926.jpg,6. Green mirid bug,G03946
6. Green mirid bug/green_mirid_bug_00927.jpg,6. Green mirid bug,G03947
6. Green mirid bug/green_mirid_bug_00928.jpg,6. Green mirid bug,G03948
6. Green mirid bug/green_mirid_bug_00929.jpg,6. Green mirid bug,G03949
6. Green mirid bug/green_mirid_bug_00930.jpg,6. Green mirid bug,G03950
6. Green mirid bug/green_mirid_bug_00931.jpg,6. Green mirid bug,G03951
6. Green mirid bug/green_mirid_bug_00932.jpg,6. Green mirid bug,G03952
6. Green mirid bug/green_mirid_bug_00933.jpg,6. Green mirid bug,G03953
6. Green mirid bug/green_mirid_bug_00934.jpg,6. Green mirid bug,G03954
6. Green mirid bug/green_mirid_bug_00935.jpg,6. Green mirid bug,G03955
6. Green mirid bug/green_mirid_bug_00936.jpg,6. Green mirid bug,G03956
6. Green mirid bug/green_mirid_bug_00937.jpg,6. Green mirid bug,G03957
6. Green mirid bug/green_mirid_bug_00938.jpg,6. Green mirid bug,G03958
6. Green mirid bug/green_mirid_bug_00939.jpg,6. Green mirid bug,G03959
6. Green mirid bug/green_mirid_bug_00940.jpg,6. Green mirid bug,G03960
6. Green mirid bug/green_mirid_bug_00941.jpg,6. Green mirid bug,G03961
6. Green mirid bug/green_mirid_bug_00942.jpg,6. Green mirid bug,G03962
6. Green mirid bug/green_mirid_bug_00943.jpg,6. Green mirid bug,G03963
6. Green mirid bug/green_mirid_bug_00944.jpg,6. Green mirid bug,G03964
6. Green mirid bug/green_mirid_bug_00945.jpg,6. Green mirid bug,G03965
6. Green mirid bug/green_mirid_bug_00946.jpg,6. Green mirid bug,G03966
6. Green mirid bug/green_mirid_bug_00947.jpg,6. Green mirid bug,G03967
6. Green mirid bug/green_mirid_bug_00948.jpg,6. Green mirid bug,G03968
6. Green mirid bug/green_mirid_bug_00949.jpg,6. Green mirid bug,G03969
6. Green mirid bug/green_mirid_bug_00950.jpg,6. Green mirid bug,G03970
6. Green mirid bug/green_mirid_bug_00951.jpg,6. Green mirid bug,G03971
6. Green mirid bug/green_mirid_bug_00952.jpg,6. Green mirid bug,G03972
6. Green mirid bug/green_mirid_bug_00953.jpg,6. Green mirid bug,G03973
6. Green mirid bug/green_mirid_bug_00954.jpg,6. Green mirid bug,G03974
6. Green mirid bug/green_mirid_bug_00955.jpg,6. Green mirid bug,G03975
6. Green mirid bug/green_mirid_bug_00956.jpg,6. Green mirid bug,G03976
6. Green mirid bug/green_mirid_bug_00957.jpg,6. Green mirid bug,G03977
6. Green mirid bug/green_mirid_bug_00958.jpg,6. Green mirid bug,G03978
6. Green mirid bug/green_mirid_bug_00959.jpg,6. Green mirid bug,G03979
6. Green mirid bug/green_mirid_bug_00960.jpg,6. Green mirid bug,G03980
6. Green mirid bug/green_mirid_bug_00961.jpg,6. Green mirid bug,G03981
6. Green mirid bug/green_mirid_bug_00962.jpg,6. Green mirid bug,G03982
6. Green mirid bug/green_mirid_bug_00963.jpg,6. Green mirid bug,G03983
6. Green mirid bug/green_mirid_bug_00964.jpg,6. Green mirid bug,G03984
6. Green mirid bug/green_mirid_bug_00965.jpg,6. Green mirid bug,G03985
6. Green mirid bug/green_mirid_bug_00966.jpg,6. Green mirid bug,G03986
6. Green mirid bug/green_mirid_bug_00967.jpg,6. Green mirid bug,G03987
6. Green mirid bug/green_mirid_bug_00968.jpg,6. Green mirid bug,G03988
6. Green mirid bug/green_mirid_bug_00969.jpg,6. Green mirid bug,G03989
6. Green mirid bug/green_mirid_bug_00970.jpg,6. Green mirid bug,G03990
6. Green mirid bug/green_mirid_bug_00971.jpg,6. Green mirid bug,G03991
6. Green mirid bug/green_mirid_bug_00972.jpg,6. Green mirid bug,G03992
6. Green mirid bug/green_mirid_bug_00973.jpg,6. Green mirid bug,G03993
6. Green mirid bug/green_mirid_bug_00974.jpg,6. Green mirid bug,G03994
6. Green mirid bug/green_mirid_bug_00975.jpg,6. Green mirid bug,G03995
6. Green mirid bug/green_mirid_bug_00976.jpg,6. Green mirid bug,G03996
6. Green mirid bug/green_mirid_bug_00977.jpg,6. Green mirid bug,G03997
6. Green mirid bug/green_mirid_bug_00978.jpg,6. Green mirid bug,G03998
6. Green mirid bug/green_mirid_bug_00979.jpg,6. Green mirid bug,G03999
6. Green mirid bug/green_mirid_bug_00980.jpg,6. Green mirid bug,G04000
6. Green mirid bug/green_mirid_bug_00981.jpg,6. Green mirid bug,G04001
6. Green mirid bug/green_mirid_bug_00982.jpg,6. Green mirid bug,G04002
6. Green mirid bug/green_mirid_bug_00983.jpg,6. Green mirid bug,G04003
6. Green mirid bug/green_mirid_bug_00984.jpg,6. Green mirid bug,G04004
6. Green mirid bug/green_mirid_bug_00985.jpg,6. Green mirid bug,G04005
6. Green mirid bug/green_mirid_bug_00986.jpg,6. Green mirid bug,G04006
6. Green mirid bug/green_mirid_bug_00987.jpg,6. Green mirid bug,G04007
6. Green mirid bug/green_mirid_bug_00988.jpg,6. Green mirid bug,G04008
6. Green mirid bug/green_mirid_bug_00989.jpg,6. Green mirid bug,G04009
6. Green mirid bug/green_mirid_bug_00990.jpg,6. Green mirid bug,G04010
6. Green mirid bug/green_mirid_bug_00991.jpg,6. Green mirid bug,G04011
6. Green mirid bug/green_mirid_bug_00992.jpg,6. Green mirid bug,G04012
6. Green mirid bug/green_mirid_bug_00993.jpg,6. Green mirid bug,G04013
6. Green mirid bug/green_mirid_bug_00994.jpg,6. Green mirid bug,G04014
6. Green mirid bug/green_mirid_bug_00995.jpg,6. Green mirid bug,G04015
6. Green mirid bug/green_mirid_bug_00996.jpg,6. Green mirid bug,G04016
6. Green mirid bug/green_mirid_bug_00997.jpg,6. Green mirid bug,G04017
6. Green mirid bug/green_mirid_bug_00998.jpg,6. Green mirid bug,G04018
6. Green mirid bug/green_mirid_bug_00999.jpg,6. Green mirid bug,G04019
6. Green mirid bug/green_mirid_bug_01000.jpg,6. Green mirid bug,G04020
6. Green mirid bug/green_mirid_bug_01001.jpg,6. Green mirid bug,G04021
6. Green mirid bug/green_mirid_bug_01002.jpg,6. Green mirid bug,G04022
6. Green mirid bug/green_mirid_bug_01003.jpg,6. Green mirid bug,G04023
6. Green mirid bug/green_mirid_bug_01004.jpg,6. Green mirid bug,G04024
6. Green mirid bug/green_mirid_bug_01005.jpg,6. Green mirid bug,G04025
6. Green mirid bug/green_mirid_bug_01006.jpg,6. Green mirid bug,G04026
6. Green mirid bug/green_mirid_bug_01007.jpg,6. Green mirid bug,G04027
6. Green mirid bug/green_mirid_bug_01008.jpg,6. Green mirid bug,G04028
6. Green mirid bug/green_mirid_bug_01009.jpg,6. Green mirid bug,G04029
6. Green mirid bug/green_mirid_bug_01010.jpg,6. Green mirid bug,G04030
6. Green mirid bug/green_mirid_bug_01011.jpg,6. Green mirid bug,G04031
6. Green mirid bug/green_mirid_bug_01012.jpg,6. Green mirid bug,G04032
6. Green mirid bug/green_mirid_bug_01013.jpg,6. Green mirid bug,G04033
6. Green mirid bug/green_mirid_bug_01014.jpg,6. Green mirid bug,G04034
6. Green mirid bug/green_mirid_bug_01015.jpg,6. Green mirid bug,G04035
6. Green mirid bug/green_mirid_bug_01016.jpg,6. Green mirid bug,G04036
6. Green mirid bug/green_mirid_bug_01017.jpg,6. Green mirid bug,G04037
6. Green mirid bug/green_mirid_bug_01018.jpg,6. Green mirid bug,G04038
6. Green mirid bug/green_mirid_bug_01019.jpg,6. Green mirid bug,G04039
6. Green mirid bug/green_mirid_bug_01020.jpg,6. Green mirid bug,G04040
6. Green mirid bug/green_mirid_bug_01021.jpg,6. Green mirid bug,G04041
6. Green mirid bug/green_mirid_bug_01022.jpg,6. Green mirid bug,G04042
6. Green mirid bug/green_mirid_bug_01023.jpg,6. Green mirid bug,G04043
6. Green mirid bug/green_mirid_bug_01024.jpg,6. Green mirid bug,G04044
6. Green mirid bug/green_mirid_bug_01025.jpg,6. Green mirid bug,G04045
6. Green mirid bug/green_mirid_bug_01026.jpg,6. Green mirid bug,G04046
6. Green mirid bug/green_mirid_bug_01027.jpg,6. Green mirid bug,G04047
6. Green mirid bug/green_mirid_bug_01028.jpg,6. Green mirid bug,G04048
6. Green mirid bug/green_mirid_bug_01029.jpg,6. Green mirid bug,G04049
6. Green mirid bug/green_mirid_bug_01030.jpg,6. Green mirid bug,G04050
6. Green mirid bug/green_mirid_bug_01031.jpg,6. Green mirid bug,G04051
6. Green mirid bug/green_mirid_bug_01032.jpg,6. Green mirid bug,G04052
6. Green mirid bug/green_mirid_bug_01033.jpg,6. Green mirid bug,G04053
6. Green mirid bug/green_mirid_bug_01034.jpg,6. Green mirid bug,G04054
6. Green mirid bug/green_mirid_bug_01035.jpg,6. Green mirid bug,G04055
6. Green mirid bug/green_mirid_bug_01036.jpg,6. Green mirid bug,G04056
6. Green mirid bug/green_mirid_bug_01037.jpg,6. Green mirid bug,G04057
6. Green mirid bug/green_mirid_bug_01038.jpg,6. Green mirid bug,G04058
6. Green mirid bug/green_mirid_bug_01039.jpg,6. Green mirid bug,G04059
6. Green mirid bug/green_mirid_bug_01040.jpg,6. Green mirid bug,G04060
6. Green mirid bug/green_mirid_bug_01041.jpg,6. Green mirid bug,G04061
6. Green mirid bug/green_mirid_bug_01042.jpg,6. Green mirid bug,G04062
6. Green mirid bug/green_mirid_bug_01043.jpg,6. Green mirid bug,G04063
6. Green mirid bug/green_mirid_bug_01044.jpg,6. Green mirid bug,G04064
6. Green mirid bug/green_mirid_bug_01045.jpg,6. Green mirid bug,G04065
6. Green mirid bug/green_mirid_bug_01046.jpg,6. Green mirid bug,G04066
6. Green mirid bug/green_mirid_bug_01047.jpg,6. Green mirid bug,G04067
6. Green mirid bug/green_mirid_bug_01048.jpg,6. Green mirid bug,G04068
6. Green mirid bug/green_mirid_bug_01049.jpg,6. Green mirid bug,G04069
6. Green mirid bug/green_mirid_bug_01050.jpg,6. Green mirid bug,G04070
6. Green mirid bug/green_mirid_bug_01051.jpg,6. Green mirid bug,G04071
6. Green mirid bug/green_mirid_bug_01052.jpg,6. Green mirid bug,G04072
6. Green mirid bug/green_mirid_bug_01053.jpg,6. Green mirid bug,G04073
6. Green mirid bug/green_mirid_bug_01054.jpg,6. Green mirid bug,G04074
6. Green mirid bug/green_mirid_bug_01055.jpg,6. Green mirid bug,G04075
6. Green mirid bug/green_mirid_bug_01056.jpg,6. Green mirid bug,G04076
6. Green mirid bug/green_mirid_bug_01057.jpg,6. Green mirid bug,G04077
6. Green mirid bug/green_mirid_bug_01058.jpg,6. Green mirid bug,G04078
6. Green mirid bug/green_mirid_bug_01059.jpg,6. Green mirid bug,G04079
6. Green mirid bug/green_mirid_bug_01060.jpg,6. Green mirid bug,G04080
6. Green mirid bug/green_mirid_bug_01061.jpg,6. Green mirid bug,G04081
6. Green mirid bug/green_mirid_bug_01062.jpg,6. Green mirid bug,G04082
6. Green mirid bug/green_mirid_bug_01063.jpg,6. Green mirid bug,G04083
6. Green mirid bug/green_mirid_bug_01064.jpg,6. Green mirid bug,G04084
6. Green mirid bug/green_mirid_bug_01065.jpg,6. Green mirid bug,G04085
6. Green mirid bug/green_mirid_bug_01066.jpg,6. Green mirid bug,G04086
6. Green mirid bug/green_mirid_bug_01067.jpg,6. Green mirid bug,G04087
6. Green mirid bug/green_mirid_bug_01068.jpg,6. Green mirid bug,G04088
6. Green mirid bug/green_mirid_bug_01069.jpg,6. Green mirid bug,G04089
6. Green mirid bug/green_mirid_bug_01070.jpg,6. Green mirid bug,G04090
6. Green mirid bug/green_mirid_bug_01071.jpg,6. Green mirid bug,G04091
6. Green mirid bug/green_mirid_bug_01072.jpg,6. Green mirid bug,G00042
6. Green mirid bug/green_mirid_bug_01073.jpg,6. Green mirid bug,G00042
6. Green mirid bug/green_mirid_bug_01074.jpg,6. Green mirid bug,G04092
6. Green mirid bug/green_mirid_bug_01075.jpg,6. Green mirid bug,G04093
6. Green mirid bug/green_mirid_bug_01076.jpg,6. Green mirid bug,G04094
6. Green mirid bug/green_mirid_bug_01077.jpg,6. Green mirid bug,G04095
6. Green mirid bug/green_mirid_bug_01078.jpg,6. Green mirid bug,G04096
6. Green mirid bug/green_mirid_bug_01079.jpg,6. Green mirid bug,G04097
6. Green mirid bug/green_mirid_bug_01080.jpg,6. Green mirid bug,G04098
6. Green mirid bug/green_mirid_bug_01081.jpg,6. Green mirid bug,G04099
6. Green mirid bug/green_mirid_bug_01082.jpg,6. Green mirid bug,G04100
6. Green mirid bug/green_mirid_bug_01083.jpg,6. Green mirid bug,G04101
6. Green mirid bug/green_mirid_bug_01084.jpg,6. Green mirid bug,G04102
6. Green mirid bug/green_mirid_bug_01085.jpg,6. Green mirid bug,G04103
6. Green mirid bug/green_mirid_bug_01086.jpg,6. Green mirid bug,G04104
6. Green mirid bug/green_mirid_bug_01087.jpg,6. Green mirid bug,G04105
6. Green mirid bug/green_mirid_bug_01088.jpg,6. Green mirid bug,G04106
6. Green mirid bug/green_mirid_bug_01089.jpg,6. Green mirid bug,G04107
6. Green mirid bug/green_mirid_bug_01090.jpg,6. Green mirid bug,G04108
6. Green mirid bug/green_mirid_bug_01091.jpg,6. Green mirid bug,G04109
6. Green mirid bug/green_mirid_bug_01092.jpg,6. Green mirid bug,G04110
6. Green mirid bug/green_mirid_bug_01093.jpg,6. Green mirid bug,G04111
6. Green mirid bug/green_mirid_bug_01094.jpg,6. Green mirid bug,G04112
6. Green mirid bug/green_mirid_bug_01095.jpg,6. Green mirid bug,G04113
6. Green mirid bug/green_mirid_bug_01096.jpg,6. Green mirid bug,G04114
6. Green mirid bug/green_mirid_bug_01097.jpg,6. Green mirid bug,G04115
6. Green mirid bug/green_mirid_bug_01098.jpg,6. Green mirid bug,G04116
6. Green mirid bug/green_mirid_bug_01099.jpg,6. Green mirid bug,G04117
6. Green mirid bug/green_mirid_bug_01100.jpg,6. Green mirid bug,G04118
6. Green mirid bug/green_mirid_bug_01101.jpg,6. Green mirid bug,G04119
6. Green mirid bug/green_mirid_bug_01102.jpg,6. Green mirid bug,G04120
6. Green mirid bug/green_mirid_bug_01103.jpg,6. Green mirid bug,G04121
6. Green mirid bug/green_mirid_bug_01104.jpg,6. Green mirid bug,G04122
6. Green mirid bug/green_mirid_bug_01105.jpg,6. Green mirid bug,G04123
6. Green mirid bug/green_mirid_bug_01106.jpg,6. Green mirid bug,G04124
6. Green mirid bug/green_mirid_bug_01107.jpg,6. Green mirid bug,G04125
6. Green mirid bug/green_mirid_bug_01108.jpg,6. Green mirid bug,G04126
6. Green mirid bug/green_mirid_bug_01109.jpg,6. Green mirid bug,G04127
6. Green mirid bug/green_mirid_bug_01110.jpg,6. Green mirid bug,G04128
6. Green mirid bug/green_mirid_bug_01111.jpg,6. Green mirid bug,G04129
6. Green mirid bug/green_mirid_bug_01112.jpg,6. Green mirid bug,G04130
6. Green mirid bug/green_mirid_bug_01113.jpg,6. Green mirid bug,G04131
6. Green mirid bug/green_mirid_bug_01114.jpg,6. Green mirid bug,G04132
6. Green mirid bug/green_mirid_bug_01115.jpg,6. Green mirid bug,G04133
6. Green mirid bug/green_mirid_bug_01116.jpg,6. Green mirid bug,G04134
6. Green mirid bug/green_mirid_bug_01117.jpg,6. Green mirid bug,G04135
6. Green mirid bug/green_mirid_bug_01118.jpg,6. Green mirid bug,G04136
6. Green mirid bug/green_mirid_bug_01119.jpg,6. Green mirid bug,G04137
6. Green mirid bug/green_mirid_bug_01120.jpg,6. Green mirid bug,G04138
6. Green mirid bug/green_mirid_bug_01121.jpg,6. Green mirid bug,G04139
6. Green mirid bug/green_mirid_bug_01122.jpg,6. Green mirid bug,G04140
6. Green mirid bug/green_mirid_bug_01123.jpg,6. Green mirid bug,G04141
6. Green mirid bug/green_mirid_bug_01124.jpg,6. Green mirid bug,G04142
6. Green mirid bug/green_mirid_bug_01125.jpg,6. Green mirid bug,G04143
6. Green mirid bug/green_mirid_bug_01126.jpg,6. Green mirid bug,G04144
6. Green mirid bug/green_mirid_bug_01127.jpg,6. Green mirid bug,G04145
6. Green mirid bug/green_mirid_bug_01128.jpg,6. Green mirid bug,G04146
6. Green mirid bug/green_mirid_bug_01129.jpg,6. Green mirid bug,G04147
6. Green mirid bug/green_mirid_bug_01130.jpg,6. Green mirid bug,G04148
6. Green mirid bug/green_mirid_bug_01131.jpg,6. Green mirid bug,G04149
6. Green mirid bug/green_mirid_bug_01132.jpg,6. Green mirid bug,G04150
6. Green mirid bug/green_mirid_bug_01133.jpg,6. Green mirid bug,G04151
6. Green mirid bug/green_mirid_bug_01134.jpg,6. Green mirid bug,G04152
6. Green mirid bug/green_mirid_bug_01135.jpg,6. Green mirid bug,G04153
6. Green mirid bug/green_mirid_bug_01136.jpg,6. Green mirid bug,G04154
6. Green mirid bug/green_mirid_bug_01137.jpg,6. Green mirid bug,G04155
6. Green mirid bug/green_mirid_bug_01138.jpg,6. Green mirid bug,G04156
6. Green mirid bug/green_mirid_bug_01139.jpg,6. Green mirid bug,G04157
6. Green mirid bug/green_mirid_bug_01140.jpg,6. Green mirid bug,G04158
6. Green mirid bug/green_mirid_bug_01141.jpg,6. Green mirid bug,G04159
6. Green mirid bug/green_mirid_bug_01142.jpg,6. Green mirid bug,G04160
6. Green mirid bug/green_mirid_bug_01143.jpg,6. Green mirid bug,G04161
6. Green mirid bug/green_mirid_bug_01144.jpg,6. Green mirid bug,G04162
6. Green mirid bug/green_mirid_bug_01145.jpg,6. Green mirid bug,G04163
6. Green mirid bug/green_mirid_bug_01146.jpg,6. Green mirid bug,G04164
6. Green mirid bug/green_mirid_bug_01147.jpg,6. Green mirid bug,G04165
6. Green mirid bug/green_mirid_bug_01148.jpg,6. Green mirid bug,G04166
6. Green mirid bug/green_mirid_bug_01149.jpg,6. Green mirid bug,G04167
6. Green mirid bug/green_mirid_bug_01150.jpg,6. Green mirid bug,G04168
6. Green mirid bug/green_mirid_bug_01151.jpg,6. Green mirid bug,G04169
6. Green mirid bug/green_mirid_bug_01152.jpg,6. Green mirid bug,G04170
6. Green mirid bug/green_mirid_bug_01153.jpg,6. Green mirid bug,G04171
6. Green mirid bug/green_mirid_bug_01154.jpg,6. Green mirid bug,G04172
6. Green mirid bug/green_mirid_bug_01155.jpg,6. Green mirid bug,G04173
6. Green mirid bug/green_mirid_bug_01156.jpg,6. Green mirid bug,G04174
6. Green mirid bug/green_mirid_bug_01157.jpg,6. Green mirid bug,G04175
6. Green mirid bug/green_mirid_bug_01158.jpg,6. Green mirid bug,G04176
6. Green mirid bug/green_mirid_bug_01159.jpg,6. Green mirid bug,G04177
6. Green mirid bug/green_mirid_bug_01160.jpg,6. Green mirid bug,G04178
6. Green mirid bug/green_mirid_bug_01161.jpg,6. Green mirid bug,G04179
6. Green mirid bug/green_mirid_bug_01162.jpg,6. Green mirid bug,G04180
6. Green mirid bug/green_mirid_bug_01163.jpg,6. Green mirid bug,G04181
6. Green mirid bug/green_mirid_bug_01164.jpg,6. Green mirid bug,G04182
6. Green mirid bug/green_mirid_bug_01165.jpg,6. Green mirid bug,G04183
6. Green mirid bug/green_mirid_bug_01166.jpg,6. Green mirid bug,G04184
6. Green mirid bug/green_mirid_bug_01167.jpg,6. Green mirid bug,G04185
6. Green mirid bug/green_mirid_bug_01168.jpg,6. Green mirid bug,G04186
6. Green mirid bug/green_mirid_bug_01169.jpg,6. Green mirid bug,G04187
6. Green mirid bug/green_mirid_bug_01170.jpg,6. Green mirid bug,G04188
6. Green mirid bug/green_mirid_bug_01171.jpg,6. Green mirid bug,G04189
6. Green mirid bug/green_mirid_bug_01172.jpg,6. Green mirid bug,G04190
6. Green mirid bug/green_mirid_bug_01173.jpg,6. Green mirid bug,G04191
6. Green mirid bug/green_mirid_bug_01174.jpg,6. Green mirid bug,G04192
6. Green mirid bug/green_mirid_bug_01175.jpg,6. Green mirid bug,G04193
6. Green mirid bug/green_mirid_bug_01176.jpg,6. Green mirid bug,G04194
6. Green mirid bug/green_mirid_bug_01177.jpg,6. Green mirid bug,G04195
6. Green mirid bug/green_mirid_bug_01178.jpg,6. Green mirid bug,G04196
6. Green mirid bug/green_mirid_bug_01179.jpg,6. Green mirid bug,G04197
6. Green mirid bug/green_mirid_bug_01180.jpg,6. Green mirid bug,G04198
6. Green mirid bug/green_mirid_bug_01181.jpg,6. Green mirid bug,G04199
6. Green mirid bug/green_mirid_bug_01182.jpg,6. Green mirid bug,G04200
6. Green mirid bug/green_mirid_bug_01183.jpg,6. Green mirid bug,G04201
6. Green mirid bug/green_mirid_bug_01184.jpg,6. Green mirid bug,G04202
6. Green mirid bug/green_mirid_bug_01185.jpg,6. Green mirid bug,G04203
6. Green mirid bug/green_mirid_bug_01186.jpg,6. Green mirid bug,G04204
6. Green mirid bug/green_mirid_bug_01187.jpg,6. Green mirid bug,G04205
6. Green mirid bug/green_mirid_bug_01188.jpg,6. Green mirid bug,G04206
6. Green mirid bug/green_mirid_bug_01189.jpg,6. Green mirid bug,G04207
6. Green mirid bug/green_mirid_bug_01190.jpg,6. Green mirid bug,G04208
6. Green mirid bug/green_mirid_bug_01191.jpg,6. Green mirid bug,G04209
6. Green mirid bug/green_mirid_bug_01192.jpg,6. Green mirid bug,G04210
6. Green mirid bug/green_mirid_bug_01193.jpg,6. Green mirid bug,G04211
6. Green mirid bug/green_mirid_bug_01194.jpg,6. Green mirid bug,G04212
6. Green mirid bug/green_mirid_bug_01195.jpg,6. Green mirid bug,G04213
6. Green mirid bug/green_mirid_bug_01196.jpg,6. Green mirid bug,G04214
6. Green mirid bug/green_mirid_bug_01197.jpg,6. Green mirid bug,G04215
6. Green mirid bug/green_mirid_bug_01198.jpg,6. Green mirid bug,G04216
6. Green mirid bug/green_mirid_bug_01199.jpg,6. Green mirid bug,G04217
6. Green mirid bug/green_mirid_bug_01200.jpg,6. Green mirid bug,G04218
6. Green mirid bug/green_mirid_bug_01201.jpg,6. Green mirid bug,G04219
6. Green mirid bug/green_mirid_bug_01202.jpg,6. Green mirid bug,G04220
6. Green mirid bug/green_mirid_bug_01203.jpg,6. Green mirid bug,G04221
6. Green mirid bug/green_mirid_bug_01204.jpg,6. Green mirid bug,G04222
6. Green mirid bug/green_mirid_bug_01205.jpg,6. Green mirid bug,G04223
6. Green mirid bug/green_mirid_bug_01206.jpg,6. Green mirid bug,G04224
6. Green mirid bug/green_mirid_bug_01207.jpg,6. Green mirid bug,G04225
6. Green mirid bug/green_mirid_bug_01208.jpg,6. Green mirid bug,G04226
6. Green mirid bug/green_mirid_bug_01209.jpg,6. Green mirid bug,G04227
6. Green mirid bug/green_mirid_bug_01210.jpg,6. Green mirid bug,G04228
6. Green mirid bug/green_mirid_bug_01211.jpg,6. Green mirid bug,G04229
6. Green mirid bug/green_mirid_bug_01212.jpg,6. Green mirid bug,G04230
6. Green mirid bug/green_mirid_bug_01213.jpg,6. Green mirid bug,G04231
6. Green mirid bug/green_mirid_bug_01214.jpg,6. Green mirid bug,G04232
6. Green mirid bug/green_mirid_bug_01215.jpg,6. Green mirid bug,G04233
6. Green mirid bug/green_mirid_bug_01216.jpg,6. Green mirid bug,G04234
6. Green mirid bug/green_mirid_bug_01217.jpg,6. Green mirid bug,G04235
6. Green mirid bug/green_mirid_bug_01218.jpg,6. Green mirid bug,G04236
6. Green mirid bug/green_mirid_bug_01219.jpg,6. Green mirid bug,G04237
6. Green mirid bug/green_mirid_bug_01220.jpg,6. Green mirid bug,G04238
6. Green mirid bug/green_mirid_bug_01221.jpg,6. Green mirid bug,G04239
6. Green mirid bug/green_mirid_bug_01222.jpg,6. Green mirid bug,G04240
6. Green mirid bug/green_mirid_bug_01223.jpg,6. Green mirid bug,G04241
6. Green mirid bug/green_mirid_bug_01224.jpg,6. Green mirid bug,G04242
6. Green mirid bug/green_mirid_bug_01225.jpg,6. Green mirid bug,G04243
6. Green mirid bug/green_mirid_bug_01226.jpg,6. Green mirid bug,G04244
6. Green mirid bug/green_mirid_bug_01227.jpg,6. Green mirid bug,G04245
6. Green mirid bug/green_mirid_bug_01228.jpg,6. Green mirid bug,G04246
6. Green mirid bug/green_mirid_bug_01229.jpg,6. Green mirid bug,G04247
6. Green mirid bug/green_mirid_bug_01230.jpg,6. Green mirid bug,G04248
6. Green mirid bug/green_mirid_bug_01231.jpg,6. Green mirid bug,G04249
6. Green mirid bug/green_mirid_bug_01232.jpg,6. Green mirid bug,G04250
6. Green mirid bug/green_mirid_bug_01233.jpg,6. Green mirid bug,G04251
6. Green mirid bug/green_mirid_bug_01234.jpg,6. Green mirid bug,G04252
6. Green mirid bug/green_mirid_bug_01235.jpg,6. Green mirid bug,G04253
6. Green mirid bug/green_mirid_bug_01236.jpg,6. Green mirid bug,G04254
6. Green mirid bug/green_mirid_bug_01237.jpg,6. Green mirid bug,G04255
6. Green mirid bug/green_mirid_bug_01238.jpg,6. Green mirid bug,G04256
6. Green mirid bug/green_mirid_bug_01239.jpg,6. Green mirid bug,G04257
6. Green mirid bug/green_mirid_bug_01240.jpg,6. Green mirid bug,G04258
6. Green mirid bug/green_mirid_bug_01241.jpg,6. Green mirid bug,G04259
6. Green mirid bug/green_mirid_bug_01242.jpg,6. Green mirid bug,G04260
6. Green mirid bug/green_mirid_bug_01243.jpg,6. Green mirid bug,G04261
6. Green mirid bug/green_mirid_bug_01244.jpg,6. Green mirid bug,G04262
6. Green mirid bug/green_mirid_bug_01245.jpg,6. Green mirid bug,G04263
6. Green mirid bug/green_mirid_bug_01246.jpg,6. Green mirid bug,G04264
6. Green mirid bug/green_mirid_bug_01247.jpg,6. Green mirid bug,G04265
6. Green mirid bug/green_mirid_bug_01248.jpg,6. Green mirid bug,G04266
6. Green mirid bug/green_mirid_bug_01249.jpg,6. Green mirid bug,G04267
6. Green mirid bug/green_mirid_bug_01250.jpg,6. Green mirid bug,G04268
6. Green mirid bug/green_mirid_bug_01251.jpg,6. Green mirid bug,G04269
6. Green mirid bug/green_mirid_bug_01252.jpg,6. Green mirid bug,G04270
6. Green mirid bug/green_mirid_bug_01253.jpg,6. Green mirid bug,G04271
6. Green mirid bug/green_mirid_bug_01254.jpg,6. Green mirid bug,G04272
6. Green mirid bug/green_mirid_bug_01255.jpg,6. Green mirid bug,G04273
6. Green mirid bug/green_mirid_bug_01256.jpg,6. Green mirid bug,G04274
6. Green mirid bug/green_mirid_bug_01257.jpg,6. Green mirid bug,G04275
6. Green mirid bug/green_mirid_bug_01258.jpg,6. Green mirid bug,G04276
6. Green mirid bug/green_mirid_bug_01259.jpg,6. Green mirid bug,G04277
6. Green mirid bug/green_mirid_bug_01260.jpg,6. Green mirid bug,G04278
6. Green mirid bug/green_mirid_bug_01261.jpg,6. Green mirid bug,G04279
6. Green mirid bug/green_mirid_bug_01262.jpg,6. Green mirid bug,G04280
6. Green mirid bug/green_mirid_bug_01263.jpg,6. Green mirid bug,G04281
6. Green mirid bug/green_mirid_bug_01264.jpg,6. Green mirid bug,G04282
6. Green mirid bug/green_mirid_bug_01265.jpg,6. Green mirid bug,G04283
6. Green mirid bug/green_mirid_bug_01266.jpg,6. Green mirid bug,G04284
6. Green mirid bug/green_mirid_bug_01267.jpg,6. Green mirid bug,G04285
6. Green mirid bug/green_mirid_bug_01268.jpg,6. Green mirid bug,G04286
6. Green mirid bug/green_mirid_bug_01269.jpg,6. Green mirid bug,G04287
6. Green mirid bug/green_mirid_bug_01270.jpg,6. Green mirid bug,G04288
6. Green mirid bug/green_mirid_bug_01271.jpg,6. Green mirid bug,G04289
6. Green mirid bug/green_mirid_bug_01272.jpg,6. Green mirid bug,G04290
6. Green mirid bug/green_mirid_bug_01273.jpg,6. Green mirid bug,G04291
6. Green mirid bug/green_mirid_bug_01274.jpg,6. Green mirid bug,G04292
6. Green mirid bug/green_mirid_bug_01275.jpg,6. Green mirid bug,G04293
6. Green mirid bug/green_mirid_bug_01276.jpg,6. Green mirid bug,G04294
6. Green mirid bug/green_mirid_bug_01277.jpg,6. Green mirid bug,G04295
6. Green mirid bug/green_mirid_bug_01278.jpg,6. Green mirid bug,G04296
6. Green mirid bug/green_mirid_bug_01279.jpg,6. Green mirid bug,G04297
6. Green mirid bug/green_mirid_bug_01280.jpg,6. Green mirid bug,G04298
6. Green mirid bug/green_mirid_bug_01281.jpg,6. Green mirid bug,G04299
6. Green mirid bug/green_mirid_bug_01282.jpg,6. Green mirid bug,G04300
7. Healthy leaf/healthy_00001.jpg,7. Healthy leaf,G04301
7. Healthy leaf/healthy_00002.jpg,7. Healthy leaf,G04302
7. Healthy leaf/healthy_00003.jpg,7. Healthy leaf,G04303
7. Healthy leaf/healthy_00004.jpg,7. Healthy leaf,G04304
7. Healthy leaf/healthy_00005.jpg,7. Healthy leaf,G04305
7. Healthy leaf/healthy_00006.jpg,7. Healthy leaf,G04306
7. Healthy leaf/healthy_00007.jpg,7. Healthy leaf,G04307
7. Healthy leaf/healthy_00008.jpg,7. Healthy leaf,G04308
7. Healthy leaf/healthy_00009.jpg,7. Healthy leaf,G04309
7. Healthy leaf/healthy_00010.jpg,7. Healthy leaf,G04310
7. Healthy leaf/healthy_00011.jpg,7. Healthy leaf,G04311
7. Healthy leaf/healthy_00012.jpg,7. Healthy leaf,G04312
7. Healthy leaf/healthy_00013.jpg,7. Healthy leaf,G04313
7. Healthy leaf/healthy_00014.jpg,7. Healthy leaf,G04314
7. Healthy leaf/healthy_00015.jpg,7. Healthy leaf,G04315
7. Healthy leaf/healthy_00016.jpg,7. Healthy leaf,G04316
7. Healthy leaf/healthy_00017.jpg,7. Healthy leaf,G04317
7. Healthy leaf/healthy_00018.jpg,7. Healthy leaf,G04318
7. Healthy leaf/healthy_00019.jpg,7. Healthy leaf,G04319
7. Healthy leaf/healthy_00020.jpg,7. Healthy leaf,G04320
7. Healthy leaf/healthy_00021.jpg,7. Healthy leaf,G04321
7. Healthy leaf/healthy_00022.jpg,7. Healthy leaf,G04322
7. Healthy leaf/healthy_00023.jpg,7. Healthy leaf,G04323
7. Healthy leaf/healthy_00024.jpg,7. Healthy leaf,G04324
7. Healthy leaf/healthy_00025.jpg,7. Healthy leaf,G04325
7. Healthy leaf/healthy_00026.jpg,7. Healthy leaf,G04326
7. Healthy leaf/healthy_00027.jpg,7. Healthy leaf,G04327
7. Healthy leaf/healthy_00028.jpg,7. Healthy leaf,G04328
7. Healthy leaf/healthy_00029.jpg,7. Healthy leaf,G04329
7. Healthy leaf/healthy_00030.jpg,7. Healthy leaf,G04330
7. Healthy leaf/healthy_00031.jpg,7. Healthy leaf,G04331
7. Healthy leaf/healthy_00032.jpg,7. Healthy leaf,G04332
7. Healthy leaf/healthy_00033.jpg,7. Healthy leaf,G04333
7. Healthy leaf/healthy_00034.jpg,7. Healthy leaf,G04334
7. Healthy leaf/healthy_00035.jpg,7. Healthy leaf,G04335
7. Healthy leaf/healthy_00036.jpg,7. Healthy leaf,G04336
7. Healthy leaf/healthy_00037.jpg,7. Healthy leaf,G04337
7. Healthy leaf/healthy_00038.jpg,7. Healthy leaf,G04338
7. Healthy leaf/healthy_00039.jpg,7. Healthy leaf,G04339
7. Healthy leaf/healthy_00040.jpg,7. Healthy leaf,G04340
7. Healthy leaf/healthy_00041.jpg,7. Healthy leaf,G04341
7. Healthy leaf/healthy_00042.jpg,7. Healthy leaf,G04342
7. Healthy leaf/healthy_00043.jpg,7. Healthy leaf,G04343
7. Healthy leaf/healthy_00044.jpg,7. Healthy leaf,G04344
7. Healthy leaf/healthy_00045.jpg,7. Healthy leaf,G04345
7. Healthy leaf/healthy_00046.jpg,7. Healthy leaf,G04346
7. Healthy leaf/healthy_00047.jpg,7. Healthy leaf,G04347
7. Healthy leaf/healthy_00048.jpg,7. Healthy leaf,G04348
7. Healthy leaf/healthy_00049.jpg,7. Healthy leaf,G04349
7. Healthy leaf/healthy_00050.jpg,7. Healthy leaf,G04350
7. Healthy leaf/healthy_00051.jpg,7. Healthy leaf,G04351
7. Healthy leaf/healthy_00052.jpg,7. Healthy leaf,G04352
7. Healthy leaf/healthy_00053.jpg,7. Healthy leaf,G04353
7. Healthy leaf/healthy_00054.jpg,7. Healthy leaf,G04354
7. Healthy leaf/healthy_00055.jpg,7. Healthy leaf,G04355
7. Healthy leaf/healthy_00056.jpg,7. Healthy leaf,G04356
7. Healthy leaf/healthy_00057.jpg,7. Healthy leaf,G04357
7. Healthy leaf/healthy_00058.jpg,7. Healthy leaf,G04358
7. Healthy leaf/healthy_00059.jpg,7. Healthy leaf,G04359
7. Healthy leaf/healthy_00060.jpg,7. Healthy leaf,G04360
7. Healthy leaf/healthy_00061.jpg,7. Healthy leaf,G04361
7. Healthy leaf/healthy_00062.jpg,7. Healthy leaf,G04362
7. Healthy leaf/healthy_00063.jpg,7. Healthy leaf,G04363
7. Healthy leaf/healthy_00064.jpg,7. Healthy leaf,G04364
7. Healthy leaf/healthy_00065.jpg,7. Healthy leaf,G04365
7. Healthy leaf/healthy_00066.jpg,7. Healthy leaf,G04366
7. Healthy leaf/healthy_00067.jpg,7. Healthy leaf,G04367
7. Healthy leaf/healthy_00068.jpg,7. Healthy leaf,G04368
7. Healthy leaf/healthy_00069.jpg,7. Healthy leaf,G04369
7. Healthy leaf/healthy_00070.jpg,7. Healthy leaf,G04370
7. Healthy leaf/healthy_00071.jpg,7. Healthy leaf,G04371
7. Healthy leaf/healthy_00072.jpg,7. Healthy leaf,G04372
7. Healthy leaf/healthy_00073.jpg,7. Healthy leaf,G04373
7. Healthy leaf/healthy_00074.jpg,7. Healthy leaf,G04374
7. Healthy leaf/healthy_00075.jpg,7. Healthy leaf,G04375
7. Healthy leaf/healthy_00076.jpg,7. Healthy leaf,G04376
7. Healthy leaf/healthy_00077.jpg,7. Healthy leaf,G04377
7. Healthy leaf/healthy_00078.jpg,7. Healthy leaf,G04378
7. Healthy leaf/healthy_00079.jpg,7. Healthy leaf,G04379
7. Healthy leaf/healthy_00080.jpg,7. Healthy leaf,G04380
7. Healthy leaf/healthy_00081.jpg,7. Healthy leaf,G04381
7. Healthy leaf/healthy_00082.jpg,7. Healthy leaf,G04382
7. Healthy leaf/healthy_00083.jpg,7. Healthy leaf,G04383
7. Healthy leaf/healthy_00084.jpg,7. Healthy leaf,G04384
7. Healthy leaf/healthy_00085.jpg,7. Healthy leaf,G04385
7. Healthy leaf/healthy_00086.jpg,7. Healthy leaf,G04386
7. Healthy leaf/healthy_00087.jpg,7. Healthy leaf,G04387
7. Healthy leaf/healthy_00088.jpg,7. Healthy leaf,G04388
7. Healthy leaf/healthy_00089.jpg,7. Healthy leaf,G04389
7. Healthy leaf/healthy_00090.jpg,7. Healthy leaf,G04390
7. Healthy leaf/healthy_00091.jpg,7. Healthy leaf,G04391
7. Healthy leaf/healthy_00092.jpg,7. Healthy leaf,G04392
7. Healthy leaf/healthy_00093.jpg,7. Healthy leaf,G04393
7. Healthy leaf/healthy_00094.jpg,7. Healthy leaf,G04394
7. Healthy leaf/healthy_00095.jpg,7. Healthy leaf,G04395
7. Healthy leaf/healthy_00096.jpg,7. Healthy leaf,G04396
7. Healthy leaf/healthy_00097.jpg,7. Healthy leaf,G04397
7. Healthy leaf/healthy_00098.jpg,7. Healthy leaf,G04398
7. Healthy leaf/healthy_00099.jpg,7. Healthy leaf,G04399
7. Healthy leaf/healthy_00100.jpg,7. Healthy leaf,G04400
7. Healthy leaf/healthy_00101.jpg,7. Healthy leaf,G04401
7. Healthy leaf/healthy_00102.jpg,7. Healthy leaf,G04402
7. Healthy leaf/healthy_00103.jpg,7. Healthy leaf,G04403
7. Healthy leaf/healthy_00104.jpg,7. Healthy leaf,G04404
7. Healthy leaf/healthy_00105.jpg,7. Healthy leaf,G04405
7. Healthy leaf/healthy_00106.jpg,7. Healthy leaf,G04406
7. Healthy leaf/healthy_00107.jpg,7. Healthy leaf,G04407
7. Healthy leaf/healthy_00108.jpg,7. Healthy leaf,G04408
7. Healthy leaf/healthy_00109.jpg,7. Healthy leaf,G04409
7. Healthy leaf/healthy_00110.jpg,7. Healthy leaf,G04410
7. Healthy leaf/healthy_00111.jpg,7. Healthy leaf,G04411
7. Healthy leaf/healthy_00112.jpg,7. Healthy leaf,G04412
7. Healthy leaf/healthy_00113.jpg,7. Healthy leaf,G04413
7. Healthy leaf/healthy_00114.jpg,7. Healthy leaf,G04414
7. Healthy leaf/healthy_00115.jpg,7. Healthy leaf,G04415
7. Healthy leaf/healthy_00116.jpg,7. Healthy leaf,G04416
7. Healthy leaf/healthy_00117.jpg,7. Healthy leaf,G04417
7. Healthy leaf/healthy_00118.jpg,7. Healthy leaf,G04418
7. Healthy leaf/healthy_00119.jpg,7. Healthy leaf,G04419
7. Healthy leaf/healthy_00120.jpg,7. Healthy leaf,G04420
7. Healthy leaf/healthy_00121.jpg,7. Healthy leaf,G04421
7. Healthy leaf/healthy_00122.jpg,7. Healthy leaf,G04422
7. Healthy leaf/healthy_00123.jpg,7. Healthy leaf,G04423
7. Healthy leaf/healthy_00124.jpg,7. Healthy leaf,G04424
7. Healthy leaf/healthy_00125.jpg,7. Healthy leaf,G04425
7. Healthy leaf/healthy_00126.jpg,7. Healthy leaf,G04426
7. Healthy leaf/healthy_00127.jpg,7. Healthy leaf,G04427
7. Healthy leaf/healthy_00128.jpg,7. Healthy leaf,G04428
7. Healthy leaf/healthy_00129.jpg,7. Healthy leaf,G04429
7. Healthy leaf/healthy_00130.jpg,7. Healthy leaf,G04430
7. Healthy leaf/healthy_00131.jpg,7. Healthy leaf,G04431
7. Healthy leaf/healthy_00132.jpg,7. Healthy leaf,G04432
7. Healthy leaf/healthy_00133.jpg,7. Healthy leaf,G04433
7. Healthy leaf/healthy_00134.jpg,7. Healthy leaf,G04434
7. Healthy leaf/healthy_00135.jpg,7. Healthy leaf,G04435
7. Healthy leaf/healthy_00136.jpg,7. Healthy leaf,G04436
7. Healthy leaf/healthy_00137.jpg,7. Healthy leaf,G04437
7. Healthy leaf/healthy_00138.jpg,7. Healthy leaf,G04438
7. Healthy leaf/healthy_00139.jpg,7. Healthy leaf,G04439
7. Healthy leaf/healthy_00140.jpg,7. Healthy leaf,G04440
7. Healthy leaf/healthy_00141.jpg,7. Healthy leaf,G04441
7. Healthy leaf/healthy_00142.jpg,7. Healthy leaf,G04442
7. Healthy leaf/healthy_00143.jpg,7. Healthy leaf,G04443
7. Healthy leaf/healthy_00144.jpg,7. Healthy leaf,G04444
7. Healthy leaf/healthy_00145.jpg,7. Healthy leaf,G04445
7. Healthy leaf/healthy_00146.jpg,7. Healthy leaf,G04446
7. Healthy leaf/healthy_00147.jpg,7. Healthy leaf,G04447
7. Healthy leaf/healthy_00148.jpg,7. Healthy leaf,G04448
7. Healthy leaf/healthy_00149.jpg,7. Healthy leaf,G04449
7. Healthy leaf/healthy_00150.jpg,7. Healthy leaf,G04450
7. Healthy leaf/healthy_00151.jpg,7. Healthy leaf,G04451
7. Healthy leaf/healthy_00152.jpg,7. Healthy leaf,G04452
7. Healthy leaf/healthy_00153.jpg,7. Healthy leaf,G04453
7. Healthy leaf/healthy_00154.jpg,7. Healthy leaf,G04454
7. Healthy leaf/healthy_00155.jpg,7. Healthy leaf,G04455
7. Healthy leaf/healthy_00156.jpg,7. Healthy leaf,G04456
7. Healthy leaf/healthy_00157.jpg,7. Healthy leaf,G04457
7. Healthy leaf/healthy_00158.jpg,7. Healthy leaf,G04458
7. Healthy leaf/healthy_00159.jpg,7. Healthy leaf,G04459
7. Healthy leaf/healthy_00160.jpg,7. Healthy leaf,G04460
7. Healthy leaf/healthy_00161.jpg,7. Healthy leaf,G04461
7. Healthy leaf/healthy_00162.jpg,7. Healthy leaf,G04462
7. Healthy leaf/healthy_00163.jpg,7. Healthy leaf,G04463
7. Healthy leaf/healthy_00164.jpg,7. Healthy leaf,G04464
7. Healthy leaf/healthy_00165.jpg,7. Healthy leaf,G04465
7. Healthy leaf/healthy_00166.jpg,7. Healthy leaf,G04466
7. Healthy leaf/healthy_00167.jpg,7. Healthy leaf,G04467
7. Healthy leaf/healthy_00168.jpg,7. Healthy leaf,G04468
7. Healthy leaf/healthy_00169.jpg,7. Healthy leaf,G04469
7. Healthy leaf/healthy_00170.jpg,7. Healthy leaf,G04470
7. Healthy leaf/healthy_00171.jpg,7. Healthy leaf,G04471
7. Healthy leaf/healthy_00172.jpg,7. Healthy leaf,G04472
7. Healthy leaf/healthy_00173.jpg,7. Healthy leaf,G04473
7. Healthy leaf/healthy_00174.jpg,7. Healthy leaf,G04474
7. Healthy leaf/healthy_00175.jpg,7. Healthy leaf,G04475
7. Healthy leaf/healthy_00176.jpg,7. Healthy leaf,G04476
7. Healthy leaf/healthy_00177.jpg,7. Healthy leaf,G04477
7. Healthy leaf/healthy_00178.jpg,7. Healthy leaf,G04478
7. Healthy leaf/healthy_00179.jpg,7. Healthy leaf,G04479
7. Healthy leaf/healthy_00180.jpg,7. Healthy leaf,G04480
7. Healthy leaf/healthy_00181.jpg,7. Healthy leaf,G04481
7. Healthy leaf/healthy_00182.jpg,7. Healthy leaf,G04482
7. Healthy leaf/healthy_00183.jpg,7. Healthy leaf,G04483
7. Healthy leaf/healthy_00184.jpg,7. Healthy leaf,G04484
7. Healthy leaf/healthy_00185.jpg,7. Healthy leaf,G04485
7. Healthy leaf/healthy_00186.jpg,7. Healthy leaf,G04486
7. Healthy leaf/healthy_00187.jpg,7. Healthy leaf,G04487
7. Healthy leaf/healthy_00188.jpg,7. Healthy leaf,G04488
7. Healthy leaf/healthy_00189.jpg,7. Healthy leaf,G04489
7. Healthy leaf/healthy_00190.jpg,7. Healthy leaf,G04490
7. Healthy leaf/healthy_00191.jpg,7. Healthy leaf,G04491
7. Healthy leaf/healthy_00192.jpg,7. Healthy leaf,G04492
7. Healthy leaf/healthy_00193.jpg,7. Healthy leaf,G04493
7. Healthy leaf/healthy_00194.jpg,7. Healthy leaf,G04494
7. Healthy leaf/healthy_00195.jpg,7. Healthy leaf,G04495
7. Healthy leaf/healthy_00196.jpg,7. Healthy leaf,G04496
7. Healthy leaf/healthy_00197.jpg,7. Healthy leaf,G04497
7. Healthy leaf/healthy_00198.jpg,7. Healthy leaf,G04498
7. Healthy leaf/healthy_00199.jpg,7. Healthy leaf,G04499
7. Healthy leaf/healthy_00200.jpg,7. Healthy leaf,G04500
7. Healthy leaf/healthy_00201.jpg,7. Healthy leaf,G04501
7. Healthy leaf/healthy_00202.jpg,7. Healthy leaf,G04502
7. Healthy leaf/healthy_00203.jpg,7. Healthy leaf,G04503
7. Healthy leaf/healthy_00204.jpg,7. Healthy leaf,G04504
7. Healthy leaf/healthy_00205.jpg,7. Healthy leaf,G04505
7. Healthy leaf/healthy_00206.jpg,7. Healthy leaf,G04506
7. Healthy leaf/healthy_00207.jpg,7. Healthy leaf,G04507
7. Healthy leaf/healthy_00208.jpg,7. Healthy leaf,G04508
7. Healthy leaf/healthy_00209.jpg,7. Healthy leaf,G04509
7. Healthy leaf/healthy_00210.jpg,7. Healthy leaf,G04510
7. Healthy leaf/healthy_00211.jpg,7. Healthy leaf,G04511
7. Healthy leaf/healthy_00212.jpg,7. Healthy leaf,G04512
7. Healthy leaf/healthy_00213.jpg,7. Healthy leaf,G04513
7. Healthy leaf/healthy_00214.jpg,7. Healthy leaf,G04514
7. Healthy leaf/healthy_00215.jpg,7. Healthy leaf,G04515
7. Healthy leaf/healthy_00216.jpg,7. Healthy leaf,G04516
7. Healthy leaf/healthy_00217.jpg,7. Healthy leaf,G04517
7. Healthy leaf/healthy_00218.jpg,7. Healthy leaf,G04518
7. Healthy leaf/healthy_00219.jpg,7. Healthy leaf,G04519
7. Healthy leaf/healthy_00220.jpg,7. Healthy leaf,G04520
7. Healthy leaf/healthy_00221.jpg,7. Healthy leaf,G04521
7. Healthy leaf/healthy_00222.jpg,7. Healthy leaf,G04522
7. Healthy leaf/healthy_00223.jpg,7. Healthy leaf,G04523
7. Healthy leaf/healthy_00224.jpg,7. Healthy leaf,G04524
7. Healthy leaf/healthy_00225.jpg,7. Healthy leaf,G04525
7. Healthy leaf/healthy_00226.jpg,7. Healthy leaf,G04526
7. Healthy leaf/healthy_00227.jpg,7. Healthy leaf,G04527
7. Healthy leaf/healthy_00228.jpg,7. Healthy leaf,G04528
7. Healthy leaf/healthy_00229.jpg,7. Healthy leaf,G04529
7. Healthy leaf/healthy_00230.jpg,7. Healthy leaf,G04530
7. Healthy leaf/healthy_00231.jpg,7. Healthy leaf,G04531
7. Healthy leaf/healthy_00232.jpg,7. Healthy leaf,G04532
7. Healthy leaf/healthy_00233.jpg,7. Healthy leaf,G04533
7. Healthy leaf/healthy_00234.jpg,7. Healthy leaf,G04534
7. Healthy leaf/healthy_00235.jpg,7. Healthy leaf,G04535
7. Healthy leaf/healthy_00236.jpg,7. Healthy leaf,G04536
7. Healthy leaf/healthy_00237.jpg,7. Healthy leaf,G04537
7. Healthy leaf/healthy_00238.jpg,7. Healthy leaf,G04538
7. Healthy leaf/healthy_00239.jpg,7. Healthy leaf,G04539
7. Healthy leaf/healthy_00240.jpg,7. Healthy leaf,G04540
7. Healthy leaf/healthy_00241.jpg,7. Healthy leaf,G04541
7. Healthy leaf/healthy_00242.jpg,7. Healthy leaf,G04542
7. Healthy leaf/healthy_00243.jpg,7. Healthy leaf,G04543
7. Healthy leaf/healthy_00244.jpg,7. Healthy leaf,G04544
7. Healthy leaf/healthy_00245.jpg,7. Healthy leaf,G04545
7. Healthy leaf/healthy_00246.jpg,7. Healthy leaf,G04546
7. Healthy leaf/healthy_00247.jpg,7. Healthy leaf,G04547
7. Healthy leaf/healthy_00248.jpg,7. Healthy leaf,G04548
7. Healthy leaf/healthy_00249.jpg,7. Healthy leaf,G04549
7. Healthy leaf/healthy_00250.jpg,7. Healthy leaf,G04550
7. Healthy leaf/healthy_00251.jpg,7. Healthy leaf,G04551
7. Healthy leaf/healthy_00252.jpg,7. Healthy leaf,G04552
7. Healthy leaf/healthy_00253.jpg,7. Healthy leaf,G04553
7. Healthy leaf/healthy_00254.jpg,7. Healthy leaf,G04554
7. Healthy leaf/healthy_00255.jpg,7. Healthy leaf,G04555
7. Healthy leaf/healthy_00256.jpg,7. Healthy leaf,G04556
7. Healthy leaf/healthy_00257.jpg,7. Healthy leaf,G04557
7. Healthy leaf/healthy_00258.jpg,7. Healthy leaf,G04558
7. Healthy leaf/healthy_00259.jpg,7. Healthy leaf,G04559
7. Healthy leaf/healthy_00260.jpg,7. Healthy leaf,G04560
7. Healthy leaf/healthy_00261.jpg,7. Healthy leaf,G04561
7. Healthy leaf/healthy_00262.jpg,7. Healthy leaf,G04562
7. Healthy leaf/healthy_00263.jpg,7. Healthy leaf,G04563
7. Healthy leaf/healthy_00264.jpg,7. Healthy leaf,G04564
7. Healthy leaf/healthy_00265.jpg,7. Healthy leaf,G04565
7. Healthy leaf/healthy_00266.jpg,7. Healthy leaf,G04566
7. Healthy leaf/healthy_00267.jpg,7. Healthy leaf,G04567
7. Healthy leaf/healthy_00268.jpg,7. Healthy leaf,G04568
7. Healthy leaf/healthy_00269.jpg,7. Healthy leaf,G04569
7. Healthy leaf/healthy_00270.jpg,7. Healthy leaf,G04570
7. Healthy leaf/healthy_00271.jpg,7. Healthy leaf,G04571
7. Healthy leaf/healthy_00272.jpg,7. Healthy leaf,G04572
7. Healthy leaf/healthy_00273.jpg,7. Healthy leaf,G04573
7. Healthy leaf/healthy_00274.jpg,7. Healthy leaf,G04574
7. Healthy leaf/healthy_00275.jpg,7. Healthy leaf,G04575
7. Healthy leaf/healthy_00276.jpg,7. Healthy leaf,G04576
7. Healthy leaf/healthy_00277.jpg,7. Healthy leaf,G04577
7. Healthy leaf/healthy_00278.jpg,7. Healthy leaf,G04578
7. Healthy leaf/healthy_00279.jpg,7. Healthy leaf,G04579
7. Healthy leaf/healthy_00280.jpg,7. Healthy leaf,G04580
7. Healthy leaf/healthy_00281.jpg,7. Healthy leaf,G04581
7. Healthy leaf/healthy_00282.jpg,7. Healthy leaf,G04582
7. Healthy leaf/healthy_00283.jpg,7. Healthy leaf,G04583
7. Healthy leaf/healthy_00284.jpg,7. Healthy leaf,G04584
7. Healthy leaf/healthy_00285.jpg,7. Healthy leaf,G04585
7. Healthy leaf/healthy_00286.jpg,7. Healthy leaf,G04586
7. Healthy leaf/healthy_00287.jpg,7. Healthy leaf,G04587
7. Healthy leaf/healthy_00288.jpg,7. Healthy leaf,G04588
7. Healthy leaf/healthy_00289.jpg,7. Healthy leaf,G04589
7. Healthy leaf/healthy_00290.jpg,7. Healthy leaf,G04590
7. Healthy leaf/healthy_00291.jpg,7. Healthy leaf,G04591
7. Healthy leaf/healthy_00292.jpg,7. Healthy leaf,G04592
7. Healthy leaf/healthy_00293.jpg,7. Healthy leaf,G00043
7. Healthy leaf/healthy_00294.jpg,7. Healthy leaf,G00043
7. Healthy leaf/healthy_00295.jpg,7. Healthy leaf,G04593
7. Healthy leaf/healthy_00296.jpg,7. Healthy leaf,G04594
7. Healthy leaf/healthy_00297.jpg,7. Healthy leaf,G04595
7. Healthy leaf/healthy_00298.jpg,7. Healthy leaf,G04596
7. Healthy leaf/healthy_00299.jpg,7. Healthy leaf,G04597
7. Healthy leaf/healthy_00300.jpg,7. Healthy leaf,G04598
7. Healthy leaf/healthy_00301.jpg,7. Healthy leaf,G04599
7. Healthy leaf/healthy_00302.jpg,7. Healthy leaf,G04600
7. Healthy leaf/healthy_00303.jpg,7. Healthy leaf,G04601
7. Healthy leaf/healthy_00304.jpg,7. Healthy leaf,G04602
7. Healthy leaf/healthy_00305.jpg,7. Healthy leaf,G04603
7. Healthy leaf/healthy_00306.jpg,7. Healthy leaf,G04604
7. Healthy leaf/healthy_00307.jpg,7. Healthy leaf,G04605
7. Healthy leaf/healthy_00308.jpg,7. Healthy leaf,G04606
7. Healthy leaf/healthy_00309.jpg,7. Healthy leaf,G04607
7. Healthy leaf/healthy_00310.jpg,7. Healthy leaf,G04608
7. Healthy leaf/healthy_00311.jpg,7. Healthy leaf,G04609
7. Healthy leaf/healthy_00312.jpg,7. Healthy leaf,G04610
7. Healthy leaf/healthy_00313.jpg,7. Healthy leaf,G04611
7. Healthy leaf/healthy_00314.jpg,7. Healthy leaf,G04612
7. Healthy leaf/healthy_00315.jpg,7. Healthy leaf,G04613
7. Healthy leaf/healthy_00316.jpg,7. Healthy leaf,G04614
7. Healthy leaf/healthy_00317.jpg,7. Healthy leaf,G04615
7. Healthy leaf/healthy_00318.jpg,7. Healthy leaf,G04616
7. Healthy leaf/healthy_00319.jpg,7. Healthy leaf,G04617
7. Healthy leaf/healthy_00320.jpg,7. Healthy leaf,G04618
7. Healthy leaf/healthy_00321.jpg,7. Healthy leaf,G04619
7. Healthy leaf/healthy_00322.jpg,7. Healthy leaf,G04620
7. Healthy leaf/healthy_00323.jpg,7. Healthy leaf,G04621
7. Healthy leaf/healthy_00324.jpg,7. Healthy leaf,G04622
7. Healthy leaf/healthy_00325.jpg,7. Healthy leaf,G04623
7. Healthy leaf/healthy_00326.jpg,7. Healthy leaf,G04624
7. Healthy leaf/healthy_00327.jpg,7. Healthy leaf,G04625
7. Healthy leaf/healthy_00328.jpg,7. Healthy leaf,G04626
7. Healthy leaf/healthy_00329.jpg,7. Healthy leaf,G04627
7. Healthy leaf/healthy_00330.jpg,7. Healthy leaf,G04628
7. Healthy leaf/healthy_00331.jpg,7. Healthy leaf,G04629
7. Healthy leaf/healthy_00332.jpg,7. Healthy leaf,G04630
7. Healthy leaf/healthy_00333.jpg,7. Healthy leaf,G04631
7. Healthy leaf/healthy_00334.jpg,7. Healthy leaf,G04632
7. Healthy leaf/healthy_00335.jpg,7. Healthy leaf,G04633
7. Healthy leaf/healthy_00336.jpg,7. Healthy leaf,G04634
7. Healthy leaf/healthy_00337.jpg,7. Healthy leaf,G04635
7. Healthy leaf/healthy_00338.jpg,7. Healthy leaf,G04636
7. Healthy leaf/healthy_00339.jpg,7. Healthy leaf,G04637
7. Healthy leaf/healthy_00340.jpg,7. Healthy leaf,G04638
7. Healthy leaf/healthy_00341.jpg,7. Healthy leaf,G04639
7. Healthy leaf/healthy_00342.jpg,7. Healthy leaf,G04640
7. Healthy leaf/healthy_00343.jpg,7. Healthy leaf,G04641
7. Healthy leaf/healthy_00344.jpg,7. Healthy leaf,G04642
7. Healthy leaf/healthy_00345.jpg,7. Healthy leaf,G04643
7. Healthy leaf/healthy_00346.jpg,7. Healthy leaf,G04644
7. Healthy leaf/healthy_00347.jpg,7. Healthy leaf,G04645
7. Healthy leaf/healthy_00348.jpg,7. Healthy leaf,G04646
7. Healthy leaf/healthy_00349.jpg,7. Healthy leaf,G04647
7. Healthy leaf/healthy_00350.jpg,7. Healthy leaf,G04648
7. Healthy leaf/healthy_00351.jpg,7. Healthy leaf,G04649
7. Healthy leaf/healthy_00352.jpg,7. Healthy leaf,G04650
7. Healthy leaf/healthy_00353.jpg,7. Healthy leaf,G04651
7. Healthy leaf/healthy_00354.jpg,7. Healthy leaf,G04652
7. Healthy leaf/healthy_00355.jpg,7. Healthy leaf,G04653
7. Healthy leaf/healthy_00356.jpg,7. Healthy leaf,G04654
7. Healthy leaf/healthy_00357.jpg,7. Healthy leaf,G04655
7. Healthy leaf/healthy_00358.jpg,7. Healthy leaf,G04656
7. Healthy leaf/healthy_00359.jpg,7. Healthy leaf,G04657
7. Healthy leaf/healthy_00360.jpg,7. Healthy leaf,G04658
7. Healthy leaf/healthy_00361.jpg,7. Healthy leaf,G04659
7. Healthy leaf/healthy_00362.jpg,7. Healthy leaf,G04660
7. Healthy leaf/healthy_00363.jpg,7. Healthy leaf,G04661
7. Healthy leaf/healthy_00364.jpg,7. Healthy leaf,G04662
7. Healthy leaf/healthy_00365.jpg,7. Healthy leaf,G04663
7. Healthy leaf/healthy_00366.jpg,7. Healthy leaf,G04664
7. Healthy leaf/healthy_00367.jpg,7. Healthy leaf,G04665
7. Healthy leaf/healthy_00368.jpg,7. Healthy leaf,G04666
7. Healthy leaf/healthy_00369.jpg,7. Healthy leaf,G04667
7. Healthy leaf/healthy_00370.jpg,7. Healthy leaf,G04668
7. Healthy leaf/healthy_00371.jpg,7. Healthy leaf,G04669
7. Healthy leaf/healthy_00372.jpg,7. Healthy leaf,G04670
7. Healthy leaf/healthy_00373.jpg,7. Healthy leaf,G04671
7. Healthy leaf/healthy_00374.jpg,7. Healthy leaf,G04672
7. Healthy leaf/healthy_00375.jpg,7. Healthy leaf,G04673
7. Healthy leaf/healthy_00376.jpg,7. Healthy leaf,G04674
7. Healthy leaf/healthy_00377.jpg,7. Healthy leaf,G04675
7. Healthy leaf/healthy_00378.jpg,7. Healthy leaf,G04676
7. Healthy leaf/healthy_00379.jpg,7. Healthy leaf,G04677
7. Healthy leaf/healthy_00380.jpg,7. Healthy leaf,G04678
7. Healthy leaf/healthy_00381.jpg,7. Healthy leaf,G04679
7. Healthy leaf/healthy_00382.jpg,7. Healthy leaf,G04680
7. Healthy leaf/healthy_00383.jpg,7. Healthy leaf,G04681
7. Healthy leaf/healthy_00384.jpg,7. Healthy leaf,G04682
7. Healthy leaf/healthy_00385.jpg,7. Healthy leaf,G04683
7. Healthy leaf/healthy_00386.jpg,7. Healthy leaf,G04684
7. Healthy leaf/healthy_00387.jpg,7. Healthy leaf,G04685
7. Healthy leaf/healthy_00388.jpg,7. Healthy leaf,G04686
7. Healthy leaf/healthy_00389.jpg,7. Healthy leaf,G04687
7. Healthy leaf/healthy_00390.jpg,7. Healthy leaf,G04688
7. Healthy leaf/healthy_00391.jpg,7. Healthy leaf,G04689
7. Healthy leaf/healthy_00392.jpg,7. Healthy leaf,G04690
7. Healthy leaf/healthy_00393.jpg,7. Healthy leaf,G04691
7. Healthy leaf/healthy_00394.jpg,7. Healthy leaf,G04692
7. Healthy leaf/healthy_00395.jpg,7. Healthy leaf,G04693
7. Healthy leaf/healthy_00396.jpg,7. Healthy leaf,G04694
7. Healthy leaf/healthy_00397.jpg,7. Healthy leaf,G04695
7. Healthy leaf/healthy_00398.jpg,7. Healthy leaf,G04696
7. Healthy leaf/healthy_00399.jpg,7. Healthy leaf,G04697
7. Healthy leaf/healthy_00400.jpg,7. Healthy leaf,G04698
7. Healthy leaf/healthy_00401.jpg,7. Healthy leaf,G04699
7. Healthy leaf/healthy_00402.jpg,7. Healthy leaf,G04700
7. Healthy leaf/healthy_00403.jpg,7. Healthy leaf,G04701
7. Healthy leaf/healthy_00404.jpg,7. Healthy leaf,G04702
7. Healthy leaf/healthy_00405.jpg,7. Healthy leaf,G04703
7. Healthy leaf/healthy_00406.jpg,7. Healthy leaf,G04704
7. Healthy leaf/healthy_00407.jpg,7. Healthy leaf,G04705
7. Healthy leaf/healthy_00408.jpg,7. Healthy leaf,G04706
7. Healthy leaf/healthy_00409.jpg,7. Healthy leaf,G04707
7. Healthy leaf/healthy_00410.jpg,7. Healthy leaf,G04708
7. Healthy leaf/healthy_00411.jpg,7. Healthy leaf,G04709
7. Healthy leaf/healthy_00412.jpg,7. Healthy leaf,G04710
7. Healthy leaf/healthy_00413.jpg,7. Healthy leaf,G04711
7. Healthy leaf/healthy_00414.jpg,7. Healthy leaf,G04712
7. Healthy leaf/healthy_00415.jpg,7. Healthy leaf,G04713
7. Healthy leaf/healthy_00416.jpg,7. Healthy leaf,G04714
7. Healthy leaf/healthy_00417.jpg,7. Healthy leaf,G04715
7. Healthy leaf/healthy_00418.jpg,7. Healthy leaf,G04716
7. Healthy leaf/healthy_00419.jpg,7. Healthy leaf,G04717
7. Healthy leaf/healthy_00420.jpg,7. Healthy leaf,G04718
7. Healthy leaf/healthy_00421.jpg,7. Healthy leaf,G04719
7. Healthy leaf/healthy_00422.jpg,7. Healthy leaf,G04720
7. Healthy leaf/healthy_00423.jpg,7. Healthy leaf,G04721
7. Healthy leaf/healthy_00424.jpg,7. Healthy leaf,G04722
7. Healthy leaf/healthy_00425.jpg,7. Healthy leaf,G04723
7. Healthy leaf/healthy_00426.jpg,7. Healthy leaf,G04724
7. Healthy leaf/healthy_00427.jpg,7. Healthy leaf,G04725
7. Healthy leaf/healthy_00428.jpg,7. Healthy leaf,G04726
7. Healthy leaf/healthy_00429.jpg,7. Healthy leaf,G04727
7. Healthy leaf/healthy_00430.jpg,7. Healthy leaf,G04728
7. Healthy leaf/healthy_00431.jpg,7. Healthy leaf,G04729
7. Healthy leaf/healthy_00432.jpg,7. Healthy leaf,G04730
7. Healthy leaf/healthy_00433.jpg,7. Healthy leaf,G04731
7. Healthy leaf/healthy_00434.jpg,7. Healthy leaf,G04732
7. Healthy leaf/healthy_00435.jpg,7. Healthy leaf,G04733
7. Healthy leaf/healthy_00436.jpg,7. Healthy leaf,G04734
7. Healthy leaf/healthy_00437.jpg,7. Healthy leaf,G04735
7. Healthy leaf/healthy_00438.jpg,7. Healthy leaf,G04736
7. Healthy leaf/healthy_00439.jpg,7. Healthy leaf,G04737
7. Healthy leaf/healthy_00440.jpg,7. Healthy leaf,G04738
7. Healthy leaf/healthy_00441.jpg,7. Healthy leaf,G04739
7. Healthy leaf/healthy_00442.jpg,7. Healthy leaf,G04740
7. Healthy leaf/healthy_00443.jpg,7. Healthy leaf,G04741
7. Healthy leaf/healthy_00444.jpg,7. Healthy leaf,G04742
7. Healthy leaf/healthy_00445.jpg,7. Healthy leaf,G04743
7. Healthy leaf/healthy_00446.jpg,7. Healthy leaf,G04744
7. Healthy leaf/healthy_00447.jpg,7. Healthy leaf,G04745
7. Healthy leaf/healthy_00448.jpg,7. Healthy leaf,G04746
7. Healthy leaf/healthy_00449.jpg,7. Healthy leaf,G04747
7. Healthy leaf/healthy_00450.jpg,7. Healthy leaf,G04748
7. Healthy leaf/healthy_00451.jpg,7. Healthy leaf,G04749
7. Healthy leaf/healthy_00452.jpg,7. Healthy leaf,G04750
7. Healthy leaf/healthy_00453.jpg,7. Healthy leaf,G04751
7. Healthy leaf/healthy_00454.jpg,7. Healthy leaf,G04752
7. Healthy leaf/healthy_00455.jpg,7. Healthy leaf,G04753
7. Healthy leaf/healthy_00456.jpg,7. Healthy leaf,G04754
7. Healthy leaf/healthy_00457.jpg,7. Healthy leaf,G04755
7. Healthy leaf/healthy_00458.jpg,7. Healthy leaf,G04756
7. Healthy leaf/healthy_00459.jpg,7. Healthy leaf,G04757
7. Healthy leaf/healthy_00460.jpg,7. Healthy leaf,G04758
7. Healthy leaf/healthy_00461.jpg,7. Healthy leaf,G04759
7. Healthy leaf/healthy_00462.jpg,7. Healthy leaf,G04760
7. Healthy leaf/healthy_00463.jpg,7. Healthy leaf,G04761
7. Healthy leaf/healthy_00464.jpg,7. Healthy leaf,G04762
7. Healthy leaf/healthy_00465.jpg,7. Healthy leaf,G04763
7. Healthy leaf/healthy_00466.jpg,7. Healthy leaf,G04764
7. Healthy leaf/healthy_00467.jpg,7. Healthy leaf,G04765
7. Healthy leaf/healthy_00468.jpg,7. Healthy leaf,G04766
7. Healthy leaf/healthy_00469.jpg,7. Healthy leaf,G04767
7. Healthy leaf/healthy_00470.jpg,7. Healthy leaf,G04768
7. Healthy leaf/healthy_00471.jpg,7. Healthy leaf,G04769
7. Healthy leaf/healthy_00472.jpg,7. Healthy leaf,G04770
7. Healthy leaf/healthy_00473.jpg,7. Healthy leaf,G04771
7. Healthy leaf/healthy_00474.jpg,7. Healthy leaf,G04772
7. Healthy leaf/healthy_00475.jpg,7. Healthy leaf,G04773
7. Healthy leaf/healthy_00476.jpg,7. Healthy leaf,G04774
7. Healthy leaf/healthy_00477.jpg,7. Healthy leaf,G04775
7. Healthy leaf/healthy_00478.jpg,7. Healthy leaf,G04776
7. Healthy leaf/healthy_00479.jpg,7. Healthy leaf,G04777
7. Healthy leaf/healthy_00480.jpg,7. Healthy leaf,G04778
7. Healthy leaf/healthy_00481.jpg,7. Healthy leaf,G04779
7. Healthy leaf/healthy_00482.jpg,7. Healthy leaf,G04780
7. Healthy leaf/healthy_00483.jpg,7. Healthy leaf,G04781
7. Healthy leaf/healthy_00484.jpg,7. Healthy leaf,G04782
7. Healthy leaf/healthy_00485.jpg,7. Healthy leaf,G04783
7. Healthy leaf/healthy_00486.jpg,7. Healthy leaf,G04784
7. Healthy leaf/healthy_00487.jpg,7. Healthy leaf,G04785
7. Healthy leaf/healthy_00488.jpg,7. Healthy leaf,G04786
7. Healthy leaf/healthy_00489.jpg,7. Healthy leaf,G04787
7. Healthy leaf/healthy_00490.jpg,7. Healthy leaf,G04788
7. Healthy leaf/healthy_00491.jpg,7. Healthy leaf,G04789
7. Healthy leaf/healthy_00492.jpg,7. Healthy leaf,G04790
7. Healthy leaf/healthy_00493.jpg,7. Healthy leaf,G04791
7. Healthy leaf/healthy_00494.jpg,7. Healthy leaf,G04792
7. Healthy leaf/healthy_00495.jpg,7. Healthy leaf,G04793
7. Healthy leaf/healthy_00496.jpg,7. Healthy leaf,G04794
7. Healthy leaf/healthy_00497.jpg,7. Healthy leaf,G04795
7. Healthy leaf/healthy_00498.jpg,7. Healthy leaf,G04796
7. Healthy leaf/healthy_00499.jpg,7. Healthy leaf,G04797
7. Healthy leaf/healthy_00500.jpg,7. Healthy leaf,G04798
7. Healthy leaf/healthy_00501.jpg,7. Healthy leaf,G04799
7. Healthy leaf/healthy_00502.jpg,7. Healthy leaf,G04800
7. Healthy leaf/healthy_00503.jpg,7. Healthy leaf,G04801
7. Healthy leaf/healthy_00504.jpg,7. Healthy leaf,G04802
7. Healthy leaf/healthy_00505.jpg,7. Healthy leaf,G04803
7. Healthy leaf/healthy_00506.jpg,7. Healthy leaf,G04804
7. Healthy leaf/healthy_00507.jpg,7. Healthy leaf,G04805
7. Healthy leaf/healthy_00508.jpg,7. Healthy leaf,G04806
7. Healthy leaf/healthy_00509.jpg,7. Healthy leaf,G04807
7. Healthy leaf/healthy_00510.jpg,7. Healthy leaf,G04808
7. Healthy leaf/healthy_00511.jpg,7. Healthy leaf,G04809
7. Healthy leaf/healthy_00512.jpg,7. Healthy leaf,G04810
7. Healthy leaf/healthy_00513.jpg,7. Healthy leaf,G04811
7. Healthy leaf/healthy_00514.jpg,7. Healthy leaf,G04812
7. Healthy leaf/healthy_00515.jpg,7. Healthy leaf,G04813
7. Healthy leaf/healthy_00516.jpg,7. Healthy leaf,G04814
7. Healthy leaf/healthy_00517.jpg,7. Healthy leaf,G04815
7. Healthy leaf/healthy_00518.jpg,7. Healthy leaf,G04816
7. Healthy leaf/healthy_00519.jpg,7. Healthy leaf,G04817
7. Healthy leaf/healthy_00520.jpg,7. Healthy leaf,G04818
7. Healthy leaf/healthy_00521.jpg,7. Healthy leaf,G04819
7. Healthy leaf/healthy_00522.jpg,7. Healthy leaf,G04820
7. Healthy leaf/healthy_00523.jpg,7. Healthy leaf,G04821
7. Healthy leaf/healthy_00524.jpg,7. Healthy leaf,G04822
7. Healthy leaf/healthy_00525.jpg,7. Healthy leaf,G04823
7. Healthy leaf/healthy_00526.jpg,7. Healthy leaf,G04824
7. Healthy leaf/healthy_00527.jpg,7. Healthy leaf,G04825
7. Healthy leaf/healthy_00528.jpg,7. Healthy leaf,G04826
7. Healthy leaf/healthy_00529.jpg,7. Healthy leaf,G04827
7. Healthy leaf/healthy_00530.jpg,7. Healthy leaf,G04828
7. Healthy leaf/healthy_00531.jpg,7. Healthy leaf,G04829
7. Healthy leaf/healthy_00532.jpg,7. Healthy leaf,G04830
7. Healthy leaf/healthy_00533.jpg,7. Healthy leaf,G04831
7. Healthy leaf/healthy_00534.jpg,7. Healthy leaf,G04832
7. Healthy leaf/healthy_00535.jpg,7. Healthy leaf,G04833
7. Healthy leaf/healthy_00536.jpg,7. Healthy leaf,G04834
7. Healthy leaf/healthy_00537.jpg,7. Healthy leaf,G04835
7. Healthy leaf/healthy_00538.jpg,7. Healthy leaf,G04836
7. Healthy leaf/healthy_00539.jpg,7. Healthy leaf,G04837
7. Healthy leaf/healthy_00540.jpg,7. Healthy leaf,G04838
7. Healthy leaf/healthy_00541.jpg,7. Healthy leaf,G04839
7. Healthy leaf/healthy_00542.jpg,7. Healthy leaf,G04840
7. Healthy leaf/healthy_00543.jpg,7. Healthy leaf,G04841
7. Healthy leaf/healthy_00544.jpg,7. Healthy leaf,G04842
7. Healthy leaf/healthy_00545.jpg,7. Healthy leaf,G04843
7. Healthy leaf/healthy_00546.jpg,7. Healthy leaf,G04844
7. Healthy leaf/healthy_00547.jpg,7. Healthy leaf,G04845
7. Healthy leaf/healthy_00548.jpg,7. Healthy leaf,G04846
7. Healthy leaf/healthy_00549.jpg,7. Healthy leaf,G04847
7. Healthy leaf/healthy_00550.jpg,7. Healthy leaf,G04848
7. Healthy leaf/healthy_00551.jpg,7. Healthy leaf,G04849
7. Healthy leaf/healthy_00552.jpg,7. Healthy leaf,G04850
7. Healthy leaf/healthy_00553.jpg,7. Healthy leaf,G04851
7. Healthy leaf/healthy_00554.jpg,7. Healthy leaf,G04852
7. Healthy leaf/healthy_00555.jpg,7. Healthy leaf,G04853
7. Healthy leaf/healthy_00556.jpg,7. Healthy leaf,G04854
7. Healthy leaf/healthy_00557.jpg,7. Healthy leaf,G04855
7. Healthy leaf/healthy_00558.jpg,7. Healthy leaf,G04856
7. Healthy leaf/healthy_00559.jpg,7. Healthy leaf,G04857
7. Healthy leaf/healthy_00560.jpg,7. Healthy leaf,G04858
7. Healthy leaf/healthy_00561.jpg,7. Healthy leaf,G04859
7. Healthy leaf/healthy_00562.jpg,7. Healthy leaf,G04860
7. Healthy leaf/healthy_00563.jpg,7. Healthy leaf,G04861
7. Healthy leaf/healthy_00564.jpg,7. Healthy leaf,G04862
7. Healthy leaf/healthy_00565.jpg,7. Healthy leaf,G04863
7. Healthy leaf/healthy_00566.jpg,7. Healthy leaf,G04864
7. Healthy leaf/healthy_00567.jpg,7. Healthy leaf,G04865
7. Healthy leaf/healthy_00568.jpg,7. Healthy leaf,G04866
7. Healthy leaf/healthy_00569.jpg,7. Healthy leaf,G04867
7. Healthy leaf/healthy_00570.jpg,7. Healthy leaf,G04868
7. Healthy leaf/healthy_00571.jpg,7. Healthy leaf,G04869
7. Healthy leaf/healthy_00572.jpg,7. Healthy leaf,G04870
7. Healthy leaf/healthy_00573.jpg,7. Healthy leaf,G04871
7. Healthy leaf/healthy_00574.jpg,7. Healthy leaf,G04872
7. Healthy leaf/healthy_00575.jpg,7. Healthy leaf,G04873
7. Healthy leaf/healthy_00576.jpg,7. Healthy leaf,G04874
7. Healthy leaf/healthy_00577.jpg,7. Healthy leaf,G04875
7. Healthy leaf/healthy_00578.jpg,7. Healthy leaf,G04876
7. Healthy leaf/healthy_00579.jpg,7. Healthy leaf,G04877
7. Healthy leaf/healthy_00580.jpg,7. Healthy leaf,G04878
7. Healthy leaf/healthy_00581.jpg,7. Healthy leaf,G04879
7. Healthy leaf/healthy_00582.jpg,7. Healthy leaf,G04880
7. Healthy leaf/healthy_00583.jpg,7. Healthy leaf,G04881
7. Healthy leaf/healthy_00584.jpg,7. Healthy leaf,G04882
7. Healthy leaf/healthy_00585.jpg,7. Healthy leaf,G04883
7. Healthy leaf/healthy_00586.jpg,7. Healthy leaf,G04884
7. Healthy leaf/healthy_00587.jpg,7. Healthy leaf,G04885
7. Healthy leaf/healthy_00588.jpg,7. Healthy leaf,G04886
7. Healthy leaf/healthy_00589.jpg,7. Healthy leaf,G04887
7. Healthy leaf/healthy_00590.jpg,7. Healthy leaf,G04888
7. Healthy leaf/healthy_00591.jpg,7. Healthy leaf,G04889
7. Healthy leaf/healthy_00592.jpg,7. Healthy leaf,G04890
7. Healthy leaf/healthy_00593.jpg,7. Healthy leaf,G04891
7. Healthy leaf/healthy_00594.jpg,7. Healthy leaf,G04892
7. Healthy leaf/healthy_00595.jpg,7. Healthy leaf,G04893
7. Healthy leaf/healthy_00596.jpg,7. Healthy leaf,G04894
7. Healthy leaf/healthy_00597.jpg,7. Healthy leaf,G04895
7. Healthy leaf/healthy_00598.jpg,7. Healthy leaf,G04896
7. Healthy leaf/healthy_00599.jpg,7. Healthy leaf,G04897
7. Healthy leaf/healthy_00600.jpg,7. Healthy leaf,G04898
7. Healthy leaf/healthy_00601.jpg,7. Healthy leaf,G04899
7. Healthy leaf/healthy_00602.jpg,7. Healthy leaf,G04900
7. Healthy leaf/healthy_00603.jpg,7. Healthy leaf,G04901
7. Healthy leaf/healthy_00604.jpg,7. Healthy leaf,G04902
7. Healthy leaf/healthy_00605.jpg,7. Healthy leaf,G04903
7. Healthy leaf/healthy_00606.jpg,7. Healthy leaf,G04904
7. Healthy leaf/healthy_00607.jpg,7. Healthy leaf,G04905
7. Healthy leaf/healthy_00608.jpg,7. Healthy leaf,G04906
7. Healthy leaf/healthy_00609.jpg,7. Healthy leaf,G04907
7. Healthy leaf/healthy_00610.jpg,7. Healthy leaf,G04908
7. Healthy leaf/healthy_00611.jpg,7. Healthy leaf,G04909
7. Healthy leaf/healthy_00612.jpg,7. Healthy leaf,G04910
7. Healthy leaf/healthy_00613.jpg,7. Healthy leaf,G04911
7. Healthy leaf/healthy_00614.jpg,7. Healthy leaf,G04912
7. Healthy leaf/healthy_00615.jpg,7. Healthy leaf,G04913
7. Healthy leaf/healthy_00616.jpg,7. Healthy leaf,G04914
7. Healthy leaf/healthy_00617.jpg,7. Healthy leaf,G04915
7. Healthy leaf/healthy_00618.jpg,7. Healthy leaf,G04916
7. Healthy leaf/healthy_00619.jpg,7. Healthy leaf,G04917
7. Healthy leaf/healthy_00620.jpg,7. Healthy leaf,G04918
7. Healthy leaf/healthy_00621.jpg,7. Healthy leaf,G04919
7. Healthy leaf/healthy_00622.jpg,7. Healthy leaf,G04920
7. Healthy leaf/healthy_00623.jpg,7. Healthy leaf,G04921
7. Healthy leaf/healthy_00624.jpg,7. Healthy leaf,G04922
7. Healthy leaf/healthy_00625.jpg,7. Healthy leaf,G04923
7. Healthy leaf/healthy_00626.jpg,7. Healthy leaf,G04924
7. Healthy leaf/healthy_00627.jpg,7. Healthy leaf,G04925
7. Healthy leaf/healthy_00628.jpg,7. Healthy leaf,G04926
7. Healthy leaf/healthy_00629.jpg,7. Healthy leaf,G04927
7. Healthy leaf/healthy_00630.jpg,7. Healthy leaf,G04928
7. Healthy leaf/healthy_00631.jpg,7. Healthy leaf,G04929
7. Healthy leaf/healthy_00632.jpg,7. Healthy leaf,G04930
7. Healthy leaf/healthy_00633.jpg,7. Healthy leaf,G04931
7. Healthy leaf/healthy_00634.jpg,7. Healthy leaf,G04932
7. Healthy leaf/healthy_00635.jpg,7. Healthy leaf,G04933
7. Healthy leaf/healthy_00636.jpg,7. Healthy leaf,G04934
7. Healthy leaf/healthy_00637.jpg,7. Healthy leaf,G04935
7. Healthy leaf/healthy_00638.jpg,7. Healthy leaf,G04936
7. Healthy leaf/healthy_00639.jpg,7. Healthy leaf,G04937
7. Healthy leaf/healthy_00640.jpg,7. Healthy leaf,G04938
7. Healthy leaf/healthy_00641.jpg,7. Healthy leaf,G04939
7. Healthy leaf/healthy_00642.jpg,7. Healthy leaf,G04940
7. Healthy leaf/healthy_00643.jpg,7. Healthy leaf,G04941
7. Healthy leaf/healthy_00644.jpg,7. Healthy leaf,G04942
7. Healthy leaf/healthy_00645.jpg,7. Healthy leaf,G04943
7. Healthy leaf/healthy_00646.jpg,7. Healthy leaf,G04944
7. Healthy leaf/healthy_00647.jpg,7. Healthy leaf,G04945
7. Healthy leaf/healthy_00648.jpg,7. Healthy leaf,G04946
7. Healthy leaf/healthy_00649.jpg,7. Healthy leaf,G04947
7. Healthy leaf/healthy_00650.jpg,7. Healthy leaf,G04948
7. Healthy leaf/healthy_00651.jpg,7. Healthy leaf,G04949
7. Healthy leaf/healthy_00652.jpg,7. Healthy leaf,G04950
7. Healthy leaf/healthy_00653.jpg,7. Healthy leaf,G04951
7. Healthy leaf/healthy_00654.jpg,7. Healthy leaf,G04952
7. Healthy leaf/healthy_00655.jpg,7. Healthy leaf,G04953
7. Healthy leaf/healthy_00656.jpg,7. Healthy leaf,G04954
7. Healthy leaf/healthy_00657.jpg,7. Healthy leaf,G04955
7. Healthy leaf/healthy_00658.jpg,7. Healthy leaf,G04956
7. Healthy leaf/healthy_00659.jpg,7. Healthy leaf,G04957
7. Healthy leaf/healthy_00660.jpg,7. Healthy leaf,G04958
7. Healthy leaf/healthy_00661.jpg,7. Healthy leaf,G04959
7. Healthy leaf/healthy_00662.jpg,7. Healthy leaf,G04960
7. Healthy leaf/healthy_00663.jpg,7. Healthy leaf,G04961
7. Healthy leaf/healthy_00664.jpg,7. Healthy leaf,G04962
7. Healthy leaf/healthy_00665.jpg,7. Healthy leaf,G04963
7. Healthy leaf/healthy_00666.jpg,7. Healthy leaf,G04964
7. Healthy leaf/healthy_00667.jpg,7. Healthy leaf,G04965
7. Healthy leaf/healthy_00668.jpg,7. Healthy leaf,G04966
7. Healthy leaf/healthy_00669.jpg,7. Healthy leaf,G04967
7. Healthy leaf/healthy_00670.jpg,7. Healthy leaf,G04968
7. Healthy leaf/healthy_00671.jpg,7. Healthy leaf,G04969
7. Healthy leaf/healthy_00672.jpg,7. Healthy leaf,G04970
7. Healthy leaf/healthy_00673.jpg,7. Healthy leaf,G04971
7. Healthy leaf/healthy_00674.jpg,7. Healthy leaf,G04972
7. Healthy leaf/healthy_00675.jpg,7. Healthy leaf,G04973
7. Healthy leaf/healthy_00676.jpg,7. Healthy leaf,G04974
7. Healthy leaf/healthy_00677.jpg,7. Healthy leaf,G04975
7. Healthy leaf/healthy_00678.jpg,7. Healthy leaf,G04976
7. Healthy leaf/healthy_00679.jpg,7. Healthy leaf,G04977
7. Healthy leaf/healthy_00680.jpg,7. Healthy leaf,G04978
7. Healthy leaf/healthy_00681.jpg,7. Healthy leaf,G04979
7. Healthy leaf/healthy_00682.jpg,7. Healthy leaf,G04980
7. Healthy leaf/healthy_00683.jpg,7. Healthy leaf,G04981
7. Healthy leaf/healthy_00684.jpg,7. Healthy leaf,G04982
7. Healthy leaf/healthy_00685.jpg,7. Healthy leaf,G04983
7. Healthy leaf/healthy_00686.jpg,7. Healthy leaf,G04984
7. Healthy leaf/healthy_00687.jpg,7. Healthy leaf,G04985
7. Healthy leaf/healthy_00688.jpg,7. Healthy leaf,G04986
7. Healthy leaf/healthy_00689.jpg,7. Healthy leaf,G04987
7. Healthy leaf/healthy_00690.jpg,7. Healthy leaf,G04988
7. Healthy leaf/healthy_00691.jpg,7. Healthy leaf,G04989
7. Healthy leaf/healthy_00692.jpg,7. Healthy leaf,G04990
7. Healthy leaf/healthy_00693.jpg,7. Healthy leaf,G04991
7. Healthy leaf/healthy_00694.jpg,7. Healthy leaf,G04992
7. Healthy leaf/healthy_00695.jpg,7. Healthy leaf,G04993
7. Healthy leaf/healthy_00696.jpg,7. Healthy leaf,G04994
7. Healthy leaf/healthy_00697.jpg,7. Healthy leaf,G04995
7. Healthy leaf/healthy_00698.jpg,7. Healthy leaf,G04996
7. Healthy leaf/healthy_00699.jpg,7. Healthy leaf,G04997
7. Healthy leaf/healthy_00700.jpg,7. Healthy leaf,G04998
7. Healthy leaf/healthy_00701.jpg,7. Healthy leaf,G04999
7. Healthy leaf/healthy_00702.jpg,7. Healthy leaf,G05000
7. Healthy leaf/healthy_00703.jpg,7. Healthy leaf,G05001
7. Healthy leaf/healthy_00704.jpg,7. Healthy leaf,G05002
7. Healthy leaf/healthy_00705.jpg,7. Healthy leaf,G05003
7. Healthy leaf/healthy_00706.jpg,7. Healthy leaf,G05004
7. Healthy leaf/healthy_00707.jpg,7. Healthy leaf,G05005
7. Healthy leaf/healthy_00708.jpg,7. Healthy leaf,G05006
7. Healthy leaf/healthy_00709.jpg,7. Healthy leaf,G05007
7. Healthy leaf/healthy_00710.jpg,7. Healthy leaf,G05008
7. Healthy leaf/healthy_00711.jpg,7. Healthy leaf,G05009
7. Healthy leaf/healthy_00712.jpg,7. Healthy leaf,G05010
7. Healthy leaf/healthy_00713.jpg,7. Healthy leaf,G05011
7. Healthy leaf/healthy_00714.jpg,7. Healthy leaf,G05012
7. Healthy leaf/healthy_00715.jpg,7. Healthy leaf,G05013
7. Healthy leaf/healthy_00716.jpg,7. Healthy leaf,G05014
7. Healthy leaf/healthy_00717.jpg,7. Healthy leaf,G05015
7. Healthy leaf/healthy_00718.jpg,7. Healthy leaf,G05016
7. Healthy leaf/healthy_00719.jpg,7. Healthy leaf,G05017
7. Healthy leaf/healthy_00720.jpg,7. Healthy leaf,G05018
7. Healthy leaf/healthy_00721.jpg,7. Healthy leaf,G05019
7. Healthy leaf/healthy_00722.jpg,7. Healthy leaf,G05020
7. Healthy leaf/healthy_00723.jpg,7. Healthy leaf,G05021
7. Healthy leaf/healthy_00724.jpg,7. Healthy leaf,G05022
7. Healthy leaf/healthy_00725.jpg,7. Healthy leaf,G05023
7. Healthy leaf/healthy_00726.jpg,7. Healthy leaf,G05024
7. Healthy leaf/healthy_00727.jpg,7. Healthy leaf,G05025
7. Healthy leaf/healthy_00728.jpg,7. Healthy leaf,G05026
7. Healthy leaf/healthy_00729.jpg,7. Healthy leaf,G05027
7. Healthy leaf/healthy_00730.jpg,7. Healthy leaf,G05028
7. Healthy leaf/healthy_00731.jpg,7. Healthy leaf,G05029
7. Healthy leaf/healthy_00732.jpg,7. Healthy leaf,G05030
7. Healthy leaf/healthy_00733.jpg,7. Healthy leaf,G05031
7. Healthy leaf/healthy_00734.jpg,7. Healthy leaf,G05032
7. Healthy leaf/healthy_00735.jpg,7. Healthy leaf,G05033
7. Healthy leaf/healthy_00736.jpg,7. Healthy leaf,G05034
7. Healthy leaf/healthy_00737.jpg,7. Healthy leaf,G05035
7. Healthy leaf/healthy_00738.jpg,7. Healthy leaf,G05036
7. Healthy leaf/healthy_00739.jpg,7. Healthy leaf,G05037
7. Healthy leaf/healthy_00740.jpg,7. Healthy leaf,G05038
7. Healthy leaf/healthy_00741.jpg,7. Healthy leaf,G05039
7. Healthy leaf/healthy_00742.jpg,7. Healthy leaf,G05040
7. Healthy leaf/healthy_00743.jpg,7. Healthy leaf,G05041
7. Healthy leaf/healthy_00744.jpg,7. Healthy leaf,G05042
7. Healthy leaf/healthy_00745.jpg,7. Healthy leaf,G05043
7. Healthy leaf/healthy_00746.jpg,7. Healthy leaf,G05044
7. Healthy leaf/healthy_00747.jpg,7. Healthy leaf,G05045
7. Healthy leaf/healthy_00748.jpg,7. Healthy leaf,G05046
7. Healthy leaf/healthy_00749.jpg,7. Healthy leaf,G05047
7. Healthy leaf/healthy_00750.jpg,7. Healthy leaf,G05048
7. Healthy leaf/healthy_00751.jpg,7. Healthy leaf,G05049
7. Healthy leaf/healthy_00752.jpg,7. Healthy leaf,G05050
7. Healthy leaf/healthy_00753.jpg,7. Healthy leaf,G05051
7. Healthy leaf/healthy_00754.jpg,7. Healthy leaf,G05052
7. Healthy leaf/healthy_00755.jpg,7. Healthy leaf,G05053
7. Healthy leaf/healthy_00756.jpg,7. Healthy leaf,G05054
7. Healthy leaf/healthy_00757.jpg,7. Healthy leaf,G05055
7. Healthy leaf/healthy_00758.jpg,7. Healthy leaf,G05056
7. Healthy leaf/healthy_00759.jpg,7. Healthy leaf,G05057
7. Healthy leaf/healthy_00760.jpg,7. Healthy leaf,G05058
7. Healthy leaf/healthy_00761.jpg,7. Healthy leaf,G05059
7. Healthy leaf/healthy_00762.jpg,7. Healthy leaf,G05060
7. Healthy leaf/healthy_00763.jpg,7. Healthy leaf,G05061
7. Healthy leaf/healthy_00764.jpg,7. Healthy leaf,G05062
7. Healthy leaf/healthy_00765.jpg,7. Healthy leaf,G05063
7. Healthy leaf/healthy_00766.jpg,7. Healthy leaf,G05064
7. Healthy leaf/healthy_00767.jpg,7. Healthy leaf,G05065
7. Healthy leaf/healthy_00768.jpg,7. Healthy leaf,G05066
7. Healthy leaf/healthy_00769.jpg,7. Healthy leaf,G05067
7. Healthy leaf/healthy_00770.jpg,7. Healthy leaf,G05068
7. Healthy leaf/healthy_00771.jpg,7. Healthy leaf,G05069
7. Healthy leaf/healthy_00772.jpg,7. Healthy leaf,G05070
7. Healthy leaf/healthy_00773.jpg,7. Healthy leaf,G05071
7. Healthy leaf/healthy_00774.jpg,7. Healthy leaf,G05072
7. Healthy leaf/healthy_00775.jpg,7. Healthy leaf,G05073
7. Healthy leaf/healthy_00776.jpg,7. Healthy leaf,G05074
7. Healthy leaf/healthy_00777.jpg,7. Healthy leaf,G05075
7. Healthy leaf/healthy_00778.jpg,7. Healthy leaf,G05076
7. Healthy leaf/healthy_00779.jpg,7. Healthy leaf,G05077
7. Healthy leaf/healthy_00780.jpg,7. Healthy leaf,G05078
7. Healthy leaf/healthy_00781.jpg,7. Healthy leaf,G05079
7. Healthy leaf/healthy_00782.jpg,7. Healthy leaf,G05080
7. Healthy leaf/healthy_00783.jpg,7. Healthy leaf,G05081
7. Healthy leaf/healthy_00784.jpg,7. Healthy leaf,G05082
7. Healthy leaf/healthy_00785.jpg,7. Healthy leaf,G05083
7. Healthy leaf/healthy_00786.jpg,7. Healthy leaf,G05084
7. Healthy leaf/healthy_00787.jpg,7. Healthy leaf,G05085
7. Healthy leaf/healthy_00788.jpg,7. Healthy leaf,G05086
7. Healthy leaf/healthy_00789.jpg,7. Healthy leaf,G05087
7. Healthy leaf/healthy_00790.jpg,7. Healthy leaf,G05088
7. Healthy leaf/healthy_00791.jpg,7. Healthy leaf,G05089
7. Healthy leaf/healthy_00792.jpg,7. Healthy leaf,G05090
7. Healthy leaf/healthy_00793.jpg,7. Healthy leaf,G05091
7. Healthy leaf/healthy_00794.jpg,7. Healthy leaf,G05092
7. Healthy leaf/healthy_00795.jpg,7. Healthy leaf,G05093
7. Healthy leaf/healthy_00796.jpg,7. Healthy leaf,G05094
7. Healthy leaf/healthy_00797.jpg,7. Healthy leaf,G05095
7. Healthy leaf/healthy_00798.jpg,7. Healthy leaf,G05096
7. Healthy leaf/healthy_00799.jpg,7. Healthy leaf,G05097
7. Healthy leaf/healthy_00800.jpg,7. Healthy leaf,G05098
7. Healthy leaf/healthy_00801.jpg,7. Healthy leaf,G05099
7. Healthy leaf/healthy_00802.jpg,7. Healthy leaf,G05100
7. Healthy leaf/healthy_00803.jpg,7. Healthy leaf,G05101
7. Healthy leaf/healthy_00804.jpg,7. Healthy leaf,G05102
7. Healthy leaf/healthy_00805.jpg,7. Healthy leaf,G05103
7. Healthy leaf/healthy_00806.jpg,7. Healthy leaf,G05104
7. Healthy leaf/healthy_00807.jpg,7. Healthy leaf,G05105
7. Healthy leaf/healthy_00808.jpg,7. Healthy leaf,G05106
7. Healthy leaf/healthy_00809.jpg,7. Healthy leaf,G05107
7. Healthy leaf/healthy_00810.jpg,7. Healthy leaf,G05108
7. Healthy leaf/healthy_00811.jpg,7. Healthy leaf,G05109
7. Healthy leaf/healthy_00812.jpg,7. Healthy leaf,G05110
7. Healthy leaf/healthy_00813.jpg,7. Healthy leaf,G05111
7. Healthy leaf/healthy_00814.jpg,7. Healthy leaf,G05112
7. Healthy leaf/healthy_00815.jpg,7. Healthy leaf,G05113
7. Healthy leaf/healthy_00816.jpg,7. Healthy leaf,G05114
7. Healthy leaf/healthy_00817.jpg,7. Healthy leaf,G05115
7. Healthy leaf/healthy_00818.jpg,7. Healthy leaf,G05116
7. Healthy leaf/healthy_00819.jpg,7. Healthy leaf,G05117
7. Healthy leaf/healthy_00820.jpg,7. Healthy leaf,G05118
7. Healthy leaf/healthy_00821.jpg,7. Healthy leaf,G05119
7. Healthy leaf/healthy_00822.jpg,7. Healthy leaf,G05120
7. Healthy leaf/healthy_00823.jpg,7. Healthy leaf,G05121
7. Healthy leaf/healthy_00824.jpg,7. Healthy leaf,G05122
7. Healthy leaf/healthy_00825.jpg,7. Healthy leaf,G05123
7. Healthy leaf/healthy_00826.jpg,7. Healthy leaf,G05124
7. Healthy leaf/healthy_00827.jpg,7. Healthy leaf,G05125
7. Healthy leaf/healthy_00828.jpg,7. Healthy leaf,G05126
7. Healthy leaf/healthy_00829.jpg,7. Healthy leaf,G05127
7. Healthy leaf/healthy_00830.jpg,7. Healthy leaf,G05128
7. Healthy leaf/healthy_00831.jpg,7. Healthy leaf,G05129
7. Healthy leaf/healthy_00832.jpg,7. Healthy leaf,G05130
7. Healthy leaf/healthy_00833.jpg,7. Healthy leaf,G05131
7. Healthy leaf/healthy_00834.jpg,7. Healthy leaf,G05132
7. Healthy leaf/healthy_00835.jpg,7. Healthy leaf,G05133
7. Healthy leaf/healthy_00836.jpg,7. Healthy leaf,G05134
7. Healthy leaf/healthy_00837.jpg,7. Healthy leaf,G05135
7. Healthy leaf/healthy_00838.jpg,7. Healthy leaf,G05136
7. Healthy leaf/healthy_00839.jpg,7. Healthy leaf,G05137
7. Healthy leaf/healthy_00840.jpg,7. Healthy leaf,G05138
7. Healthy leaf/healthy_00841.jpg,7. Healthy leaf,G05139
7. Healthy leaf/healthy_00842.jpg,7. Healthy leaf,G05140
7. Healthy leaf/healthy_00843.jpg,7. Healthy leaf,G05141
7. Healthy leaf/healthy_00844.jpg,7. Healthy leaf,G05142
7. Healthy leaf/healthy_00845.jpg,7. Healthy leaf,G05143
7. Healthy leaf/healthy_00846.jpg,7. Healthy leaf,G05144
7. Healthy leaf/healthy_00847.jpg,7. Healthy leaf,G05145
7. Healthy leaf/healthy_00848.jpg,7. Healthy leaf,G05146
7. Healthy leaf/healthy_00849.jpg,7. Healthy leaf,G05147
7. Healthy leaf/healthy_00850.jpg,7. Healthy leaf,G05148
7. Healthy leaf/healthy_00851.jpg,7. Healthy leaf,G05149
7. Healthy leaf/healthy_00852.jpg,7. Healthy leaf,G05150
7. Healthy leaf/healthy_00853.jpg,7. Healthy leaf,G05151
7. Healthy leaf/healthy_00854.jpg,7. Healthy leaf,G05152
7. Healthy leaf/healthy_00855.jpg,7. Healthy leaf,G05153
7. Healthy leaf/healthy_00856.jpg,7. Healthy leaf,G05154
7. Healthy leaf/healthy_00857.jpg,7. Healthy leaf,G05155
7. Healthy leaf/healthy_00858.jpg,7. Healthy leaf,G05156
7. Healthy leaf/healthy_00859.jpg,7. Healthy leaf,G05157
7. Healthy leaf/healthy_00860.jpg,7. Healthy leaf,G05158
7. Healthy leaf/healthy_00861.jpg,7. Healthy leaf,G05159
7. Healthy leaf/healthy_00862.jpg,7. Healthy leaf,G05160
7. Healthy leaf/healthy_00863.jpg,7. Healthy leaf,G05161
7. Healthy leaf/healthy_00864.jpg,7. Healthy leaf,G05162
7. Healthy leaf/healthy_00865.jpg,7. Healthy leaf,G05163
7. Healthy leaf/healthy_00866.jpg,7. Healthy leaf,G05164
7. Healthy leaf/healthy_00867.jpg,7. Healthy leaf,G05165
7. Healthy leaf/healthy_00868.jpg,7. Healthy leaf,G05166
7. Healthy leaf/healthy_00869.jpg,7. Healthy leaf,G05167
7. Healthy leaf/healthy_00870.jpg,7. Healthy leaf,G05168
7. Healthy leaf/healthy_00871.jpg,7. Healthy leaf,G05169
7. Healthy leaf/healthy_00872.jpg,7. Healthy leaf,G05170
7. Healthy leaf/healthy_00873.jpg,7. Healthy leaf,G05171
7. Healthy leaf/healthy_00874.jpg,7. Healthy leaf,G05172
7. Healthy leaf/healthy_00875.jpg,7. Healthy leaf,G05173
7. Healthy leaf/healthy_00876.jpg,7. Healthy leaf,G05174
7. Healthy leaf/healthy_00877.jpg,7. Healthy leaf,G05175
7. Healthy leaf/healthy_00878.jpg,7. Healthy leaf,G05176
7. Healthy leaf/healthy_00879.jpg,7. Healthy leaf,G05177
7. Healthy leaf/healthy_00880.jpg,7. Healthy leaf,G05178
7. Healthy leaf/healthy_00881.jpg,7. Healthy leaf,G05179
7. Healthy leaf/healthy_00882.jpg,7. Healthy leaf,G05180
7. Healthy leaf/healthy_00883.jpg,7. Healthy leaf,G05181
7. Healthy leaf/healthy_00884.jpg,7. Healthy leaf,G05182
7. Healthy leaf/healthy_00885.jpg,7. Healthy leaf,G05183
7. Healthy leaf/healthy_00886.jpg,7. Healthy leaf,G05184
7. Healthy leaf/healthy_00887.jpg,7. Healthy leaf,G05185
7. Healthy leaf/healthy_00888.jpg,7. Healthy leaf,G05186
7. Healthy leaf/healthy_00889.jpg,7. Healthy leaf,G05187
7. Healthy leaf/healthy_00890.jpg,7. Healthy leaf,G05188
7. Healthy leaf/healthy_00891.jpg,7. Healthy leaf,G05189
7. Healthy leaf/healthy_00892.jpg,7. Healthy leaf,G05190
7. Healthy leaf/healthy_00893.jpg,7. Healthy leaf,G05191
7. Healthy leaf/healthy_00894.jpg,7. Healthy leaf,G05192
7. Healthy leaf/healthy_00895.jpg,7. Healthy leaf,G05193
7. Healthy leaf/healthy_00896.jpg,7. Healthy leaf,G05194
7. Healthy leaf/healthy_00897.jpg,7. Healthy leaf,G05195
7. Healthy leaf/healthy_00898.jpg,7. Healthy leaf,G05196
7. Healthy leaf/healthy_00899.jpg,7. Healthy leaf,G05197
7. Healthy leaf/healthy_00900.jpg,7. Healthy leaf,G05198
7. Healthy leaf/healthy_00901.jpg,7. Healthy leaf,G05199
7. Healthy leaf/healthy_00902.jpg,7. Healthy leaf,G05200
7. Healthy leaf/healthy_00903.jpg,7. Healthy leaf,G05201
7. Healthy leaf/healthy_00904.jpg,7. Healthy leaf,G05202
7. Healthy leaf/healthy_00905.jpg,7. Healthy leaf,G05203
7. Healthy leaf/healthy_00906.jpg,7. Healthy leaf,G05204
7. Healthy leaf/healthy_00907.jpg,7. Healthy leaf,G05205
7. Healthy leaf/healthy_00908.jpg,7. Healthy leaf,G05206
7. Healthy leaf/healthy_00909.jpg,7. Healthy leaf,G05207
7. Healthy leaf/healthy_00910.jpg,7. Healthy leaf,G05208
7. Healthy leaf/healthy_00911.jpg,7. Healthy leaf,G05209
7. Healthy leaf/healthy_00912.jpg,7. Healthy leaf,G05210
7. Healthy leaf/healthy_00913.jpg,7. Healthy leaf,G05211
7. Healthy leaf/healthy_00914.jpg,7. Healthy leaf,G05212
7. Healthy leaf/healthy_00915.jpg,7. Healthy leaf,G05213
7. Healthy leaf/healthy_00916.jpg,7. Healthy leaf,G05214
7. Healthy leaf/healthy_00917.jpg,7. Healthy leaf,G05215
7. Healthy leaf/healthy_00918.jpg,7. Healthy leaf,G05216
7. Healthy leaf/healthy_00919.jpg,7. Healthy leaf,G05217
7. Healthy leaf/healthy_00920.jpg,7. Healthy leaf,G05218
7. Healthy leaf/healthy_00921.jpg,7. Healthy leaf,G05219
7. Healthy leaf/healthy_00922.jpg,7. Healthy leaf,G05220
7. Healthy leaf/healthy_00923.jpg,7. Healthy leaf,G05221
7. Healthy leaf/healthy_00924.jpg,7. Healthy leaf,G05222
7. Healthy leaf/healthy_00925.jpg,7. Healthy leaf,G05223
7. Healthy leaf/healthy_00926.jpg,7. Healthy leaf,G05224
7. Healthy leaf/healthy_00927.jpg,7. Healthy leaf,G05225
7. Healthy leaf/healthy_00928.jpg,7. Healthy leaf,G05226
7. Healthy leaf/healthy_00929.jpg,7. Healthy leaf,G05227
7. Healthy leaf/healthy_00930.jpg,7. Healthy leaf,G05228
7. Healthy leaf/healthy_00931.jpg,7. Healthy leaf,G05229
7. Healthy leaf/healthy_00932.jpg,7. Healthy leaf,G05230
7. Healthy leaf/healthy_00933.jpg,7. Healthy leaf,G05231
7. Healthy leaf/healthy_00934.jpg,7. Healthy leaf,G05232
7. Healthy leaf/healthy_00935.jpg,7. Healthy leaf,G05233
