relative_path,class_folder_raw,width,height,size_bytes,laplacian_var_blur,sharpness_flag,mean_brightness,std_contrast,decode_ok,corruption_status,has_exif
1. Tea algal leaf spot/tea_algal_leaf_spot_00001.jpg,1. Tea algal leaf spot,1200,1594,433022,264.863,soft,193.978,66.358,True,ok,True
1. Tea algal leaf spot/tea_algal_leaf_spot_00002.jpg,1. Tea algal leaf spot,1200,1594,432676,115.335,soft,172.325,57.663,True,ok,True
1. Tea algal leaf spot/tea_algal_leaf_spot_00003.jpg,1. Tea algal leaf spot,1200,904,198917,152.643,soft,194.605,64.482,True,ok,True
1. Tea algal leaf spot/tea_algal_leaf_spot_00004.jpg,1. Tea algal leaf spot,1200,904,195637,124.695,soft,199.588,44.176,True,ok,True
1. Tea algal leaf spot/tea_algal_leaf_spot_00005.jpg,1. Tea algal leaf spot,1200,904,203263,157.454,soft,198.201,61.265,True,ok,True
1. Tea algal leaf spot/tea_algal_leaf_spot_00006.jpg,1. Tea algal leaf spot,1200,904,164498,107.715,soft,178.443,49.626,True,ok,True
1. Tea algal leaf spot/tea_algal_leaf_spot_00007.jpg,1. Tea algal leaf spot,1200,1594,370478,131.262,soft,196.728,62.097,True,ok,True
1. Tea algal leaf spot/tea_algal_leaf_spot_00008.jpg,1. Tea algal leaf spot,1200,1594,334948,134.764,soft,200.633,51.126,True,ok,True
1. Tea algal leaf spot/tea_algal_leaf_spot_00009.jpg,1. Tea algal leaf spot,1200,1594,299323,82.473,blurry,189.165,40.338,True,ok,True
1. Tea algal leaf spot/tea_algal_leaf_spot_00010.jpg,1. Tea algal leaf spot,1200,1594,400393,78.819,blurry,184.816,39.73,True,ok,True
1. Tea algal leaf spot/tea_algal_leaf_spot_00011.jpg,1. Tea algal leaf spot,1200,1594,314331,91.867,blurry,199.943,48.339,True,ok,True
1. Tea algal leaf spot/tea_algal_leaf_spot_00012.jpg,1. Tea algal leaf spot,1200,1594,306581,120.61,soft,199.216,58.247,True,ok,True
1. Tea algal leaf spot/tea_algal_leaf_spot_00013.jpg,1. Tea algal leaf spot,1200,1594,210407,59.615,blurry,196.58,44.014,True,ok,True
1. Tea algal leaf spot/tea_algal_leaf_spot_00014.jpg,1. Tea algal leaf spot,1200,904,204346,164.364,soft,186.536,50.013,True,ok,True
1. Tea algal leaf spot/tea_algal_leaf_spot_00015.jpg,1. Tea algal leaf spot,1200,904,224830,95.935,blurry,186.019,42.571,True,ok,True
1. Tea algal leaf spot/tea_algal_leaf_spot_00016.jpg,1. Tea algal leaf spot,1200,904,214995,181.083,soft,198.983,54.978,True,ok,True
1. Tea algal leaf spot/tea_algal_leaf_spot_00017.jpg,1. Tea algal leaf spot,1200,904,164685,84.965,blurry,191.49,36.334,True,ok,True
1. Tea algal leaf spot/tea_algal_leaf_spot_00018.jpg,1. Tea algal leaf spot,1200,904,194321,81.952,blurry,185.047,45.054,True,ok,True
1. Tea algal leaf spot/tea_algal_leaf_spot_00019.jpg,1. Tea algal leaf spot,1200,904,187886,99.259,blurry,192.893,40.055,True,ok,True
1. Tea algal leaf spot/tea_algal_leaf_spot_00020.jpg,1. Tea algal leaf spot,1200,904,198077,127.298,soft,198.141,41.905,True,ok,True
1. Tea algal leaf spot/tea_algal_leaf_spot_00021.jpg,1. Tea algal leaf spot,1200,904,188332,80.599,blurry,191.441,34.912,True,ok,True
1. Tea algal leaf spot/tea_algal_leaf_spot_00022.jpg,1. Tea algal leaf spot,1200,904,168039,70.623,blurry,194.923,35.064,True,ok,True
1. Tea algal leaf spot/tea_algal_leaf_spot_00023.jpg,1. Tea algal leaf spot,1200,904,190569,64.201,blurry,189.113,35.24,True,ok,True
1. Tea algal leaf spot/tea_algal_leaf_spot_00024.jpg,1. Tea algal leaf spot,1200,904,196371,184.457,soft,201.508,61.947,True,ok,True
1. Tea algal leaf spot/tea_algal_leaf_spot_00025.jpg,1. Tea algal leaf spot,1200,904,219311,151.367,soft,197.893,52.651,True,ok,True
1. Tea algal leaf spot/tea_algal_leaf_spot_00026.jpg,1. Tea algal leaf spot,1200,1594,292441,92.815,blurry,205.665,44.185,True,ok,True
1. Tea algal leaf spot/tea_algal_leaf_spot_00027.jpg,1. Tea algal leaf spot,1200,904,177598,117.488,soft,199.241,56.343,True,ok,True
1. Tea algal leaf spot/tea_algal_leaf_spot_00028.jpg,1. Tea algal leaf spot,1200,1594,301066,104.041,soft,202.719,48.075,True,ok,True
1. Tea algal leaf spot/tea_algal_leaf_spot_00029.jpg,1. Tea algal leaf spot,1200,904,166243,148.261,soft,207.403,64.155,True,ok,True
1. Tea algal leaf spot/tea_algal_leaf_spot_00030.jpg,1. Tea algal leaf spot,1200,904,209621,148.121,soft,198.6,57.746,True,ok,True
1. Tea algal leaf spot/tea_algal_leaf_spot_00031.jpg,1. Tea algal leaf spot,1200,904,167623,102.993,soft,199.917,47.448,True,ok,True
1. Tea algal leaf spot/tea_algal_leaf_spot_00032.jpg,1. Tea algal leaf spot,1200,904,132703,82.015,blurry,201.169,45.156,True,ok,True
1. Tea algal leaf spot/tea_algal_leaf_spot_00033.jpg,1. Tea algal leaf spot,1200,1594,278061,144.336,soft,196.25,56.363,True,ok,True
1. Tea algal leaf spot/tea_algal_leaf_spot_00034.jpg,1. Tea algal leaf spot,1200,904,162736,58.266,blurry,194.105,31.201,True,ok,True
1. Tea algal leaf spot/tea_algal_leaf_spot_00035.jpg,1. Tea algal leaf spot,1200,904,169309,52.593,blurry,179.337,33.789,True,ok,True
1. Tea algal leaf spot/tea_algal_leaf_spot_00036.jpg,1. Tea algal leaf spot,1200,1594,243774,39.497,blurry,188.361,34.029,True,ok,True
1. Tea algal leaf spot/tea_algal_leaf_spot_00037.jpg,1. Tea algal leaf spot,1200,904,201608,150.472,soft,191.587,47.671,True,ok,True
1. Tea algal leaf spot/tea_algal_leaf_spot_00038.jpg,1. Tea algal leaf spot,1200,904,193941,115.279,soft,190.912,47.905,True,ok,True
1. Tea algal leaf spot/tea_algal_leaf_spot_00039.jpg,1. Tea algal leaf spot,1200,1594,426844,216.89,soft,157.598,76.159,True,ok,True
1. Tea algal leaf spot/tea_algal_leaf_spot_00040.jpg,1. Tea algal leaf spot,1200,904,191390,120.48,soft,169.671,64.99,True,ok,True
1. Tea algal leaf spot/tea_algal_leaf_spot_00041.jpg,1. Tea algal leaf spot,1200,904,196400,99.2,blurry,194.245,43.266,True,ok,True
1. Tea algal leaf spot/tea_algal_leaf_spot_00042.jpg,1. Tea algal leaf spot,1200,1594,324731,146.08,soft,195.852,46.642,True,ok,True
1. Tea algal leaf spot/tea_algal_leaf_spot_00043.jpg,1. Tea algal leaf spot,1200,1594,315987,107.435,soft,198.361,46.564,True,ok,True
1. Tea algal leaf spot/tea_algal_leaf_spot_00044.jpg,1. Tea algal leaf spot,1200,1594,351789,116.562,soft,203.387,43.261,True,ok,True
1. Tea algal leaf spot/tea_algal_leaf_spot_00045.jpg,1. Tea algal leaf spot,1200,904,209608,178.276,soft,159.617,64.914,True,ok,True
1. Tea algal leaf spot/tea_algal_leaf_spot_00046.jpg,1. Tea algal leaf spot,1200,904,221965,113.547,soft,198.41,49.718,True,ok,True
1. Tea algal leaf spot/tea_algal_leaf_spot_00047.jpg,1. Tea algal leaf spot,1200,904,188334,216.901,soft,181.833,78.709,True,ok,True
1. Tea algal leaf spot/tea_algal_leaf_spot_00048.jpg,1. Tea algal leaf spot,1200,904,205015,138.629,soft,167.652,67.966,True,ok,True
1. Tea algal leaf spot/tea_algal_leaf_spot_00049.jpg,1. Tea algal leaf spot,1200,904,194993,144.487,soft,202.681,51.369,True,ok,True
1. Tea algal leaf spot/tea_algal_leaf_spot_00050.jpg,1. Tea algal leaf spot,1200,904,249547,211.411,soft,199.167,60.669,True,ok,True
1. Tea algal leaf spot/tea_algal_leaf_spot_00051.jpg,1. Tea algal leaf spot,1200,904,252943,248.944,soft,183.878,70.128,True,ok,True
1. Tea algal leaf spot/tea_algal_leaf_spot_00052.jpg,1. Tea algal leaf spot,1200,904,172446,117.138,soft,201.435,59.772,True,ok,True
1. Tea algal leaf spot/tea_algal_leaf_spot_00053.jpg,1. Tea algal leaf spot,1200,1594,393099,90.1,blurry,178.064,45.894,True,ok,True
1. Tea algal leaf spot/tea_algal_leaf_spot_00054.jpg,1. Tea algal leaf spot,1200,1594,298662,65.847,blurry,207.379,42.504,True,ok,True
1. Tea algal leaf spot/tea_algal_leaf_spot_00055.jpg,1. Tea algal leaf spot,1200,1594,291676,104.114,soft,198.35,54.425,True,ok,True
1. Tea algal leaf spot/tea_algal_leaf_spot_00056.jpg,1. Tea algal leaf spot,1200,1594,403034,75.597,blurry,184.26,38.125,True,ok,True
1. Tea algal leaf spot/tea_algal_leaf_spot_00057.jpg,1. Tea algal leaf spot,1200,1594,321442,88.434,blurry,205.614,47.85,True,ok,True
1. Tea algal leaf spot/tea_algal_leaf_spot_00058.jpg,1. Tea algal leaf spot,1200,1594,355241,123.679,soft,157.399,61.816,True,ok,True
1. Tea algal leaf spot/tea_algal_leaf_spot_00059.jpg,1. Tea algal leaf spot,1200,1594,398597,115.325,soft,168.667,53.677,True,ok,True
1. Tea algal leaf spot/tea_algal_leaf_spot_00060.jpg,1. Tea algal leaf spot,1200,1594,291904,95.376,blurry,168.453,52.291,True,ok,True
1. Tea algal leaf spot/tea_algal_leaf_spot_00061.jpg,1. Tea algal leaf spot,1200,1594,393527,104.744,soft,175.812,44.227,True,ok,True
1. Tea algal leaf spot/tea_algal_leaf_spot_00062.jpg,1. Tea algal leaf spot,1200,1594,378287,128.725,soft,161.336,62.148,True,ok,True
1. Tea algal leaf spot/tea_algal_leaf_spot_00063.jpg,1. Tea algal leaf spot,1200,1594,379128,106.52,soft,172.131,49.545,True,ok,True
1. Tea algal leaf spot/tea_algal_leaf_spot_00064.jpg,1. Tea algal leaf spot,1200,904,178034,145.341,soft,154.137,71.615,True,ok,True
1. Tea algal leaf spot/tea_algal_leaf_spot_00065.jpg,1. Tea algal leaf spot,1200,1594,350614,96.994,blurry,173.637,50.969,True,ok,True
1. Tea algal leaf spot/tea_algal_leaf_spot_00066.jpg,1. Tea algal leaf spot,1200,1594,389840,115.681,soft,157.168,60.436,True,ok,True
1. Tea algal leaf spot/tea_algal_leaf_spot_00067.jpg,1. Tea algal leaf spot,1200,1594,362175,91.444,blurry,167.399,51.103,True,ok,True
1. Tea algal leaf spot/tea_algal_leaf_spot_00068.jpg,1. Tea algal leaf spot,1200,1594,317445,105.633,soft,160.032,58.007,True,ok,True
1. Tea algal leaf spot/tea_algal_leaf_spot_00069.jpg,1. Tea algal leaf spot,1200,1594,295596,94.447,blurry,157.087,59.524,True,ok,True
1. Tea algal leaf spot/tea_algal_leaf_spot_00070.jpg,1. Tea algal leaf spot,1200,1594,241891,56.655,blurry,180.756,37.541,True,ok,True
1. Tea algal leaf spot/tea_algal_leaf_spot_00071.jpg,1. Tea algal leaf spot,1200,1594,240212,79.637,blurry,180.758,43.656,True,ok,True
1. Tea algal leaf spot/tea_algal_leaf_spot_00072.jpg,1. Tea algal leaf spot,1200,1594,232580,63.029,blurry,180.667,34.67,True,ok,True
1. Tea algal leaf spot/tea_algal_leaf_spot_00073.jpg,1. Tea algal leaf spot,1200,1594,228258,77.08,blurry,177.005,37.035,True,ok,True
1. Tea algal leaf spot/tea_algal_leaf_spot_00074.jpg,1. Tea algal leaf spot,1200,1594,280741,70.718,blurry,166.503,38.757,True,ok,True
1. Tea algal leaf spot/tea_algal_leaf_spot_00075.jpg,1. Tea algal leaf spot,1200,1594,260138,150.884,soft,198.304,49.535,True,ok,True
1. Tea algal leaf spot/tea_algal_leaf_spot_00076.jpg,1. Tea algal leaf spot,1200,1594,266344,83.964,blurry,179.366,40.678,True,ok,True
1. Tea algal leaf spot/tea_algal_leaf_spot_00077.jpg,1. Tea algal leaf spot,1200,1594,205007,86.611,blurry,191.649,47.133,True,ok,True
1. Tea algal leaf spot/tea_algal_leaf_spot_00078.jpg,1. Tea algal leaf spot,1200,1594,273960,92.893,blurry,186.02,51.783,True,ok,True
1. Tea algal leaf spot/tea_algal_leaf_spot_00079.jpg,1. Tea algal leaf spot,1200,1594,238211,82.978,blurry,176.381,41.94,True,ok,True
1. Tea algal leaf spot/tea_algal_leaf_spot_00080.jpg,1. Tea algal leaf spot,1200,1594,216036,104.821,soft,179.139,57.955,True,ok,True
1. Tea algal leaf spot/tea_algal_leaf_spot_00081.jpg,1. Tea algal leaf spot,1200,1594,275149,134.076,soft,185.694,50.808,True,ok,True
1. Tea algal leaf spot/tea_algal_leaf_spot_00082.jpg,1. Tea algal leaf spot,1200,1594,261787,36.957,blurry,153.405,24.853,True,ok,True
1. Tea algal leaf spot/tea_algal_leaf_spot_00083.jpg,1. Tea algal leaf spot,1200,1594,324651,47.941,blurry,162.259,29.191,True,ok,True
1. Tea algal leaf spot/tea_algal_leaf_spot_00084.jpg,1. Tea algal leaf spot,1200,1594,279871,46.123,blurry,158.546,25.451,True,ok,True
1. Tea algal leaf spot/tea_algal_leaf_spot_00085.jpg,1. Tea algal leaf spot,1200,1600,508964,219.431,soft,124.07,62.34,True,ok,True
1. Tea algal leaf spot/tea_algal_leaf_spot_00086.jpg,1. Tea algal leaf spot,1200,1600,660227,237.194,soft,130.272,72.587,True,ok,True
1. Tea algal leaf spot/tea_algal_leaf_spot_00087.jpg,1. Tea algal leaf spot,1200,1600,303801,106.873,soft,179.246,48.119,True,ok,True
1. Tea algal leaf spot/tea_algal_leaf_spot_00088.jpg,1. Tea algal leaf spot,1200,1600,254449,115.233,soft,180.843,56.237,True,ok,True
1. Tea algal leaf spot/tea_algal_leaf_spot_00089.jpg,1. Tea algal leaf spot,1200,1600,625837,242.554,soft,139.048,73.512,True,ok,True
1. Tea algal leaf spot/tea_algal_leaf_spot_00090.jpg,1. Tea algal leaf spot,1200,1600,531262,197.799,soft,110.562,72.327,True,ok,True
1. Tea algal leaf spot/tea_algal_leaf_spot_00091.jpg,1. Tea algal leaf spot,1200,900,198771,115.492,soft,170.34,43.531,True,ok,True
1. Tea algal leaf spot/tea_algal_leaf_spot_00092.jpg,1. Tea algal leaf spot,1200,900,195943,138.563,soft,172.357,44.379,True,ok,True
1. Tea algal leaf spot/tea_algal_leaf_spot_00093.jpg,1. Tea algal leaf spot,1200,1600,211984,72.267,blurry,156.968,55.674,True,ok,True
1. Tea algal leaf spot/tea_algal_leaf_spot_00094.jpg,1. Tea algal leaf spot,1200,1600,219868,96.642,blurry,161.6,47.166,True,ok,True
1. Tea algal leaf spot/tea_algal_leaf_spot_00095.jpg,1. Tea algal leaf spot,1200,1600,299265,165.514,soft,184.473,43.744,True,ok,True
1. Tea algal leaf spot/tea_algal_leaf_spot_00096.jpg,1. Tea algal leaf spot,1200,1600,275072,162.882,soft,182.614,48.738,True,ok,True
1. Tea algal leaf spot/tea_algal_leaf_spot_00097.jpg,1. Tea algal leaf spot,1200,1600,221144,100.474,soft,163.05,38.862,True,ok,True
1. Tea algal leaf spot/tea_algal_leaf_spot_00098.jpg,1. Tea algal leaf spot,1200,1600,326085,180.184,soft,185.441,42.444,True,ok,True
1. Tea algal leaf spot/tea_algal_leaf_spot_00099.jpg,1. Tea algal leaf spot,1200,1600,317139,165.781,soft,185.228,42.232,True,ok,True
1. Tea algal leaf spot/tea_algal_leaf_spot_00100.jpg,1. Tea algal leaf spot,1200,1600,320070,176.751,soft,181.097,41.828,True,ok,True
1. Tea algal leaf spot/tea_algal_leaf_spot_00101.jpg,1. Tea algal leaf spot,1200,900,172823,194.803,soft,180.988,43.259,True,ok,True
1. Tea algal leaf spot/tea_algal_leaf_spot_00102.jpg,1. Tea algal leaf spot,1200,900,176620,190.456,soft,180.738,43.666,True,ok,True
1. Tea algal leaf spot/tea_algal_leaf_spot_00103.jpg,1. Tea algal leaf spot,1200,900,182507,244.5,soft,177.25,49.474,True,ok,True
1. Tea algal leaf spot/tea_algal_leaf_spot_00104.jpg,1. Tea algal leaf spot,1200,900,193934,215.889,soft,177.561,47.873,True,ok,True
1. Tea algal leaf spot/tea_algal_leaf_spot_00105.jpg,1. Tea algal leaf spot,1200,900,203150,221.269,soft,175.673,49.259,True,ok,True
1. Tea algal leaf spot/tea_algal_leaf_spot_00106.jpg,1. Tea algal leaf spot,1200,900,161169,73.761,blurry,171.338,40.072,True,ok,True
1. Tea algal leaf spot/tea_algal_leaf_spot_00107.jpg,1. Tea algal leaf spot,1200,1600,298328,70.211,blurry,189.558,35.055,True,ok,True
1. Tea algal leaf spot/tea_algal_leaf_spot_00108.jpg,1. Tea algal leaf spot,1200,900,157128,114.883,soft,174.737,43.373,True,ok,True
1. Tea algal leaf spot/tea_algal_leaf_spot_00109.jpg,1. Tea algal leaf spot,1200,1600,308473,86.983,blurry,191.094,35.095,True,ok,True
1. Tea algal leaf spot/tea_algal_leaf_spot_00110.jpg,1. Tea algal leaf spot,1200,1600,302171,86.611,blurry,180.337,43.798,True,ok,True
1. Tea algal leaf spot/tea_algal_leaf_spot_00111.jpg,1. Tea algal leaf spot,1200,1600,304185,75.727,blurry,191.214,35.278,True,ok,True
1. Tea algal leaf spot/tea_algal_leaf_spot_00112.jpg,1. Tea algal leaf spot,1200,900,163685,110.885,soft,178.454,34.889,True,ok,True
1. Tea algal leaf spot/tea_algal_leaf_spot_00113.jpg,1. Tea algal leaf spot,1200,900,158813,90.579,blurry,182.957,33.917,True,ok,True
1. Tea algal leaf spot/tea_algal_leaf_spot_00114.jpg,1. Tea algal leaf spot,1200,1600,284655,78.454,blurry,186.454,35.995,True,ok,True
1. Tea algal leaf spot/tea_algal_leaf_spot_00115.jpg,1. Tea algal leaf spot,1200,1600,279821,79.595,blurry,186.533,36.743,True,ok,True
1. Tea algal leaf spot/tea_algal_leaf_spot_00116.jpg,1. Tea algal leaf spot,1200,900,163383,78.659,blurry,174.131,42.109,True,ok,True
1. Tea algal leaf spot/tea_algal_leaf_spot_00117.jpg,1. Tea algal leaf spot,1200,1600,305371,113.686,soft,183.851,49.837,True,ok,True
1. Tea algal leaf spot/tea_algal_leaf_spot_00118.jpg,1. Tea algal leaf spot,1200,1600,243712,78.095,blurry,186.628,41.438,True,ok,True
1. Tea algal leaf spot/tea_algal_leaf_spot_00119.jpg,1. Tea algal leaf spot,1200,1600,275026,87.829,blurry,183.778,40.24,True,ok,True
1. Tea algal leaf spot/tea_algal_leaf_spot_00120.jpg,1. Tea algal leaf spot,1200,1600,295676,204.802,soft,178.506,50.13,True,ok,True
1. Tea algal leaf spot/tea_algal_leaf_spot_00121.jpg,1. Tea algal leaf spot,1200,1600,319900,181.017,soft,175.319,45.192,True,ok,True
1. Tea algal leaf spot/tea_algal_leaf_spot_00122.jpg,1. Tea algal leaf spot,1200,900,172420,122.693,soft,178.198,32.624,True,ok,True
1. Tea algal leaf spot/tea_algal_leaf_spot_00123.jpg,1. Tea algal leaf spot,1200,900,172324,117.619,soft,181.268,32.212,True,ok,True
1. Tea algal leaf spot/tea_algal_leaf_spot_00124.jpg,1. Tea algal leaf spot,1200,1600,315114,229.201,soft,152.657,67.09,True,ok,True
1. Tea algal leaf spot/tea_algal_leaf_spot_00125.jpg,1. Tea algal leaf spot,1200,1600,272428,242.462,soft,151.385,68.573,True,ok,True
1. Tea algal leaf spot/tea_algal_leaf_spot_00126.jpg,1. Tea algal leaf spot,1200,1600,307797,222.534,soft,154.795,66.703,True,ok,True
1. Tea algal leaf spot/tea_algal_leaf_spot_00127.jpg,1. Tea algal leaf spot,1200,1594,242997,151.283,soft,207.867,59.739,True,ok,True
1. Tea algal leaf spot/tea_algal_leaf_spot_00128.jpg,1. Tea algal leaf spot,1200,1594,313530,149.038,soft,181.436,55.557,True,ok,True
1. Tea algal leaf spot/tea_algal_leaf_spot_00129.jpg,1. Tea algal leaf spot,1200,900,155924,186.734,soft,146.279,54.012,True,ok,True
1. Tea algal leaf spot/tea_algal_leaf_spot_00130.jpg,1. Tea algal leaf spot,1200,900,158043,121.85,soft,146.673,52.577,True,ok,True
1. Tea algal leaf spot/tea_algal_leaf_spot_00131.jpg,1. Tea algal leaf spot,1200,1600,244297,121.519,soft,159.511,49.261,True,ok,True
1. Tea algal leaf spot/tea_algal_leaf_spot_00132.jpg,1. Tea algal leaf spot,1200,1594,349709,333.616,sharp,169.163,70.294,True,ok,True
1. Tea algal leaf spot/tea_algal_leaf_spot_00133.jpg,1. Tea algal leaf spot,1200,1594,350601,337.512,sharp,163.521,70.911,True,ok,True
1. Tea algal leaf spot/tea_algal_leaf_spot_00134.jpg,1. Tea algal leaf spot,1200,1594,351601,339.001,sharp,164.8,70.964,True,ok,True
1. Tea algal leaf spot/tea_algal_leaf_spot_00135.jpg,1. Tea algal leaf spot,1200,1594,368622,225.6,soft,167.878,59.023,True,ok,True
1. Tea algal leaf spot/tea_algal_leaf_spot_00136.jpg,1. Tea algal leaf spot,1200,1594,364336,222.69,soft,166.815,58.958,True,ok,True
1. Tea algal leaf spot/tea_algal_leaf_spot_00137.jpg,1. Tea algal leaf spot,1200,1594,352384,213.465,soft,166.641,59.004,True,ok,True
1. Tea algal leaf spot/tea_algal_leaf_spot_00138.jpg,1. Tea algal leaf spot,1200,1600,238483,93.691,blurry,188.706,39.861,True,ok,True
1. Tea algal leaf spot/tea_algal_leaf_spot_00139.jpg,1. Tea algal leaf spot,1200,1600,230561,83.625,blurry,186.905,41.858,True,ok,True
1. Tea algal leaf spot/tea_algal_leaf_spot_00140.jpg,1. Tea algal leaf spot,1200,1600,226184,61.009,blurry,188.195,44.834,True,ok,True
1. Tea algal leaf spot/tea_algal_leaf_spot_00141.jpg,1. Tea algal leaf spot,1200,1600,236410,119.451,soft,186.62,65.907,True,ok,True
1. Tea algal leaf spot/tea_algal_leaf_spot_00142.jpg,1. Tea algal leaf spot,1200,1600,294479,168.824,soft,198.456,50.167,True,ok,True
1. Tea algal leaf spot/tea_algal_leaf_spot_00143.jpg,1. Tea algal leaf spot,1200,1600,251492,100.127,soft,190.269,57.562,True,ok,True
1. Tea algal leaf spot/tea_algal_leaf_spot_00144.jpg,1. Tea algal leaf spot,1200,904,177109,357.555,sharp,172.283,52.911,True,ok,True
1. Tea algal leaf spot/tea_algal_leaf_spot_00145.jpg,1. Tea algal leaf spot,1200,904,176882,353.316,sharp,172.167,52.555,True,ok,True
1. Tea algal leaf spot/tea_algal_leaf_spot_00146.jpg,1. Tea algal leaf spot,1200,904,188832,212.25,soft,181.867,38.799,True,ok,True
1. Tea algal leaf spot/tea_algal_leaf_spot_00147.jpg,1. Tea algal leaf spot,1200,904,171372,220.398,soft,185.454,41.519,True,ok,True
1. Tea algal leaf spot/tea_algal_leaf_spot_00148.jpg,1. Tea algal leaf spot,1200,904,171957,334.087,sharp,181.592,43.37,True,ok,True
1. Tea algal leaf spot/tea_algal_leaf_spot_00149.jpg,1. Tea algal leaf spot,1200,904,180471,262.917,soft,160.917,64.209,True,ok,True
1. Tea algal leaf spot/tea_algal_leaf_spot_00150.jpg,1. Tea algal leaf spot,1200,904,191611,241.895,soft,158.926,59.973,True,ok,True
1. Tea algal leaf spot/tea_algal_leaf_spot_00151.jpg,1. Tea algal leaf spot,1200,904,158143,212.312,soft,168.189,52.031,True,ok,True
1. Tea algal leaf spot/tea_algal_leaf_spot_00152.jpg,1. Tea algal leaf spot,1200,904,175123,205.206,soft,164.866,54.289,True,ok,True
1. Tea algal leaf spot/tea_algal_leaf_spot_00153.jpg,1. Tea algal leaf spot,1200,904,185659,263.705,soft,155.878,63.32,True,ok,True
1. Tea algal leaf spot/tea_algal_leaf_spot_00154.jpg,1. Tea algal leaf spot,1200,1600,271535,118.407,soft,188.864,51.563,True,ok,True
1. Tea algal leaf spot/tea_algal_leaf_spot_00155.jpg,1. Tea algal leaf spot,1200,1600,307266,144.181,soft,188.979,42.706,True,ok,True
1. Tea algal leaf spot/tea_algal_leaf_spot_00156.jpg,1. Tea algal leaf spot,1200,1600,269641,94.235,blurry,177.578,35.897,True,ok,True
1. Tea algal leaf spot/tea_algal_leaf_spot_00157.jpg,1. Tea algal leaf spot,1200,1600,310161,127.642,soft,178.324,43.66,True,ok,True
1. Tea algal leaf spot/tea_algal_leaf_spot_00158.jpg,1. Tea algal leaf spot,1200,900,204559,209.049,soft,175.381,61.327,True,ok,True
1. Tea algal leaf spot/tea_algal_leaf_spot_00159.jpg,1. Tea algal leaf spot,1200,900,233783,245.126,soft,174.82,68.444,True,ok,True
1. Tea algal leaf spot/tea_algal_leaf_spot_00160.jpg,1. Tea algal leaf spot,1200,1600,364174,160.627,soft,176.152,53.813,True,ok,True
1. Tea algal leaf spot/tea_algal_leaf_spot_00161.jpg,1. Tea algal leaf spot,1200,1600,349435,168.118,soft,175.386,54.861,True,ok,True
1. Tea algal leaf spot/tea_algal_leaf_spot_00162.jpg,1. Tea algal leaf spot,1200,904,111279,138.672,soft,176.215,52.183,True,ok,True
1. Tea algal leaf spot/tea_algal_leaf_spot_00163.jpg,1. Tea algal leaf spot,1200,904,110651,103.911,soft,182.24,43.587,True,ok,True
1. Tea algal leaf spot/tea_algal_leaf_spot_00164.jpg,1. Tea algal leaf spot,1200,904,109787,98.709,blurry,186.022,31.179,True,ok,True
1. Tea algal leaf spot/tea_algal_leaf_spot_00165.jpg,1. Tea algal leaf spot,1200,904,115349,119.706,soft,184.572,35.535,True,ok,True
1. Tea algal leaf spot/tea_algal_leaf_spot_00166.jpg,1. Tea algal leaf spot,1200,904,149451,182.898,soft,188.983,59.357,True,ok,True
1. Tea algal leaf spot/tea_algal_leaf_spot_00167.jpg,1. Tea algal leaf spot,1200,904,146691,152.7,soft,194.699,44.849,True,ok,True
1. Tea algal leaf spot/tea_algal_leaf_spot_00168.jpg,1. Tea algal leaf spot,1200,904,122348,155.878,soft,184.977,46.746,True,ok,True
1. Tea algal leaf spot/tea_algal_leaf_spot_00169.jpg,1. Tea algal leaf spot,1200,904,128512,134.24,soft,189.037,38.716,True,ok,True
1. Tea algal leaf spot/tea_algal_leaf_spot_00170.jpg,1. Tea algal leaf spot,1200,900,148218,83.348,blurry,174.248,37.625,True,ok,True
1. Tea algal leaf spot/tea_algal_leaf_spot_00171.jpg,1. Tea algal leaf spot,1200,900,154151,96.146,blurry,179.363,41.623,True,ok,True
1. Tea algal leaf spot/tea_algal_leaf_spot_00172.jpg,1. Tea algal leaf spot,1200,1600,284867,107.379,soft,174.437,37.879,True,ok,True
1. Tea algal leaf spot/tea_algal_leaf_spot_00173.jpg,1. Tea algal leaf spot,1200,1600,275491,115.507,soft,177.142,41.087,True,ok,True
1. Tea algal leaf spot/tea_algal_leaf_spot_00174.jpg,1. Tea algal leaf spot,1200,1600,299526,93.386,blurry,179.317,38.042,True,ok,True
1. Tea algal leaf spot/tea_algal_leaf_spot_00175.jpg,1. Tea algal leaf spot,1200,1600,340256,111.303,soft,166.863,48.581,True,ok,True
1. Tea algal leaf spot/tea_algal_leaf_spot_00176.jpg,1. Tea algal leaf spot,1200,904,162704,184.995,soft,178.817,59.51,True,ok,True
1. Tea algal leaf spot/tea_algal_leaf_spot_00177.jpg,1. Tea algal leaf spot,1200,1600,261595,78.941,blurry,170.388,43.418,True,ok,True
1. Tea algal leaf spot/tea_algal_leaf_spot_00178.jpg,1. Tea algal leaf spot,1200,1600,291576,96.046,blurry,172.784,49.378,True,ok,True
1. Tea algal leaf spot/tea_algal_leaf_spot_00179.jpg,1. Tea algal leaf spot,1200,904,155412,152.087,soft,187.452,48.616,True,ok,True
1. Tea algal leaf spot/tea_algal_leaf_spot_00180.jpg,1. Tea algal leaf spot,1200,904,128502,120.972,soft,186.63,41.284,True,ok,True
1. Tea algal leaf spot/tea_algal_leaf_spot_00181.jpg,1. Tea algal leaf spot,1200,904,115382,102.596,soft,185.296,44.919,True,ok,True
1. Tea algal leaf spot/tea_algal_leaf_spot_00182.jpg,1. Tea algal leaf spot,1200,904,168310,114.72,soft,184.854,50.749,True,ok,True
1. Tea algal leaf spot/tea_algal_leaf_spot_00183.jpg,1. Tea algal leaf spot,1200,904,125338,115.548,soft,179.554,36.667,True,ok,True
1. Tea algal leaf spot/tea_algal_leaf_spot_00184.jpg,1. Tea algal leaf spot,1200,904,155299,161.094,soft,186.765,52.633,True,ok,True
1. Tea algal leaf spot/tea_algal_leaf_spot_00185.jpg,1. Tea algal leaf spot,1200,904,149849,121.429,soft,193.032,42.405,True,ok,True
1. Tea algal leaf spot/tea_algal_leaf_spot_00186.jpg,1. Tea algal leaf spot,1200,900,220138,195.028,soft,175.408,64.248,True,ok,True
1. Tea algal leaf spot/tea_algal_leaf_spot_00187.jpg,1. Tea algal leaf spot,1200,1600,277595,172.097,soft,165.144,64.8,True,ok,True
1. Tea algal leaf spot/tea_algal_leaf_spot_00188.jpg,1. Tea algal leaf spot,1200,904,108175,119.265,soft,208.375,45.24,True,ok,True
1. Tea algal leaf spot/tea_algal_leaf_spot_00189.jpg,1. Tea algal leaf spot,1200,904,127450,141.494,soft,188.561,46.365,True,ok,True
1. Tea algal leaf spot/tea_algal_leaf_spot_00190.jpg,1. Tea algal leaf spot,1200,904,103160,165.616,soft,209.89,46.751,True,ok,True
1. Tea algal leaf spot/tea_algal_leaf_spot_00191.jpg,1. Tea algal leaf spot,1200,900,179542,154.412,soft,170.439,53.263,True,ok,True
1. Tea algal leaf spot/tea_algal_leaf_spot_00192.jpg,1. Tea algal leaf spot,1200,900,215101,184.312,soft,165.556,58.229,True,ok,True
1. Tea algal leaf spot/tea_algal_leaf_spot_00193.jpg,1. Tea algal leaf spot,1200,1600,620729,226.305,soft,179.554,44.932,True,ok,True
1. Tea algal leaf spot/tea_algal_leaf_spot_00194.jpg,1. Tea algal leaf spot,1200,1600,509053,177.583,soft,179.837,46.735,True,ok,True
1. Tea algal leaf spot/tea_algal_leaf_spot_00195.jpg,1. Tea algal leaf spot,1200,1600,598883,243.606,soft,177.082,40.397,True,ok,True
1. Tea algal leaf spot/tea_algal_leaf_spot_00196.jpg,1. Tea algal leaf spot,1200,1600,392330,157.234,soft,178.338,53.41,True,ok,True
1. Tea algal leaf spot/tea_algal_leaf_spot_00197.jpg,1. Tea algal leaf spot,1200,1600,582177,256.826,soft,178.446,42.412,True,ok,True
1. Tea algal leaf spot/tea_algal_leaf_spot_00198.jpg,1. Tea algal leaf spot,1200,1600,378483,159.747,soft,180.603,55.905,True,ok,True
1. Tea algal leaf spot/tea_algal_leaf_spot_00199.jpg,1. Tea algal leaf spot,1200,900,359428,268.111,soft,172.728,30.837,True,ok,True
1. Tea algal leaf spot/tea_algal_leaf_spot_00200.jpg,1. Tea algal leaf spot,1200,1600,580265,221.218,soft,179.244,32.65,True,ok,True
1. Tea algal leaf spot/tea_algal_leaf_spot_00201.jpg,1. Tea algal leaf spot,1200,1600,515051,151.683,soft,176.721,36.61,True,ok,True
1. Tea algal leaf spot/tea_algal_leaf_spot_00202.jpg,1. Tea algal leaf spot,1200,1600,338882,113.962,soft,178.427,47.772,True,ok,True
1. Tea algal leaf spot/tea_algal_leaf_spot_00203.jpg,1. Tea algal leaf spot,1200,1600,334415,100.927,soft,180.757,53.614,True,ok,True
1. Tea algal leaf spot/tea_algal_leaf_spot_00204.jpg,1. Tea algal leaf spot,1200,1600,355386,99.843,blurry,179.616,54.067,True,ok,True
1. Tea algal leaf spot/tea_algal_leaf_spot_00205.jpg,1. Tea algal leaf spot,1200,1600,398037,114.928,soft,169.134,59.478,True,ok,True
1. Tea algal leaf spot/tea_algal_leaf_spot_00206.jpg,1. Tea algal leaf spot,1200,1600,357658,113.814,soft,171.32,58.12,True,ok,True
1. Tea algal leaf spot/tea_algal_leaf_spot_00207.jpg,1. Tea algal leaf spot,1200,1600,276642,109.53,soft,170.319,58.778,True,ok,True
1. Tea algal leaf spot/tea_algal_leaf_spot_00208.jpg,1. Tea algal leaf spot,1200,1600,356689,124.138,soft,179.969,54.916,True,ok,True
1. Tea algal leaf spot/tea_algal_leaf_spot_00209.jpg,1. Tea algal leaf spot,1200,1600,390415,114.208,soft,174.789,50.764,True,ok,True
1. Tea algal leaf spot/tea_algal_leaf_spot_00210.jpg,1. Tea algal leaf spot,1200,1600,298867,121.18,soft,180.33,50.421,True,ok,True
1. Tea algal leaf spot/tea_algal_leaf_spot_00211.jpg,1. Tea algal leaf spot,1200,900,154726,110.536,soft,187.8,42.307,True,ok,True
1. Tea algal leaf spot/tea_algal_leaf_spot_00212.jpg,1. Tea algal leaf spot,1200,1600,378478,129.537,soft,178.243,47.909,True,ok,True
1. Tea algal leaf spot/tea_algal_leaf_spot_00213.jpg,1. Tea algal leaf spot,1200,1600,289365,95.409,blurry,174.787,48.624,True,ok,True
1. Tea algal leaf spot/tea_algal_leaf_spot_00214.jpg,1. Tea algal leaf spot,1200,1600,354934,135.95,soft,171.109,56.052,True,ok,True
1. Tea algal leaf spot/tea_algal_leaf_spot_00215.jpg,1. Tea algal leaf spot,1200,1600,348762,139.149,soft,172.748,56.736,True,ok,True
1. Tea algal leaf spot/tea_algal_leaf_spot_00216.jpg,1. Tea algal leaf spot,1200,1600,342980,97.707,blurry,173.391,44.331,True,ok,True
1. Tea algal leaf spot/tea_algal_leaf_spot_00217.jpg,1. Tea algal leaf spot,1200,1600,349175,123.377,soft,186.258,55.847,True,ok,True
1. Tea algal leaf spot/tea_algal_leaf_spot_00218.jpg,1. Tea algal leaf spot,1200,1600,332898,98.012,blurry,174.753,55.677,True,ok,True
1. Tea algal leaf spot/tea_algal_leaf_spot_00219.jpg,1. Tea algal leaf spot,1200,1600,370453,105.795,soft,177.963,48.983,True,ok,True
1. Tea algal leaf spot/tea_algal_leaf_spot_00220.jpg,1. Tea algal leaf spot,1200,1600,337357,106.988,soft,182.886,48.458,True,ok,True
1. Tea algal leaf spot/tea_algal_leaf_spot_00221.jpg,1. Tea algal leaf spot,1200,1600,423099,136.145,soft,175.675,48.274,True,ok,True
1. Tea algal leaf spot/tea_algal_leaf_spot_00222.jpg,1. Tea algal leaf spot,1200,1600,394048,138.227,soft,165.669,60.993,True,ok,True
1. Tea algal leaf spot/tea_algal_leaf_spot_00223.jpg,1. Tea algal leaf spot,1200,1600,337022,142.905,soft,168.39,59.445,True,ok,True
1. Tea algal leaf spot/tea_algal_leaf_spot_00224.jpg,1. Tea algal leaf spot,1200,1600,343649,134.674,soft,181.598,48.939,True,ok,True
1. Tea algal leaf spot/tea_algal_leaf_spot_00225.jpg,1. Tea algal leaf spot,1200,1600,311965,130.24,soft,174.97,54.014,True,ok,True
1. Tea algal leaf spot/tea_algal_leaf_spot_00226.jpg,1. Tea algal leaf spot,1200,1600,396064,129.586,soft,177.967,42.429,True,ok,True
1. Tea algal leaf spot/tea_algal_leaf_spot_00227.jpg,1. Tea algal leaf spot,1200,1600,290958,121.289,soft,177.813,45.318,True,ok,True
1. Tea algal leaf spot/tea_algal_leaf_spot_00228.jpg,1. Tea algal leaf spot,1200,1600,357250,109.539,soft,188.398,45.725,True,ok,True
1. Tea algal leaf spot/tea_algal_leaf_spot_00229.jpg,1. Tea algal leaf spot,1200,1600,358765,98.322,blurry,182.215,44.235,True,ok,True
1. Tea algal leaf spot/tea_algal_leaf_spot_00230.jpg,1. Tea algal leaf spot,1200,900,202211,112.516,soft,184.188,44.385,True,ok,True
1. Tea algal leaf spot/tea_algal_leaf_spot_00231.jpg,1. Tea algal leaf spot,1200,1600,294647,98.362,blurry,182.657,52.152,True,ok,True
1. Tea algal leaf spot/tea_algal_leaf_spot_00232.jpg,1. Tea algal leaf spot,1200,1600,355835,103.009,soft,178.088,48.733,True,ok,True
1. Tea algal leaf spot/tea_algal_leaf_spot_00233.jpg,1. Tea algal leaf spot,1200,1600,323121,97.877,blurry,176.652,54.239,True,ok,True
1. Tea algal leaf spot/tea_algal_leaf_spot_00234.jpg,1. Tea algal leaf spot,1200,1600,315247,109.981,soft,182.233,53.197,True,ok,True
1. Tea algal leaf spot/tea_algal_leaf_spot_00235.jpg,1. Tea algal leaf spot,1200,1600,271946,93.307,blurry,184.436,53.508,True,ok,True
1. Tea algal leaf spot/tea_algal_leaf_spot_00236.jpg,1. Tea algal leaf spot,1200,1600,365338,79.527,blurry,176.233,46.435,True,ok,True
1. Tea algal leaf spot/tea_algal_leaf_spot_00237.jpg,1. Tea algal leaf spot,1200,1600,321852,167.086,soft,175.494,50.152,True,ok,True
1. Tea algal leaf spot/tea_algal_leaf_spot_00238.jpg,1. Tea algal leaf spot,1200,1600,376245,139.542,soft,168.069,52.127,True,ok,True
1. Tea algal leaf spot/tea_algal_leaf_spot_00239.jpg,1. Tea algal leaf spot,1200,1600,307486,122.423,soft,171.464,53.055,True,ok,True
1. Tea algal leaf spot/tea_algal_leaf_spot_00240.jpg,1. Tea algal leaf spot,1200,1600,332938,114.089,soft,174.991,50.781,True,ok,True
1. Tea algal leaf spot/tea_algal_leaf_spot_00241.jpg,1. Tea algal leaf spot,1200,1600,332802,76.065,blurry,186.836,35.52,True,ok,True
1. Tea algal leaf spot/tea_algal_leaf_spot_00242.jpg,1. Tea algal leaf spot,1200,900,137012,86.998,blurry,178.195,42.471,True,ok,True
1. Tea algal leaf spot/tea_algal_leaf_spot_00243.jpg,1. Tea algal leaf spot,1200,1600,337841,101.535,soft,169.053,61.562,True,ok,True
1. Tea algal leaf spot/tea_algal_leaf_spot_00244.jpg,1. Tea algal leaf spot,1200,1600,327364,106.758,soft,168.342,57.793,True,ok,True
1. Tea algal leaf spot/tea_algal_leaf_spot_00245.jpg,1. Tea algal leaf spot,1200,1600,380923,127.74,soft,171.122,51.638,True,ok,True
1. Tea algal leaf spot/tea_algal_leaf_spot_00246.jpg,1. Tea algal leaf spot,1200,1600,251756,96.539,blurry,177.653,40.308,True,ok,True
1. Tea algal leaf spot/tea_algal_leaf_spot_00247.jpg,1. Tea algal leaf spot,1200,1600,292808,91.491,blurry,175.691,39.253,True,ok,True
1. Tea algal leaf spot/tea_algal_leaf_spot_00248.jpg,1. Tea algal leaf spot,1200,1600,304558,49.043,blurry,189.332,34.135,True,ok,True
1. Tea algal leaf spot/tea_algal_leaf_spot_00249.jpg,1. Tea algal leaf spot,1200,1600,280437,68.686,blurry,177.691,44.48,True,ok,True
1. Tea algal leaf spot/tea_algal_leaf_spot_00250.jpg,1. Tea algal leaf spot,1200,1600,300416,66.591,blurry,192.875,37.34,True,ok,True
1. Tea algal leaf spot/tea_algal_leaf_spot_00251.jpg,1. Tea algal leaf spot,1200,1600,312950,56.989,blurry,178.892,32.353,True,ok,True
1. Tea algal leaf spot/tea_algal_leaf_spot_00252.jpg,1. Tea algal leaf spot,1200,1600,288998,92.577,blurry,181.561,47.853,True,ok,True
1. Tea algal leaf spot/tea_algal_leaf_spot_00253.jpg,1. Tea algal leaf spot,1200,1600,255695,71.821,blurry,180.006,51.976,True,ok,True
1. Tea algal leaf spot/tea_algal_leaf_spot_00254.jpg,1. Tea algal leaf spot,1200,1600,328305,73.399,blurry,176.402,42.985,True,ok,True
1. Tea algal leaf spot/tea_algal_leaf_spot_00255.jpg,1. Tea algal leaf spot,1200,1600,253361,89.646,blurry,178.442,40.902,True,ok,True
1. Tea algal leaf spot/tea_algal_leaf_spot_00256.jpg,1. Tea algal leaf spot,1200,1600,325561,132.667,soft,164.394,59.597,True,ok,True
1. Tea algal leaf spot/tea_algal_leaf_spot_00257.jpg,1. Tea algal leaf spot,1200,1600,378103,191.891,soft,169.784,55.551,True,ok,True
1. Tea algal leaf spot/tea_algal_leaf_spot_00258.jpg,1. Tea algal leaf spot,1200,1600,384066,167.254,soft,164.145,60.69,True,ok,True
1. Tea algal leaf spot/tea_algal_leaf_spot_00259.jpg,1. Tea algal leaf spot,1200,1600,248648,56.496,blurry,180.468,47.234,True,ok,True
1. Tea algal leaf spot/tea_algal_leaf_spot_00260.jpg,1. Tea algal leaf spot,1200,1600,244431,65.772,blurry,180.16,51.997,True,ok,True
1. Tea algal leaf spot/tea_algal_leaf_spot_00261.jpg,1. Tea algal leaf spot,1200,1600,302031,56.719,blurry,184.502,39.897,True,ok,True
1. Tea algal leaf spot/tea_algal_leaf_spot_00262.jpg,1. Tea algal leaf spot,1200,1600,273909,64.876,blurry,179.03,54.036,True,ok,True
1. Tea algal leaf spot/tea_algal_leaf_spot_00263.jpg,1. Tea algal leaf spot,1200,1600,302268,76.016,blurry,177.464,51.664,True,ok,True
1. Tea algal leaf spot/tea_algal_leaf_spot_00264.jpg,1. Tea algal leaf spot,1200,1600,247591,53.777,blurry,184.318,36.775,True,ok,True
1. Tea algal leaf spot/tea_algal_leaf_spot_00265.jpg,1. Tea algal leaf spot,1200,1600,311943,51.292,blurry,170.069,32.059,True,ok,True
1. Tea algal leaf spot/tea_algal_leaf_spot_00266.jpg,1. Tea algal leaf spot,1200,1600,269906,98.655,blurry,176.21,47.528,True,ok,True
1. Tea algal leaf spot/tea_algal_leaf_spot_00267.jpg,1. Tea algal leaf spot,1200,1600,331402,125.524,soft,171.023,50.872,True,ok,True
1. Tea algal leaf spot/tea_algal_leaf_spot_00268.jpg,1. Tea algal leaf spot,1200,1600,333750,84.951,blurry,188.359,40.14,True,ok,True
1. Tea algal leaf spot/tea_algal_leaf_spot_00269.jpg,1. Tea algal leaf spot,1200,1600,253599,86.832,blurry,180.134,53.076,True,ok,True
1. Tea algal leaf spot/tea_algal_leaf_spot_00270.jpg,1. Tea algal leaf spot,1200,1600,323213,81.917,blurry,183.885,51.351,True,ok,True
1. Tea algal leaf spot/tea_algal_leaf_spot_00271.jpg,1. Tea algal leaf spot,1200,1600,359912,87.479,blurry,176.868,45.856,True,ok,True
1. Tea algal leaf spot/tea_algal_leaf_spot_00272.jpg,1. Tea algal leaf spot,1200,1600,363054,134.941,soft,169.246,56.942,True,ok,True
1. Tea algal leaf spot/tea_algal_leaf_spot_00273.jpg,1. Tea algal leaf spot,1200,1600,335222,93.118,blurry,164.343,53.399,True,ok,True
1. Tea algal leaf spot/tea_algal_leaf_spot_00274.jpg,1. Tea algal leaf spot,1200,1600,319536,106.245,soft,179.029,42.746,True,ok,True
1. Tea algal leaf spot/tea_algal_leaf_spot_00275.jpg,1. Tea algal leaf spot,1200,1600,399252,151.844,soft,186.14,40.955,True,ok,True
1. Tea algal leaf spot/tea_algal_leaf_spot_00276.jpg,1. Tea algal leaf spot,1200,1600,368961,144.596,soft,180.349,50.504,True,ok,True
1. Tea algal leaf spot/tea_algal_leaf_spot_00277.jpg,1. Tea algal leaf spot,1200,1600,389129,179.205,soft,178.405,48.477,True,ok,True
1. Tea algal leaf spot/tea_algal_leaf_spot_00278.jpg,1. Tea algal leaf spot,1200,1600,306293,102.49,soft,174.83,39.46,True,ok,True
1. Tea algal leaf spot/tea_algal_leaf_spot_00279.jpg,1. Tea algal leaf spot,1200,1600,307911,73.145,blurry,187.295,38.54,True,ok,True
1. Tea algal leaf spot/tea_algal_leaf_spot_00280.jpg,1. Tea algal leaf spot,1200,1600,279321,38.906,blurry,196.923,34.257,True,ok,True
1. Tea algal leaf spot/tea_algal_leaf_spot_00281.jpg,1. Tea algal leaf spot,1200,1600,318403,37.838,blurry,194.103,29.551,True,ok,True
1. Tea algal leaf spot/tea_algal_leaf_spot_00282.jpg,1. Tea algal leaf spot,1200,1600,313527,97.656,blurry,180.571,38.202,True,ok,True
1. Tea algal leaf spot/tea_algal_leaf_spot_00283.jpg,1. Tea algal leaf spot,1200,1600,371888,112.312,soft,174.385,38.667,True,ok,True
1. Tea algal leaf spot/tea_algal_leaf_spot_00284.jpg,1. Tea algal leaf spot,1200,1600,334067,77.492,blurry,186.281,45.168,True,ok,True
1. Tea algal leaf spot/tea_algal_leaf_spot_00285.jpg,1. Tea algal leaf spot,1200,1600,383240,132.396,soft,185.49,44.148,True,ok,True
1. Tea algal leaf spot/tea_algal_leaf_spot_00286.jpg,1. Tea algal leaf spot,1200,1600,345375,85.563,blurry,186.779,45.047,True,ok,True
1. Tea algal leaf spot/tea_algal_leaf_spot_00287.jpg,1. Tea algal leaf spot,1200,1600,301776,94.034,blurry,174.239,47.162,True,ok,True
1. Tea algal leaf spot/tea_algal_leaf_spot_00288.jpg,1. Tea algal leaf spot,1200,1600,307276,88.442,blurry,171.512,43.757,True,ok,True
1. Tea algal leaf spot/tea_algal_leaf_spot_00289.jpg,1. Tea algal leaf spot,1200,1600,317313,138.128,soft,162.402,56.179,True,ok,True
1. Tea algal leaf spot/tea_algal_leaf_spot_00290.jpg,1. Tea algal leaf spot,1200,1600,335463,104.359,soft,168.474,49.636,True,ok,True
1. Tea algal leaf spot/tea_algal_leaf_spot_00291.jpg,1. Tea algal leaf spot,1200,1600,304653,109.868,soft,173.132,46.894,True,ok,True
1. Tea algal leaf spot/tea_algal_leaf_spot_00292.jpg,1. Tea algal leaf spot,1200,1600,335281,101.424,soft,171.061,45.453,True,ok,True
1. Tea algal leaf spot/tea_algal_leaf_spot_00293.jpg,1. Tea algal leaf spot,1200,1600,394045,248.524,soft,157.056,63.552,True,ok,True
1. Tea algal leaf spot/tea_algal_leaf_spot_00294.jpg,1. Tea algal leaf spot,1200,1600,358930,150.672,soft,172.145,59.593,True,ok,True
1. Tea algal leaf spot/tea_algal_leaf_spot_00295.jpg,1. Tea algal leaf spot,1200,900,234021,203.044,soft,167.337,60.803,True,ok,True
1. Tea algal leaf spot/tea_algal_leaf_spot_00296.jpg,1. Tea algal leaf spot,1200,900,192596,151.205,soft,174.665,48.807,True,ok,True
1. Tea algal leaf spot/tea_algal_leaf_spot_00297.jpg,1. Tea algal leaf spot,1200,1600,366700,115.87,soft,169.223,50.175,True,ok,True
1. Tea algal leaf spot/tea_algal_leaf_spot_00298.jpg,1. Tea algal leaf spot,1200,1600,345012,101.719,soft,176.29,52.236,True,ok,True
1. Tea algal leaf spot/tea_algal_leaf_spot_00299.jpg,1. Tea algal leaf spot,1200,1600,320477,111.024,soft,185.652,40.264,True,ok,True
1. Tea algal leaf spot/tea_algal_leaf_spot_00300.jpg,1. Tea algal leaf spot,1200,1600,367054,225.608,soft,175.583,44.854,True,ok,True
1. Tea algal leaf spot/tea_algal_leaf_spot_00301.jpg,1. Tea algal leaf spot,1200,1600,329522,118.908,soft,180.255,39.393,True,ok,True
1. Tea algal leaf spot/tea_algal_leaf_spot_00302.jpg,1. Tea algal leaf spot,1200,1600,304211,75.843,blurry,162.472,48.83,True,ok,True
1. Tea algal leaf spot/tea_algal_leaf_spot_00303.jpg,1. Tea algal leaf spot,1200,1600,358657,96.904,blurry,161.568,45.561,True,ok,True
1. Tea algal leaf spot/tea_algal_leaf_spot_00304.jpg,1. Tea algal leaf spot,1200,1600,379622,136.007,soft,172.102,43.067,True,ok,True
1. Tea algal leaf spot/tea_algal_leaf_spot_00305.jpg,1. Tea algal leaf spot,1200,1600,370761,190.658,soft,164.561,56.769,True,ok,True
1. Tea algal leaf spot/tea_algal_leaf_spot_00306.jpg,1. Tea algal leaf spot,1200,1600,293889,86.908,blurry,176.187,54.807,True,ok,True
1. Tea algal leaf spot/tea_algal_leaf_spot_00307.jpg,1. Tea algal leaf spot,1200,1600,317217,108.394,soft,169.298,57.008,True,ok,True
1. Tea algal leaf spot/tea_algal_leaf_spot_00308.jpg,1. Tea algal leaf spot,1200,1600,287210,88.534,blurry,184.477,48.585,True,ok,True
1. Tea algal leaf spot/tea_algal_leaf_spot_00309.jpg,1. Tea algal leaf spot,1200,1600,314193,142.969,soft,181.521,50.83,True,ok,True
1. Tea algal leaf spot/tea_algal_leaf_spot_00310.jpg,1. Tea algal leaf spot,1200,900,176367,121.979,soft,173.308,61.543,True,ok,True
1. Tea algal leaf spot/tea_algal_leaf_spot_00311.jpg,1. Tea algal leaf spot,1200,1600,292855,73.321,blurry,181.767,46.244,True,ok,True
1. Tea algal leaf spot/tea_algal_leaf_spot_00312.jpg,1. Tea algal leaf spot,1200,1600,256353,56.311,blurry,178.738,46.42,True,ok,True
1. Tea algal leaf spot/tea_algal_leaf_spot_00313.jpg,1. Tea algal leaf spot,1200,1600,265137,92.594,blurry,178.616,43.596,True,ok,True
1. Tea algal leaf spot/tea_algal_leaf_spot_00314.jpg,1. Tea algal leaf spot,1200,900,169575,133.744,soft,173.592,35.558,True,ok,True
1. Tea algal leaf spot/tea_algal_leaf_spot_00315.jpg,1. Tea algal leaf spot,1200,1600,274651,109.435,soft,178.244,43.563,True,ok,True
1. Tea algal leaf spot/tea_algal_leaf_spot_00316.jpg,1. Tea algal leaf spot,1200,1600,310478,91.177,blurry,180.4,44.982,True,ok,True
1. Tea algal leaf spot/tea_algal_leaf_spot_00317.jpg,1. Tea algal leaf spot,1200,900,190580,126.447,soft,166.857,58.657,True,ok,True
1. Tea algal leaf spot/tea_algal_leaf_spot_00318.jpg,1. Tea algal leaf spot,1200,1600,337002,120.575,soft,186.665,45.794,True,ok,True
1. Tea algal leaf spot/tea_algal_leaf_spot_00319.jpg,1. Tea algal leaf spot,1200,900,164442,123.023,soft,181.475,44.862,True,ok,True
1. Tea algal leaf spot/tea_algal_leaf_spot_00320.jpg,1. Tea algal leaf spot,1200,1600,322827,132.396,soft,163.106,60.011,True,ok,True
1. Tea algal leaf spot/tea_algal_leaf_spot_00321.jpg,1. Tea algal leaf spot,1200,1600,352443,104.082,soft,168.917,50.962,True,ok,True
1. Tea algal leaf spot/tea_algal_leaf_spot_00322.jpg,1. Tea algal leaf spot,1200,1600,307487,64.572,blurry,182.058,49.296,True,ok,True
1. Tea algal leaf spot/tea_algal_leaf_spot_00323.jpg,1. Tea algal leaf spot,1200,1600,323037,68.558,blurry,177.392,40.989,True,ok,True
1. Tea algal leaf spot/tea_algal_leaf_spot_00324.jpg,1. Tea algal leaf spot,1200,900,183058,138.802,soft,178.966,49.922,True,ok,True
1. Tea algal leaf spot/tea_algal_leaf_spot_00325.jpg,1. Tea algal leaf spot,1200,900,213431,143.28,soft,181.681,49.932,True,ok,True
1. Tea algal leaf spot/tea_algal_leaf_spot_00326.jpg,1. Tea algal leaf spot,1200,1600,350054,79.562,blurry,170.268,54.482,True,ok,True
1. Tea algal leaf spot/tea_algal_leaf_spot_00327.jpg,1. Tea algal leaf spot,1200,1600,340398,129.35,soft,173.423,53.146,True,ok,True
1. Tea algal leaf spot/tea_algal_leaf_spot_00328.jpg,1. Tea algal leaf spot,1200,900,239342,165.309,soft,162.045,47.108,True,ok,True
1. Tea algal leaf spot/tea_algal_leaf_spot_00329.jpg,1. Tea algal leaf spot,1200,900,194968,166.951,soft,175.154,46.463,True,ok,True
1. Tea algal leaf spot/tea_algal_leaf_spot_00330.jpg,1. Tea algal leaf spot,1200,1600,321590,116.625,soft,178.047,50.441,True,ok,True
1. Tea algal leaf spot/tea_algal_leaf_spot_00331.jpg,1. Tea algal leaf spot,1200,1600,323633,75.003,blurry,177.261,53.884,True,ok,True
1. Tea algal leaf spot/tea_algal_leaf_spot_00332.jpg,1. Tea algal leaf spot,1200,1600,331005,72.366,blurry,188.108,44.077,True,ok,True
1. Tea algal leaf spot/tea_algal_leaf_spot_00333.jpg,1. Tea algal leaf spot,1200,1600,289353,176.364,soft,178.707,37.544,True,ok,True
1. Tea algal leaf spot/tea_algal_leaf_spot_00334.jpg,1. Tea algal leaf spot,1200,1600,282280,114.35,soft,185.406,35.785,True,ok,True
1. Tea algal leaf spot/tea_algal_leaf_spot_00335.jpg,1. Tea algal leaf spot,1200,1600,324199,97.63,blurry,175.888,35.261,True,ok,True
1. Tea algal leaf spot/tea_algal_leaf_spot_00336.jpg,1. Tea algal leaf spot,1200,1600,323854,92.18,blurry,179.81,42.057,True,ok,True
1. Tea algal leaf spot/tea_algal_leaf_spot_00337.jpg,1. Tea algal leaf spot,1200,1600,361499,118.344,soft,167.792,57.282,True,ok,True
1. Tea algal leaf spot/tea_algal_leaf_spot_00338.jpg,1. Tea algal leaf spot,1200,1600,426054,130.575,soft,169.483,46.709,True,ok,True
1. Tea algal leaf spot/tea_algal_leaf_spot_00339.jpg,1. Tea algal leaf spot,1200,1600,314580,81.308,blurry,174.135,50.216,True,ok,True
1. Tea algal leaf spot/tea_algal_leaf_spot_00340.jpg,1. Tea algal leaf spot,1200,1600,379996,94.694,blurry,172.179,44.807,True,ok,True
1. Tea algal leaf spot/tea_algal_leaf_spot_00341.jpg,1. Tea algal leaf spot,1200,1600,289096,62.99,blurry,176.015,39.651,True,ok,True
1. Tea algal leaf spot/tea_algal_leaf_spot_00342.jpg,1. Tea algal leaf spot,1200,1600,372380,78.893,blurry,177.926,39.064,True,ok,True
1. Tea algal leaf spot/tea_algal_leaf_spot_00343.jpg,1. Tea algal leaf spot,1200,1600,233618,60.014,blurry,185.717,45.998,True,ok,True
1. Tea algal leaf spot/tea_algal_leaf_spot_00344.jpg,1. Tea algal leaf spot,1200,1600,336655,75.194,blurry,178.737,38.751,True,ok,True
1. Tea algal leaf spot/tea_algal_leaf_spot_00345.jpg,1. Tea algal leaf spot,1200,1600,337913,117.765,soft,162.743,60.231,True,ok,True
1. Tea algal leaf spot/tea_algal_leaf_spot_00346.jpg,1. Tea algal leaf spot,1200,1600,338867,92.766,blurry,165.782,56.774,True,ok,True
1. Tea algal leaf spot/tea_algal_leaf_spot_00347.jpg,1. Tea algal leaf spot,1200,1600,296948,87.152,blurry,162.286,48.903,True,ok,True
1. Tea algal leaf spot/tea_algal_leaf_spot_00348.jpg,1. Tea algal leaf spot,1200,1600,352601,101.509,soft,165.465,52.929,True,ok,True
1. Tea algal leaf spot/tea_algal_leaf_spot_00349.jpg,1. Tea algal leaf spot,1200,1600,343509,154.746,soft,169.762,59.045,True,ok,True
1. Tea algal leaf spot/tea_algal_leaf_spot_00350.jpg,1. Tea algal leaf spot,1200,1600,291474,61.245,blurry,182.037,37.815,True,ok,True
1. Tea algal leaf spot/tea_algal_leaf_spot_00351.jpg,1. Tea algal leaf spot,1200,1600,345692,87.41,blurry,172.086,28.428,True,ok,True
1. Tea algal leaf spot/tea_algal_leaf_spot_00352.jpg,1. Tea algal leaf spot,1200,1600,366142,176.002,soft,155.718,65.096,True,ok,True
1. Tea algal leaf spot/tea_algal_leaf_spot_00353.jpg,1. Tea algal leaf spot,1200,1600,397805,114.782,soft,184.366,48.933,True,ok,True
1. Tea algal leaf spot/tea_algal_leaf_spot_00354.jpg,1. Tea algal leaf spot,1200,1600,347866,76.625,blurry,169.442,46.093,True,ok,True
1. Tea algal leaf spot/tea_algal_leaf_spot_00355.jpg,1. Tea algal leaf spot,1200,900,150788,111.834,soft,171.719,49.503,True,ok,True
1. Tea algal leaf spot/tea_algal_leaf_spot_00356.jpg,1. Tea algal leaf spot,1200,1600,245567,90.584,blurry,181.659,56.716,True,ok,True
1. Tea algal leaf spot/tea_algal_leaf_spot_00357.jpg,1. Tea algal leaf spot,1200,1600,242502,65.866,blurry,170.593,51.187,True,ok,True
1. Tea algal leaf spot/tea_algal_leaf_spot_00358.jpg,1. Tea algal leaf spot,1200,1600,219860,56.489,blurry,170.31,44.112,True,ok,True
1. Tea algal leaf spot/tea_algal_leaf_spot_00359.jpg,1. Tea algal leaf spot,1200,1600,258581,81.744,blurry,170.873,47.073,True,ok,True
1. Tea algal leaf spot/tea_algal_leaf_spot_00360.jpg,1. Tea algal leaf spot,1200,1600,246272,81.656,blurry,169.771,52.432,True,ok,True
1. Tea algal leaf spot/tea_algal_leaf_spot_00361.jpg,1. Tea algal leaf spot,1200,1600,226897,58.397,blurry,175.497,44.3,True,ok,True
1. Tea algal leaf spot/tea_algal_leaf_spot_00362.jpg,1. Tea algal leaf spot,1200,1600,269585,83.843,blurry,173.597,44.514,True,ok,True
1. Tea algal leaf spot/tea_algal_leaf_spot_00363.jpg,1. Tea algal leaf spot,1200,1600,270983,93.221,blurry,174.19,42.766,True,ok,True
1. Tea algal leaf spot/tea_algal_leaf_spot_00364.jpg,1. Tea algal leaf spot,1200,1600,271254,96.265,blurry,161.235,62.168,True,ok,True
1. Tea algal leaf spot/tea_algal_leaf_spot_00365.jpg,1. Tea algal leaf spot,1200,1600,278001,111.695,soft,176.916,57.463,True,ok,True
1. Tea algal leaf spot/tea_algal_leaf_spot_00366.jpg,1. Tea algal leaf spot,1200,1600,262624,62.426,blurry,163.616,36.413,True,ok,True
1. Tea algal leaf spot/tea_algal_leaf_spot_00367.jpg,1. Tea algal leaf spot,1200,1600,266841,104.772,soft,173.015,44.551,True,ok,True
1. Tea algal leaf spot/tea_algal_leaf_spot_00368.jpg,1. Tea algal leaf spot,1200,900,163492,102.782,soft,172.659,45.125,True,ok,True
1. Tea algal leaf spot/tea_algal_leaf_spot_00369.jpg,1. Tea algal leaf spot,1200,1600,312705,55.845,blurry,181.691,41.066,True,ok,True
1. Tea algal leaf spot/tea_algal_leaf_spot_00370.jpg,1. Tea algal leaf spot,1200,1600,297878,58.779,blurry,160.723,31.521,True,ok,True
1. Tea algal leaf spot/tea_algal_leaf_spot_00371.jpg,1. Tea algal leaf spot,1200,1600,265760,139.347,soft,179.728,43.459,True,ok,True
1. Tea algal leaf spot/tea_algal_leaf_spot_00372.jpg,1. Tea algal leaf spot,1200,900,156333,74.624,blurry,177.468,44.125,True,ok,True
1. Tea algal leaf spot/tea_algal_leaf_spot_00373.jpg,1. Tea algal leaf spot,1200,900,160538,76.089,blurry,171.358,43.318,True,ok,True
1. Tea algal leaf spot/tea_algal_leaf_spot_00374.jpg,1. Tea algal leaf spot,1200,1600,292814,112.729,soft,188.488,36.435,True,ok,True
1. Tea algal leaf spot/tea_algal_leaf_spot_00375.jpg,1. Tea algal leaf spot,1200,1600,261609,82.713,blurry,179.269,48.853,True,ok,True
1. Tea algal leaf spot/tea_algal_leaf_spot_00376.jpg,1. Tea algal leaf spot,1200,900,131881,58.283,blurry,178.959,40.242,True,ok,True
1. Tea algal leaf spot/tea_algal_leaf_spot_00377.jpg,1. Tea algal leaf spot,1200,900,141174,63.854,blurry,176.067,37.075,True,ok,True
1. Tea algal leaf spot/tea_algal_leaf_spot_00378.jpg,1. Tea algal leaf spot,1200,900,146164,77.954,blurry,166.207,48.145,True,ok,True
1. Tea algal leaf spot/tea_algal_leaf_spot_00379.jpg,1. Tea algal leaf spot,1200,1600,271316,59.826,blurry,172.356,49.135,True,ok,True
1. Tea algal leaf spot/tea_algal_leaf_spot_00380.jpg,1. Tea algal leaf spot,1200,1600,320691,114.957,soft,168.554,51.887,True,ok,True
1. Tea algal leaf spot/tea_algal_leaf_spot_00381.jpg,1. Tea algal leaf spot,1200,1600,298601,98.577,blurry,166.473,54.586,True,ok,True
1. Tea algal leaf spot/tea_algal_leaf_spot_00382.jpg,1. Tea algal leaf spot,1200,1600,296602,57.169,blurry,181.49,39.498,True,ok,True
1. Tea algal leaf spot/tea_algal_leaf_spot_00383.jpg,1. Tea algal leaf spot,1200,1600,311127,121.404,soft,172.921,52.451,True,ok,True
1. Tea algal leaf spot/tea_algal_leaf_spot_00384.jpg,1. Tea algal leaf spot,1200,1600,320023,65.288,blurry,158.435,33.251,True,ok,True
1. Tea algal leaf spot/tea_algal_leaf_spot_00385.jpg,1. Tea algal leaf spot,1200,1600,318836,81.891,blurry,162.882,44.956,True,ok,True
1. Tea algal leaf spot/tea_algal_leaf_spot_00386.jpg,1. Tea algal leaf spot,1200,1600,291616,77.963,blurry,174.132,47.823,True,ok,True
1. Tea algal leaf spot/tea_algal_leaf_spot_00387.jpg,1. Tea algal leaf spot,1200,1600,285312,97.904,blurry,179.095,59.535,True,ok,True
1. Tea algal leaf spot/tea_algal_leaf_spot_00388.jpg,1. Tea algal leaf spot,1200,1600,245386,95.858,blurry,170.544,49.517,True,ok,True
1. Tea algal leaf spot/tea_algal_leaf_spot_00389.jpg,1. Tea algal leaf spot,1200,1600,251399,18.109,blurry,169.621,29.106,True,ok,True
1. Tea algal leaf spot/tea_algal_leaf_spot_00390.jpg,1. Tea algal leaf spot,1200,1600,291790,38.581,blurry,170.61,29.314,True,ok,True
1. Tea algal leaf spot/tea_algal_leaf_spot_00391.jpg,1. Tea algal leaf spot,1200,1600,311049,193.718,soft,165.682,59.616,True,ok,True
1. Tea algal leaf spot/tea_algal_leaf_spot_00392.jpg,1. Tea algal leaf spot,1200,1600,316976,216.933,soft,175.872,62.486,True,ok,True
1. Tea algal leaf spot/tea_algal_leaf_spot_00393.jpg,1. Tea algal leaf spot,1200,900,195783,183.463,soft,167.71,52.082,True,ok,True
1. Tea algal leaf spot/tea_algal_leaf_spot_00394.jpg,1. Tea algal leaf spot,1200,900,188891,152.379,soft,169.617,46.0,True,ok,True
1. Tea algal leaf spot/tea_algal_leaf_spot_00395.jpg,1. Tea algal leaf spot,1200,900,229222,240.165,soft,149.414,66.702,True,ok,True
1. Tea algal leaf spot/tea_algal_leaf_spot_00396.jpg,1. Tea algal leaf spot,1200,900,210299,251.444,soft,174.743,63.869,True,ok,True
1. Tea algal leaf spot/tea_algal_leaf_spot_00397.jpg,1. Tea algal leaf spot,1200,1600,331446,204.039,soft,158.954,54.07,True,ok,True
1. Tea algal leaf spot/tea_algal_leaf_spot_00398.jpg,1. Tea algal leaf spot,1200,900,189141,194.748,soft,163.091,53.413,True,ok,True
1. Tea algal leaf spot/tea_algal_leaf_spot_00399.jpg,1. Tea algal leaf spot,1200,1600,274912,111.893,soft,191.761,36.966,True,ok,True
1. Tea algal leaf spot/tea_algal_leaf_spot_00400.jpg,1. Tea algal leaf spot,1200,1600,259771,108.739,soft,175.851,37.047,True,ok,True
1. Tea algal leaf spot/tea_algal_leaf_spot_00401.jpg,1. Tea algal leaf spot,1200,1600,238291,74.552,blurry,191.555,41.31,True,ok,True
1. Tea algal leaf spot/tea_algal_leaf_spot_00402.jpg,1. Tea algal leaf spot,1200,1600,255059,81.181,blurry,192.811,40.11,True,ok,True
1. Tea algal leaf spot/tea_algal_leaf_spot_00403.jpg,1. Tea algal leaf spot,1200,1600,303139,175.649,soft,166.481,53.782,True,ok,True
1. Tea algal leaf spot/tea_algal_leaf_spot_00404.jpg,1. Tea algal leaf spot,1200,1600,326048,199.203,soft,167.324,55.863,True,ok,True
1. Tea algal leaf spot/tea_algal_leaf_spot_00405.jpg,1. Tea algal leaf spot,1200,900,158508,81.959,blurry,176.414,42.368,True,ok,True
1. Tea algal leaf spot/tea_algal_leaf_spot_00406.jpg,1. Tea algal leaf spot,1200,900,154647,75.321,blurry,178.435,39.789,True,ok,True
1. Tea algal leaf spot/tea_algal_leaf_spot_00407.jpg,1. Tea algal leaf spot,1200,1600,269274,120.962,soft,174.898,46.517,True,ok,True
1. Tea algal leaf spot/tea_algal_leaf_spot_00408.jpg,1. Tea algal leaf spot,1200,900,156910,123.872,soft,173.544,48.35,True,ok,True
1. Tea algal leaf spot/tea_algal_leaf_spot_00409.jpg,1. Tea algal leaf spot,1200,1600,309565,113.367,soft,176.337,47.115,True,ok,True
1. Tea algal leaf spot/tea_algal_leaf_spot_00410.jpg,1. Tea algal leaf spot,1200,1600,299287,109.792,soft,174.076,53.715,True,ok,True
1. Tea algal leaf spot/tea_algal_leaf_spot_00411.jpg,1. Tea algal leaf spot,1200,900,168992,113.132,soft,174.863,51.549,True,ok,True
1. Tea algal leaf spot/tea_algal_leaf_spot_00412.jpg,1. Tea algal leaf spot,1200,1600,308994,111.287,soft,170.425,53.05,True,ok,True
1. Tea algal leaf spot/tea_algal_leaf_spot_00413.jpg,1. Tea algal leaf spot,1200,1600,305525,105.089,soft,171.988,51.57,True,ok,True
1. Tea algal leaf spot/tea_algal_leaf_spot_00414.jpg,1. Tea algal leaf spot,1200,1600,250562,95.934,blurry,183.955,53.938,True,ok,True
1. Tea algal leaf spot/tea_algal_leaf_spot_00415.jpg,1. Tea algal leaf spot,1200,1600,214082,72.206,blurry,189.863,54.057,True,ok,True
1. Tea algal leaf spot/tea_algal_leaf_spot_00416.jpg,1. Tea algal leaf spot,1200,900,148147,76.781,blurry,177.281,40.034,True,ok,True
1. Tea algal leaf spot/tea_algal_leaf_spot_00417.jpg,1. Tea algal leaf spot,1200,900,154057,88.526,blurry,173.669,45.037,True,ok,True
1. Tea algal leaf spot/tea_algal_leaf_spot_00418.jpg,1. Tea algal leaf spot,1200,1600,269605,109.574,soft,173.379,57.759,True,ok,True
2. Brown Blight/brown_blight_00001.jpg,2. Brown Blight,1200,1594,330415,104.094,soft,199.002,45.134,True,ok,True
2. Brown Blight/brown_blight_00002.jpg,2. Brown Blight,1200,1594,322111,126.889,soft,180.882,51.629,True,ok,True
2. Brown Blight/brown_blight_00003.jpg,2. Brown Blight,1200,1594,340533,107.691,soft,199.948,44.829,True,ok,True
2. Brown Blight/brown_blight_00004.jpg,2. Brown Blight,1200,904,224335,99.878,blurry,176.626,49.449,True,ok,True
2. Brown Blight/brown_blight_00005.jpg,2. Brown Blight,1200,1594,504321,226.484,soft,165.045,51.048,True,ok,True
2. Brown Blight/brown_blight_00006.jpg,2. Brown Blight,1200,904,185553,139.743,soft,207.307,51.243,True,ok,True
2. Brown Blight/brown_blight_00007.jpg,2. Brown Blight,1200,1594,232354,70.518,blurry,196.044,33.862,True,ok,True
2. Brown Blight/brown_blight_00008.jpg,2. Brown Blight,1200,1594,296955,116.791,soft,201.568,47.339,True,ok,True
2. Brown Blight/brown_blight_00009.jpg,2. Brown Blight,1200,1594,354677,100.558,soft,187.655,36.741,True,ok,True
2. Brown Blight/brown_blight_00010.jpg,2. Brown Blight,1200,1594,288817,94.701,blurry,200.452,44.883,True,ok,True
2. Brown Blight/brown_blight_00011.jpg,2. Brown Blight,1200,904,170243,144.473,soft,202.459,56.995,True,ok,True
2. Brown Blight/brown_blight_00012.jpg,2. Brown Blight,1200,904,209610,101.801,soft,186.129,42.786,True,ok,True
2. Brown Blight/brown_blight_00013.jpg,2. Brown Blight,1200,904,170016,140.345,soft,193.021,59.162,True,ok,True
2. Brown Blight/brown_blight_00014.jpg,2. Brown Blight,1200,904,211332,132.473,soft,195.136,51.271,True,ok,True
2. Brown Blight/brown_blight_00015.jpg,2. Brown Blight,1200,904,171111,80.555,blurry,199.048,45.772,True,ok,True
2. Brown Blight/brown_blight_00016.jpg,2. Brown Blight,1200,904,207768,57.213,blurry,188.264,34.705,True,ok,True
2. Brown Blight/brown_blight_00017.jpg,2. Brown Blight,1200,904,188827,48.658,blurry,193.007,26.404,True,ok,True
2. Brown Blight/brown_blight_00018.jpg,2. Brown Blight,1200,904,197249,58.529,blurry,189.989,32.71,True,ok,True
2. Brown Blight/brown_blight_00019.jpg,2. Brown Blight,1200,904,196769,73.99,blurry,189.367,31.073,True,ok,True
2. Brown Blight/brown_blight_00020.jpg,2. Brown Blight,1200,904,217015,215.048,soft,191.396,67.936,True,ok,True
2. Brown Blight/brown_blight_00021.jpg,2. Brown Blight,1200,904,215247,141.409,soft,199.605,51.745,True,ok,True
2. Brown Blight/brown_blight_00022.jpg,2. Brown Blight,1200,904,166710,106.637,soft,194.309,58.091,True,ok,True
2. Brown Blight/brown_blight_00023.jpg,2. Brown Blight,1200,1594,327366,133.109,soft,196.566,55.003,True,ok,True
2. Brown Blight/brown_blight_00024.jpg,2. Brown Blight,1200,1594,351686,118.873,soft,197.366,38.317,True,ok,True
2. Brown Blight/brown_blight_00025.jpg,2. Brown Blight,1200,1594,325789,107.74,soft,174.161,61.927,True,ok,True
2. Brown Blight/brown_blight_00026.jpg,2. Brown Blight,1200,904,190516,159.329,soft,169.171,60.924,True,ok,True
2. Brown Blight/brown_blight_00027.jpg,2. Brown Blight,1200,904,156708,106.065,soft,197.909,42.97,True,ok,True
2. Brown Blight/brown_blight_00028.jpg,2. Brown Blight,1200,1594,440723,157.685,soft,166.33,53.178,True,ok,True
2. Brown Blight/brown_blight_00029.jpg,2. Brown Blight,1200,904,187889,74.748,blurry,199.031,41.809,True,ok,True
2. Brown Blight/brown_blight_00030.jpg,2. Brown Blight,1200,1594,356061,72.117,blurry,178.349,42.746,True,ok,True
2. Brown Blight/brown_blight_00031.jpg,2. Brown Blight,1200,1594,359932,55.626,blurry,184.598,29.79,True,ok,True
2. Brown Blight/brown_blight_00032.jpg,2. Brown Blight,1200,1594,326799,104.574,soft,199.514,42.97,True,ok,True
2. Brown Blight/brown_blight_00033.jpg,2. Brown Blight,1200,1594,355112,102.427,soft,197.794,41.007,True,ok,True
2. Brown Blight/brown_blight_00034.jpg,2. Brown Blight,1200,1594,273682,94.663,blurry,202.594,51.903,True,ok,True
2. Brown Blight/brown_blight_00035.jpg,2. Brown Blight,1200,1594,344478,104.086,soft,206.628,41.231,True,ok,True
2. Brown Blight/brown_blight_00036.jpg,2. Brown Blight,1200,1594,267015,92.248,blurry,205.034,52.772,True,ok,True
2. Brown Blight/brown_blight_00037.jpg,2. Brown Blight,1200,1594,286003,94.65,blurry,202.435,53.167,True,ok,True
2. Brown Blight/brown_blight_00038.jpg,2. Brown Blight,1200,904,156717,151.643,soft,194.693,59.112,True,ok,True
2. Brown Blight/brown_blight_00039.jpg,2. Brown Blight,1200,1594,246066,70.936,blurry,175.029,51.039,True,ok,True
2. Brown Blight/brown_blight_00040.jpg,2. Brown Blight,1200,1594,372940,92.395,blurry,181.785,42.555,True,ok,True
2. Brown Blight/brown_blight_00041.jpg,2. Brown Blight,1200,1594,305968,133.058,soft,200.779,54.24,True,ok,True
2. Brown Blight/brown_blight_00042.jpg,2. Brown Blight,1200,1594,280523,102.114,soft,196.653,45.578,True,ok,True
2. Brown Blight/brown_blight_00043.jpg,2. Brown Blight,1200,1594,307910,109.062,soft,170.66,51.266,True,ok,True
2. Brown Blight/brown_blight_00044.jpg,2. Brown Blight,1200,1594,319249,94.633,blurry,137.004,54.518,True,ok,True
2. Brown Blight/brown_blight_00045.jpg,2. Brown Blight,1200,1594,264025,63.409,blurry,166.835,42.071,True,ok,True
2. Brown Blight/brown_blight_00046.jpg,2. Brown Blight,1200,1594,273165,52.922,blurry,176.403,39.477,True,ok,True
2. Brown Blight/brown_blight_00047.jpg,2. Brown Blight,1200,1594,282640,108.139,soft,195.591,50.387,True,ok,True
2. Brown Blight/brown_blight_00048.jpg,2. Brown Blight,1200,904,144876,100.746,soft,194.886,43.863,True,ok,True
2. Brown Blight/brown_blight_00049.jpg,2. Brown Blight,1200,1594,251231,113.835,soft,185.557,49.308,True,ok,True
2. Brown Blight/brown_blight_00050.jpg,2. Brown Blight,1200,904,163175,137.22,soft,194.584,48.694,True,ok,True
2. Brown Blight/brown_blight_00051.jpg,2. Brown Blight,1200,1594,266775,81.505,blurry,174.689,38.786,True,ok,True
2. Brown Blight/brown_blight_00052.jpg,2. Brown Blight,1200,1594,253727,85.728,blurry,181.218,37.713,True,ok,True
2. Brown Blight/brown_blight_00053.jpg,2. Brown Blight,1200,1594,240395,79.667,blurry,179.852,34.573,True,ok,True
2. Brown Blight/brown_blight_00054.jpg,2. Brown Blight,1200,1594,254312,80.792,blurry,179.188,32.75,True,ok,True
2. Brown Blight/brown_blight_00055.jpg,2. Brown Blight,1200,1594,232543,56.831,blurry,177.207,38.516,True,ok,True
2. Brown Blight/brown_blight_00056.jpg,2. Brown Blight,1200,1594,260740,105.841,soft,177.837,46.306,True,ok,True
2. Brown Blight/brown_blight_00057.jpg,2. Brown Blight,1200,1594,245867,36.628,blurry,158.612,26.851,True,ok,True
2. Brown Blight/brown_blight_00058.jpg,2. Brown Blight,1200,1594,256493,50.835,blurry,173.141,27.629,True,ok,True
2. Brown Blight/brown_blight_00059.jpg,2. Brown Blight,1200,904,242231,279.103,soft,149.025,76.95,True,ok,True
2. Brown Blight/brown_blight_00060.jpg,2. Brown Blight,1200,904,274986,272.195,soft,132.817,65.395,True,ok,True
2. Brown Blight/brown_blight_00061.jpg,2. Brown Blight,1200,1594,414449,235.433,soft,151.43,65.974,True,ok,True
2. Brown Blight/brown_blight_00062.jpg,2. Brown Blight,1200,1594,308716,204.737,soft,146.722,75.965,True,ok,True
2. Brown Blight/brown_blight_00063.jpg,2. Brown Blight,1200,1594,262238,79.515,blurry,164.628,53.105,True,ok,True
2. Brown Blight/brown_blight_00064.jpg,2. Brown Blight,1200,1594,264854,97.961,blurry,173.712,56.237,True,ok,True
2. Brown Blight/brown_blight_00065.jpg,2. Brown Blight,1200,900,164748,116.484,soft,174.962,40.987,True,ok,True
2. Brown Blight/brown_blight_00066.jpg,2. Brown Blight,1200,900,175308,125.69,soft,175.23,40.342,True,ok,True
2. Brown Blight/brown_blight_00067.jpg,2. Brown Blight,1200,1594,352815,135.548,soft,167.636,55.825,True,ok,True
2. Brown Blight/brown_blight_00068.jpg,2. Brown Blight,1200,1594,341828,136.248,soft,167.851,55.409,True,ok,True
2. Brown Blight/brown_blight_00069.jpg,2. Brown Blight,1200,1594,301924,207.874,soft,175.039,57.711,True,ok,True
2. Brown Blight/brown_blight_00070.jpg,2. Brown Blight,1200,1594,318756,227.876,soft,173.762,58.104,True,ok,True
2. Brown Blight/brown_blight_00071.jpg,2. Brown Blight,1200,1600,349374,308.312,sharp,141.728,60.156,True,ok,True
2. Brown Blight/brown_blight_00072.jpg,2. Brown Blight,1200,1600,303676,149.691,soft,161.572,60.766,True,ok,True
2. Brown Blight/brown_blight_00073.jpg,2. Brown Blight,1200,1600,303920,146.085,soft,155.819,62.256,True,ok,True
2. Brown Blight/brown_blight_00074.jpg,2. Brown Blight,1200,1600,317028,159.838,soft,152.465,63.324,True,ok,True
2. Brown Blight/brown_blight_00075.jpg,2. Brown Blight,1200,1600,307737,155.613,soft,161.381,60.58,True,ok,True
2. Brown Blight/brown_blight_00076.jpg,2. Brown Blight,1200,1600,331711,164.178,soft,160.237,62.278,True,ok,True
2. Brown Blight/brown_blight_00077.jpg,2. Brown Blight,1200,1600,300755,176.31,soft,163.599,55.801,True,ok,True
2. Brown Blight/brown_blight_00078.jpg,2. Brown Blight,1200,1600,312385,176.788,soft,172.776,51.968,True,ok,True
2. Brown Blight/brown_blight_00079.jpg,2. Brown Blight,1200,1600,290159,174.509,soft,171.584,52.14,True,ok,True
2. Brown Blight/brown_blight_00080.jpg,2. Brown Blight,1200,1594,230822,114.268,soft,197.468,51.134,True,ok,True
2. Brown Blight/brown_blight_00081.jpg,2. Brown Blight,1200,1594,232349,85.753,blurry,199.318,46.927,True,ok,True
2. Brown Blight/brown_blight_00082.jpg,2. Brown Blight,1200,1600,287229,64.012,blurry,179.421,27.224,True,ok,True
2. Brown Blight/brown_blight_00083.jpg,2. Brown Blight,1200,1600,259132,48.704,blurry,178.228,27.25,True,ok,True
2. Brown Blight/brown_blight_00084.jpg,2. Brown Blight,1200,1600,278461,46.858,blurry,174.939,28.845,True,ok,True
2. Brown Blight/brown_blight_00085.jpg,2. Brown Blight,1200,900,174027,70.436,blurry,173.484,32.389,True,ok,True
2. Brown Blight/brown_blight_00086.jpg,2. Brown Blight,1200,900,165068,87.04,blurry,176.41,34.272,True,ok,True
2. Brown Blight/brown_blight_00087.jpg,2. Brown Blight,1200,900,165772,73.19,blurry,174.126,33.514,True,ok,True
2. Brown Blight/brown_blight_00088.jpg,2. Brown Blight,1200,1600,292310,167.992,soft,164.464,60.011,True,ok,True
2. Brown Blight/brown_blight_00089.jpg,2. Brown Blight,1200,1600,329400,212.04,soft,155.803,64.151,True,ok,True
2. Brown Blight/brown_blight_00090.jpg,2. Brown Blight,1200,1600,336355,198.588,soft,164.612,60.614,True,ok,True
2. Brown Blight/brown_blight_00091.jpg,2. Brown Blight,1200,1600,419537,194.207,soft,170.359,52.766,True,ok,True
2. Brown Blight/brown_blight_00092.jpg,2. Brown Blight,1200,1600,438499,187.681,soft,171.2,51.782,True,ok,True
2. Brown Blight/brown_blight_00093.jpg,2. Brown Blight,1200,904,159286,201.922,soft,159.304,58.044,True,ok,True
2. Brown Blight/brown_blight_00094.jpg,2. Brown Blight,1200,904,202528,298.114,soft,154.352,65.663,True,ok,True
2. Brown Blight/brown_blight_00095.jpg,2. Brown Blight,1200,904,204901,299.455,soft,154.528,65.579,True,ok,True
2. Brown Blight/brown_blight_00096.jpg,2. Brown Blight,1200,904,184405,276.1,soft,168.767,58.992,True,ok,True
2. Brown Blight/brown_blight_00097.jpg,2. Brown Blight,1200,904,179541,272.942,soft,168.755,58.864,True,ok,True
2. Brown Blight/brown_blight_00098.jpg,2. Brown Blight,1200,904,209949,287.96,soft,166.58,54.513,True,ok,True
2. Brown Blight/brown_blight_00099.jpg,2. Brown Blight,1200,904,208836,283.574,soft,166.781,54.745,True,ok,True
2. Brown Blight/brown_blight_00100.jpg,2. Brown Blight,1200,1600,393221,219.381,soft,186.232,51.855,True,ok,True
2. Brown Blight/brown_blight_00101.jpg,2. Brown Blight,1200,1600,289603,203.573,soft,180.745,55.01,True,ok,True
2. Brown Blight/brown_blight_00102.jpg,2. Brown Blight,1200,1600,288957,203.039,soft,182.437,55.435,True,ok,True
2. Brown Blight/brown_blight_00103.jpg,2. Brown Blight,1200,1600,265921,149.474,soft,186.539,48.832,True,ok,True
2. Brown Blight/brown_blight_00104.jpg,2. Brown Blight,1200,1600,262747,141.754,soft,181.295,50.403,True,ok,True
2. Brown Blight/brown_blight_00105.jpg,2. Brown Blight,1200,1600,323574,174.999,soft,192.354,43.51,True,ok,True
2. Brown Blight/brown_blight_00106.jpg,2. Brown Blight,1200,904,195141,310.893,sharp,158.598,71.659,True,ok,True
2. Brown Blight/brown_blight_00107.jpg,2. Brown Blight,1200,904,172171,258.234,soft,162.034,72.773,True,ok,True
2. Brown Blight/brown_blight_00108.jpg,2. Brown Blight,1200,904,138037,154.828,soft,170.581,60.378,True,ok,True
2. Brown Blight/brown_blight_00109.jpg,2. Brown Blight,1200,904,137901,153.602,soft,171.233,60.197,True,ok,True
2. Brown Blight/brown_blight_00110.jpg,2. Brown Blight,1200,1600,328555,299.31,soft,174.255,57.753,True,ok,True
2. Brown Blight/brown_blight_00111.jpg,2. Brown Blight,1200,904,155667,176.896,soft,178.745,52.661,True,ok,True
2. Brown Blight/brown_blight_00112.jpg,2. Brown Blight,1200,1600,416811,322.626,sharp,151.962,54.092,True,ok,True
2. Brown Blight/brown_blight_00113.jpg,2. Brown Blight,1200,904,142329,188.264,soft,165.82,68.319,True,ok,True
2. Brown Blight/brown_blight_00114.jpg,2. Brown Blight,1200,904,189314,250.81,soft,157.796,57.998,True,ok,True
2. Brown Blight/brown_blight_00115.jpg,2. Brown Blight,1200,1600,424693,298.941,soft,154.456,52.65,True,ok,True
2. Brown Blight/brown_blight_00116.jpg,2. Brown Blight,1200,904,157472,262.038,soft,152.823,70.543,True,ok,True
2. Brown Blight/brown_blight_00117.jpg,2. Brown Blight,1200,1600,347402,296.44,soft,146.634,64.186,True,ok,True
2. Brown Blight/brown_blight_00118.jpg,2. Brown Blight,1200,1600,349722,298.584,soft,149.074,64.03,True,ok,True
2. Brown Blight/brown_blight_00119.jpg,2. Brown Blight,1200,1600,348935,296.917,soft,149.956,64.037,True,ok,True
2. Brown Blight/brown_blight_00120.jpg,2. Brown Blight,1200,904,125303,162.032,soft,172.607,59.279,True,ok,True
2. Brown Blight/brown_blight_00121.jpg,2. Brown Blight,1200,904,146520,177.205,soft,180.813,49.139,True,ok,True
2. Brown Blight/brown_blight_00122.jpg,2. Brown Blight,1200,904,149793,178.638,soft,180.997,49.269,True,ok,True
2. Brown Blight/brown_blight_00123.jpg,2. Brown Blight,1200,904,151033,208.013,soft,169.133,62.483,True,ok,True
2. Brown Blight/brown_blight_00124.jpg,2. Brown Blight,1200,904,148318,201.467,soft,163.18,62.509,True,ok,True
2. Brown Blight/brown_blight_00125.jpg,2. Brown Blight,1200,904,146616,194.412,soft,164.906,61.026,True,ok,True
2. Brown Blight/brown_blight_00126.jpg,2. Brown Blight,1200,904,166493,198.473,soft,169.422,51.409,True,ok,True
2. Brown Blight/brown_blight_00127.jpg,2. Brown Blight,1200,904,139288,157.576,soft,179.28,42.5,True,ok,True
2. Brown Blight/brown_blight_00128.jpg,2. Brown Blight,1200,904,127828,135.381,soft,179.141,49.201,True,ok,True
2. Brown Blight/brown_blight_00129.jpg,2. Brown Blight,1200,904,170281,267.91,soft,174.586,40.032,True,ok,True
2. Brown Blight/brown_blight_00130.jpg,2. Brown Blight,1200,904,169863,234.239,soft,171.99,46.876,True,ok,True
2. Brown Blight/brown_blight_00131.jpg,2. Brown Blight,1200,904,161593,216.164,soft,178.596,42.611,True,ok,True
2. Brown Blight/brown_blight_00132.jpg,2. Brown Blight,1200,904,150896,213.173,soft,182.365,32.505,True,ok,True
2. Brown Blight/brown_blight_00133.jpg,2. Brown Blight,1200,904,142122,160.257,soft,174.711,40.956,True,ok,True
2. Brown Blight/brown_blight_00134.jpg,2. Brown Blight,1200,904,135756,145.812,soft,170.957,50.572,True,ok,True
2. Brown Blight/brown_blight_00135.jpg,2. Brown Blight,1200,904,138288,126.685,soft,186.988,39.135,True,ok,True
2. Brown Blight/brown_blight_00136.jpg,2. Brown Blight,1200,904,138208,206.826,soft,175.252,50.931,True,ok,True
2. Brown Blight/brown_blight_00137.jpg,2. Brown Blight,1200,904,143486,217.133,soft,174.713,52.124,True,ok,True
2. Brown Blight/brown_blight_00138.jpg,2. Brown Blight,1200,904,159616,219.517,soft,174.82,50.873,True,ok,True
2. Brown Blight/brown_blight_00139.jpg,2. Brown Blight,1200,904,157362,177.154,soft,184.732,42.231,True,ok,True
2. Brown Blight/brown_blight_00140.jpg,2. Brown Blight,1200,904,145815,188.008,soft,173.428,50.183,True,ok,True
2. Brown Blight/brown_blight_00141.jpg,2. Brown Blight,1200,904,139849,312.76,sharp,169.045,60.785,True,ok,True
2. Brown Blight/brown_blight_00142.jpg,2. Brown Blight,1200,904,125568,158.817,soft,171.477,46.914,True,ok,True
2. Brown Blight/brown_blight_00143.jpg,2. Brown Blight,1200,904,157101,187.968,soft,174.117,56.547,True,ok,True
2. Brown Blight/brown_blight_00144.jpg,2. Brown Blight,1200,904,127033,150.708,soft,159.359,44.493,True,ok,True
2. Brown Blight/brown_blight_00145.jpg,2. Brown Blight,1200,904,149013,116.776,soft,183.778,41.873,True,ok,True
2. Brown Blight/brown_blight_00146.jpg,2. Brown Blight,1200,904,148226,176.922,soft,177.602,45.373,True,ok,True
2. Brown Blight/brown_blight_00147.jpg,2. Brown Blight,1200,904,122028,132.048,soft,163.201,42.062,True,ok,True
2. Brown Blight/brown_blight_00148.jpg,2. Brown Blight,1200,904,147333,164.571,soft,161.083,43.967,True,ok,True
2. Brown Blight/brown_blight_00149.jpg,2. Brown Blight,1200,904,129900,104.472,soft,176.453,43.151,True,ok,True
2. Brown Blight/brown_blight_00150.jpg,2. Brown Blight,1200,904,120141,106.058,soft,182.109,38.025,True,ok,True
2. Brown Blight/brown_blight_00151.jpg,2. Brown Blight,1200,904,137583,124.677,soft,183.948,39.085,True,ok,True
2. Brown Blight/brown_blight_00152.jpg,2. Brown Blight,1200,904,197946,261.763,soft,158.332,57.605,True,ok,True
2. Brown Blight/brown_blight_00153.jpg,2. Brown Blight,1200,904,192468,345.61,sharp,155.308,66.709,True,ok,True
2. Brown Blight/brown_blight_00154.jpg,2. Brown Blight,1200,904,158467,200.366,soft,169.281,56.697,True,ok,True
2. Brown Blight/brown_blight_00155.jpg,2. Brown Blight,1200,904,147095,169.458,soft,174.892,47.806,True,ok,True
2. Brown Blight/brown_blight_00156.jpg,2. Brown Blight,1200,1600,307862,178.716,soft,200.358,44.447,True,ok,True
2. Brown Blight/brown_blight_00157.jpg,2. Brown Blight,1200,904,198572,272.234,soft,178.639,47.576,True,ok,True
2. Brown Blight/brown_blight_00158.jpg,2. Brown Blight,1200,1600,300538,195.639,soft,195.897,47.928,True,ok,True
2. Brown Blight/brown_blight_00159.jpg,2. Brown Blight,1200,904,163299,234.751,soft,173.114,40.27,True,ok,True
2. Brown Blight/brown_blight_00160.jpg,2. Brown Blight,1200,1600,391669,240.38,soft,194.427,37.41,True,ok,True
2. Brown Blight/brown_blight_00161.jpg,2. Brown Blight,1200,904,137714,136.364,soft,191.548,35.386,True,ok,True
2. Brown Blight/brown_blight_00162.jpg,2. Brown Blight,1200,904,119402,110.976,soft,165.753,38.171,True,ok,True
2. Brown Blight/brown_blight_00163.jpg,2. Brown Blight,1200,904,124887,184.048,soft,180.691,43.792,True,ok,True
2. Brown Blight/brown_blight_00164.jpg,2. Brown Blight,1200,1600,210678,95.27,blurry,190.923,43.345,True,ok,True
2. Brown Blight/brown_blight_00165.jpg,2. Brown Blight,1200,1600,207606,92.101,blurry,197.245,41.559,True,ok,True
2. Brown Blight/brown_blight_00166.jpg,2. Brown Blight,1200,904,120833,136.105,soft,180.792,35.044,True,ok,True
2. Brown Blight/brown_blight_00167.jpg,2. Brown Blight,1200,904,114131,122.35,soft,180.051,31.408,True,ok,True
2. Brown Blight/brown_blight_00168.jpg,2. Brown Blight,1200,1600,246678,117.069,soft,194.626,35.276,True,ok,True
2. Brown Blight/brown_blight_00169.jpg,2. Brown Blight,1200,904,123379,139.963,soft,177.749,37.526,True,ok,True
2. Brown Blight/brown_blight_00170.jpg,2. Brown Blight,1200,1600,260120,118.144,soft,197.22,35.772,True,ok,True
2. Brown Blight/brown_blight_00171.jpg,2. Brown Blight,1200,904,139104,160.591,soft,175.327,39.19,True,ok,True
2. Brown Blight/brown_blight_00172.jpg,2. Brown Blight,1200,904,132473,164.527,soft,176.536,37.31,True,ok,True
2. Brown Blight/brown_blight_00173.jpg,2. Brown Blight,1200,904,130959,185.708,soft,175.16,39.449,True,ok,True
2. Brown Blight/brown_blight_00174.jpg,2. Brown Blight,1200,1600,534401,267.99,soft,185.553,47.158,True,ok,True
2. Brown Blight/brown_blight_00175.jpg,2. Brown Blight,1200,1600,419897,294.489,soft,175.194,56.296,True,ok,True
2. Brown Blight/brown_blight_00176.jpg,2. Brown Blight,1200,1600,444526,271.759,soft,184.862,54.391,True,ok,True
2. Brown Blight/brown_blight_00177.jpg,2. Brown Blight,1200,1600,436542,289.098,soft,179.062,55.459,True,ok,True
2. Brown Blight/brown_blight_00178.jpg,2. Brown Blight,1200,1600,332074,106.511,soft,193.862,38.358,True,ok,True
2. Brown Blight/brown_blight_00179.jpg,2. Brown Blight,1200,1600,286102,109.465,soft,190.694,45.371,True,ok,True
2. Brown Blight/brown_blight_00180.jpg,2. Brown Blight,1200,1600,284170,97.073,blurry,194.484,37.579,True,ok,True
2. Brown Blight/brown_blight_00181.jpg,2. Brown Blight,1200,1600,311406,107.483,soft,191.753,41.299,True,ok,True
2. Brown Blight/brown_blight_00182.jpg,2. Brown Blight,1200,904,140541,165.916,soft,169.097,55.453,True,ok,True
2. Brown Blight/brown_blight_00183.jpg,2. Brown Blight,1200,904,158294,220.264,soft,158.703,65.946,True,ok,True
2. Brown Blight/brown_blight_00184.jpg,2. Brown Blight,1200,904,164518,187.48,soft,167.477,61.583,True,ok,True
2. Brown Blight/brown_blight_00185.jpg,2. Brown Blight,1200,904,130528,140.601,soft,183.81,51.384,True,ok,True
2. Brown Blight/brown_blight_00186.jpg,2. Brown Blight,1200,904,139459,130.156,soft,166.83,51.897,True,ok,True
2. Brown Blight/brown_blight_00187.jpg,2. Brown Blight,1200,904,155808,152.149,soft,163.756,54.33,True,ok,True
2. Brown Blight/brown_blight_00188.jpg,2. Brown Blight,1200,904,164924,184.061,soft,171.941,54.411,True,ok,True
2. Brown Blight/brown_blight_00189.jpg,2. Brown Blight,1200,904,206702,327.539,sharp,174.663,49.218,True,ok,True
2. Brown Blight/brown_blight_00190.jpg,2. Brown Blight,1200,904,186201,255.809,soft,165.906,49.986,True,ok,True
2. Brown Blight/brown_blight_00191.jpg,2. Brown Blight,1200,904,173368,233.85,soft,168.445,45.885,True,ok,True
2. Brown Blight/brown_blight_00192.jpg,2. Brown Blight,1200,904,183711,269.466,soft,174.046,45.192,True,ok,True
2. Brown Blight/brown_blight_00193.jpg,2. Brown Blight,1200,904,150590,157.155,soft,174.874,50.546,True,ok,True
2. Brown Blight/brown_blight_00194.jpg,2. Brown Blight,1200,904,171575,156.921,soft,173.674,55.571,True,ok,True
2. Brown Blight/brown_blight_00195.jpg,2. Brown Blight,1200,1600,364896,160.118,soft,196.003,41.92,True,ok,True
2. Brown Blight/brown_blight_00196.jpg,2. Brown Blight,1200,904,149502,141.528,soft,179.954,51.972,True,ok,True
2. Brown Blight/brown_blight_00197.jpg,2. Brown Blight,1200,904,156968,143.511,soft,183.111,52.45,True,ok,True
2. Brown Blight/brown_blight_00198.jpg,2. Brown Blight,1200,1600,351735,170.59,soft,192.396,43.135,True,ok,True
2. Brown Blight/brown_blight_00199.jpg,2. Brown Blight,1200,1600,362780,216.29,soft,189.915,43.783,True,ok,True
2. Brown Blight/brown_blight_00200.jpg,2. Brown Blight,1200,1600,350047,222.16,soft,188.829,46.697,True,ok,True
2. Brown Blight/brown_blight_00201.jpg,2. Brown Blight,1200,1600,346311,202.122,soft,194.458,39.619,True,ok,True
2. Brown Blight/brown_blight_00202.jpg,2. Brown Blight,1200,1600,351734,201.588,soft,194.378,39.631,True,ok,True
2. Brown Blight/brown_blight_00203.jpg,2. Brown Blight,1200,904,159126,163.551,soft,175.882,48.823,True,ok,True
2. Brown Blight/brown_blight_00204.jpg,2. Brown Blight,1200,904,159916,236.374,soft,179.484,45.073,True,ok,True
2. Brown Blight/brown_blight_00205.jpg,2. Brown Blight,1200,904,131069,158.266,soft,162.978,41.986,True,ok,True
2. Brown Blight/brown_blight_00206.jpg,2. Brown Blight,1200,904,174239,215.716,soft,173.39,54.28,True,ok,True
2. Brown Blight/brown_blight_00207.jpg,2. Brown Blight,1200,904,138643,158.452,soft,168.822,50.644,True,ok,True
2. Brown Blight/brown_blight_00208.jpg,2. Brown Blight,1200,904,137251,151.198,soft,174.682,39.127,True,ok,True
2. Brown Blight/brown_blight_00209.jpg,2. Brown Blight,1200,904,141272,169.084,soft,173.794,42.67,True,ok,True
2. Brown Blight/brown_blight_00210.jpg,2. Brown Blight,1200,1600,288271,108.571,soft,188.855,37.968,True,ok,True
2. Brown Blight/brown_blight_00211.jpg,2. Brown Blight,1200,1600,298762,138.846,soft,190.33,46.194,True,ok,True
2. Brown Blight/brown_blight_00212.jpg,2. Brown Blight,1200,1600,262322,99.89,blurry,198.06,42.173,True,ok,True
2. Brown Blight/brown_blight_00213.jpg,2. Brown Blight,1200,1600,241029,98.063,blurry,195.408,45.078,True,ok,True
2. Brown Blight/brown_blight_00214.jpg,2. Brown Blight,1200,904,160640,199.973,soft,187.893,51.583,True,ok,True
2. Brown Blight/brown_blight_00215.jpg,2. Brown Blight,1200,904,125657,153.925,soft,177.907,52.361,True,ok,True
2. Brown Blight/brown_blight_00216.jpg,2. Brown Blight,1200,904,125159,160.529,soft,165.5,44.077,True,ok,True
2. Brown Blight/brown_blight_00217.jpg,2. Brown Blight,1200,904,136058,151.724,soft,168.619,49.655,True,ok,True
2. Brown Blight/brown_blight_00218.jpg,2. Brown Blight,1200,904,137732,180.424,soft,162.444,57.911,True,ok,True
2. Brown Blight/brown_blight_00219.jpg,2. Brown Blight,1200,904,133405,159.967,soft,169.795,56.175,True,ok,True
2. Brown Blight/brown_blight_00220.jpg,2. Brown Blight,1200,904,137840,178.959,soft,164.473,57.538,True,ok,True
2. Brown Blight/brown_blight_00221.jpg,2. Brown Blight,1200,904,139293,151.194,soft,188.298,45.959,True,ok,True
2. Brown Blight/brown_blight_00222.jpg,2. Brown Blight,1200,904,141943,151.826,soft,160.626,45.227,True,ok,True
2. Brown Blight/brown_blight_00223.jpg,2. Brown Blight,1200,1600,298118,143.812,soft,170.452,37.952,True,ok,True
2. Brown Blight/brown_blight_00224.jpg,2. Brown Blight,1200,904,126247,118.72,soft,181.631,35.853,True,ok,True
2. Brown Blight/brown_blight_00225.jpg,2. Brown Blight,1200,904,127496,134.291,soft,172.042,47.826,True,ok,True
2. Brown Blight/brown_blight_00226.jpg,2. Brown Blight,1200,900,180948,217.684,soft,177.492,42.485,True,ok,True
2. Brown Blight/brown_blight_00227.jpg,2. Brown Blight,1200,904,120012,92.816,blurry,179.087,35.397,True,ok,True
2. Brown Blight/brown_blight_00228.jpg,2. Brown Blight,1200,1600,277579,170.063,soft,175.808,47.084,True,ok,True
2. Brown Blight/brown_blight_00229.jpg,2. Brown Blight,1200,1600,278478,162.909,soft,176.704,44.704,True,ok,True
2. Brown Blight/brown_blight_00230.jpg,2. Brown Blight,1200,1600,296904,102.6,soft,177.975,43.3,True,ok,True
2. Brown Blight/brown_blight_00231.jpg,2. Brown Blight,1200,1600,313288,122.542,soft,174.739,41.551,True,ok,True
2. Brown Blight/brown_blight_00232.jpg,2. Brown Blight,1200,1600,291272,83.016,blurry,177.274,38.424,True,ok,True
2. Brown Blight/brown_blight_00233.jpg,2. Brown Blight,1200,1600,287527,77.662,blurry,174.023,40.159,True,ok,True
2. Brown Blight/brown_blight_00234.jpg,2. Brown Blight,1200,1600,311569,80.334,blurry,156.06,32.617,True,ok,True
2. Brown Blight/brown_blight_00235.jpg,2. Brown Blight,1200,904,109134,109.319,soft,181.539,38.86,True,ok,True
2. Brown Blight/brown_blight_00236.jpg,2. Brown Blight,1200,904,130307,146.174,soft,184.599,37.981,True,ok,True
2. Brown Blight/brown_blight_00237.jpg,2. Brown Blight,1200,904,125706,151.69,soft,185.093,35.52,True,ok,True
2. Brown Blight/brown_blight_00238.jpg,2. Brown Blight,1200,904,128447,133.471,soft,184.316,37.287,True,ok,True
2. Brown Blight/brown_blight_00239.jpg,2. Brown Blight,1200,904,157510,227.505,soft,181.25,50.654,True,ok,True
2. Brown Blight/brown_blight_00240.jpg,2. Brown Blight,1200,904,151822,191.447,soft,169.985,57.174,True,ok,True
2. Brown Blight/brown_blight_00241.jpg,2. Brown Blight,1200,904,154112,235.582,soft,171.333,56.952,True,ok,True
2. Brown Blight/brown_blight_00242.jpg,2. Brown Blight,1200,904,159654,189.358,soft,172.533,52.571,True,ok,True
2. Brown Blight/brown_blight_00243.jpg,2. Brown Blight,1200,904,158186,203.462,soft,173.267,50.452,True,ok,True
2. Brown Blight/brown_blight_00244.jpg,2. Brown Blight,1200,904,159474,214.514,soft,171.448,53.523,True,ok,True
2. Brown Blight/brown_blight_00245.jpg,2. Brown Blight,1200,904,169744,161.77,soft,181.919,54.146,True,ok,True
2. Brown Blight/brown_blight_00246.jpg,2. Brown Blight,1200,904,135241,128.603,soft,173.788,48.088,True,ok,True
2. Brown Blight/brown_blight_00247.jpg,2. Brown Blight,1200,904,143116,164.737,soft,169.572,48.184,True,ok,True
2. Brown Blight/brown_blight_00248.jpg,2. Brown Blight,1200,904,145039,128.12,soft,192.055,43.653,True,ok,True
2. Brown Blight/brown_blight_00249.jpg,2. Brown Blight,1200,904,107985,104.707,soft,185.686,27.939,True,ok,True
2. Brown Blight/brown_blight_00250.jpg,2. Brown Blight,1200,904,109158,114.971,soft,185.717,27.015,True,ok,True
2. Brown Blight/brown_blight_00251.jpg,2. Brown Blight,1200,900,133238,62.732,blurry,176.479,32.752,True,ok,True
2. Brown Blight/brown_blight_00252.jpg,2. Brown Blight,1200,900,138632,72.198,blurry,173.373,36.877,True,ok,True
2. Brown Blight/brown_blight_00253.jpg,2. Brown Blight,1200,900,138679,61.09,blurry,177.214,30.07,True,ok,True
2. Brown Blight/brown_blight_00254.jpg,2. Brown Blight,1200,900,147050,61.297,blurry,175.999,30.705,True,ok,True
2. Brown Blight/brown_blight_00255.jpg,2. Brown Blight,1200,1600,273218,87.362,blurry,173.182,40.15,True,ok,True
2. Brown Blight/brown_blight_00256.jpg,2. Brown Blight,1200,1600,302179,124.909,soft,180.355,47.327,True,ok,True
2. Brown Blight/brown_blight_00257.jpg,2. Brown Blight,1200,1600,263668,93.643,blurry,175.178,43.394,True,ok,True
2. Brown Blight/brown_blight_00258.jpg,2. Brown Blight,1200,904,92547,56.12,blurry,172.588,29.473,True,ok,True
2. Brown Blight/brown_blight_00259.jpg,2. Brown Blight,1200,904,123556,69.993,blurry,199.499,33.008,True,ok,True
2. Brown Blight/brown_blight_00260.jpg,2. Brown Blight,1200,904,111833,104.611,soft,191.747,41.461,True,ok,True
2. Brown Blight/brown_blight_00261.jpg,2. Brown Blight,1200,904,111763,96.618,blurry,191.019,32.141,True,ok,True
2. Brown Blight/brown_blight_00262.jpg,2. Brown Blight,1200,904,138523,93.498,blurry,199.387,31.669,True,ok,True
2. Brown Blight/brown_blight_00263.jpg,2. Brown Blight,1200,904,161586,197.912,soft,173.325,51.446,True,ok,True
2. Brown Blight/brown_blight_00264.jpg,2. Brown Blight,1200,904,136347,166.615,soft,187.634,50.541,True,ok,True
2. Brown Blight/brown_blight_00265.jpg,2. Brown Blight,1200,904,153197,197.382,soft,179.738,53.137,True,ok,True
2. Brown Blight/brown_blight_00266.jpg,2. Brown Blight,1200,904,125223,158.347,soft,175.27,48.499,True,ok,True
2. Brown Blight/brown_blight_00267.jpg,2. Brown Blight,1200,904,147585,178.755,soft,179.41,57.727,True,ok,True
2. Brown Blight/brown_blight_00268.jpg,2. Brown Blight,1200,1600,271294,114.521,soft,180.594,34.817,True,ok,True
2. Brown Blight/brown_blight_00269.jpg,2. Brown Blight,1200,1600,269425,111.541,soft,180.312,34.468,True,ok,True
2. Brown Blight/brown_blight_00270.jpg,2. Brown Blight,1200,1600,262534,74.025,blurry,178.536,30.126,True,ok,True
2. Brown Blight/brown_blight_00271.jpg,2. Brown Blight,1200,1600,258685,72.197,blurry,180.089,28.972,True,ok,True
2. Brown Blight/brown_blight_00272.jpg,2. Brown Blight,1200,900,156046,87.827,blurry,177.944,40.861,True,ok,True
2. Brown Blight/brown_blight_00273.jpg,2. Brown Blight,1200,900,151858,95.175,blurry,177.308,40.09,True,ok,True
2. Brown Blight/brown_blight_00274.jpg,2. Brown Blight,1200,1600,279040,81.662,blurry,174.295,33.177,True,ok,True
2. Brown Blight/brown_blight_00275.jpg,2. Brown Blight,1200,1600,270677,85.284,blurry,171.905,37.745,True,ok,True
2. Brown Blight/brown_blight_00276.jpg,2. Brown Blight,1200,904,168407,248.47,soft,175.77,53.633,True,ok,True
2. Brown Blight/brown_blight_00277.jpg,2. Brown Blight,1200,904,152009,204.455,soft,180.876,47.491,True,ok,True
2. Brown Blight/brown_blight_00278.jpg,2. Brown Blight,1200,904,122831,127.132,soft,180.369,51.049,True,ok,True
2. Brown Blight/brown_blight_00279.jpg,2. Brown Blight,1200,904,123025,191.404,soft,173.431,60.415,True,ok,True
2. Brown Blight/brown_blight_00280.jpg,2. Brown Blight,1200,904,145723,181.013,soft,179.143,48.179,True,ok,True
2. Brown Blight/brown_blight_00281.jpg,2. Brown Blight,1200,1600,232558,41.112,blurry,166.663,26.68,True,ok,True
2. Brown Blight/brown_blight_00282.jpg,2. Brown Blight,1200,1600,237534,43.639,blurry,167.281,27.082,True,ok,True
2. Brown Blight/brown_blight_00283.jpg,2. Brown Blight,1200,1600,241652,46.083,blurry,173.681,24.844,True,ok,True
2. Brown Blight/brown_blight_00284.jpg,2. Brown Blight,1200,1600,285739,79.025,blurry,171.861,35.829,True,ok,True
2. Brown Blight/brown_blight_00285.jpg,2. Brown Blight,1200,1600,281895,76.716,blurry,172.144,35.431,True,ok,True
2. Brown Blight/brown_blight_00286.jpg,2. Brown Blight,1200,1600,254892,105.838,soft,178.684,40.154,True,ok,True
2. Brown Blight/brown_blight_00287.jpg,2. Brown Blight,1200,1600,252844,94.842,blurry,176.304,40.934,True,ok,True
2. Brown Blight/brown_blight_00288.jpg,2. Brown Blight,1200,1600,289418,104.525,soft,170.164,45.106,True,ok,True
2. Brown Blight/brown_blight_00289.jpg,2. Brown Blight,1200,1600,297557,103.415,soft,169.357,45.578,True,ok,True
2. Brown Blight/brown_blight_00290.jpg,2. Brown Blight,1200,904,139594,153.024,soft,178.434,48.124,True,ok,True
2. Brown Blight/brown_blight_00291.jpg,2. Brown Blight,1200,904,146360,190.838,soft,177.801,51.531,True,ok,True
2. Brown Blight/brown_blight_00292.jpg,2. Brown Blight,1200,904,118263,141.443,soft,204.013,43.257,True,ok,True
2. Brown Blight/brown_blight_00293.jpg,2. Brown Blight,1200,904,103989,160.805,soft,206.129,51.679,True,ok,True
2. Brown Blight/brown_blight_00294.jpg,2. Brown Blight,1200,904,124606,135.286,soft,203.722,41.18,True,ok,True
2. Brown Blight/brown_blight_00295.jpg,2. Brown Blight,1200,904,107558,189.967,soft,210.591,58.462,True,ok,True
2. Brown Blight/brown_blight_00296.jpg,2. Brown Blight,1200,904,173265,276.455,soft,202.98,60.793,True,ok,True
2. Brown Blight/brown_blight_00297.jpg,2. Brown Blight,1200,1600,365753,166.937,soft,175.705,66.375,True,ok,True
2. Brown Blight/brown_blight_00298.jpg,2. Brown Blight,1200,900,230793,227.094,soft,172.326,70.534,True,ok,True
2. Brown Blight/brown_blight_00299.jpg,2. Brown Blight,1200,900,206523,177.252,soft,176.587,54.885,True,ok,True
2. Brown Blight/brown_blight_00300.jpg,2. Brown Blight,1200,900,209449,167.662,soft,169.192,56.949,True,ok,True
2. Brown Blight/brown_blight_00301.jpg,2. Brown Blight,1200,904,123381,118.994,soft,181.82,35.125,True,ok,True
2. Brown Blight/brown_blight_00302.jpg,2. Brown Blight,1200,904,105861,89.692,blurry,189.124,26.886,True,ok,True
2. Brown Blight/brown_blight_00303.jpg,2. Brown Blight,1200,904,127893,104.972,soft,192.477,26.913,True,ok,True
2. Brown Blight/brown_blight_00304.jpg,2. Brown Blight,1200,1600,275254,140.048,soft,180.344,54.378,True,ok,True
2. Brown Blight/brown_blight_00305.jpg,2. Brown Blight,1200,1600,271476,112.631,soft,183.431,58.826,True,ok,True
2. Brown Blight/brown_blight_00306.jpg,2. Brown Blight,1200,1600,349935,209.099,soft,178.456,54.211,True,ok,True
2. Brown Blight/brown_blight_00307.jpg,2. Brown Blight,1200,1600,347672,182.374,soft,179.163,54.504,True,ok,True
2. Brown Blight/brown_blight_00308.jpg,2. Brown Blight,1200,904,155978,162.484,soft,187.301,48.322,True,ok,True
2. Brown Blight/brown_blight_00309.jpg,2. Brown Blight,1200,904,111699,64.719,blurry,188.302,26.19,True,ok,True
2. Brown Blight/brown_blight_00310.jpg,2. Brown Blight,1200,904,104622,64.498,blurry,188.949,27.607,True,ok,True
2. Brown Blight/brown_blight_00311.jpg,2. Brown Blight,1200,1600,553235,194.746,soft,176.308,37.722,True,ok,True
2. Brown Blight/brown_blight_00312.jpg,2. Brown Blight,1200,1600,562979,204.445,soft,176.98,39.199,True,ok,True
2. Brown Blight/brown_blight_00313.jpg,2. Brown Blight,1200,900,369616,313.897,sharp,167.744,58.062,True,ok,True
2. Brown Blight/brown_blight_00314.jpg,2. Brown Blight,1200,1600,423548,178.455,soft,179.661,53.815,True,ok,True
2. Brown Blight/brown_blight_00315.jpg,2. Brown Blight,1200,1600,451902,182.224,soft,177.134,53.001,True,ok,True
2. Brown Blight/brown_blight_00316.jpg,2. Brown Blight,1200,1600,456786,193.63,soft,166.96,59.938,True,ok,True
2. Brown Blight/brown_blight_00317.jpg,2. Brown Blight,1200,1600,523648,181.818,soft,181.388,39.963,True,ok,True
2. Brown Blight/brown_blight_00318.jpg,2. Brown Blight,1200,1600,500345,163.747,soft,183.073,40.268,True,ok,True
2. Brown Blight/brown_blight_00319.jpg,2. Brown Blight,1200,1600,586439,237.025,soft,175.872,50.621,True,ok,True
2. Brown Blight/brown_blight_00320.jpg,2. Brown Blight,1200,1600,568530,182.103,soft,176.741,42.995,True,ok,True
2. Brown Blight/brown_blight_00321.jpg,2. Brown Blight,1200,1600,621132,257.505,soft,174.107,40.666,True,ok,True
2. Brown Blight/brown_blight_00322.jpg,2. Brown Blight,1200,900,194551,148.079,soft,186.624,53.326,True,ok,True
2. Brown Blight/brown_blight_00323.jpg,2. Brown Blight,1200,1600,301292,97.95,blurry,179.801,49.768,True,ok,True
2. Brown Blight/brown_blight_00324.jpg,2. Brown Blight,1200,1600,353110,158.508,soft,170.336,59.503,True,ok,True
2. Brown Blight/brown_blight_00325.jpg,2. Brown Blight,1200,1600,342964,146.263,soft,173.066,59.725,True,ok,True
2. Brown Blight/brown_blight_00326.jpg,2. Brown Blight,1200,1600,399492,141.469,soft,178.817,49.963,True,ok,True
2. Brown Blight/brown_blight_00327.jpg,2. Brown Blight,1200,1600,413402,222.914,soft,170.939,59.599,True,ok,True
2. Brown Blight/brown_blight_00328.jpg,2. Brown Blight,1200,1600,447921,174.507,soft,151.81,67.953,True,ok,True
2. Brown Blight/brown_blight_00329.jpg,2. Brown Blight,1200,1600,457950,278.427,soft,173.406,56.014,True,ok,True
2. Brown Blight/brown_blight_00330.jpg,2. Brown Blight,1200,1600,403317,179.393,soft,160.69,66.258,True,ok,True
2. Brown Blight/brown_blight_00331.jpg,2. Brown Blight,1200,1600,426067,179.512,soft,165.126,53.072,True,ok,True
2. Brown Blight/brown_blight_00332.jpg,2. Brown Blight,1200,1600,414189,200.958,soft,161.296,55.775,True,ok,True
2. Brown Blight/brown_blight_00333.jpg,2. Brown Blight,1200,1600,294818,116.304,soft,174.105,44.495,True,ok,True
2. Brown Blight/brown_blight_00334.jpg,2. Brown Blight,1200,1600,434009,204.259,soft,160.926,65.097,True,ok,True
2. Brown Blight/brown_blight_00335.jpg,2. Brown Blight,1200,1600,457853,222.085,soft,166.606,57.127,True,ok,True
2. Brown Blight/brown_blight_00336.jpg,2. Brown Blight,1200,1600,449396,234.631,soft,168.632,53.265,True,ok,True
2. Brown Blight/brown_blight_00337.jpg,2. Brown Blight,1200,1600,421554,217.048,soft,159.856,66.93,True,ok,True
2. Brown Blight/brown_blight_00338.jpg,2. Brown Blight,1200,1600,391641,107.494,soft,184.924,44.9,True,ok,True
2. Brown Blight/brown_blight_00339.jpg,2. Brown Blight,1200,1600,336978,93.485,blurry,182.189,54.754,True,ok,True
2. Brown Blight/brown_blight_00340.jpg,2. Brown Blight,1200,1600,356378,108.548,soft,183.194,50.514,True,ok,True
2. Brown Blight/brown_blight_00341.jpg,2. Brown Blight,1200,1600,378316,165.045,soft,186.26,43.751,True,ok,True
2. Brown Blight/brown_blight_00342.jpg,2. Brown Blight,1200,1600,375299,168.906,soft,183.789,43.87,True,ok,True
2. Brown Blight/brown_blight_00343.jpg,2. Brown Blight,1200,1600,329401,141.136,soft,176.851,49.222,True,ok,True
2. Brown Blight/brown_blight_00344.jpg,2. Brown Blight,1200,1600,374585,167.274,soft,178.542,49.947,True,ok,True
2. Brown Blight/brown_blight_00345.jpg,2. Brown Blight,1200,1600,388392,164.637,soft,163.945,68.505,True,ok,True
2. Brown Blight/brown_blight_00346.jpg,2. Brown Blight,1200,1600,434007,214.074,soft,170.462,55.175,True,ok,True
2. Brown Blight/brown_blight_00347.jpg,2. Brown Blight,1200,1600,371706,159.42,soft,170.772,53.219,True,ok,True
2. Brown Blight/brown_blight_00348.jpg,2. Brown Blight,1200,1600,386777,138.175,soft,172.565,57.041,True,ok,True
2. Brown Blight/brown_blight_00349.jpg,2. Brown Blight,1200,1600,344355,137.542,soft,181.378,48.884,True,ok,True
2. Brown Blight/brown_blight_00350.jpg,2. Brown Blight,1200,900,174350,92.109,blurry,173.897,41.985,True,ok,True
2. Brown Blight/brown_blight_00351.jpg,2. Brown Blight,1200,1600,326364,148.19,soft,184.862,53.504,True,ok,True
2. Brown Blight/brown_blight_00352.jpg,2. Brown Blight,1200,1600,350375,143.352,soft,177.579,46.316,True,ok,True
2. Brown Blight/brown_blight_00353.jpg,2. Brown Blight,1200,1600,378525,112.101,soft,176.949,47.495,True,ok,True
2. Brown Blight/brown_blight_00354.jpg,2. Brown Blight,1200,1600,401516,231.39,soft,161.73,58.518,True,ok,True
2. Brown Blight/brown_blight_00355.jpg,2. Brown Blight,1200,1600,391025,174.559,soft,170.015,57.687,True,ok,True
2. Brown Blight/brown_blight_00356.jpg,2. Brown Blight,1200,1600,312733,103.918,soft,181.46,49.454,True,ok,True
2. Brown Blight/brown_blight_00357.jpg,2. Brown Blight,1200,1600,315616,82.471,blurry,182.035,49.354,True,ok,True
2. Brown Blight/brown_blight_00358.jpg,2. Brown Blight,1200,1600,373583,103.477,soft,172.734,45.698,True,ok,True
2. Brown Blight/brown_blight_00359.jpg,2. Brown Blight,1200,1600,355584,116.991,soft,184.219,42.891,True,ok,True
2. Brown Blight/brown_blight_00360.jpg,2. Brown Blight,1200,1600,317193,112.677,soft,177.68,46.728,True,ok,True
2. Brown Blight/brown_blight_00361.jpg,2. Brown Blight,1200,1600,360003,122.132,soft,185.735,52.387,True,ok,True
2. Brown Blight/brown_blight_00362.jpg,2. Brown Blight,1200,1600,376361,106.796,soft,183.251,42.812,True,ok,True
2. Brown Blight/brown_blight_00363.jpg,2. Brown Blight,1200,1600,332434,136.31,soft,170.854,61.724,True,ok,True
2. Brown Blight/brown_blight_00364.jpg,2. Brown Blight,1200,1600,371209,134.668,soft,172.479,53.432,True,ok,True
2. Brown Blight/brown_blight_00365.jpg,2. Brown Blight,1200,1600,325898,132.647,soft,174.552,58.078,True,ok,True
2. Brown Blight/brown_blight_00366.jpg,2. Brown Blight,1200,1600,325048,134.667,soft,173.371,50.458,True,ok,True
2. Brown Blight/brown_blight_00367.jpg,2. Brown Blight,1200,1600,353895,107.608,soft,170.629,49.206,True,ok,True
2. Brown Blight/brown_blight_00368.jpg,2. Brown Blight,1200,1600,334041,93.745,blurry,182.766,41.403,True,ok,True
2. Brown Blight/brown_blight_00369.jpg,2. Brown Blight,1200,1600,319287,82.872,blurry,179.373,46.061,True,ok,True
2. Brown Blight/brown_blight_00370.jpg,2. Brown Blight,1200,1600,491478,259.071,soft,154.56,67.111,True,ok,True
2. Brown Blight/brown_blight_00371.jpg,2. Brown Blight,1200,1600,437904,236.267,soft,156.788,60.943,True,ok,True
2. Brown Blight/brown_blight_00372.jpg,2. Brown Blight,1200,1600,326534,93.838,blurry,173.139,41.764,True,ok,True
2. Brown Blight/brown_blight_00373.jpg,2. Brown Blight,1200,1600,329054,101.932,soft,174.804,43.734,True,ok,True
2. Brown Blight/brown_blight_00374.jpg,2. Brown Blight,1200,1600,298666,74.177,blurry,187.711,50.748,True,ok,True
2. Brown Blight/brown_blight_00375.jpg,2. Brown Blight,1200,1600,300515,87.668,blurry,175.686,44.642,True,ok,True
2. Brown Blight/brown_blight_00376.jpg,2. Brown Blight,1200,1600,348099,98.028,blurry,180.185,37.724,True,ok,True
2. Brown Blight/brown_blight_00377.jpg,2. Brown Blight,1200,1600,277285,100.628,soft,178.79,45.276,True,ok,True
2. Brown Blight/brown_blight_00378.jpg,2. Brown Blight,1200,900,183489,126.413,soft,177.361,46.76,True,ok,True
2. Brown Blight/brown_blight_00379.jpg,2. Brown Blight,1200,1600,336252,161.601,soft,164.122,56.045,True,ok,True
2. Brown Blight/brown_blight_00380.jpg,2. Brown Blight,1200,1600,357279,128.615,soft,162.399,48.503,True,ok,True
2. Brown Blight/brown_blight_00381.jpg,2. Brown Blight,1200,1600,442164,269.386,soft,147.946,68.135,True,ok,True
2. Brown Blight/brown_blight_00382.jpg,2. Brown Blight,1200,1600,424138,207.851,soft,152.392,64.836,True,ok,True
2. Brown Blight/brown_blight_00383.jpg,2. Brown Blight,1200,1600,357230,165.076,soft,179.281,57.998,True,ok,True
2. Brown Blight/brown_blight_00384.jpg,2. Brown Blight,1200,1600,363998,147.191,soft,167.924,54.484,True,ok,True
2. Brown Blight/brown_blight_00385.jpg,2. Brown Blight,1200,1600,361996,138.161,soft,178.068,53.137,True,ok,True
2. Brown Blight/brown_blight_00386.jpg,2. Brown Blight,1200,1600,340251,115.801,soft,173.916,56.543,True,ok,True
2. Brown Blight/brown_blight_00387.jpg,2. Brown Blight,1200,1600,388493,152.999,soft,173.085,49.81,True,ok,True
2. Brown Blight/brown_blight_00388.jpg,2. Brown Blight,1200,1600,252560,93.498,blurry,175.482,40.267,True,ok,True
2. Brown Blight/brown_blight_00389.jpg,2. Brown Blight,1200,1600,422960,170.703,soft,173.15,49.704,True,ok,True
2. Brown Blight/brown_blight_00390.jpg,2. Brown Blight,1200,1600,354140,128.428,soft,172.126,60.988,True,ok,True
2. Brown Blight/brown_blight_00391.jpg,2. Brown Blight,1200,1600,298760,100.062,soft,183.806,50.099,True,ok,True
2. Brown Blight/brown_blight_00392.jpg,2. Brown Blight,1200,1600,335872,85.961,blurry,180.986,38.467,True,ok,True
2. Brown Blight/brown_blight_00393.jpg,2. Brown Blight,1200,1600,337426,109.702,soft,187.487,40.614,True,ok,True
2. Brown Blight/brown_blight_00394.jpg,2. Brown Blight,1200,1600,352863,108.736,soft,182.247,31.814,True,ok,True
2. Brown Blight/brown_blight_00395.jpg,2. Brown Blight,1200,1600,339799,139.97,soft,180.642,40.461,True,ok,True
2. Brown Blight/brown_blight_00396.jpg,2. Brown Blight,1200,900,202785,143.08,soft,168.364,52.853,True,ok,True
2. Brown Blight/brown_blight_00397.jpg,2. Brown Blight,1200,900,201780,99.89,blurry,158.483,47.007,True,ok,True
2. Brown Blight/brown_blight_00398.jpg,2. Brown Blight,1200,1600,308354,85.01,blurry,173.576,46.27,True,ok,True
2. Brown Blight/brown_blight_00399.jpg,2. Brown Blight,1200,1600,329893,79.411,blurry,174.054,42.349,True,ok,True
2. Brown Blight/brown_blight_00400.jpg,2. Brown Blight,1200,1600,376616,110.914,soft,182.14,38.179,True,ok,True
2. Brown Blight/brown_blight_00401.jpg,2. Brown Blight,1200,1600,338587,186.209,soft,167.6,59.976,True,ok,True
2. Brown Blight/brown_blight_00402.jpg,2. Brown Blight,1200,1600,443396,262.716,soft,165.312,53.936,True,ok,True
2. Brown Blight/brown_blight_00403.jpg,2. Brown Blight,1200,1600,439014,246.575,soft,167.179,50.757,True,ok,True
2. Brown Blight/brown_blight_00404.jpg,2. Brown Blight,1200,1600,357025,144.696,soft,180.465,53.42,True,ok,True
2. Brown Blight/brown_blight_00405.jpg,2. Brown Blight,1200,1600,364607,114.579,soft,163.374,44.627,True,ok,True
2. Brown Blight/brown_blight_00406.jpg,2. Brown Blight,1200,1600,346735,121.391,soft,180.078,53.367,True,ok,True
2. Brown Blight/brown_blight_00407.jpg,2. Brown Blight,1200,900,191832,75.427,blurry,171.971,40.227,True,ok,True
2. Brown Blight/brown_blight_00408.jpg,2. Brown Blight,1200,1600,322812,64.027,blurry,189.505,37.419,True,ok,True
2. Brown Blight/brown_blight_00409.jpg,2. Brown Blight,1200,900,160890,83.25,blurry,177.076,42.725,True,ok,True
2. Brown Blight/brown_blight_00410.jpg,2. Brown Blight,1200,1600,336377,179.064,soft,175.095,46.774,True,ok,True
2. Brown Blight/brown_blight_00411.jpg,2. Brown Blight,1200,900,244333,149.108,soft,177.288,50.057,True,ok,True
2. Brown Blight/brown_blight_00412.jpg,2. Brown Blight,1200,1600,385436,112.214,soft,175.456,45.854,True,ok,True
2. Brown Blight/brown_blight_00413.jpg,2. Brown Blight,1200,900,193589,181.817,soft,166.528,58.874,True,ok,True
2. Brown Blight/brown_blight_00414.jpg,2. Brown Blight,1200,900,229543,143.653,soft,176.209,52.96,True,ok,True
2. Brown Blight/brown_blight_00415.jpg,2. Brown Blight,1200,1600,397521,109.328,soft,168.428,37.165,True,ok,True
2. Brown Blight/brown_blight_00416.jpg,2. Brown Blight,1200,900,206778,119.615,soft,173.394,42.614,True,ok,True
2. Brown Blight/brown_blight_00417.jpg,2. Brown Blight,1200,900,183979,98.387,blurry,165.464,41.456,True,ok,True
2. Brown Blight/brown_blight_00418.jpg,2. Brown Blight,1200,900,171882,105.661,soft,167.287,37.184,True,ok,True
2. Brown Blight/brown_blight_00419.jpg,2. Brown Blight,1200,1600,381408,205.496,soft,162.516,44.075,True,ok,True
2. Brown Blight/brown_blight_00420.jpg,2. Brown Blight,1200,1600,335412,105.534,soft,173.063,40.698,True,ok,True
2. Brown Blight/brown_blight_00421.jpg,2. Brown Blight,1200,1600,304588,83.795,blurry,178.554,45.41,True,ok,True
2. Brown Blight/brown_blight_00422.jpg,2. Brown Blight,1200,900,167767,98.091,blurry,179.715,43.895,True,ok,True
2. Brown Blight/brown_blight_00423.jpg,2. Brown Blight,1200,900,185397,97.132,blurry,180.092,32.783,True,ok,True
2. Brown Blight/brown_blight_00424.jpg,2. Brown Blight,1200,1600,351877,127.632,soft,170.015,57.269,True,ok,True
2. Brown Blight/brown_blight_00425.jpg,2. Brown Blight,1200,1600,376274,135.907,soft,169.908,46.197,True,ok,True
2. Brown Blight/brown_blight_00426.jpg,2. Brown Blight,1200,1600,296991,65.212,blurry,179.718,35.464,True,ok,True
2. Brown Blight/brown_blight_00427.jpg,2. Brown Blight,1200,1600,248410,100.01,soft,172.15,56.9,True,ok,True
2. Brown Blight/brown_blight_00428.jpg,2. Brown Blight,1200,1600,395490,129.11,soft,174.296,44.594,True,ok,True
2. Brown Blight/brown_blight_00429.jpg,2. Brown Blight,1200,900,182013,109.937,soft,181.701,48.564,True,ok,True
2. Brown Blight/brown_blight_00430.jpg,2. Brown Blight,1200,900,177815,86.734,blurry,183.831,43.023,True,ok,True
2. Brown Blight/brown_blight_00431.jpg,2. Brown Blight,1200,1600,329351,53.539,blurry,191.727,29.852,True,ok,True
2. Brown Blight/brown_blight_00432.jpg,2. Brown Blight,1200,1600,279725,42.956,blurry,190.039,42.507,True,ok,True
2. Brown Blight/brown_blight_00433.jpg,2. Brown Blight,1200,1600,362846,138.58,soft,177.574,58.056,True,ok,True
2. Brown Blight/brown_blight_00434.jpg,2. Brown Blight,1200,1600,308015,88.005,blurry,164.093,47.22,True,ok,True
2. Brown Blight/brown_blight_00435.jpg,2. Brown Blight,1200,900,135686,57.886,blurry,174.912,40.267,True,ok,True
2. Brown Blight/brown_blight_00436.jpg,2. Brown Blight,1200,900,170657,53.603,blurry,174.884,36.972,True,ok,True
2. Brown Blight/brown_blight_00437.jpg,2. Brown Blight,1200,1600,327753,92.691,blurry,166.268,45.097,True,ok,True
2. Brown Blight/brown_blight_00438.jpg,2. Brown Blight,1200,1600,327276,140.55,soft,164.961,51.065,True,ok,True
2. Brown Blight/brown_blight_00439.jpg,2. Brown Blight,1200,900,192727,102.339,soft,169.381,46.323,True,ok,True
2. Brown Blight/brown_blight_00440.jpg,2. Brown Blight,1200,900,173465,133.266,soft,178.594,59.538,True,ok,True
2. Brown Blight/brown_blight_00441.jpg,2. Brown Blight,1200,1600,346806,120.272,soft,187.653,44.142,True,ok,True
2. Brown Blight/brown_blight_00442.jpg,2. Brown Blight,1200,1600,386560,122.88,soft,181.597,47.33,True,ok,True
2. Brown Blight/brown_blight_00443.jpg,2. Brown Blight,1200,1600,282528,110.345,soft,169.5,38.473,True,ok,True
2. Brown Blight/brown_blight_00444.jpg,2. Brown Blight,1200,1600,319309,113.546,soft,166.305,37.229,True,ok,True
2. Brown Blight/brown_blight_00445.jpg,2. Brown Blight,1200,1600,405864,105.035,soft,164.145,51.276,True,ok,True
2. Brown Blight/brown_blight_00446.jpg,2. Brown Blight,1200,1600,318363,100.983,soft,167.486,44.407,True,ok,True
2. Brown Blight/brown_blight_00447.jpg,2. Brown Blight,1200,1600,382844,96.804,blurry,169.169,42.106,True,ok,True
2. Brown Blight/brown_blight_00448.jpg,2. Brown Blight,1200,1600,380736,125.094,soft,180.449,47.728,True,ok,True
2. Brown Blight/brown_blight_00449.jpg,2. Brown Blight,1200,1600,358910,174.345,soft,155.852,65.095,True,ok,True
2. Brown Blight/brown_blight_00450.jpg,2. Brown Blight,1200,1600,356358,210.146,soft,148.599,65.174,True,ok,True
2. Brown Blight/brown_blight_00451.jpg,2. Brown Blight,1200,1600,301947,122.891,soft,175.003,55.74,True,ok,True
2. Brown Blight/brown_blight_00452.jpg,2. Brown Blight,1200,1600,390364,102.461,soft,164.254,40.893,True,ok,True
2. Brown Blight/brown_blight_00453.jpg,2. Brown Blight,1200,1600,304188,107.841,soft,167.787,49.114,True,ok,True
2. Brown Blight/brown_blight_00454.jpg,2. Brown Blight,1200,1600,290676,144.513,soft,172.854,58.384,True,ok,True
2. Brown Blight/brown_blight_00455.jpg,2. Brown Blight,1200,1600,296257,83.323,blurry,163.359,39.779,True,ok,True
2. Brown Blight/brown_blight_00456.jpg,2. Brown Blight,1200,900,166375,106.884,soft,181.21,41.641,True,ok,True
2. Brown Blight/brown_blight_00457.jpg,2. Brown Blight,1200,1600,333074,106.643,soft,158.295,44.209,True,ok,True
2. Brown Blight/brown_blight_00458.jpg,2. Brown Blight,1200,1600,280400,84.699,blurry,168.834,52.981,True,ok,True
2. Brown Blight/brown_blight_00459.jpg,2. Brown Blight,1200,1600,300575,98.039,blurry,157.619,40.033,True,ok,True
2. Brown Blight/brown_blight_00460.jpg,2. Brown Blight,1200,1600,342792,115.021,soft,164.579,39.847,True,ok,True
2. Brown Blight/brown_blight_00461.jpg,2. Brown Blight,1200,1600,261792,71.545,blurry,181.287,47.539,True,ok,True
2. Brown Blight/brown_blight_00462.jpg,2. Brown Blight,1200,1600,372432,167.927,soft,166.364,59.456,True,ok,True
2. Brown Blight/brown_blight_00463.jpg,2. Brown Blight,1200,1600,331140,184.946,soft,166.415,55.897,True,ok,True
2. Brown Blight/brown_blight_00464.jpg,2. Brown Blight,1200,1600,374858,149.078,soft,163.524,53.762,True,ok,True
2. Brown Blight/brown_blight_00465.jpg,2. Brown Blight,1200,1600,233511,53.96,blurry,181.21,47.383,True,ok,True
2. Brown Blight/brown_blight_00466.jpg,2. Brown Blight,1200,1600,264529,64.077,blurry,185.956,36.58,True,ok,True
2. Brown Blight/brown_blight_00467.jpg,2. Brown Blight,1200,1600,293127,87.903,blurry,185.464,47.686,True,ok,True
2. Brown Blight/brown_blight_00468.jpg,2. Brown Blight,1200,1600,240341,35.935,blurry,153.186,34.27,True,ok,True
2. Brown Blight/brown_blight_00469.jpg,2. Brown Blight,1200,1600,308174,99.296,blurry,152.89,43.034,True,ok,True
2. Brown Blight/brown_blight_00470.jpg,2. Brown Blight,1200,1600,381398,221.819,soft,150.761,55.12,True,ok,True
2. Brown Blight/brown_blight_00471.jpg,2. Brown Blight,1200,900,239992,260.882,soft,156.046,58.798,True,ok,True
2. Brown Blight/brown_blight_00472.jpg,2. Brown Blight,1200,900,214111,215.323,soft,133.414,64.038,True,ok,True
2. Brown Blight/brown_blight_00473.jpg,2. Brown Blight,1200,900,205997,214.687,soft,133.043,63.948,True,ok,True
2. Brown Blight/brown_blight_00474.jpg,2. Brown Blight,1200,900,242978,229.533,soft,150.346,59.627,True,ok,True
2. Brown Blight/brown_blight_00475.jpg,2. Brown Blight,1200,900,236294,217.005,soft,146.899,60.607,True,ok,True
2. Brown Blight/brown_blight_00476.jpg,2. Brown Blight,1200,900,252073,259.951,soft,143.169,65.631,True,ok,True
2. Brown Blight/brown_blight_00477.jpg,2. Brown Blight,1200,900,186838,141.512,soft,157.935,57.748,True,ok,True
2. Brown Blight/brown_blight_00478.jpg,2. Brown Blight,1200,900,214362,165.813,soft,161.695,54.521,True,ok,True
2. Brown Blight/brown_blight_00479.jpg,2. Brown Blight,1200,900,197064,171.968,soft,159.925,50.573,True,ok,True
2. Brown Blight/brown_blight_00480.jpg,2. Brown Blight,1200,900,206040,169.956,soft,162.277,50.719,True,ok,True
2. Brown Blight/brown_blight_00481.jpg,2. Brown Blight,1200,1600,371306,244.813,soft,159.752,61.853,True,ok,True
2. Brown Blight/brown_blight_00482.jpg,2. Brown Blight,1200,900,207531,236.257,soft,155.904,63.566,True,ok,True
2. Brown Blight/brown_blight_00483.jpg,2. Brown Blight,1200,1600,355962,206.222,soft,153.543,63.428,True,ok,True
2. Brown Blight/brown_blight_00484.jpg,2. Brown Blight,1200,900,199002,192.657,soft,158.03,56.902,True,ok,True
2. Brown Blight/brown_blight_00485.jpg,2. Brown Blight,1200,1600,306879,155.985,soft,172.142,52.38,True,ok,True
2. Brown Blight/brown_blight_00486.jpg,2. Brown Blight,1200,1600,336038,171.746,soft,166.272,55.633,True,ok,True
2. Brown Blight/brown_blight_00487.jpg,2. Brown Blight,1200,1600,320346,130.828,soft,169.085,45.953,True,ok,True
2. Brown Blight/brown_blight_00488.jpg,2. Brown Blight,1200,1600,322216,137.611,soft,166.318,46.276,True,ok,True
2. Brown Blight/brown_blight_00489.jpg,2. Brown Blight,1200,900,127205,74.887,blurry,174.272,38.63,True,ok,True
2. Brown Blight/brown_blight_00490.jpg,2. Brown Blight,1200,900,138233,88.929,blurry,174.101,40.846,True,ok,True
2. Brown Blight/brown_blight_00491.jpg,2. Brown Blight,1200,900,141355,78.544,blurry,173.16,36.952,True,ok,True
2. Brown Blight/brown_blight_00492.jpg,2. Brown Blight,1200,900,146032,73.67,blurry,172.876,35.451,True,ok,True
2. Brown Blight/brown_blight_00493.jpg,2. Brown Blight,1200,1600,298925,129.09,soft,178.047,50.9,True,ok,True
2. Brown Blight/brown_blight_00494.jpg,2. Brown Blight,1200,1600,307789,148.824,soft,169.533,53.546,True,ok,True
2. Brown Blight/brown_blight_00495.jpg,2. Brown Blight,1200,1600,304624,114.348,soft,172.378,45.919,True,ok,True
2. Brown Blight/brown_blight_00496.jpg,2. Brown Blight,1200,1600,302188,112.162,soft,172.408,47.609,True,ok,True
2. Brown Blight/brown_blight_00497.jpg,2. Brown Blight,1200,900,175954,127.388,soft,169.2,54.256,True,ok,True
2. Brown Blight/brown_blight_00498.jpg,2. Brown Blight,1200,900,194322,152.499,soft,162.18,58.148,True,ok,True
2. Brown Blight/brown_blight_00499.jpg,2. Brown Blight,1200,1600,320269,131.147,soft,173.31,46.61,True,ok,True
2. Brown Blight/brown_blight_00500.jpg,2. Brown Blight,1200,900,163941,117.018,soft,169.876,47.35,True,ok,True
2. Brown Blight/brown_blight_00501.jpg,2. Brown Blight,1200,1600,283868,107.183,soft,174.134,44.834,True,ok,True
2. Brown Blight/brown_blight_00502.jpg,2. Brown Blight,1200,1600,275231,94.46,blurry,174.786,42.858,True,ok,True
2. Brown Blight/brown_blight_00503.jpg,2. Brown Blight,1200,1600,314069,95.207,blurry,173.891,43.245,True,ok,True
2. Brown Blight/brown_blight_00504.jpg,2. Brown Blight,1200,1600,287664,88.59,blurry,175.092,42.26,True,ok,True
2. Brown Blight/brown_blight_00505.jpg,2. Brown Blight,1200,1600,308245,94.126,blurry,174.394,41.327,True,ok,True
2. Brown Blight/brown_blight_00506.jpg,2. Brown Blight,1200,1600,310482,95.922,blurry,176.175,43.548,True,ok,True
3. Gray Blight/gray_blight_00001.jpg,3. Gray Blight,1200,1594,397204,97.306,blurry,161.366,57.647,True,ok,True
3. Gray Blight/gray_blight_00002.jpg,3. Gray Blight,1200,904,211109,105.356,soft,176.318,49.396,True,ok,True
3. Gray Blight/gray_blight_00003.jpg,3. Gray Blight,1200,904,212346,94.534,blurry,198.341,48.717,True,ok,True
3. Gray Blight/gray_blight_00004.jpg,3. Gray Blight,1200,904,186727,81.29,blurry,200.463,35.731,True,ok,True
3. Gray Blight/gray_blight_00005.jpg,3. Gray Blight,1200,1594,327549,54.259,blurry,189.659,30.669,True,ok,True
3. Gray Blight/gray_blight_00006.jpg,3. Gray Blight,1200,1594,313476,112.025,soft,200.257,51.071,True,ok,True
3. Gray Blight/gray_blight_00007.jpg,3. Gray Blight,1200,1594,283865,62.053,blurry,182.685,35.802,True,ok,True
3. Gray Blight/gray_blight_00008.jpg,3. Gray Blight,1200,904,206256,98.678,blurry,200.22,42.273,True,ok,True
3. Gray Blight/gray_blight_00009.jpg,3. Gray Blight,1200,904,195178,49.725,blurry,189.133,29.135,True,ok,True
3. Gray Blight/gray_blight_00010.jpg,3. Gray Blight,1200,1594,312795,82.234,blurry,205.094,35.859,True,ok,True
3. Gray Blight/gray_blight_00011.jpg,3. Gray Blight,1200,1594,334904,67.838,blurry,192.327,30.667,True,ok,True
3. Gray Blight/gray_blight_00012.jpg,3. Gray Blight,1200,1594,268533,98.996,blurry,199.83,50.668,True,ok,True
3. Gray Blight/gray_blight_00013.jpg,3. Gray Blight,1200,1594,319019,54.359,blurry,194.268,34.655,True,ok,True
3. Gray Blight/gray_blight_00014.jpg,3. Gray Blight,1200,1594,304687,75.353,blurry,206.835,42.017,True,ok,True
3. Gray Blight/gray_blight_00015.jpg,3. Gray Blight,1200,904,153592,80.415,blurry,192.087,51.61,True,ok,True
3. Gray Blight/gray_blight_00016.jpg,3. Gray Blight,1200,904,208565,76.146,blurry,187.81,38.194,True,ok,True
3. Gray Blight/gray_blight_00017.jpg,3. Gray Blight,1200,904,182426,68.401,blurry,190.5,37.437,True,ok,True
3. Gray Blight/gray_blight_00018.jpg,3. Gray Blight,1200,904,187337,156.116,soft,200.509,51.946,True,ok,True
3. Gray Blight/gray_blight_00019.jpg,3. Gray Blight,1200,904,151172,79.252,blurry,201.077,47.483,True,ok,True
3. Gray Blight/gray_blight_00020.jpg,3. Gray Blight,1200,904,177671,70.39,blurry,189.745,34.551,True,ok,True
3. Gray Blight/gray_blight_00021.jpg,3. Gray Blight,1200,904,161253,69.504,blurry,202.484,48.925,True,ok,True
3. Gray Blight/gray_blight_00022.jpg,3. Gray Blight,1200,904,210690,50.461,blurry,191.988,34.98,True,ok,True
3. Gray Blight/gray_blight_00023.jpg,3. Gray Blight,1200,904,170264,113.37,soft,201.238,51.944,True,ok,True
3. Gray Blight/gray_blight_00024.jpg,3. Gray Blight,1200,904,199364,71.723,blurry,200.316,36.57,True,ok,True
3. Gray Blight/gray_blight_00025.jpg,3. Gray Blight,1200,1594,308389,40.808,blurry,188.888,31.617,True,ok,True
3. Gray Blight/gray_blight_00026.jpg,3. Gray Blight,1200,1594,290704,37.8,blurry,180.607,27.025,True,ok,True
3. Gray Blight/gray_blight_00027.jpg,3. Gray Blight,1200,1594,327076,44.942,blurry,194.36,37.505,True,ok,True
3. Gray Blight/gray_blight_00028.jpg,3. Gray Blight,1200,1594,296917,33.319,blurry,191.634,26.898,True,ok,True
3. Gray Blight/gray_blight_00029.jpg,3. Gray Blight,1200,904,219272,123.635,soft,191.547,57.506,True,ok,True
3. Gray Blight/gray_blight_00030.jpg,3. Gray Blight,1200,904,196474,107.246,soft,210.738,40.326,True,ok,True
3. Gray Blight/gray_blight_00031.jpg,3. Gray Blight,1200,1594,342293,40.904,blurry,190.176,29.359,True,ok,True
3. Gray Blight/gray_blight_00032.jpg,3. Gray Blight,1200,904,190716,120.634,soft,167.912,64.699,True,ok,True
3. Gray Blight/gray_blight_00033.jpg,3. Gray Blight,1200,904,247552,100.03,soft,169.063,46.646,True,ok,True
3. Gray Blight/gray_blight_00034.jpg,3. Gray Blight,1200,1594,318468,85.872,blurry,198.556,49.071,True,ok,True
3. Gray Blight/gray_blight_00035.jpg,3. Gray Blight,1200,1594,345393,57.589,blurry,189.367,35.646,True,ok,True
3. Gray Blight/gray_blight_00036.jpg,3. Gray Blight,1200,1594,347868,90.167,blurry,201.387,42.278,True,ok,True
3. Gray Blight/gray_blight_00037.jpg,3. Gray Blight,1200,904,176809,90.583,blurry,203.736,51.733,True,ok,True
3. Gray Blight/gray_blight_00038.jpg,3. Gray Blight,1200,904,181651,52.075,blurry,201.7,36.685,True,ok,True
3. Gray Blight/gray_blight_00039.jpg,3. Gray Blight,1200,904,200297,59.389,blurry,188.61,35.862,True,ok,True
3. Gray Blight/gray_blight_00040.jpg,3. Gray Blight,1200,1594,355428,118.114,soft,197.223,45.203,True,ok,True
3. Gray Blight/gray_blight_00041.jpg,3. Gray Blight,1200,904,228423,148.807,soft,196.267,57.223,True,ok,True
3. Gray Blight/gray_blight_00042.jpg,3. Gray Blight,1200,904,150501,90.48,blurry,205.208,45.785,True,ok,True
3. Gray Blight/gray_blight_00043.jpg,3. Gray Blight,1200,1594,268057,129.419,soft,198.222,62.015,True,ok,True
3. Gray Blight/gray_blight_00044.jpg,3. Gray Blight,1200,904,218297,117.324,soft,195.972,43.744,True,ok,True
3. Gray Blight/gray_blight_00045.jpg,3. Gray Blight,1200,1594,280674,54.45,blurry,204.969,40.232,True,ok,True
3. Gray Blight/gray_blight_00046.jpg,3. Gray Blight,1200,1594,320943,40.103,blurry,188.429,30.465,True,ok,True
3. Gray Blight/gray_blight_00047.jpg,3. Gray Blight,1200,1594,277430,74.3,blurry,201.69,45.819,True,ok,True
3. Gray Blight/gray_blight_00048.jpg,3. Gray Blight,1200,1594,341587,66.866,blurry,188.224,32.471,True,ok,True
3. Gray Blight/gray_blight_00049.jpg,3. Gray Blight,1200,1594,278667,75.118,blurry,198.085,47.201,True,ok,True
3. Gray Blight/gray_blight_00050.jpg,3. Gray Blight,1200,1594,352414,67.094,blurry,178.338,33.847,True,ok,True
3. Gray Blight/gray_blight_00051.jpg,3. Gray Blight,1200,904,153655,117.42,soft,193.249,49.935,True,ok,True
3. Gray Blight/gray_blight_00052.jpg,3. Gray Blight,1200,904,162604,89.055,blurry,205.322,47.156,True,ok,True
3. Gray Blight/gray_blight_00053.jpg,3. Gray Blight,1200,1594,288364,72.464,blurry,190.908,51.111,True,ok,True
3. Gray Blight/gray_blight_00054.jpg,3. Gray Blight,1200,1594,331369,81.768,blurry,198.01,43.573,True,ok,True
3. Gray Blight/gray_blight_00055.jpg,3. Gray Blight,1200,1594,271109,95.951,blurry,195.639,53.899,True,ok,True
3. Gray Blight/gray_blight_00056.jpg,3. Gray Blight,1200,904,185899,76.287,blurry,201.105,42.568,True,ok,True
3. Gray Blight/gray_blight_00057.jpg,3. Gray Blight,1200,1594,331166,79.209,blurry,173.643,57.006,True,ok,True
3. Gray Blight/gray_blight_00058.jpg,3. Gray Blight,1200,1594,367899,79.999,blurry,203.274,41.492,True,ok,True
3. Gray Blight/gray_blight_00059.jpg,3. Gray Blight,1200,1594,289559,70.049,blurry,201.757,47.532,True,ok,True
3. Gray Blight/gray_blight_00060.jpg,3. Gray Blight,1200,1594,252387,46.026,blurry,190.629,33.271,True,ok,True
3. Gray Blight/gray_blight_00061.jpg,3. Gray Blight,1200,1594,302298,49.143,blurry,185.961,30.512,True,ok,True
3. Gray Blight/gray_blight_00062.jpg,3. Gray Blight,1200,1594,289042,91.758,blurry,192.898,47.551,True,ok,True
3. Gray Blight/gray_blight_00063.jpg,3. Gray Blight,1200,1594,363221,82.028,blurry,201.258,43.703,True,ok,True
3. Gray Blight/gray_blight_00064.jpg,3. Gray Blight,1200,904,152352,55.183,blurry,185.666,36.429,True,ok,True
3. Gray Blight/gray_blight_00065.jpg,3. Gray Blight,1200,904,191918,46.333,blurry,189.529,30.976,True,ok,True
3. Gray Blight/gray_blight_00066.jpg,3. Gray Blight,1200,1594,292946,66.756,blurry,197.399,51.005,True,ok,True
3. Gray Blight/gray_blight_00067.jpg,3. Gray Blight,1200,1594,327547,69.402,blurry,199.402,37.548,True,ok,True
3. Gray Blight/gray_blight_00068.jpg,3. Gray Blight,1200,1594,379279,65.038,blurry,179.179,37.97,True,ok,True
3. Gray Blight/gray_blight_00069.jpg,3. Gray Blight,1200,1594,375207,99.074,blurry,176.615,43.499,True,ok,True
3. Gray Blight/gray_blight_00070.jpg,3. Gray Blight,1200,1594,396439,79.023,blurry,183.01,40.245,True,ok,True
3. Gray Blight/gray_blight_00071.jpg,3. Gray Blight,1200,1594,327467,98.115,blurry,196.759,46.277,True,ok,True
3. Gray Blight/gray_blight_00072.jpg,3. Gray Blight,1200,1594,357852,77.242,blurry,184.603,35.704,True,ok,True
3. Gray Blight/gray_blight_00073.jpg,3. Gray Blight,1200,1594,362306,100.913,soft,168.321,56.748,True,ok,True
3. Gray Blight/gray_blight_00074.jpg,3. Gray Blight,1200,904,185205,97.69,blurry,192.075,49.108,True,ok,True
3. Gray Blight/gray_blight_00075.jpg,3. Gray Blight,1200,904,170420,63.653,blurry,197.649,45.91,True,ok,True
3. Gray Blight/gray_blight_00076.jpg,3. Gray Blight,1200,1594,348738,56.644,blurry,182.718,42.759,True,ok,True
3. Gray Blight/gray_blight_00077.jpg,3. Gray Blight,1200,1594,342902,51.55,blurry,186.206,31.599,True,ok,True
3. Gray Blight/gray_blight_00078.jpg,3. Gray Blight,1200,1594,324223,66.515,blurry,187.774,39.779,True,ok,True
3. Gray Blight/gray_blight_00079.jpg,3. Gray Blight,1200,1594,399591,63.324,blurry,186.435,36.455,True,ok,True
3. Gray Blight/gray_blight_00080.jpg,3. Gray Blight,1200,1594,307621,147.405,soft,199.879,48.269,True,ok,True
3. Gray Blight/gray_blight_00081.jpg,3. Gray Blight,1200,1594,321627,101.657,soft,196.753,39.891,True,ok,True
3. Gray Blight/gray_blight_00082.jpg,3. Gray Blight,1200,1594,283320,85.7,blurry,197.835,46.883,True,ok,True
3. Gray Blight/gray_blight_00083.jpg,3. Gray Blight,1200,1594,346144,56.847,blurry,187.713,39.963,True,ok,True
3. Gray Blight/gray_blight_00084.jpg,3. Gray Blight,1200,1594,383962,130.077,soft,197.687,48.577,True,ok,True
3. Gray Blight/gray_blight_00085.jpg,3. Gray Blight,1200,1594,247017,84.749,blurry,191.535,54.78,True,ok,True
3. Gray Blight/gray_blight_00086.jpg,3. Gray Blight,1200,1594,432051,114.94,soft,185.579,44.668,True,ok,True
3. Gray Blight/gray_blight_00087.jpg,3. Gray Blight,1200,1594,283630,75.571,blurry,203.015,48.472,True,ok,True
3. Gray Blight/gray_blight_00088.jpg,3. Gray Blight,1200,1594,342002,65.912,blurry,181.811,39.102,True,ok,True
3. Gray Blight/gray_blight_00089.jpg,3. Gray Blight,1200,904,171220,148.331,soft,192.563,65.087,True,ok,True
3. Gray Blight/gray_blight_00090.jpg,3. Gray Blight,1200,1594,295766,63.94,blurry,182.006,35.459,True,ok,True
3. Gray Blight/gray_blight_00091.jpg,3. Gray Blight,1200,1594,278813,170.479,soft,167.256,65.917,True,ok,True
3. Gray Blight/gray_blight_00092.jpg,3. Gray Blight,1200,904,200596,114.972,soft,207.612,46.752,True,ok,True
3. Gray Blight/gray_blight_00093.jpg,3. Gray Blight,1200,1594,357626,109.544,soft,169.147,54.416,True,ok,True
3. Gray Blight/gray_blight_00094.jpg,3. Gray Blight,1200,1594,314388,76.602,blurry,182.638,41.467,True,ok,True
3. Gray Blight/gray_blight_00095.jpg,3. Gray Blight,1200,1594,306745,153.711,soft,177.352,49.895,True,ok,True
3. Gray Blight/gray_blight_00096.jpg,3. Gray Blight,1200,1594,243041,79.44,blurry,180.186,41.41,True,ok,True
3. Gray Blight/gray_blight_00097.jpg,3. Gray Blight,1200,1594,286169,80.219,blurry,178.213,48.706,True,ok,True
3. Gray Blight/gray_blight_00098.jpg,3. Gray Blight,1200,1594,357151,76.908,blurry,181.904,33.552,True,ok,True
3. Gray Blight/gray_blight_00099.jpg,3. Gray Blight,1200,1594,312854,86.084,blurry,162.528,53.027,True,ok,True
3. Gray Blight/gray_blight_00100.jpg,3. Gray Blight,1200,1594,299960,73.896,blurry,174.418,47.407,True,ok,True
3. Gray Blight/gray_blight_00101.jpg,3. Gray Blight,1200,1594,374207,73.185,blurry,174.236,40.332,True,ok,True
3. Gray Blight/gray_blight_00102.jpg,3. Gray Blight,1200,1594,290846,72.508,blurry,172.919,43.543,True,ok,True
3. Gray Blight/gray_blight_00103.jpg,3. Gray Blight,1200,1594,335961,66.432,blurry,181.27,36.396,True,ok,True
3. Gray Blight/gray_blight_00104.jpg,3. Gray Blight,1200,1594,287386,90.97,blurry,195.883,49.186,True,ok,True
3. Gray Blight/gray_blight_00105.jpg,3. Gray Blight,1200,1594,345176,90.982,blurry,172.097,56.74,True,ok,True
3. Gray Blight/gray_blight_00106.jpg,3. Gray Blight,1200,1594,363438,84.906,blurry,179.745,39.468,True,ok,True
3. Gray Blight/gray_blight_00107.jpg,3. Gray Blight,1200,1594,302249,68.903,blurry,170.691,51.765,True,ok,True
3. Gray Blight/gray_blight_00108.jpg,3. Gray Blight,1200,1594,351316,55.495,blurry,177.736,37.416,True,ok,True
3. Gray Blight/gray_blight_00109.jpg,3. Gray Blight,1200,1594,341698,141.293,soft,160.945,54.356,True,ok,True
3. Gray Blight/gray_blight_00110.jpg,3. Gray Blight,1200,1594,342119,88.962,blurry,167.826,45.785,True,ok,True
3. Gray Blight/gray_blight_00111.jpg,3. Gray Blight,1200,1594,357939,59.51,blurry,166.812,44.48,True,ok,True
3. Gray Blight/gray_blight_00112.jpg,3. Gray Blight,1200,1594,329332,52.19,blurry,179.559,38.564,True,ok,True
3. Gray Blight/gray_blight_00113.jpg,3. Gray Blight,1200,1594,351003,89.522,blurry,165.587,51.263,True,ok,True
3. Gray Blight/gray_blight_00114.jpg,3. Gray Blight,1200,1594,270451,50.788,blurry,176.727,42.46,True,ok,True
3. Gray Blight/gray_blight_00115.jpg,3. Gray Blight,1200,1594,366223,77.562,blurry,163.919,51.917,True,ok,True
3. Gray Blight/gray_blight_00116.jpg,3. Gray Blight,1200,1594,243127,60.896,blurry,200.855,37.707,True,ok,True
3. Gray Blight/gray_blight_00117.jpg,3. Gray Blight,1200,1594,342573,63.842,blurry,170.37,48.095,True,ok,True
3. Gray Blight/gray_blight_00118.jpg,3. Gray Blight,1200,1594,312269,78.015,blurry,167.989,52.612,True,ok,True
3. Gray Blight/gray_blight_00119.jpg,3. Gray Blight,1200,1594,343043,68.385,blurry,166.392,48.563,True,ok,True
3. Gray Blight/gray_blight_00120.jpg,3. Gray Blight,1200,1594,295136,56.349,blurry,172.827,50.768,True,ok,True
3. Gray Blight/gray_blight_00121.jpg,3. Gray Blight,1200,1594,317603,53.676,blurry,175.672,44.313,True,ok,True
3. Gray Blight/gray_blight_00122.jpg,3. Gray Blight,1200,1594,392934,46.256,blurry,115.166,38.524,True,ok,True
3. Gray Blight/gray_blight_00123.jpg,3. Gray Blight,1200,1594,309318,80.552,blurry,168.87,42.302,True,ok,True
3. Gray Blight/gray_blight_00124.jpg,3. Gray Blight,1200,1594,296306,72.922,blurry,164.376,57.03,True,ok,True
3. Gray Blight/gray_blight_00125.jpg,3. Gray Blight,1200,1594,332738,76.978,blurry,162.278,46.435,True,ok,True
3. Gray Blight/gray_blight_00126.jpg,3. Gray Blight,1200,1594,265636,112.767,soft,196.775,66.581,True,ok,True
3. Gray Blight/gray_blight_00127.jpg,3. Gray Blight,1200,1594,316006,56.358,blurry,182.223,34.634,True,ok,True
3. Gray Blight/gray_blight_00128.jpg,3. Gray Blight,1200,1594,251932,102.679,soft,201.345,50.84,True,ok,True
3. Gray Blight/gray_blight_00129.jpg,3. Gray Blight,1200,904,179344,83.549,blurry,177.714,41.498,True,ok,True
3. Gray Blight/gray_blight_00130.jpg,3. Gray Blight,1200,1594,318049,71.656,blurry,181.056,44.973,True,ok,True
3. Gray Blight/gray_blight_00131.jpg,3. Gray Blight,1200,1594,318070,51.559,blurry,174.713,34.371,True,ok,True
3. Gray Blight/gray_blight_00132.jpg,3. Gray Blight,1200,1594,261464,65.829,blurry,205.238,46.666,True,ok,True
3. Gray Blight/gray_blight_00133.jpg,3. Gray Blight,1200,1594,307499,30.508,blurry,186.017,30.813,True,ok,True
3. Gray Blight/gray_blight_00134.jpg,3. Gray Blight,1200,1594,239370,37.9,blurry,176.577,34.506,True,ok,True
3. Gray Blight/gray_blight_00135.jpg,3. Gray Blight,1200,1594,262581,82.26,blurry,198.144,57.932,True,ok,True
3. Gray Blight/gray_blight_00136.jpg,3. Gray Blight,1200,1594,297995,68.929,blurry,181.44,46.77,True,ok,True
3. Gray Blight/gray_blight_00137.jpg,3. Gray Blight,1200,1594,291456,72.375,blurry,178.916,41.708,True,ok,True
3. Gray Blight/gray_blight_00138.jpg,3. Gray Blight,1200,1594,275860,50.644,blurry,173.726,36.894,True,ok,True
3. Gray Blight/gray_blight_00139.jpg,3. Gray Blight,1200,1594,251318,23.44,blurry,172.07,32.285,True,ok,True
3. Gray Blight/gray_blight_00140.jpg,3. Gray Blight,1200,1594,274978,26.994,blurry,177.62,25.624,True,ok,True
3. Gray Blight/gray_blight_00141.jpg,3. Gray Blight,1200,1594,307570,32.525,blurry,174.357,28.059,True,ok,True
3. Gray Blight/gray_blight_00142.jpg,3. Gray Blight,1200,1594,287795,70.94,blurry,165.82,45.127,True,ok,True
3. Gray Blight/gray_blight_00143.jpg,3. Gray Blight,1200,1594,363600,82.559,blurry,192.529,52.081,True,ok,True
3. Gray Blight/gray_blight_00144.jpg,3. Gray Blight,1200,904,169663,79.873,blurry,183.499,46.176,True,ok,True
3. Gray Blight/gray_blight_00145.jpg,3. Gray Blight,1200,1594,313250,99.103,blurry,188.252,54.355,True,ok,True
3. Gray Blight/gray_blight_00146.jpg,3. Gray Blight,1200,1594,306838,121.399,soft,189.215,66.443,True,ok,True
3. Gray Blight/gray_blight_00147.jpg,3. Gray Blight,1200,1594,215403,54.488,blurry,184.954,37.994,True,ok,True
3. Gray Blight/gray_blight_00148.jpg,3. Gray Blight,1200,1594,221135,40.99,blurry,180.998,30.213,True,ok,True
3. Gray Blight/gray_blight_00149.jpg,3. Gray Blight,1200,1594,232895,42.077,blurry,179.759,31.9,True,ok,True
3. Gray Blight/gray_blight_00150.jpg,3. Gray Blight,1200,904,138779,64.674,blurry,176.725,44.236,True,ok,True
3. Gray Blight/gray_blight_00151.jpg,3. Gray Blight,1200,1594,356073,156.249,soft,194.798,59.695,True,ok,True
3. Gray Blight/gray_blight_00152.jpg,3. Gray Blight,1200,1594,322818,148.748,soft,190.679,61.433,True,ok,True
3. Gray Blight/gray_blight_00153.jpg,3. Gray Blight,1200,1594,352237,126.135,soft,199.647,48.065,True,ok,True
3. Gray Blight/gray_blight_00154.jpg,3. Gray Blight,1200,1594,276288,97.141,blurry,171.1,47.637,True,ok,True
3. Gray Blight/gray_blight_00155.jpg,3. Gray Blight,1200,1594,269058,79.232,blurry,180.332,38.829,True,ok,True
3. Gray Blight/gray_blight_00156.jpg,3. Gray Blight,1200,1594,250761,120.469,soft,176.972,49.917,True,ok,True
3. Gray Blight/gray_blight_00157.jpg,3. Gray Blight,1200,1594,263073,79.631,blurry,182.627,36.965,True,ok,True
3. Gray Blight/gray_blight_00158.jpg,3. Gray Blight,1200,1594,322394,102.359,soft,178.334,41.631,True,ok,True
3. Gray Blight/gray_blight_00159.jpg,3. Gray Blight,1200,1594,277302,146.881,soft,192.49,59.936,True,ok,True
3. Gray Blight/gray_blight_00160.jpg,3. Gray Blight,1200,1594,272358,178.75,soft,192.351,69.608,True,ok,True
3. Gray Blight/gray_blight_00161.jpg,3. Gray Blight,1200,1594,235741,108.058,soft,181.624,53.457,True,ok,True
3. Gray Blight/gray_blight_00162.jpg,3. Gray Blight,1200,1594,290553,116.18,soft,193.44,53.333,True,ok,True
3. Gray Blight/gray_blight_00163.jpg,3. Gray Blight,1200,1594,287563,177.942,soft,193.792,60.933,True,ok,True
3. Gray Blight/gray_blight_00164.jpg,3. Gray Blight,1200,904,177425,205.776,soft,187.504,63.892,True,ok,True
3. Gray Blight/gray_blight_00165.jpg,3. Gray Blight,1200,1594,246627,121.633,soft,188.786,52.158,True,ok,True
3. Gray Blight/gray_blight_00166.jpg,3. Gray Blight,1200,1594,263960,99.773,blurry,172.551,48.972,True,ok,True
3. Gray Blight/gray_blight_00167.jpg,3. Gray Blight,1200,1594,295857,55.796,blurry,166.517,30.822,True,ok,True
3. Gray Blight/gray_blight_00168.jpg,3. Gray Blight,1200,904,147108,60.999,blurry,180.476,34.443,True,ok,True
3. Gray Blight/gray_blight_00169.jpg,3. Gray Blight,1200,1594,251042,52.458,blurry,158.087,25.872,True,ok,True
3. Gray Blight/gray_blight_00170.jpg,3. Gray Blight,1200,1594,225818,69.934,blurry,175.783,34.273,True,ok,True
3. Gray Blight/gray_blight_00171.jpg,3. Gray Blight,1200,1594,252135,80.148,blurry,159.648,31.823,True,ok,True
3. Gray Blight/gray_blight_00172.jpg,3. Gray Blight,1200,1594,226162,104.017,soft,171.507,41.146,True,ok,True
3. Gray Blight/gray_blight_00173.jpg,3. Gray Blight,1200,1594,243974,65.322,blurry,173.815,30.152,True,ok,True
3. Gray Blight/gray_blight_00174.jpg,3. Gray Blight,1200,904,137900,66.889,blurry,174.898,33.532,True,ok,True
3. Gray Blight/gray_blight_00175.jpg,3. Gray Blight,1200,1594,234576,59.904,blurry,179.411,43.571,True,ok,True
3. Gray Blight/gray_blight_00176.jpg,3. Gray Blight,1200,1594,225681,78.97,blurry,181.507,46.254,True,ok,True
3. Gray Blight/gray_blight_00177.jpg,3. Gray Blight,1200,904,142848,56.157,blurry,181.156,33.711,True,ok,True
3. Gray Blight/gray_blight_00178.jpg,3. Gray Blight,1200,904,126757,44.904,blurry,177.65,35.735,True,ok,True
3. Gray Blight/gray_blight_00179.jpg,3. Gray Blight,1200,1594,255448,53.816,blurry,180.698,37.891,True,ok,True
3. Gray Blight/gray_blight_00180.jpg,3. Gray Blight,1200,1594,252578,57.833,blurry,182.707,39.213,True,ok,True
3. Gray Blight/gray_blight_00181.jpg,3. Gray Blight,1200,1594,280533,30.591,blurry,153.768,21.485,True,ok,True
3. Gray Blight/gray_blight_00182.jpg,3. Gray Blight,1200,1594,288090,29.372,blurry,144.547,21.108,True,ok,True
3. Gray Blight/gray_blight_00183.jpg,3. Gray Blight,1200,1594,310521,28.686,blurry,152.213,20.806,True,ok,True
3. Gray Blight/gray_blight_00184.jpg,3. Gray Blight,1200,1594,296269,29.701,blurry,151.776,20.459,True,ok,True
3. Gray Blight/gray_blight_00185.jpg,3. Gray Blight,1200,1594,265610,40.753,blurry,175.482,27.186,True,ok,True
3. Gray Blight/gray_blight_00186.jpg,3. Gray Blight,1200,1594,275155,37.224,blurry,154.549,22.565,True,ok,True
3. Gray Blight/gray_blight_00187.jpg,3. Gray Blight,1200,1594,275136,39.33,blurry,157.775,23.847,True,ok,True
3. Gray Blight/gray_blight_00188.jpg,3. Gray Blight,1200,1594,324936,50.471,blurry,161.464,30.481,True,ok,True
3. Gray Blight/gray_blight_00189.jpg,3. Gray Blight,1200,1594,230034,89.504,blurry,177.669,46.361,True,ok,True
3. Gray Blight/gray_blight_00190.jpg,3. Gray Blight,1200,904,164548,61.859,blurry,157.445,36.776,True,ok,True
3. Gray Blight/gray_blight_00191.jpg,3. Gray Blight,1200,1594,281892,53.554,blurry,176.318,33.328,True,ok,True
3. Gray Blight/gray_blight_00192.jpg,3. Gray Blight,1200,1594,292491,61.597,blurry,171.175,37.511,True,ok,True
3. Gray Blight/gray_blight_00193.jpg,3. Gray Blight,1200,1594,277715,54.202,blurry,178.178,32.916,True,ok,True
3. Gray Blight/gray_blight_00194.jpg,3. Gray Blight,1200,1594,267120,43.465,blurry,154.802,26.12,True,ok,True
3. Gray Blight/gray_blight_00195.jpg,3. Gray Blight,1200,1594,302223,42.141,blurry,164.146,30.023,True,ok,True
3. Gray Blight/gray_blight_00196.jpg,3. Gray Blight,1200,1594,261258,31.839,blurry,178.288,29.052,True,ok,True
3. Gray Blight/gray_blight_00197.jpg,3. Gray Blight,1200,1594,267741,24.925,blurry,157.27,20.946,True,ok,True
3. Gray Blight/gray_blight_00198.jpg,3. Gray Blight,1200,1594,254174,32.8,blurry,155.65,27.866,True,ok,True
3. Gray Blight/gray_blight_00199.jpg,3. Gray Blight,1200,1594,246420,28.972,blurry,153.2,23.176,True,ok,True
3. Gray Blight/gray_blight_00200.jpg,3. Gray Blight,1200,1594,269121,34.791,blurry,174.429,20.138,True,ok,True
3. Gray Blight/gray_blight_00201.jpg,3. Gray Blight,1200,1600,295945,104.298,soft,169.348,58.092,True,ok,True
3. Gray Blight/gray_blight_00202.jpg,3. Gray Blight,1200,1600,306484,94.29,blurry,169.694,49.149,True,ok,True
3. Gray Blight/gray_blight_00203.jpg,3. Gray Blight,1200,1600,384803,125.36,soft,159.18,56.486,True,ok,True
3. Gray Blight/gray_blight_00204.jpg,3. Gray Blight,1200,1600,484738,77.93,blurry,157.381,60.139,True,ok,True
3. Gray Blight/gray_blight_00205.jpg,3. Gray Blight,1200,1600,408915,111.606,soft,167.951,55.936,True,ok,True
3. Gray Blight/gray_blight_00206.jpg,3. Gray Blight,1200,1594,201177,85.595,blurry,181.425,48.947,True,ok,True
3. Gray Blight/gray_blight_00207.jpg,3. Gray Blight,1200,1594,210720,96.369,blurry,149.345,49.617,True,ok,True
3. Gray Blight/gray_blight_00208.jpg,3. Gray Blight,1200,900,248342,149.219,soft,148.736,67.868,True,ok,True
3. Gray Blight/gray_blight_00209.jpg,3. Gray Blight,1200,900,266836,163.126,soft,136.522,61.545,True,ok,True
3. Gray Blight/gray_blight_00210.jpg,3. Gray Blight,1200,900,289352,224.27,soft,124.169,71.589,True,ok,True
3. Gray Blight/gray_blight_00211.jpg,3. Gray Blight,1200,900,314026,145.606,soft,132.527,70.221,True,ok,True
3. Gray Blight/gray_blight_00212.jpg,3. Gray Blight,1200,1594,389935,292.72,soft,129.296,58.442,True,ok,True
3. Gray Blight/gray_blight_00213.jpg,3. Gray Blight,1200,1594,311566,285.136,soft,140.331,70.087,True,ok,True
3. Gray Blight/gray_blight_00214.jpg,3. Gray Blight,1200,1594,169535,59.587,blurry,195.173,53.696,True,ok,True
3. Gray Blight/gray_blight_00215.jpg,3. Gray Blight,1200,1594,172328,59.08,blurry,195.156,53.303,True,ok,True
3. Gray Blight/gray_blight_00216.jpg,3. Gray Blight,1200,1600,332746,201.357,soft,151.763,67.149,True,ok,True
3. Gray Blight/gray_blight_00217.jpg,3. Gray Blight,1200,1600,286976,162.157,soft,171.964,60.682,True,ok,True
3. Gray Blight/gray_blight_00218.jpg,3. Gray Blight,1200,1600,268426,101.864,soft,182.737,43.621,True,ok,True
3. Gray Blight/gray_blight_00219.jpg,3. Gray Blight,1200,1600,286891,94.355,blurry,170.634,40.266,True,ok,True
3. Gray Blight/gray_blight_00220.jpg,3. Gray Blight,1200,1600,281085,133.251,soft,172.773,55.401,True,ok,True
3. Gray Blight/gray_blight_00221.jpg,3. Gray Blight,1200,1600,279818,153.306,soft,177.667,54.897,True,ok,True
3. Gray Blight/gray_blight_00222.jpg,3. Gray Blight,1200,1600,299460,113.795,soft,169.882,45.685,True,ok,True
3. Gray Blight/gray_blight_00223.jpg,3. Gray Blight,1200,1594,227659,54.752,blurry,151.743,60.522,True,ok,True
3. Gray Blight/gray_blight_00224.jpg,3. Gray Blight,1200,1594,311916,220.301,soft,138.794,69.529,True,ok,True
3. Gray Blight/gray_blight_00225.jpg,3. Gray Blight,1200,1594,230563,79.849,blurry,163.239,66.154,True,ok,True
3. Gray Blight/gray_blight_00226.jpg,3. Gray Blight,1200,1594,240016,110.615,soft,165.397,63.152,True,ok,True
3. Gray Blight/gray_blight_00227.jpg,3. Gray Blight,1200,1594,273793,135.608,soft,152.583,65.868,True,ok,True
3. Gray Blight/gray_blight_00228.jpg,3. Gray Blight,1200,1594,250937,113.266,soft,154.648,63.113,True,ok,True
3. Gray Blight/gray_blight_00229.jpg,3. Gray Blight,1200,900,159961,106.693,soft,186.771,42.574,True,ok,True
3. Gray Blight/gray_blight_00230.jpg,3. Gray Blight,1200,900,176451,142.955,soft,169.377,63.299,True,ok,True
3. Gray Blight/gray_blight_00231.jpg,3. Gray Blight,1200,900,161569,71.637,blurry,176.948,38.238,True,ok,True
3. Gray Blight/gray_blight_00232.jpg,3. Gray Blight,1200,900,154241,92.844,blurry,164.073,63.443,True,ok,True
3. Gray Blight/gray_blight_00233.jpg,3. Gray Blight,1200,1600,292405,66.86,blurry,168.713,40.863,True,ok,True
3. Gray Blight/gray_blight_00234.jpg,3. Gray Blight,1200,900,170227,65.023,blurry,173.926,36.97,True,ok,True
3. Gray Blight/gray_blight_00235.jpg,3. Gray Blight,1200,900,164053,70.936,blurry,175.58,35.95,True,ok,True
3. Gray Blight/gray_blight_00236.jpg,3. Gray Blight,1200,1600,293388,79.675,blurry,170.84,43.545,True,ok,True
3. Gray Blight/gray_blight_00237.jpg,3. Gray Blight,1200,900,152314,58.174,blurry,175.745,33.292,True,ok,True
3. Gray Blight/gray_blight_00238.jpg,3. Gray Blight,1200,900,158960,49.273,blurry,172.707,35.395,True,ok,True
3. Gray Blight/gray_blight_00239.jpg,3. Gray Blight,1200,1600,256386,64.566,blurry,183.717,38.004,True,ok,True
3. Gray Blight/gray_blight_00240.jpg,3. Gray Blight,1200,1594,365208,78.914,blurry,178.897,44.232,True,ok,True
3. Gray Blight/gray_blight_00241.jpg,3. Gray Blight,1200,1594,359649,73.419,blurry,181.691,45.541,True,ok,True
3. Gray Blight/gray_blight_00242.jpg,3. Gray Blight,1200,1594,328100,219.49,soft,161.597,64.078,True,ok,True
3. Gray Blight/gray_blight_00243.jpg,3. Gray Blight,1200,1594,355535,273.543,soft,160.481,64.604,True,ok,True
3. Gray Blight/gray_blight_00244.jpg,3. Gray Blight,1200,1594,285679,196.928,soft,174.039,65.301,True,ok,True
3. Gray Blight/gray_blight_00245.jpg,3. Gray Blight,1200,1594,273626,183.477,soft,169.69,68.809,True,ok,True
3. Gray Blight/gray_blight_00246.jpg,3. Gray Blight,1200,1594,273474,207.215,soft,152.828,76.01,True,ok,True
3. Gray Blight/gray_blight_00247.jpg,3. Gray Blight,1200,1594,270653,202.996,soft,152.82,75.472,True,ok,True
3. Gray Blight/gray_blight_00248.jpg,3. Gray Blight,1200,900,160590,92.025,blurry,165.816,38.942,True,ok,True
3. Gray Blight/gray_blight_00249.jpg,3. Gray Blight,1200,900,167295,86.675,blurry,168.773,35.57,True,ok,True
3. Gray Blight/gray_blight_00250.jpg,3. Gray Blight,1200,1594,360464,252.559,soft,158.475,64.94,True,ok,True
3. Gray Blight/gray_blight_00251.jpg,3. Gray Blight,1200,1600,331870,111.101,soft,172.156,45.715,True,ok,True
3. Gray Blight/gray_blight_00252.jpg,3. Gray Blight,1200,1594,375122,256.034,soft,149.824,65.494,True,ok,True
3. Gray Blight/gray_blight_00253.jpg,3. Gray Blight,1200,1600,284046,69.481,blurry,164.615,45.348,True,ok,True
3. Gray Blight/gray_blight_00254.jpg,3. Gray Blight,1200,1600,313687,116.442,soft,163.484,51.284,True,ok,True
3. Gray Blight/gray_blight_00255.jpg,3. Gray Blight,1200,1594,358726,265.072,soft,158.608,65.159,True,ok,True
3. Gray Blight/gray_blight_00256.jpg,3. Gray Blight,1200,1600,286875,80.961,blurry,168.684,45.427,True,ok,True
3. Gray Blight/gray_blight_00257.jpg,3. Gray Blight,1200,1594,353692,259.415,soft,157.245,66.343,True,ok,True
3. Gray Blight/gray_blight_00258.jpg,3. Gray Blight,1200,1600,310147,78.768,blurry,161.458,39.702,True,ok,True
3. Gray Blight/gray_blight_00259.jpg,3. Gray Blight,1200,1594,337540,264.117,soft,157.768,66.168,True,ok,True
3. Gray Blight/gray_blight_00260.jpg,3. Gray Blight,1200,1600,266900,70.101,blurry,172.481,40.244,True,ok,True
3. Gray Blight/gray_blight_00261.jpg,3. Gray Blight,1200,900,143384,40.628,blurry,182.527,26.633,True,ok,True
3. Gray Blight/gray_blight_00262.jpg,3. Gray Blight,1200,900,150006,70.862,blurry,179.381,36.402,True,ok,True
3. Gray Blight/gray_blight_00263.jpg,3. Gray Blight,1200,900,139643,44.031,blurry,178.517,28.448,True,ok,True
3. Gray Blight/gray_blight_00264.jpg,3. Gray Blight,1200,900,131391,51.748,blurry,181.969,33.257,True,ok,True
3. Gray Blight/gray_blight_00265.jpg,3. Gray Blight,1200,1600,264330,49.842,blurry,171.392,31.752,True,ok,True
3. Gray Blight/gray_blight_00266.jpg,3. Gray Blight,1200,1600,214118,62.664,blurry,171.623,45.459,True,ok,True
3. Gray Blight/gray_blight_00267.jpg,3. Gray Blight,1200,1600,236731,61.038,blurry,170.499,47.877,True,ok,True
3. Gray Blight/gray_blight_00268.jpg,3. Gray Blight,1200,1600,222048,59.686,blurry,171.519,49.007,True,ok,True
3. Gray Blight/gray_blight_00269.jpg,3. Gray Blight,1200,1600,230137,63.112,blurry,171.955,48.134,True,ok,True
3. Gray Blight/gray_blight_00270.jpg,3. Gray Blight,1200,1600,231022,65.276,blurry,172.459,47.973,True,ok,True
3. Gray Blight/gray_blight_00271.jpg,3. Gray Blight,1200,1600,232381,64.718,blurry,175.998,38.331,True,ok,True
3. Gray Blight/gray_blight_00272.jpg,3. Gray Blight,1200,1600,223605,59.705,blurry,165.153,36.483,True,ok,True
3. Gray Blight/gray_blight_00273.jpg,3. Gray Blight,1200,1600,223059,59.796,blurry,165.918,36.816,True,ok,True
3. Gray Blight/gray_blight_00274.jpg,3. Gray Blight,1200,1594,217131,90.437,blurry,204.159,43.973,True,ok,True
3. Gray Blight/gray_blight_00275.jpg,3. Gray Blight,1200,1594,236065,95.938,blurry,202.472,44.185,True,ok,True
3. Gray Blight/gray_blight_00276.jpg,3. Gray Blight,1200,1594,190878,116.742,soft,193.693,43.384,True,ok,True
3. Gray Blight/gray_blight_00277.jpg,3. Gray Blight,1200,1594,183181,102.732,soft,196.97,41.02,True,ok,True
3. Gray Blight/gray_blight_00278.jpg,3. Gray Blight,1200,1594,254948,154.515,soft,188.128,59.402,True,ok,True
3. Gray Blight/gray_blight_00279.jpg,3. Gray Blight,1200,1594,251661,177.677,soft,186.207,60.289,True,ok,True
3. Gray Blight/gray_blight_00280.jpg,3. Gray Blight,1200,1594,220526,140.687,soft,182.479,59.521,True,ok,True
3. Gray Blight/gray_blight_00281.jpg,3. Gray Blight,1200,1594,209034,124.847,soft,182.64,60.908,True,ok,True
3. Gray Blight/gray_blight_00282.jpg,3. Gray Blight,1200,1600,283702,80.811,blurry,181.477,43.436,True,ok,True
3. Gray Blight/gray_blight_00283.jpg,3. Gray Blight,1200,1600,305985,91.193,blurry,176.373,49.228,True,ok,True
3. Gray Blight/gray_blight_00284.jpg,3. Gray Blight,1200,1600,272981,125.111,soft,178.714,44.687,True,ok,True
3. Gray Blight/gray_blight_00285.jpg,3. Gray Blight,1200,1600,290109,124.024,soft,162.991,47.574,True,ok,True
3. Gray Blight/gray_blight_00286.jpg,3. Gray Blight,1200,1600,268581,109.536,soft,166.088,47.48,True,ok,True
3. Gray Blight/gray_blight_00287.jpg,3. Gray Blight,1200,1594,297226,178.478,soft,167.786,74.275,True,ok,True
3. Gray Blight/gray_blight_00288.jpg,3. Gray Blight,1200,1594,296683,202.507,soft,156.844,74.418,True,ok,True
3. Gray Blight/gray_blight_00289.jpg,3. Gray Blight,1200,1594,261315,166.446,soft,147.214,71.178,True,ok,True
3. Gray Blight/gray_blight_00290.jpg,3. Gray Blight,1200,1594,254371,160.332,soft,146.663,71.102,True,ok,True
3. Gray Blight/gray_blight_00291.jpg,3. Gray Blight,1200,1594,245472,195.767,soft,177.597,70.241,True,ok,True
3. Gray Blight/gray_blight_00292.jpg,3. Gray Blight,1200,1594,247631,170.508,soft,184.495,64.06,True,ok,True
3. Gray Blight/gray_blight_00293.jpg,3. Gray Blight,1200,1594,158011,34.782,blurry,195.416,37.277,True,ok,True
3. Gray Blight/gray_blight_00294.jpg,3. Gray Blight,1200,1594,152505,33.811,blurry,195.142,37.223,True,ok,True
3. Gray Blight/gray_blight_00295.jpg,3. Gray Blight,1200,1594,262917,141.9,soft,188.815,57.387,True,ok,True
3. Gray Blight/gray_blight_00296.jpg,3. Gray Blight,1200,1594,279909,153.317,soft,188.604,59.61,True,ok,True
3. Gray Blight/gray_blight_00297.jpg,3. Gray Blight,1200,1594,158924,77.424,blurry,170.861,70.653,True,ok,True
3. Gray Blight/gray_blight_00298.jpg,3. Gray Blight,1200,1594,158704,80.098,blurry,172.099,70.232,True,ok,True
3. Gray Blight/gray_blight_00299.jpg,3. Gray Blight,1200,1594,256133,125.517,soft,187.221,54.465,True,ok,True
3. Gray Blight/gray_blight_00300.jpg,3. Gray Blight,1200,1594,248798,123.164,soft,185.127,57.633,True,ok,True
3. Gray Blight/gray_blight_00301.jpg,3. Gray Blight,1200,1594,261678,133.886,soft,171.11,55.616,True,ok,True
3. Gray Blight/gray_blight_00302.jpg,3. Gray Blight,1200,1600,302126,103.328,soft,167.07,56.08,True,ok,True
3. Gray Blight/gray_blight_00303.jpg,3. Gray Blight,1200,1600,301953,116.57,soft,164.375,58.018,True,ok,True
3. Gray Blight/gray_blight_00304.jpg,3. Gray Blight,1200,1600,236386,91.457,blurry,162.681,58.692,True,ok,True
3. Gray Blight/gray_blight_00305.jpg,3. Gray Blight,1200,1600,280544,125.074,soft,163.02,59.798,True,ok,True
3. Gray Blight/gray_blight_00306.jpg,3. Gray Blight,1200,900,167219,97.841,blurry,177.565,49.311,True,ok,True
3. Gray Blight/gray_blight_00307.jpg,3. Gray Blight,1200,1600,263032,86.284,blurry,180.158,45.044,True,ok,True
3. Gray Blight/gray_blight_00308.jpg,3. Gray Blight,1200,900,206144,99.434,blurry,169.782,49.496,True,ok,True
3. Gray Blight/gray_blight_00309.jpg,3. Gray Blight,1200,900,154695,71.06,blurry,179.675,38.805,True,ok,True
3. Gray Blight/gray_blight_00310.jpg,3. Gray Blight,1200,900,157318,83.222,blurry,171.507,39.808,True,ok,True
3. Gray Blight/gray_blight_00311.jpg,3. Gray Blight,1200,1600,292349,89.363,blurry,169.559,49.922,True,ok,True
3. Gray Blight/gray_blight_00312.jpg,3. Gray Blight,1200,900,155965,77.029,blurry,171.64,39.264,True,ok,True
3. Gray Blight/gray_blight_00313.jpg,3. Gray Blight,1200,1600,306454,89.107,blurry,171.836,49.09,True,ok,True
3. Gray Blight/gray_blight_00314.jpg,3. Gray Blight,1200,1594,277834,213.542,soft,189.017,65.617,True,ok,True
3. Gray Blight/gray_blight_00315.jpg,3. Gray Blight,1200,1594,270351,208.722,soft,185.112,67.266,True,ok,True
3. Gray Blight/gray_blight_00316.jpg,3. Gray Blight,1200,1594,283068,225.713,soft,177.014,71.585,True,ok,True
3. Gray Blight/gray_blight_00317.jpg,3. Gray Blight,1200,1594,247537,153.304,soft,128.613,65.878,True,ok,True
3. Gray Blight/gray_blight_00318.jpg,3. Gray Blight,1200,1594,239015,202.449,soft,156.751,70.26,True,ok,True
3. Gray Blight/gray_blight_00319.jpg,3. Gray Blight,1200,1594,259330,213.613,soft,155.935,69.845,True,ok,True
3. Gray Blight/gray_blight_00320.jpg,3. Gray Blight,1200,904,112324,132.986,soft,181.833,46.048,True,ok,True
3. Gray Blight/gray_blight_00321.jpg,3. Gray Blight,1200,904,109960,103.057,soft,176.036,37.119,True,ok,True
3. Gray Blight/gray_blight_00322.jpg,3. Gray Blight,1200,904,117575,106.504,soft,176.31,37.092,True,ok,True
3. Gray Blight/gray_blight_00323.jpg,3. Gray Blight,1200,904,121112,138.796,soft,180.562,48.091,True,ok,True
3. Gray Blight/gray_blight_00324.jpg,3. Gray Blight,1200,1600,271614,60.453,blurry,151.62,45.768,True,ok,True
3. Gray Blight/gray_blight_00325.jpg,3. Gray Blight,1200,1600,199968,52.343,blurry,191.113,43.252,True,ok,True
3. Gray Blight/gray_blight_00326.jpg,3. Gray Blight,1200,900,147569,61.369,blurry,165.332,34.245,True,ok,True
3. Gray Blight/gray_blight_00327.jpg,3. Gray Blight,1200,900,139881,73.065,blurry,158.931,37.884,True,ok,True
3. Gray Blight/gray_blight_00328.jpg,3. Gray Blight,1200,904,164609,152.281,soft,167.409,48.895,True,ok,True
3. Gray Blight/gray_blight_00329.jpg,3. Gray Blight,1200,904,157451,142.776,soft,168.751,48.034,True,ok,True
3. Gray Blight/gray_blight_00330.jpg,3. Gray Blight,1200,904,148512,172.802,soft,155.615,65.779,True,ok,True
3. Gray Blight/gray_blight_00331.jpg,3. Gray Blight,1200,904,160725,172.086,soft,180.277,57.772,True,ok,True
3. Gray Blight/gray_blight_00332.jpg,3. Gray Blight,1200,1600,342283,98.853,blurry,194.272,40.686,True,ok,True
3. Gray Blight/gray_blight_00333.jpg,3. Gray Blight,1200,1600,281605,60.723,blurry,194.045,40.609,True,ok,True
3. Gray Blight/gray_blight_00334.jpg,3. Gray Blight,1200,904,148346,128.713,soft,177.078,51.393,True,ok,True
3. Gray Blight/gray_blight_00335.jpg,3. Gray Blight,1200,904,131068,97.455,blurry,176.385,50.467,True,ok,True
3. Gray Blight/gray_blight_00336.jpg,3. Gray Blight,1200,904,150845,123.713,soft,174.553,56.751,True,ok,True
3. Gray Blight/gray_blight_00337.jpg,3. Gray Blight,1200,1600,251406,119.719,soft,183.17,56.085,True,ok,True
3. Gray Blight/gray_blight_00338.jpg,3. Gray Blight,1200,1600,294947,123.674,soft,191.974,52.187,True,ok,True
3. Gray Blight/gray_blight_00339.jpg,3. Gray Blight,1200,1600,276024,95.71,blurry,193.027,40.567,True,ok,True
3. Gray Blight/gray_blight_00340.jpg,3. Gray Blight,1200,1600,296155,97.901,blurry,188.068,43.085,True,ok,True
3. Gray Blight/gray_blight_00341.jpg,3. Gray Blight,1200,904,124853,95.194,blurry,191.539,38.991,True,ok,True
3. Gray Blight/gray_blight_00342.jpg,3. Gray Blight,1200,904,117533,104.805,soft,175.853,51.297,True,ok,True
3. Gray Blight/gray_blight_00343.jpg,3. Gray Blight,1200,904,133507,190.981,soft,169.588,59.577,True,ok,True
3. Gray Blight/gray_blight_00344.jpg,3. Gray Blight,1200,904,139634,141.515,soft,169.304,45.737,True,ok,True
3. Gray Blight/gray_blight_00345.jpg,3. Gray Blight,1200,904,130486,134.275,soft,172.395,42.425,True,ok,True
3. Gray Blight/gray_blight_00346.jpg,3. Gray Blight,1200,904,134583,125.384,soft,170.54,49.711,True,ok,True
3. Gray Blight/gray_blight_00347.jpg,3. Gray Blight,1200,904,130304,146.268,soft,170.208,45.137,True,ok,True
3. Gray Blight/gray_blight_00348.jpg,3. Gray Blight,1200,904,122970,128.612,soft,181.604,46.319,True,ok,True
3. Gray Blight/gray_blight_00349.jpg,3. Gray Blight,1200,904,137027,151.742,soft,173.633,61.342,True,ok,True
3. Gray Blight/gray_blight_00350.jpg,3. Gray Blight,1200,904,117310,89.001,blurry,193.409,39.174,True,ok,True
3. Gray Blight/gray_blight_00351.jpg,3. Gray Blight,1200,904,117934,115.034,soft,176.737,49.206,True,ok,True
3. Gray Blight/gray_blight_00352.jpg,3. Gray Blight,1200,904,133632,118.491,soft,185.863,43.008,True,ok,True
3. Gray Blight/gray_blight_00353.jpg,3. Gray Blight,1200,904,119648,84.841,blurry,162.69,43.677,True,ok,True
3. Gray Blight/gray_blight_00354.jpg,3. Gray Blight,1200,904,139316,139.813,soft,186.672,46.598,True,ok,True
3. Gray Blight/gray_blight_00355.jpg,3. Gray Blight,1200,904,110770,120.914,soft,184.299,54.007,True,ok,True
3. Gray Blight/gray_blight_00356.jpg,3. Gray Blight,1200,904,142203,78.448,blurry,191.981,38.512,True,ok,True
3. Gray Blight/gray_blight_00357.jpg,3. Gray Blight,1200,904,145596,91.79,blurry,190.181,40.299,True,ok,True
3. Gray Blight/gray_blight_00358.jpg,3. Gray Blight,1200,1600,260203,57.943,blurry,168.676,38.451,True,ok,True
3. Gray Blight/gray_blight_00359.jpg,3. Gray Blight,1200,1600,249984,48.411,blurry,166.048,32.056,True,ok,True
3. Gray Blight/gray_blight_00360.jpg,3. Gray Blight,1200,1600,252284,73.39,blurry,171.952,39.496,True,ok,True
3. Gray Blight/gray_blight_00361.jpg,3. Gray Blight,1200,1600,260278,79.761,blurry,176.549,40.988,True,ok,True
3. Gray Blight/gray_blight_00362.jpg,3. Gray Blight,1200,904,120751,106.498,soft,179.179,41.995,True,ok,True
3. Gray Blight/gray_blight_00363.jpg,3. Gray Blight,1200,900,140533,58.893,blurry,175.019,32.989,True,ok,True
3. Gray Blight/gray_blight_00364.jpg,3. Gray Blight,1200,900,141811,58.324,blurry,175.535,32.534,True,ok,True
3. Gray Blight/gray_blight_00365.jpg,3. Gray Blight,1200,904,103077,80.229,blurry,182.502,40.266,True,ok,True
3. Gray Blight/gray_blight_00366.jpg,3. Gray Blight,1200,904,111258,82.205,blurry,183.327,42.279,True,ok,True
3. Gray Blight/gray_blight_00367.jpg,3. Gray Blight,1200,904,117541,98.226,blurry,180.874,45.542,True,ok,True
3. Gray Blight/gray_blight_00368.jpg,3. Gray Blight,1200,904,110568,75.745,blurry,184.579,30.762,True,ok,True
3. Gray Blight/gray_blight_00369.jpg,3. Gray Blight,1200,904,122684,71.303,blurry,191.123,26.357,True,ok,True
3. Gray Blight/gray_blight_00370.jpg,3. Gray Blight,1200,1600,229649,88.672,blurry,185.974,51.991,True,ok,True
3. Gray Blight/gray_blight_00371.jpg,3. Gray Blight,1200,1600,271483,104.821,soft,182.88,54.749,True,ok,True
3. Gray Blight/gray_blight_00372.jpg,3. Gray Blight,1200,1600,330562,76.052,blurry,179.255,53.716,True,ok,True
3. Gray Blight/gray_blight_00373.jpg,3. Gray Blight,1200,1600,276558,87.115,blurry,184.286,44.005,True,ok,True
3. Gray Blight/gray_blight_00374.jpg,3. Gray Blight,1200,1600,286699,81.942,blurry,183.18,45.102,True,ok,True
3. Gray Blight/gray_blight_00375.jpg,3. Gray Blight,1200,900,163853,74.511,blurry,169.338,48.566,True,ok,True
3. Gray Blight/gray_blight_00376.jpg,3. Gray Blight,1200,1600,296238,99.16,blurry,183.305,42.196,True,ok,True
3. Gray Blight/gray_blight_00377.jpg,3. Gray Blight,1200,900,165265,57.002,blurry,170.978,38.488,True,ok,True
3. Gray Blight/gray_blight_00378.jpg,3. Gray Blight,1200,904,117670,68.343,blurry,184.702,43.401,True,ok,True
3. Gray Blight/gray_blight_00379.jpg,3. Gray Blight,1200,904,120016,83.996,blurry,185.869,44.197,True,ok,True
3. Gray Blight/gray_blight_00380.jpg,3. Gray Blight,1200,904,137142,77.012,blurry,192.346,42.348,True,ok,True
3. Gray Blight/gray_blight_00381.jpg,3. Gray Blight,1200,904,113535,111.86,soft,194.582,42.595,True,ok,True
3. Gray Blight/gray_blight_00382.jpg,3. Gray Blight,1200,904,119967,115.354,soft,189.415,45.638,True,ok,True
3. Gray Blight/gray_blight_00383.jpg,3. Gray Blight,1200,904,109877,95.66,blurry,192.641,40.21,True,ok,True
3. Gray Blight/gray_blight_00384.jpg,3. Gray Blight,1200,904,97488,72.835,blurry,196.215,31.389,True,ok,True
3. Gray Blight/gray_blight_00385.jpg,3. Gray Blight,1200,904,106347,90.291,blurry,198.427,38.091,True,ok,True
3. Gray Blight/gray_blight_00386.jpg,3. Gray Blight,1200,1600,343155,78.831,blurry,193.706,35.472,True,ok,True
3. Gray Blight/gray_blight_00387.jpg,3. Gray Blight,1200,1600,324510,72.393,blurry,156.659,30.01,True,ok,True
3. Gray Blight/gray_blight_00388.jpg,3. Gray Blight,1200,1600,268708,84.535,blurry,195.193,43.964,True,ok,True
3. Gray Blight/gray_blight_00389.jpg,3. Gray Blight,1200,1600,227996,39.435,blurry,179.225,29.053,True,ok,True
3. Gray Blight/gray_blight_00390.jpg,3. Gray Blight,1200,1600,244948,37.074,blurry,167.193,25.402,True,ok,True
3. Gray Blight/gray_blight_00391.jpg,3. Gray Blight,1200,904,168536,177.336,soft,187.449,34.686,True,ok,True
3. Gray Blight/gray_blight_00392.jpg,3. Gray Blight,1200,904,137738,251.224,soft,186.13,52.535,True,ok,True
3. Gray Blight/gray_blight_00393.jpg,3. Gray Blight,1200,904,131738,192.846,soft,182.082,46.744,True,ok,True
3. Gray Blight/gray_blight_00394.jpg,3. Gray Blight,1200,904,159289,164.039,soft,189.484,41.984,True,ok,True
3. Gray Blight/gray_blight_00395.jpg,3. Gray Blight,1200,904,134555,148.507,soft,179.312,50.22,True,ok,True
3. Gray Blight/gray_blight_00396.jpg,3. Gray Blight,1200,904,137144,118.636,soft,184.862,37.057,True,ok,True
3. Gray Blight/gray_blight_00397.jpg,3. Gray Blight,1200,904,119944,91.87,blurry,168.022,39.664,True,ok,True
3. Gray Blight/gray_blight_00398.jpg,3. Gray Blight,1200,1600,268873,77.153,blurry,194.021,44.102,True,ok,True
3. Gray Blight/gray_blight_00399.jpg,3. Gray Blight,1200,1600,269867,77.737,blurry,194.01,45.353,True,ok,True
3. Gray Blight/gray_blight_00400.jpg,3. Gray Blight,1200,1600,266146,99.032,blurry,195.637,38.126,True,ok,True
3. Gray Blight/gray_blight_00401.jpg,3. Gray Blight,1200,1600,264684,118.935,soft,195.734,37.906,True,ok,True
3. Gray Blight/gray_blight_00402.jpg,3. Gray Blight,1200,900,179270,107.835,soft,175.957,52.975,True,ok,True
3. Gray Blight/gray_blight_00403.jpg,3. Gray Blight,1200,1600,318386,122.54,soft,175.513,55.051,True,ok,True
3. Gray Blight/gray_blight_00404.jpg,3. Gray Blight,1200,900,183014,93.911,blurry,178.701,40.482,True,ok,True
3. Gray Blight/gray_blight_00405.jpg,3. Gray Blight,1200,1600,320265,95.093,blurry,178.073,43.162,True,ok,True
3. Gray Blight/gray_blight_00406.jpg,3. Gray Blight,1200,900,157907,70.396,blurry,173.318,36.415,True,ok,True
3. Gray Blight/gray_blight_00407.jpg,3. Gray Blight,1200,1600,331133,86.942,blurry,191.116,42.788,True,ok,True
3. Gray Blight/gray_blight_00408.jpg,3. Gray Blight,1200,1600,336872,86.103,blurry,200.237,40.34,True,ok,True
3. Gray Blight/gray_blight_00409.jpg,3. Gray Blight,1200,904,139183,82.717,blurry,190.552,30.972,True,ok,True
3. Gray Blight/gray_blight_00410.jpg,3. Gray Blight,1200,1600,373060,167.125,soft,177.349,54.109,True,ok,True
3. Gray Blight/gray_blight_00411.jpg,3. Gray Blight,1200,904,140441,81.947,blurry,188.823,40.224,True,ok,True
3. Gray Blight/gray_blight_00412.jpg,3. Gray Blight,1200,904,118854,92.818,blurry,207.209,39.047,True,ok,True
3. Gray Blight/gray_blight_00413.jpg,3. Gray Blight,1200,904,155847,84.523,blurry,191.19,34.284,True,ok,True
3. Gray Blight/gray_blight_00414.jpg,3. Gray Blight,1200,904,154897,85.659,blurry,191.429,33.969,True,ok,True
3. Gray Blight/gray_blight_00415.jpg,3. Gray Blight,1200,1600,347975,93.432,blurry,184.991,51.072,True,ok,True
3. Gray Blight/gray_blight_00416.jpg,3. Gray Blight,1200,1600,310253,113.891,soft,184.642,51.172,True,ok,True
3. Gray Blight/gray_blight_00417.jpg,3. Gray Blight,1200,1600,355302,100.734,soft,187.517,43.178,True,ok,True
3. Gray Blight/gray_blight_00418.jpg,3. Gray Blight,1200,1600,340440,99.994,blurry,188.817,42.292,True,ok,True
3. Gray Blight/gray_blight_00419.jpg,3. Gray Blight,1200,904,158890,115.243,soft,179.995,31.774,True,ok,True
3. Gray Blight/gray_blight_00420.jpg,3. Gray Blight,1200,904,161102,120.168,soft,181.882,27.61,True,ok,True
3. Gray Blight/gray_blight_00421.jpg,3. Gray Blight,1200,904,157247,130.837,soft,181.95,29.832,True,ok,True
3. Gray Blight/gray_blight_00422.jpg,3. Gray Blight,1200,1600,387589,161.918,soft,175.176,46.631,True,ok,True
3. Gray Blight/gray_blight_00423.jpg,3. Gray Blight,1200,1600,389587,188.454,soft,171.5,49.34,True,ok,True
3. Gray Blight/gray_blight_00424.jpg,3. Gray Blight,1200,1600,378434,149.897,soft,177.778,46.03,True,ok,True
3. Gray Blight/gray_blight_00425.jpg,3. Gray Blight,1200,1600,319857,107.341,soft,170.87,59.499,True,ok,True
3. Gray Blight/gray_blight_00426.jpg,3. Gray Blight,1200,1600,307936,168.355,soft,166.354,67.029,True,ok,True
3. Gray Blight/gray_blight_00427.jpg,3. Gray Blight,1200,1600,333254,202.45,soft,183.14,48.622,True,ok,True
3. Gray Blight/gray_blight_00428.jpg,3. Gray Blight,1200,1600,349038,231.257,soft,181.167,49.176,True,ok,True
3. Gray Blight/gray_blight_00429.jpg,3. Gray Blight,1200,1600,297334,221.815,soft,171.489,65.519,True,ok,True
3. Gray Blight/gray_blight_00430.jpg,3. Gray Blight,1200,1600,264764,254.983,soft,167.661,65.93,True,ok,True
3. Gray Blight/gray_blight_00431.jpg,3. Gray Blight,1200,904,108178,58.81,blurry,175.099,22.283,True,ok,True
3. Gray Blight/gray_blight_00432.jpg,3. Gray Blight,1200,904,116079,70.187,blurry,184.263,23.928,True,ok,True
3. Gray Blight/gray_blight_00433.jpg,3. Gray Blight,1200,904,117728,117.393,soft,185.738,43.0,True,ok,True
3. Gray Blight/gray_blight_00434.jpg,3. Gray Blight,1200,904,135596,96.225,blurry,189.397,32.352,True,ok,True
3. Gray Blight/gray_blight_00435.jpg,3. Gray Blight,1200,904,116266,87.735,blurry,190.19,31.792,True,ok,True
3. Gray Blight/gray_blight_00436.jpg,3. Gray Blight,1200,904,116551,101.632,soft,183.206,37.119,True,ok,True
3. Gray Blight/gray_blight_00437.jpg,3. Gray Blight,1200,904,124682,81.278,blurry,189.463,29.438,True,ok,True
3. Gray Blight/gray_blight_00438.jpg,3. Gray Blight,1200,904,112854,79.289,blurry,169.148,36.376,True,ok,True
3. Gray Blight/gray_blight_00439.jpg,3. Gray Blight,1200,904,125824,76.769,blurry,173.249,26.729,True,ok,True
3. Gray Blight/gray_blight_00440.jpg,3. Gray Blight,1200,904,144782,87.514,blurry,191.806,36.683,True,ok,True
3. Gray Blight/gray_blight_00441.jpg,3. Gray Blight,1200,1600,314024,96.202,blurry,189.933,50.893,True,ok,True
3. Gray Blight/gray_blight_00442.jpg,3. Gray Blight,1200,1600,296679,97.515,blurry,190.34,50.683,True,ok,True
3. Gray Blight/gray_blight_00443.jpg,3. Gray Blight,1200,1600,308132,87.196,blurry,194.723,38.242,True,ok,True
3. Gray Blight/gray_blight_00444.jpg,3. Gray Blight,1200,1600,299914,83.622,blurry,194.93,40.901,True,ok,True
3. Gray Blight/gray_blight_00445.jpg,3. Gray Blight,1200,1600,299688,108.579,soft,185.77,53.215,True,ok,True
3. Gray Blight/gray_blight_00446.jpg,3. Gray Blight,1200,1600,314479,116.572,soft,182.406,55.082,True,ok,True
3. Gray Blight/gray_blight_00447.jpg,3. Gray Blight,1200,1600,323542,105.396,soft,181.441,53.775,True,ok,True
3. Gray Blight/gray_blight_00448.jpg,3. Gray Blight,1200,1600,341153,141.273,soft,186.414,42.989,True,ok,True
3. Gray Blight/gray_blight_00449.jpg,3. Gray Blight,1200,1600,346192,133.382,soft,188.082,42.079,True,ok,True
3. Gray Blight/gray_blight_00450.jpg,3. Gray Blight,1200,1600,330997,171.483,soft,184.117,45.71,True,ok,True
3. Gray Blight/gray_blight_00451.jpg,3. Gray Blight,1200,1600,518197,156.223,soft,180.392,31.335,True,ok,True
3. Gray Blight/gray_blight_00452.jpg,3. Gray Blight,1200,1600,431660,177.594,soft,174.407,58.91,True,ok,True
3. Gray Blight/gray_blight_00453.jpg,3. Gray Blight,1200,1600,432754,182.626,soft,179.782,45.373,True,ok,True
3. Gray Blight/gray_blight_00454.jpg,3. Gray Blight,1200,1600,443811,181.339,soft,171.786,58.263,True,ok,True
3. Gray Blight/gray_blight_00455.jpg,3. Gray Blight,1200,1600,290910,101.395,soft,177.341,52.761,True,ok,True
3. Gray Blight/gray_blight_00456.jpg,3. Gray Blight,1200,1600,390849,158.404,soft,167.826,62.968,True,ok,True
3. Gray Blight/gray_blight_00457.jpg,3. Gray Blight,1200,1600,459462,157.832,soft,168.893,53.065,True,ok,True
3. Gray Blight/gray_blight_00458.jpg,3. Gray Blight,1200,1600,353519,111.81,soft,172.68,42.415,True,ok,True
3. Gray Blight/gray_blight_00459.jpg,3. Gray Blight,1200,1600,390628,163.518,soft,168.038,62.526,True,ok,True
3. Gray Blight/gray_blight_00460.jpg,3. Gray Blight,1200,1600,311591,108.946,soft,178.661,50.806,True,ok,True
3. Gray Blight/gray_blight_00461.jpg,3. Gray Blight,1200,1600,343726,95.792,blurry,176.087,41.12,True,ok,True
3. Gray Blight/gray_blight_00462.jpg,3. Gray Blight,1200,1600,355822,46.127,blurry,191.212,36.875,True,ok,True
3. Gray Blight/gray_blight_00463.jpg,3. Gray Blight,1200,1600,356257,54.655,blurry,189.3,32.762,True,ok,True
3. Gray Blight/gray_blight_00464.jpg,3. Gray Blight,1200,1600,325302,41.347,blurry,188.852,40.824,True,ok,True
3. Gray Blight/gray_blight_00465.jpg,3. Gray Blight,1200,1600,257992,50.679,blurry,183.271,33.722,True,ok,True
3. Gray Blight/gray_blight_00466.jpg,3. Gray Blight,1200,1600,271804,53.02,blurry,189.577,34.043,True,ok,True
3. Gray Blight/gray_blight_00467.jpg,3. Gray Blight,1200,1600,397201,96.527,blurry,164.28,64.309,True,ok,True
3. Gray Blight/gray_blight_00468.jpg,3. Gray Blight,1200,1600,388147,115.806,soft,174.497,53.697,True,ok,True
3. Gray Blight/gray_blight_00469.jpg,3. Gray Blight,1200,1600,428728,132.876,soft,165.951,56.446,True,ok,True
3. Gray Blight/gray_blight_00470.jpg,3. Gray Blight,1200,1600,304373,101.092,soft,179.233,36.729,True,ok,True
3. Gray Blight/gray_blight_00471.jpg,3. Gray Blight,1200,1600,301959,87.041,blurry,178.195,47.125,True,ok,True
3. Gray Blight/gray_blight_00472.jpg,3. Gray Blight,1200,1600,324643,62.864,blurry,181.546,35.137,True,ok,True
3. Gray Blight/gray_blight_00473.jpg,3. Gray Blight,1200,1600,251739,46.996,blurry,177.204,40.748,True,ok,True
3. Gray Blight/gray_blight_00474.jpg,3. Gray Blight,1200,1600,279143,54.303,blurry,180.25,31.028,True,ok,True
3. Gray Blight/gray_blight_00475.jpg,3. Gray Blight,1200,1600,333529,94.302,blurry,179.553,40.08,True,ok,True
3. Gray Blight/gray_blight_00476.jpg,3. Gray Blight,1200,1600,304266,121.217,soft,177.619,58.306,True,ok,True
3. Gray Blight/gray_blight_00477.jpg,3. Gray Blight,1200,1600,328019,89.182,blurry,177.294,40.683,True,ok,True
3. Gray Blight/gray_blight_00478.jpg,3. Gray Blight,1200,1600,269375,63.241,blurry,177.184,39.527,True,ok,True
3. Gray Blight/gray_blight_00479.jpg,3. Gray Blight,1200,1600,293294,78.649,blurry,182.181,36.253,True,ok,True
3. Gray Blight/gray_blight_00480.jpg,3. Gray Blight,1200,1600,323335,94.188,blurry,177.766,55.594,True,ok,True
3. Gray Blight/gray_blight_00481.jpg,3. Gray Blight,1200,1600,324408,99.54,blurry,176.977,55.502,True,ok,True
3. Gray Blight/gray_blight_00482.jpg,3. Gray Blight,1200,1600,328744,77.992,blurry,186.392,41.581,True,ok,True
3. Gray Blight/gray_blight_00483.jpg,3. Gray Blight,1200,1600,337975,79.929,blurry,175.373,44.091,True,ok,True
3. Gray Blight/gray_blight_00484.jpg,3. Gray Blight,1200,1600,308365,97.595,blurry,179.829,48.199,True,ok,True
3. Gray Blight/gray_blight_00485.jpg,3. Gray Blight,1200,1600,312704,89.671,blurry,180.825,42.56,True,ok,True
3. Gray Blight/gray_blight_00486.jpg,3. Gray Blight,1200,1600,315800,115.412,soft,177.54,49.056,True,ok,True
3. Gray Blight/gray_blight_00487.jpg,3. Gray Blight,1200,1600,354198,97.389,blurry,174.225,45.705,True,ok,True
3. Gray Blight/gray_blight_00488.jpg,3. Gray Blight,1200,1600,295288,44.799,blurry,175.789,51.718,True,ok,True
3. Gray Blight/gray_blight_00489.jpg,3. Gray Blight,1200,1600,302682,46.869,blurry,189.307,42.441,True,ok,True
3. Gray Blight/gray_blight_00490.jpg,3. Gray Blight,1200,1600,337534,63.725,blurry,185.92,35.93,True,ok,True
3. Gray Blight/gray_blight_00491.jpg,3. Gray Blight,1200,1600,290383,102.883,soft,182.698,35.968,True,ok,True
3. Gray Blight/gray_blight_00492.jpg,3. Gray Blight,1200,1600,280941,72.007,blurry,181.046,31.914,True,ok,True
3. Gray Blight/gray_blight_00493.jpg,3. Gray Blight,1200,1600,292172,110.227,soft,186.745,53.177,True,ok,True
3. Gray Blight/gray_blight_00494.jpg,3. Gray Blight,1200,1600,292172,110.227,soft,186.745,53.177,True,ok,True
3. Gray Blight/gray_blight_00495.jpg,3. Gray Blight,1200,1600,299331,76.38,blurry,178.251,41.119,True,ok,True
3. Gray Blight/gray_blight_00496.jpg,3. Gray Blight,1200,1600,329211,122.103,soft,184.438,50.667,True,ok,True
3. Gray Blight/gray_blight_00497.jpg,3. Gray Blight,1200,1600,341021,114.209,soft,179.67,52.488,True,ok,True
3. Gray Blight/gray_blight_00498.jpg,3. Gray Blight,1200,1600,337431,143.218,soft,178.899,53.312,True,ok,True
3. Gray Blight/gray_blight_00499.jpg,3. Gray Blight,1200,900,176041,135.214,soft,186.344,51.268,True,ok,True
3. Gray Blight/gray_blight_00500.jpg,3. Gray Blight,1200,1600,318983,90.073,blurry,179.124,44.828,True,ok,True
3. Gray Blight/gray_blight_00501.jpg,3. Gray Blight,1200,1600,294241,50.408,blurry,185.482,49.402,True,ok,True
3. Gray Blight/gray_blight_00502.jpg,3. Gray Blight,1200,1600,329145,61.57,blurry,181.263,38.255,True,ok,True
3. Gray Blight/gray_blight_00503.jpg,3. Gray Blight,1200,1600,338740,69.326,blurry,187.438,39.208,True,ok,True
3. Gray Blight/gray_blight_00504.jpg,3. Gray Blight,1200,1600,195986,21.93,blurry,181.973,25.03,True,ok,True
3. Gray Blight/gray_blight_00505.jpg,3. Gray Blight,1200,1600,279699,32.691,blurry,178.567,25.144,True,ok,True
3. Gray Blight/gray_blight_00506.jpg,3. Gray Blight,1200,1600,344541,41.528,blurry,196.038,23.339,True,ok,True
3. Gray Blight/gray_blight_00507.jpg,3. Gray Blight,1200,1600,363874,38.26,blurry,185.228,29.308,True,ok,True
3. Gray Blight/gray_blight_00508.jpg,3. Gray Blight,1200,1600,350753,34.18,blurry,190.243,25.363,True,ok,True
3. Gray Blight/gray_blight_00509.jpg,3. Gray Blight,1200,1600,271357,46.413,blurry,179.677,34.683,True,ok,True
3. Gray Blight/gray_blight_00510.jpg,3. Gray Blight,1200,1600,305152,42.662,blurry,173.313,30.841,True,ok,True
3. Gray Blight/gray_blight_00511.jpg,3. Gray Blight,1200,1600,372941,107.724,soft,175.717,48.037,True,ok,True
3. Gray Blight/gray_blight_00512.jpg,3. Gray Blight,1200,900,173273,81.246,blurry,168.3,47.238,True,ok,True
3. Gray Blight/gray_blight_00513.jpg,3. Gray Blight,1200,1600,388247,164.115,soft,168.125,60.409,True,ok,True
3. Gray Blight/gray_blight_00514.jpg,3. Gray Blight,1200,1600,321503,143.398,soft,171.541,55.318,True,ok,True
3. Gray Blight/gray_blight_00515.jpg,3. Gray Blight,1200,1600,330583,92.101,blurry,163.104,51.788,True,ok,True
3. Gray Blight/gray_blight_00516.jpg,3. Gray Blight,1200,1600,330142,57.498,blurry,193.196,31.556,True,ok,True
3. Gray Blight/gray_blight_00517.jpg,3. Gray Blight,1200,1600,333520,67.369,blurry,195.972,24.882,True,ok,True
3. Gray Blight/gray_blight_00518.jpg,3. Gray Blight,1200,900,166698,93.83,blurry,169.514,48.369,True,ok,True
3. Gray Blight/gray_blight_00519.jpg,3. Gray Blight,1200,1600,286719,80.883,blurry,175.742,33.757,True,ok,True
3. Gray Blight/gray_blight_00520.jpg,3. Gray Blight,1200,900,147767,67.809,blurry,177.902,49.18,True,ok,True
3. Gray Blight/gray_blight_00521.jpg,3. Gray Blight,1200,1600,295527,73.047,blurry,178.068,37.306,True,ok,True
3. Gray Blight/gray_blight_00522.jpg,3. Gray Blight,1200,1600,339449,90.486,blurry,174.641,38.642,True,ok,True
3. Gray Blight/gray_blight_00523.jpg,3. Gray Blight,1200,1600,311910,53.569,blurry,195.414,30.982,True,ok,True
3. Gray Blight/gray_blight_00524.jpg,3. Gray Blight,1200,1600,300385,86.939,blurry,176.882,53.104,True,ok,True
3. Gray Blight/gray_blight_00525.jpg,3. Gray Blight,1200,1600,345432,101.857,soft,178.1,45.162,True,ok,True
3. Gray Blight/gray_blight_00526.jpg,3. Gray Blight,1200,1600,358663,103.877,soft,178.795,42.226,True,ok,True
3. Gray Blight/gray_blight_00527.jpg,3. Gray Blight,1200,1600,317661,73.519,blurry,172.81,34.142,True,ok,True
3. Gray Blight/gray_blight_00528.jpg,3. Gray Blight,1200,1600,318593,108.88,soft,177.653,45.953,True,ok,True
3. Gray Blight/gray_blight_00529.jpg,3. Gray Blight,1200,1600,307697,86.449,blurry,177.189,41.483,True,ok,True
3. Gray Blight/gray_blight_00530.jpg,3. Gray Blight,1200,1600,368428,140.341,soft,180.823,57.969,True,ok,True
3. Gray Blight/gray_blight_00531.jpg,3. Gray Blight,1200,1600,399349,156.644,soft,167.255,61.525,True,ok,True
3. Gray Blight/gray_blight_00532.jpg,3. Gray Blight,1200,1600,374304,119.712,soft,173.107,43.083,True,ok,True
3. Gray Blight/gray_blight_00533.jpg,3. Gray Blight,1200,1600,391665,127.01,soft,182.371,44.639,True,ok,True
3. Gray Blight/gray_blight_00534.jpg,3. Gray Blight,1200,1600,284155,85.753,blurry,179.429,36.675,True,ok,True
3. Gray Blight/gray_blight_00535.jpg,3. Gray Blight,1200,1600,305655,62.064,blurry,175.855,39.101,True,ok,True
3. Gray Blight/gray_blight_00536.jpg,3. Gray Blight,1200,1600,287966,62.192,blurry,185.442,40.075,True,ok,True
3. Gray Blight/gray_blight_00537.jpg,3. Gray Blight,1200,1600,267398,69.74,blurry,185.631,39.321,True,ok,True
3. Gray Blight/gray_blight_00538.jpg,3. Gray Blight,1200,1600,295913,101.342,soft,178.778,44.416,True,ok,True
3. Gray Blight/gray_blight_00539.jpg,3. Gray Blight,1200,1600,300558,71.0,blurry,178.247,39.636,True,ok,True
3. Gray Blight/gray_blight_00540.jpg,3. Gray Blight,1200,1600,289235,66.742,blurry,180.855,34.347,True,ok,True
3. Gray Blight/gray_blight_00541.jpg,3. Gray Blight,1200,900,151606,91.856,blurry,183.355,41.883,True,ok,True
3. Gray Blight/gray_blight_00542.jpg,3. Gray Blight,1200,1600,230239,50.698,blurry,178.032,40.996,True,ok,True
3. Gray Blight/gray_blight_00543.jpg,3. Gray Blight,1200,1600,295398,60.837,blurry,176.9,33.401,True,ok,True
3. Gray Blight/gray_blight_00544.jpg,3. Gray Blight,1200,1600,265478,41.437,blurry,184.784,38.283,True,ok,True
3. Gray Blight/gray_blight_00545.jpg,3. Gray Blight,1200,1600,259057,36.869,blurry,170.712,32.788,True,ok,True
3. Gray Blight/gray_blight_00546.jpg,3. Gray Blight,1200,1600,308713,35.021,blurry,169.3,33.144,True,ok,True
3. Gray Blight/gray_blight_00547.jpg,3. Gray Blight,1200,1600,298965,57.201,blurry,189.666,38.524,True,ok,True
3. Gray Blight/gray_blight_00548.jpg,3. Gray Blight,1200,1600,256359,40.449,blurry,196.359,38.257,True,ok,True
3. Gray Blight/gray_blight_00549.jpg,3. Gray Blight,1200,1600,300435,34.874,blurry,182.562,32.885,True,ok,True
3. Gray Blight/gray_blight_00550.jpg,3. Gray Blight,1200,1600,348718,168.544,soft,175.801,58.723,True,ok,True
3. Gray Blight/gray_blight_00551.jpg,3. Gray Blight,1200,1600,379293,120.803,soft,166.864,50.425,True,ok,True
3. Gray Blight/gray_blight_00552.jpg,3. Gray Blight,1200,1600,311227,107.999,soft,179.598,50.543,True,ok,True
3. Gray Blight/gray_blight_00553.jpg,3. Gray Blight,1200,1600,334738,82.013,blurry,173.711,45.265,True,ok,True
3. Gray Blight/gray_blight_00554.jpg,3. Gray Blight,1200,1600,289286,50.672,blurry,175.826,34.609,True,ok,True
3. Gray Blight/gray_blight_00555.jpg,3. Gray Blight,1200,1600,288641,41.728,blurry,180.563,33.172,True,ok,True
3. Gray Blight/gray_blight_00556.jpg,3. Gray Blight,1200,1600,273874,79.714,blurry,179.99,47.684,True,ok,True
3. Gray Blight/gray_blight_00557.jpg,3. Gray Blight,1200,1600,333213,106.025,soft,181.383,44.868,True,ok,True
3. Gray Blight/gray_blight_00558.jpg,3. Gray Blight,1200,900,176126,46.975,blurry,174.999,32.042,True,ok,True
3. Gray Blight/gray_blight_00559.jpg,3. Gray Blight,1200,1600,319870,68.132,blurry,168.598,37.568,True,ok,True
3. Gray Blight/gray_blight_00560.jpg,3. Gray Blight,1200,1600,325466,63.459,blurry,167.158,39.597,True,ok,True
3. Gray Blight/gray_blight_00561.jpg,3. Gray Blight,1200,1600,357822,105.457,soft,169.603,52.675,True,ok,True
3. Gray Blight/gray_blight_00562.jpg,3. Gray Blight,1200,1600,336646,85.202,blurry,170.355,44.948,True,ok,True
3. Gray Blight/gray_blight_00563.jpg,3. Gray Blight,1200,1600,339018,128.586,soft,170.587,48.706,True,ok,True
3. Gray Blight/gray_blight_00564.jpg,3. Gray Blight,1200,1600,253844,65.848,blurry,187.784,45.093,True,ok,True
3. Gray Blight/gray_blight_00565.jpg,3. Gray Blight,1200,1600,318539,87.381,blurry,179.776,41.272,True,ok,True
3. Gray Blight/gray_blight_00566.jpg,3. Gray Blight,1200,1600,310573,69.582,blurry,181.471,35.985,True,ok,True
3. Gray Blight/gray_blight_00567.jpg,3. Gray Blight,1200,1600,362999,122.835,soft,183.378,48.637,True,ok,True
3. Gray Blight/gray_blight_00568.jpg,3. Gray Blight,1200,1600,371824,102.128,soft,178.841,45.037,True,ok,True
3. Gray Blight/gray_blight_00569.jpg,3. Gray Blight,1200,1600,316027,140.217,soft,175.951,52.71,True,ok,True
3. Gray Blight/gray_blight_00570.jpg,3. Gray Blight,1200,1600,362187,120.931,soft,180.128,47.676,True,ok,True
3. Gray Blight/gray_blight_00571.jpg,3. Gray Blight,1200,1600,332844,95.068,blurry,174.147,41.133,True,ok,True
3. Gray Blight/gray_blight_00572.jpg,3. Gray Blight,1200,1600,350421,121.717,soft,185.048,45.013,True,ok,True
3. Gray Blight/gray_blight_00573.jpg,3. Gray Blight,1200,1600,326070,117.193,soft,184.949,48.862,True,ok,True
3. Gray Blight/gray_blight_00574.jpg,3. Gray Blight,1200,1600,328768,87.786,blurry,172.454,41.406,True,ok,True
3. Gray Blight/gray_blight_00575.jpg,3. Gray Blight,1200,1600,272773,92.653,blurry,175.437,35.761,True,ok,True
3. Gray Blight/gray_blight_00576.jpg,3. Gray Blight,1200,1600,309519,109.248,soft,173.215,40.203,True,ok,True
3. Gray Blight/gray_blight_00577.jpg,3. Gray Blight,1200,900,166906,172.952,soft,188.476,44.84,True,ok,True
3. Gray Blight/gray_blight_00578.jpg,3. Gray Blight,1200,900,155605,98.373,blurry,179.072,41.696,True,ok,True
3. Gray Blight/gray_blight_00579.jpg,3. Gray Blight,1200,1600,295235,113.086,soft,173.678,49.416,True,ok,True
3. Gray Blight/gray_blight_00580.jpg,3. Gray Blight,1200,1600,305702,88.841,blurry,173.961,39.761,True,ok,True
3. Gray Blight/gray_blight_00581.jpg,3. Gray Blight,1200,900,166591,100.632,soft,171.753,51.662,True,ok,True
3. Gray Blight/gray_blight_00582.jpg,3. Gray Blight,1200,1600,316110,70.316,blurry,168.321,48.315,True,ok,True
3. Gray Blight/gray_blight_00583.jpg,3. Gray Blight,1200,1600,228438,57.327,blurry,183.551,42.678,True,ok,True
3. Gray Blight/gray_blight_00584.jpg,3. Gray Blight,1200,1600,323104,115.198,soft,171.864,39.565,True,ok,True
3. Gray Blight/gray_blight_00585.jpg,3. Gray Blight,1200,1600,275725,80.697,blurry,179.428,48.888,True,ok,True
3. Gray Blight/gray_blight_00586.jpg,3. Gray Blight,1200,1600,303688,63.245,blurry,174.073,34.596,True,ok,True
3. Gray Blight/gray_blight_00587.jpg,3. Gray Blight,1200,1600,269458,180.168,soft,190.756,44.236,True,ok,True
3. Gray Blight/gray_blight_00588.jpg,3. Gray Blight,1200,1600,359683,147.323,soft,176.917,46.551,True,ok,True
3. Gray Blight/gray_blight_00589.jpg,3. Gray Blight,1200,900,176255,83.601,blurry,173.093,42.225,True,ok,True
3. Gray Blight/gray_blight_00590.jpg,3. Gray Blight,1200,900,183873,99.138,blurry,184.864,53.507,True,ok,True
3. Gray Blight/gray_blight_00591.jpg,3. Gray Blight,1200,1600,313582,114.578,soft,180.786,53.678,True,ok,True
3. Gray Blight/gray_blight_00592.jpg,3. Gray Blight,1200,900,192588,87.043,blurry,174.258,39.089,True,ok,True
3. Gray Blight/gray_blight_00593.jpg,3. Gray Blight,1200,1600,388133,142.899,soft,178.302,43.299,True,ok,True
3. Gray Blight/gray_blight_00594.jpg,3. Gray Blight,1200,1600,303887,65.092,blurry,177.429,36.478,True,ok,True
3. Gray Blight/gray_blight_00595.jpg,3. Gray Blight,1200,1600,324887,49.599,blurry,168.975,29.345,True,ok,True
3. Gray Blight/gray_blight_00596.jpg,3. Gray Blight,1200,900,193951,151.053,soft,166.452,48.454,True,ok,True
3. Gray Blight/gray_blight_00597.jpg,3. Gray Blight,1200,900,183567,89.947,blurry,166.821,41.08,True,ok,True
3. Gray Blight/gray_blight_00598.jpg,3. Gray Blight,1200,900,169566,93.696,blurry,171.03,46.927,True,ok,True
3. Gray Blight/gray_blight_00599.jpg,3. Gray Blight,1200,1600,317855,102.342,soft,184.975,42.157,True,ok,True
3. Gray Blight/gray_blight_00600.jpg,3. Gray Blight,1200,1600,307054,64.784,blurry,193.065,35.409,True,ok,True
3. Gray Blight/gray_blight_00601.jpg,3. Gray Blight,1200,1600,343986,60.898,blurry,180.705,37.163,True,ok,True
3. Gray Blight/gray_blight_00602.jpg,3. Gray Blight,1200,1600,363524,127.989,soft,163.038,63.121,True,ok,True
3. Gray Blight/gray_blight_00603.jpg,3. Gray Blight,1200,1600,409742,158.663,soft,172.724,50.4,True,ok,True
3. Gray Blight/gray_blight_00604.jpg,3. Gray Blight,1200,900,189534,85.547,blurry,173.574,40.871,True,ok,True
3. Gray Blight/gray_blight_00605.jpg,3. Gray Blight,1200,1600,310353,133.916,soft,179.754,52.11,True,ok,True
3. Gray Blight/gray_blight_00606.jpg,3. Gray Blight,1200,1600,394413,121.438,soft,175.989,41.581,True,ok,True
3. Gray Blight/gray_blight_00607.jpg,3. Gray Blight,1200,900,226567,246.158,soft,138.036,65.464,True,ok,True
3. Gray Blight/gray_blight_00608.jpg,3. Gray Blight,1200,900,184796,84.584,blurry,184.134,42.393,True,ok,True
3. Gray Blight/gray_blight_00609.jpg,3. Gray Blight,1200,900,181899,67.882,blurry,180.338,37.149,True,ok,True
3. Gray Blight/gray_blight_00610.jpg,3. Gray Blight,1200,900,191339,81.022,blurry,180.717,38.812,True,ok,True
3. Gray Blight/gray_blight_00611.jpg,3. Gray Blight,1200,1600,251746,72.679,blurry,181.906,46.725,True,ok,True
3. Gray Blight/gray_blight_00612.jpg,3. Gray Blight,1200,1600,341981,60.95,blurry,179.935,38.014,True,ok,True
3. Gray Blight/gray_blight_00613.jpg,3. Gray Blight,1200,1600,335091,93.127,blurry,169.865,50.098,True,ok,True
3. Gray Blight/gray_blight_00614.jpg,3. Gray Blight,1200,1600,340486,89.05,blurry,172.76,39.258,True,ok,True
3. Gray Blight/gray_blight_00615.jpg,3. Gray Blight,1200,1600,340243,125.279,soft,164.451,55.088,True,ok,True
3. Gray Blight/gray_blight_00616.jpg,3. Gray Blight,1200,1600,344532,82.261,blurry,166.661,47.32,True,ok,True
3. Gray Blight/gray_blight_00617.jpg,3. Gray Blight,1200,1600,253740,84.425,blurry,179.95,42.413,True,ok,True
3. Gray Blight/gray_blight_00618.jpg,3. Gray Blight,1200,900,175857,76.846,blurry,174.821,47.179,True,ok,True
3. Gray Blight/gray_blight_00619.jpg,3. Gray Blight,1200,1600,345005,130.23,soft,167.965,60.126,True,ok,True
3. Gray Blight/gray_blight_00620.jpg,3. Gray Blight,1200,1600,361126,99.511,blurry,172.667,47.937,True,ok,True
3. Gray Blight/gray_blight_00621.jpg,3. Gray Blight,1200,1600,318443,108.423,soft,173.258,50.632,True,ok,True
3. Gray Blight/gray_blight_00622.jpg,3. Gray Blight,1200,1600,363184,117.315,soft,167.57,51.679,True,ok,True
3. Gray Blight/gray_blight_00623.jpg,3. Gray Blight,1200,1600,273866,86.228,blurry,168.18,50.295,True,ok,True
3. Gray Blight/gray_blight_00624.jpg,3. Gray Blight,1200,1600,263938,62.143,blurry,178.657,41.026,True,ok,True
3. Gray Blight/gray_blight_00625.jpg,3. Gray Blight,1200,1600,338175,93.598,blurry,172.272,47.146,True,ok,True
3. Gray Blight/gray_blight_00626.jpg,3. Gray Blight,1200,1600,323871,68.531,blurry,175.072,41.316,True,ok,True
3. Gray Blight/gray_blight_00627.jpg,3. Gray Blight,1200,1600,324899,71.988,blurry,177.089,46.608,True,ok,True
3. Gray Blight/gray_blight_00628.jpg,3. Gray Blight,1200,1600,276663,122.696,soft,181.0,49.775,True,ok,True
3. Gray Blight/gray_blight_00629.jpg,3. Gray Blight,1200,1600,337105,73.259,blurry,176.728,41.763,True,ok,True
3. Gray Blight/gray_blight_00630.jpg,3. Gray Blight,1200,1600,317273,34.193,blurry,182.049,28.768,True,ok,True
3. Gray Blight/gray_blight_00631.jpg,3. Gray Blight,1200,1600,374991,108.439,soft,172.386,42.522,True,ok,True
3. Gray Blight/gray_blight_00632.jpg,3. Gray Blight,1200,1600,271842,81.256,blurry,174.646,47.38,True,ok,True
3. Gray Blight/gray_blight_00633.jpg,3. Gray Blight,1200,1600,295351,88.036,blurry,178.497,39.289,True,ok,True
3. Gray Blight/gray_blight_00634.jpg,3. Gray Blight,1200,1600,274022,66.322,blurry,175.833,48.777,True,ok,True
3. Gray Blight/gray_blight_00635.jpg,3. Gray Blight,1200,1600,351761,92.143,blurry,174.741,43.326,True,ok,True
3. Gray Blight/gray_blight_00636.jpg,3. Gray Blight,1200,1600,349964,185.386,soft,163.251,50.832,True,ok,True
3. Gray Blight/gray_blight_00637.jpg,3. Gray Blight,1200,1600,302639,92.723,blurry,179.172,49.389,True,ok,True
3. Gray Blight/gray_blight_00638.jpg,3. Gray Blight,1200,1600,323346,105.368,soft,186.843,37.996,True,ok,True
3. Gray Blight/gray_blight_00639.jpg,3. Gray Blight,1200,1600,334315,73.92,blurry,174.859,45.657,True,ok,True
3. Gray Blight/gray_blight_00640.jpg,3. Gray Blight,1200,900,202953,144.733,soft,165.647,49.315,True,ok,True
3. Gray Blight/gray_blight_00641.jpg,3. Gray Blight,1200,900,223914,112.484,soft,174.645,47.101,True,ok,True
3. Gray Blight/gray_blight_00642.jpg,3. Gray Blight,1200,1600,342059,53.364,blurry,189.121,37.817,True,ok,True
3. Gray Blight/gray_blight_00643.jpg,3. Gray Blight,1200,900,182776,72.225,blurry,179.53,46.601,True,ok,True
3. Gray Blight/gray_blight_00644.jpg,3. Gray Blight,1200,1600,337072,78.661,blurry,175.363,50.241,True,ok,True
3. Gray Blight/gray_blight_00645.jpg,3. Gray Blight,1200,1600,341007,86.484,blurry,172.611,54.611,True,ok,True
3. Gray Blight/gray_blight_00646.jpg,3. Gray Blight,1200,1600,349964,96.525,blurry,182.293,39.423,True,ok,True
3. Gray Blight/gray_blight_00647.jpg,3. Gray Blight,1200,900,161457,109.033,soft,185.601,41.203,True,ok,True
3. Gray Blight/gray_blight_00648.jpg,3. Gray Blight,1200,900,180103,89.034,blurry,178.51,41.733,True,ok,True
3. Gray Blight/gray_blight_00649.jpg,3. Gray Blight,1200,1600,355393,120.807,soft,174.331,54.498,True,ok,True
3. Gray Blight/gray_blight_00650.jpg,3. Gray Blight,1200,1600,370253,114.904,soft,173.444,53.086,True,ok,True
3. Gray Blight/gray_blight_00651.jpg,3. Gray Blight,1200,900,182997,123.156,soft,177.719,41.55,True,ok,True
3. Gray Blight/gray_blight_00652.jpg,3. Gray Blight,1200,900,182845,98.769,blurry,178.232,40.521,True,ok,True
3. Gray Blight/gray_blight_00653.jpg,3. Gray Blight,1200,1600,345922,97.062,blurry,186.784,39.491,True,ok,True
3. Gray Blight/gray_blight_00654.jpg,3. Gray Blight,1200,900,183062,143.328,soft,187.158,55.821,True,ok,True
3. Gray Blight/gray_blight_00655.jpg,3. Gray Blight,1200,900,179309,95.345,blurry,177.956,40.209,True,ok,True
3. Gray Blight/gray_blight_00656.jpg,3. Gray Blight,1200,1600,325742,53.095,blurry,187.937,37.315,True,ok,True
3. Gray Blight/gray_blight_00657.jpg,3. Gray Blight,1200,1600,277968,49.557,blurry,185.009,48.452,True,ok,True
3. Gray Blight/gray_blight_00658.jpg,3. Gray Blight,1200,1600,336966,68.807,blurry,186.458,44.076,True,ok,True
3. Gray Blight/gray_blight_00659.jpg,3. Gray Blight,1200,1600,307438,100.331,soft,183.268,46.743,True,ok,True
3. Gray Blight/gray_blight_00660.jpg,3. Gray Blight,1200,1600,341578,99.956,blurry,176.692,43.894,True,ok,True
3. Gray Blight/gray_blight_00661.jpg,3. Gray Blight,1200,1600,343223,63.764,blurry,186.708,40.4,True,ok,True
3. Gray Blight/gray_blight_00662.jpg,3. Gray Blight,1200,1600,313133,48.393,blurry,190.511,40.644,True,ok,True
3. Gray Blight/gray_blight_00663.jpg,3. Gray Blight,1200,1600,334921,57.245,blurry,193.102,34.41,True,ok,True
3. Gray Blight/gray_blight_00664.jpg,3. Gray Blight,1200,1600,342649,94.258,blurry,195.991,30.285,True,ok,True
3. Gray Blight/gray_blight_00665.jpg,3. Gray Blight,1200,1600,302986,75.133,blurry,176.109,40.384,True,ok,True
3. Gray Blight/gray_blight_00666.jpg,3. Gray Blight,1200,1600,321278,67.189,blurry,174.257,34.089,True,ok,True
3. Gray Blight/gray_blight_00667.jpg,3. Gray Blight,1200,1600,351856,49.367,blurry,183.662,30.066,True,ok,True
3. Gray Blight/gray_blight_00668.jpg,3. Gray Blight,1200,1600,275176,85.987,blurry,177.247,35.79,True,ok,True
3. Gray Blight/gray_blight_00669.jpg,3. Gray Blight,1200,900,238495,124.005,soft,163.642,60.793,True,ok,True
3. Gray Blight/gray_blight_00670.jpg,3. Gray Blight,1200,1600,383267,117.423,soft,178.207,39.606,True,ok,True
3. Gray Blight/gray_blight_00671.jpg,3. Gray Blight,1200,900,209680,123.267,soft,178.311,43.196,True,ok,True
3. Gray Blight/gray_blight_00672.jpg,3. Gray Blight,1200,1600,321594,78.53,blurry,174.393,48.09,True,ok,True
3. Gray Blight/gray_blight_00673.jpg,3. Gray Blight,1200,1600,282715,70.095,blurry,170.525,60.712,True,ok,True
3. Gray Blight/gray_blight_00674.jpg,3. Gray Blight,1200,1600,301696,99.081,blurry,182.949,52.848,True,ok,True
3. Gray Blight/gray_blight_00675.jpg,3. Gray Blight,1200,1600,355090,74.607,blurry,180.877,34.333,True,ok,True
3. Gray Blight/gray_blight_00676.jpg,3. Gray Blight,1200,1600,271582,85.303,blurry,172.919,55.275,True,ok,True
3. Gray Blight/gray_blight_00677.jpg,3. Gray Blight,1200,1600,294385,59.867,blurry,174.847,33.305,True,ok,True
3. Gray Blight/gray_blight_00678.jpg,3. Gray Blight,1200,1600,356369,94.745,blurry,191.747,41.904,True,ok,True
3. Gray Blight/gray_blight_00679.jpg,3. Gray Blight,1200,1600,342882,72.958,blurry,180.973,35.877,True,ok,True
3. Gray Blight/gray_blight_00680.jpg,3. Gray Blight,1200,1600,311947,70.342,blurry,177.553,51.921,True,ok,True
3. Gray Blight/gray_blight_00681.jpg,3. Gray Blight,1200,1600,337591,73.53,blurry,171.833,47.608,True,ok,True
3. Gray Blight/gray_blight_00682.jpg,3. Gray Blight,1200,1600,308148,55.134,blurry,165.881,56.904,True,ok,True
3. Gray Blight/gray_blight_00683.jpg,3. Gray Blight,1200,1600,393512,67.141,blurry,176.235,42.319,True,ok,True
3. Gray Blight/gray_blight_00684.jpg,3. Gray Blight,1200,1600,365626,71.638,blurry,195.057,33.359,True,ok,True
3. Gray Blight/gray_blight_00685.jpg,3. Gray Blight,1200,1600,316744,80.512,blurry,175.695,41.59,True,ok,True
3. Gray Blight/gray_blight_00686.jpg,3. Gray Blight,1200,1600,333572,131.98,soft,168.332,53.714,True,ok,True
3. Gray Blight/gray_blight_00687.jpg,3. Gray Blight,1200,1600,330334,73.918,blurry,182.821,49.712,True,ok,True
3. Gray Blight/gray_blight_00688.jpg,3. Gray Blight,1200,1600,301112,76.926,blurry,186.749,41.456,True,ok,True
3. Gray Blight/gray_blight_00689.jpg,3. Gray Blight,1200,1600,285056,71.883,blurry,188.639,41.271,True,ok,True
3. Gray Blight/gray_blight_00690.jpg,3. Gray Blight,1200,1600,320473,74.536,blurry,195.45,37.699,True,ok,True
3. Gray Blight/gray_blight_00691.jpg,3. Gray Blight,1200,1600,268429,61.403,blurry,177.415,31.477,True,ok,True
3. Gray Blight/gray_blight_00692.jpg,3. Gray Blight,1200,1600,317619,53.583,blurry,181.39,32.101,True,ok,True
3. Gray Blight/gray_blight_00693.jpg,3. Gray Blight,1200,1600,314933,37.948,blurry,190.177,35.457,True,ok,True
3. Gray Blight/gray_blight_00694.jpg,3. Gray Blight,1200,1600,302272,31.301,blurry,180.205,31.975,True,ok,True
3. Gray Blight/gray_blight_00695.jpg,3. Gray Blight,1200,1600,292956,18.71,blurry,198.43,20.285,True,ok,True
3. Gray Blight/gray_blight_00696.jpg,3. Gray Blight,1200,1600,297405,19.789,blurry,195.641,20.255,True,ok,True
3. Gray Blight/gray_blight_00697.jpg,3. Gray Blight,1200,1600,369519,133.616,soft,176.195,46.099,True,ok,True
3. Gray Blight/gray_blight_00698.jpg,3. Gray Blight,1200,1600,304036,110.919,soft,173.074,47.07,True,ok,True
3. Gray Blight/gray_blight_00699.jpg,3. Gray Blight,1200,900,167462,82.615,blurry,174.94,35.086,True,ok,True
3. Gray Blight/gray_blight_00700.jpg,3. Gray Blight,1200,900,173846,76.469,blurry,174.021,41.136,True,ok,True
3. Gray Blight/gray_blight_00701.jpg,3. Gray Blight,1200,1600,291467,68.384,blurry,171.988,44.788,True,ok,True
3. Gray Blight/gray_blight_00702.jpg,3. Gray Blight,1200,1600,325549,85.055,blurry,178.318,44.121,True,ok,True
3. Gray Blight/gray_blight_00703.jpg,3. Gray Blight,1200,900,182102,145.734,soft,174.221,53.402,True,ok,True
3. Gray Blight/gray_blight_00704.jpg,3. Gray Blight,1200,1600,332486,98.897,blurry,168.192,59.107,True,ok,True
3. Gray Blight/gray_blight_00705.jpg,3. Gray Blight,1200,1600,343056,78.423,blurry,174.501,48.798,True,ok,True
3. Gray Blight/gray_blight_00706.jpg,3. Gray Blight,1200,900,166830,69.644,blurry,179.193,47.64,True,ok,True
3. Gray Blight/gray_blight_00707.jpg,3. Gray Blight,1200,900,187912,65.972,blurry,178.312,41.58,True,ok,True
3. Gray Blight/gray_blight_00708.jpg,3. Gray Blight,1200,1600,301015,116.137,soft,167.112,39.351,True,ok,True
3. Gray Blight/gray_blight_00709.jpg,3. Gray Blight,1200,900,194574,96.266,blurry,163.604,34.362,True,ok,True
3. Gray Blight/gray_blight_00710.jpg,3. Gray Blight,1200,1600,349615,188.943,soft,176.941,57.376,True,ok,True
3. Gray Blight/gray_blight_00711.jpg,3. Gray Blight,1200,1600,382641,165.169,soft,175.988,55.471,True,ok,True
3. Gray Blight/gray_blight_00712.jpg,3. Gray Blight,1200,1600,304689,92.148,blurry,164.143,49.163,True,ok,True
3. Gray Blight/gray_blight_00713.jpg,3. Gray Blight,1200,1600,330972,76.039,blurry,165.42,46.635,True,ok,True
3. Gray Blight/gray_blight_00714.jpg,3. Gray Blight,1200,1600,299661,68.78,blurry,170.754,46.418,True,ok,True
3. Gray Blight/gray_blight_00715.jpg,3. Gray Blight,1200,1600,357783,82.834,blurry,168.861,43.736,True,ok,True
3. Gray Blight/gray_blight_00716.jpg,3. Gray Blight,1200,1600,366009,143.738,soft,162.816,61.299,True,ok,True
3. Gray Blight/gray_blight_00717.jpg,3. Gray Blight,1200,1600,363136,87.589,blurry,163.906,47.161,True,ok,True
3. Gray Blight/gray_blight_00718.jpg,3. Gray Blight,1200,1600,292398,158.347,soft,170.568,51.633,True,ok,True
3. Gray Blight/gray_blight_00719.jpg,3. Gray Blight,1200,1600,294755,86.441,blurry,177.455,45.214,True,ok,True
3. Gray Blight/gray_blight_00720.jpg,3. Gray Blight,1200,1600,284395,91.941,blurry,181.235,46.286,True,ok,True
3. Gray Blight/gray_blight_00721.jpg,3. Gray Blight,1200,1600,293351,121.973,soft,173.789,51.45,True,ok,True
3. Gray Blight/gray_blight_00722.jpg,3. Gray Blight,1200,1600,336270,73.174,blurry,167.704,32.807,True,ok,True
3. Gray Blight/gray_blight_00723.jpg,3. Gray Blight,1200,1600,313964,63.924,blurry,168.934,36.408,True,ok,True
3. Gray Blight/gray_blight_00724.jpg,3. Gray Blight,1200,1600,396737,98.962,blurry,185.487,46.092,True,ok,True
3. Gray Blight/gray_blight_00725.jpg,3. Gray Blight,1200,1600,344621,74.982,blurry,166.175,34.214,True,ok,True
3. Gray Blight/gray_blight_00726.jpg,3. Gray Blight,1200,1600,388448,94.014,blurry,189.134,40.047,True,ok,True
3. Gray Blight/gray_blight_00727.jpg,3. Gray Blight,1200,1600,348441,119.35,soft,169.8,39.066,True,ok,True
3. Gray Blight/gray_blight_00728.jpg,3. Gray Blight,1200,1600,291590,92.52,blurry,180.536,50.289,True,ok,True
3. Gray Blight/gray_blight_00729.jpg,3. Gray Blight,1200,1600,373706,124.925,soft,177.762,48.363,True,ok,True
3. Gray Blight/gray_blight_00730.jpg,3. Gray Blight,1200,1600,363798,80.875,blurry,171.588,55.321,True,ok,True
3. Gray Blight/gray_blight_00731.jpg,3. Gray Blight,1200,1600,327613,83.853,blurry,179.835,43.96,True,ok,True
3. Gray Blight/gray_blight_00732.jpg,3. Gray Blight,1200,1600,366790,87.909,blurry,188.795,44.865,True,ok,True
3. Gray Blight/gray_blight_00733.jpg,3. Gray Blight,1200,1600,328566,61.758,blurry,168.954,35.224,True,ok,True
3. Gray Blight/gray_blight_00734.jpg,3. Gray Blight,1200,1600,271178,62.353,blurry,170.352,44.457,True,ok,True
3. Gray Blight/gray_blight_00735.jpg,3. Gray Blight,1200,1600,230314,69.467,blurry,169.836,48.495,True,ok,True
3. Gray Blight/gray_blight_00736.jpg,3. Gray Blight,1200,1600,345041,107.958,soft,189.487,42.562,True,ok,True
3. Gray Blight/gray_blight_00737.jpg,3. Gray Blight,1200,1600,263253,58.898,blurry,169.018,36.276,True,ok,True
3. Gray Blight/gray_blight_00738.jpg,3. Gray Blight,1200,1600,352679,69.275,blurry,169.796,33.638,True,ok,True
3. Gray Blight/gray_blight_00739.jpg,3. Gray Blight,1200,1600,226385,78.916,blurry,178.334,45.23,True,ok,True
3. Gray Blight/gray_blight_00740.jpg,3. Gray Blight,1200,1600,248519,60.543,blurry,182.486,40.754,True,ok,True
3. Gray Blight/gray_blight_00741.jpg,3. Gray Blight,1200,1600,261054,50.258,blurry,169.58,30.353,True,ok,True
3. Gray Blight/gray_blight_00742.jpg,3. Gray Blight,1200,1600,272114,51.443,blurry,169.104,36.152,True,ok,True
3. Gray Blight/gray_blight_00743.jpg,3. Gray Blight,1200,1600,255589,52.732,blurry,163.135,39.235,True,ok,True
3. Gray Blight/gray_blight_00744.jpg,3. Gray Blight,1200,1600,254531,66.85,blurry,167.179,46.415,True,ok,True
3. Gray Blight/gray_blight_00745.jpg,3. Gray Blight,1200,1600,270649,89.758,blurry,177.127,53.52,True,ok,True
3. Gray Blight/gray_blight_00746.jpg,3. Gray Blight,1200,1600,335205,54.959,blurry,189.168,38.086,True,ok,True
3. Gray Blight/gray_blight_00747.jpg,3. Gray Blight,1200,1600,382544,95.363,blurry,189.527,32.237,True,ok,True
3. Gray Blight/gray_blight_00748.jpg,3. Gray Blight,1200,1600,344993,111.918,soft,189.865,36.985,True,ok,True
3. Gray Blight/gray_blight_00749.jpg,3. Gray Blight,1200,1600,418360,90.096,blurry,189.062,31.148,True,ok,True
3. Gray Blight/gray_blight_00750.jpg,3. Gray Blight,1200,1600,399570,107.255,soft,167.221,42.633,True,ok,True
3. Gray Blight/gray_blight_00751.jpg,3. Gray Blight,1200,1600,379170,76.393,blurry,165.447,49.235,True,ok,True
3. Gray Blight/gray_blight_00752.jpg,3. Gray Blight,1200,1600,301682,90.708,blurry,191.232,40.131,True,ok,True
3. Gray Blight/gray_blight_00753.jpg,3. Gray Blight,1200,1600,419376,76.018,blurry,169.724,34.533,True,ok,True
3. Gray Blight/gray_blight_00754.jpg,3. Gray Blight,1200,1600,361362,54.902,blurry,184.89,28.42,True,ok,True
3. Gray Blight/gray_blight_00755.jpg,3. Gray Blight,1200,1600,368266,52.22,blurry,170.891,26.522,True,ok,True
3. Gray Blight/gray_blight_00756.jpg,3. Gray Blight,1200,1600,234844,73.384,blurry,167.853,47.685,True,ok,True
3. Gray Blight/gray_blight_00757.jpg,3. Gray Blight,1200,1600,285556,83.646,blurry,170.133,45.393,True,ok,True
3. Gray Blight/gray_blight_00758.jpg,3. Gray Blight,1200,1600,270573,93.195,blurry,184.104,50.085,True,ok,True
3. Gray Blight/gray_blight_00759.jpg,3. Gray Blight,1200,1600,264397,54.118,blurry,163.682,41.724,True,ok,True
3. Gray Blight/gray_blight_00760.jpg,3. Gray Blight,1200,1600,264951,55.543,blurry,179.27,44.83,True,ok,True
3. Gray Blight/gray_blight_00761.jpg,3. Gray Blight,1200,1600,250541,42.39,blurry,173.716,32.216,True,ok,True
3. Gray Blight/gray_blight_00762.jpg,3. Gray Blight,1200,1600,312864,96.548,blurry,187.911,37.883,True,ok,True
3. Gray Blight/gray_blight_00763.jpg,3. Gray Blight,1200,1600,306768,78.818,blurry,162.086,45.853,True,ok,True
3. Gray Blight/gray_blight_00764.jpg,3. Gray Blight,1200,1600,263233,100.262,soft,165.084,58.661,True,ok,True
3. Gray Blight/gray_blight_00765.jpg,3. Gray Blight,1200,1600,291254,77.242,blurry,168.16,45.686,True,ok,True
3. Gray Blight/gray_blight_00766.jpg,3. Gray Blight,1200,1600,290299,90.558,blurry,179.248,52.132,True,ok,True
3. Gray Blight/gray_blight_00767.jpg,3. Gray Blight,1200,1600,361969,63.489,blurry,164.607,32.709,True,ok,True
3. Gray Blight/gray_blight_00768.jpg,3. Gray Blight,1200,1600,214443,55.658,blurry,171.105,48.439,True,ok,True
3. Gray Blight/gray_blight_00769.jpg,3. Gray Blight,1200,1600,276501,77.896,blurry,172.99,35.478,True,ok,True
3. Gray Blight/gray_blight_00770.jpg,3. Gray Blight,1200,1600,237262,53.254,blurry,195.72,31.891,True,ok,True
3. Gray Blight/gray_blight_00771.jpg,3. Gray Blight,1200,1600,299039,56.658,blurry,194.265,30.498,True,ok,True
3. Gray Blight/gray_blight_00772.jpg,3. Gray Blight,1200,1600,271270,68.875,blurry,167.617,48.691,True,ok,True
3. Gray Blight/gray_blight_00773.jpg,3. Gray Blight,1200,1600,287408,66.998,blurry,170.987,42.804,True,ok,True
3. Gray Blight/gray_blight_00774.jpg,3. Gray Blight,1200,900,127786,65.276,blurry,171.178,41.655,True,ok,True
3. Gray Blight/gray_blight_00775.jpg,3. Gray Blight,1200,1600,298363,79.963,blurry,173.604,34.096,True,ok,True
3. Gray Blight/gray_blight_00776.jpg,3. Gray Blight,1200,1600,341281,115.831,soft,171.113,47.449,True,ok,True
3. Gray Blight/gray_blight_00777.jpg,3. Gray Blight,1200,1600,347046,143.698,soft,156.228,44.975,True,ok,True
3. Gray Blight/gray_blight_00778.jpg,3. Gray Blight,1200,1600,269305,79.739,blurry,165.59,54.497,True,ok,True
3. Gray Blight/gray_blight_00779.jpg,3. Gray Blight,1200,1600,284364,78.145,blurry,171.162,44.27,True,ok,True
3. Gray Blight/gray_blight_00780.jpg,3. Gray Blight,1200,1600,381249,161.112,soft,163.472,47.436,True,ok,True
3. Gray Blight/gray_blight_00781.jpg,3. Gray Blight,1200,1600,289312,47.443,blurry,198.424,24.799,True,ok,True
3. Gray Blight/gray_blight_00782.jpg,3. Gray Blight,1200,1600,285047,36.76,blurry,197.872,26.26,True,ok,True
3. Gray Blight/gray_blight_00783.jpg,3. Gray Blight,1200,1600,272362,87.173,blurry,176.814,45.712,True,ok,True
3. Gray Blight/gray_blight_00784.jpg,3. Gray Blight,1200,1600,370931,95.158,blurry,164.591,32.0,True,ok,True
3. Gray Blight/gray_blight_00785.jpg,3. Gray Blight,1200,900,150336,93.73,blurry,175.149,35.443,True,ok,True
3. Gray Blight/gray_blight_00786.jpg,3. Gray Blight,1200,900,156291,75.294,blurry,176.014,36.261,True,ok,True
3. Gray Blight/gray_blight_00787.jpg,3. Gray Blight,1200,1600,278963,128.71,soft,170.738,55.964,True,ok,True
3. Gray Blight/gray_blight_00788.jpg,3. Gray Blight,1200,1600,324321,126.549,soft,157.14,44.339,True,ok,True
3. Gray Blight/gray_blight_00789.jpg,3. Gray Blight,1200,900,156028,65.641,blurry,178.814,35.246,True,ok,True
3. Gray Blight/gray_blight_00790.jpg,3. Gray Blight,1200,900,153981,48.708,blurry,174.377,35.692,True,ok,True
3. Gray Blight/gray_blight_00791.jpg,3. Gray Blight,1200,900,139814,41.618,blurry,175.183,31.527,True,ok,True
3. Gray Blight/gray_blight_00792.jpg,3. Gray Blight,1200,1600,262740,58.596,blurry,184.419,44.031,True,ok,True
3. Gray Blight/gray_blight_00793.jpg,3. Gray Blight,1200,1600,332004,70.818,blurry,163.134,33.887,True,ok,True
3. Gray Blight/gray_blight_00794.jpg,3. Gray Blight,1200,1600,243655,44.503,blurry,181.935,38.582,True,ok,True
3. Gray Blight/gray_blight_00795.jpg,3. Gray Blight,1200,1600,225799,39.152,blurry,181.859,38.025,True,ok,True
3. Gray Blight/gray_blight_00796.jpg,3. Gray Blight,1200,1600,262738,83.45,blurry,177.049,40.226,True,ok,True
3. Gray Blight/gray_blight_00797.jpg,3. Gray Blight,1200,1600,297815,63.373,blurry,160.844,40.254,True,ok,True
3. Gray Blight/gray_blight_00798.jpg,3. Gray Blight,1200,1600,316499,122.633,soft,162.216,60.872,True,ok,True
3. Gray Blight/gray_blight_00799.jpg,3. Gray Blight,1200,1600,261724,86.226,blurry,181.756,44.775,True,ok,True
3. Gray Blight/gray_blight_00800.jpg,3. Gray Blight,1200,1600,310060,73.004,blurry,167.259,42.049,True,ok,True
3. Gray Blight/gray_blight_00801.jpg,3. Gray Blight,1200,1600,222025,77.285,blurry,175.573,48.109,True,ok,True
3. Gray Blight/gray_blight_00802.jpg,3. Gray Blight,1200,900,174287,171.074,soft,159.805,58.098,True,ok,True
3. Gray Blight/gray_blight_00803.jpg,3. Gray Blight,1200,1600,340260,114.409,soft,163.033,54.294,True,ok,True
3. Gray Blight/gray_blight_00804.jpg,3. Gray Blight,1200,1600,304556,47.842,blurry,192.563,35.44,True,ok,True
3. Gray Blight/gray_blight_00805.jpg,3. Gray Blight,1200,1600,330428,65.441,blurry,192.365,40.202,True,ok,True
3. Gray Blight/gray_blight_00806.jpg,3. Gray Blight,1200,1600,311441,126.966,soft,159.879,65.579,True,ok,True
3. Gray Blight/gray_blight_00807.jpg,3. Gray Blight,1200,1600,328355,102.313,soft,166.89,52.626,True,ok,True
3. Gray Blight/gray_blight_00808.jpg,3. Gray Blight,1200,1600,287567,53.58,blurry,160.223,40.123,True,ok,True
3. Gray Blight/gray_blight_00809.jpg,3. Gray Blight,1200,1600,243694,56.672,blurry,171.851,54.34,True,ok,True
3. Gray Blight/gray_blight_00810.jpg,3. Gray Blight,1200,1600,214629,42.441,blurry,173.83,49.355,True,ok,True
3. Gray Blight/gray_blight_00811.jpg,3. Gray Blight,1200,1600,299385,38.53,blurry,162.074,30.448,True,ok,True
3. Gray Blight/gray_blight_00812.jpg,3. Gray Blight,1200,1600,298404,76.185,blurry,183.306,41.42,True,ok,True
3. Gray Blight/gray_blight_00813.jpg,3. Gray Blight,1200,1600,296687,72.875,blurry,167.089,48.098,True,ok,True
3. Gray Blight/gray_blight_00814.jpg,3. Gray Blight,1200,1600,355573,82.673,blurry,167.802,49.184,True,ok,True
3. Gray Blight/gray_blight_00815.jpg,3. Gray Blight,1200,1600,221974,51.531,blurry,170.541,52.942,True,ok,True
3. Gray Blight/gray_blight_00816.jpg,3. Gray Blight,1200,1600,298075,67.121,blurry,157.454,35.973,True,ok,True
3. Gray Blight/gray_blight_00817.jpg,3. Gray Blight,1200,1600,273118,72.519,blurry,183.483,43.775,True,ok,True
3. Gray Blight/gray_blight_00818.jpg,3. Gray Blight,1200,1600,345575,63.257,blurry,160.646,33.727,True,ok,True
3. Gray Blight/gray_blight_00819.jpg,3. Gray Blight,1200,1600,235938,71.832,blurry,173.515,51.548,True,ok,True
3. Gray Blight/gray_blight_00820.jpg,3. Gray Blight,1200,1600,299824,96.618,blurry,185.404,47.652,True,ok,True
3. Gray Blight/gray_blight_00821.jpg,3. Gray Blight,1200,1600,272248,71.486,blurry,182.975,35.987,True,ok,True
3. Gray Blight/gray_blight_00822.jpg,3. Gray Blight,1200,1600,267456,89.149,blurry,171.728,56.671,True,ok,True
3. Gray Blight/gray_blight_00823.jpg,3. Gray Blight,1200,1600,316083,75.615,blurry,186.931,35.628,True,ok,True
3. Gray Blight/gray_blight_00824.jpg,3. Gray Blight,1200,1600,285669,39.535,blurry,187.273,23.884,True,ok,True
3. Gray Blight/gray_blight_00825.jpg,3. Gray Blight,1200,1600,304107,82.377,blurry,173.029,45.96,True,ok,True
3. Gray Blight/gray_blight_00826.jpg,3. Gray Blight,1200,1600,278473,43.664,blurry,186.832,34.804,True,ok,True
3. Gray Blight/gray_blight_00827.jpg,3. Gray Blight,1200,1600,288330,63.661,blurry,170.865,49.083,True,ok,True
3. Gray Blight/gray_blight_00828.jpg,3. Gray Blight,1200,1600,316907,78.924,blurry,177.404,43.784,True,ok,True
3. Gray Blight/gray_blight_00829.jpg,3. Gray Blight,1200,1600,238880,91.526,blurry,178.605,34.96,True,ok,True
3. Gray Blight/gray_blight_00830.jpg,3. Gray Blight,1200,1600,306466,76.98,blurry,175.835,42.497,True,ok,True
3. Gray Blight/gray_blight_00831.jpg,3. Gray Blight,1200,1600,288678,46.828,blurry,153.393,37.325,True,ok,True
3. Gray Blight/gray_blight_00832.jpg,3. Gray Blight,1200,1600,337378,66.628,blurry,156.909,33.256,True,ok,True
3. Gray Blight/gray_blight_00833.jpg,3. Gray Blight,1200,1600,278333,60.194,blurry,195.684,30.526,True,ok,True
3. Gray Blight/gray_blight_00834.jpg,3. Gray Blight,1200,1600,378106,60.055,blurry,197.74,26.936,True,ok,True
3. Gray Blight/gray_blight_00835.jpg,3. Gray Blight,1200,1600,357355,66.926,blurry,182.747,37.836,True,ok,True
3. Gray Blight/gray_blight_00836.jpg,3. Gray Blight,1200,1600,299072,53.4,blurry,171.902,38.749,True,ok,True
3. Gray Blight/gray_blight_00837.jpg,3. Gray Blight,1200,1600,226977,64.95,blurry,191.158,30.745,True,ok,True
3. Gray Blight/gray_blight_00838.jpg,3. Gray Blight,1200,900,150618,54.731,blurry,167.943,35.89,True,ok,True
3. Gray Blight/gray_blight_00839.jpg,3. Gray Blight,1200,900,179200,47.715,blurry,163.855,32.278,True,ok,True
3. Gray Blight/gray_blight_00840.jpg,3. Gray Blight,1200,900,189134,85.007,blurry,160.857,52.568,True,ok,True
3. Gray Blight/gray_blight_00841.jpg,3. Gray Blight,1200,900,170784,69.641,blurry,157.576,48.362,True,ok,True
3. Gray Blight/gray_blight_00842.jpg,3. Gray Blight,1200,1600,287522,65.428,blurry,167.779,48.024,True,ok,True
3. Gray Blight/gray_blight_00843.jpg,3. Gray Blight,1200,1600,325636,70.354,blurry,193.869,30.627,True,ok,True
3. Gray Blight/gray_blight_00844.jpg,3. Gray Blight,1200,900,163247,57.799,blurry,174.413,40.183,True,ok,True
3. Gray Blight/gray_blight_00845.jpg,3. Gray Blight,1200,900,152722,53.154,blurry,170.285,36.206,True,ok,True
3. Gray Blight/gray_blight_00846.jpg,3. Gray Blight,1200,900,164846,54.23,blurry,172.87,30.244,True,ok,True
3. Gray Blight/gray_blight_00847.jpg,3. Gray Blight,1200,900,233486,163.188,soft,183.313,60.595,True,ok,True
3. Gray Blight/gray_blight_00848.jpg,3. Gray Blight,1200,1600,254560,85.782,blurry,177.997,60.474,True,ok,True
3. Gray Blight/gray_blight_00849.jpg,3. Gray Blight,1200,1600,423333,225.25,soft,181.352,52.108,True,ok,True
3. Gray Blight/gray_blight_00850.jpg,3. Gray Blight,1200,1600,369837,250.955,soft,162.973,51.846,True,ok,True
3. Gray Blight/gray_blight_00851.jpg,3. Gray Blight,1200,1600,351988,116.122,soft,154.187,47.673,True,ok,True
3. Gray Blight/gray_blight_00852.jpg,3. Gray Blight,1200,1600,270081,86.114,blurry,155.32,56.389,True,ok,True
3. Gray Blight/gray_blight_00853.jpg,3. Gray Blight,1200,1600,370462,102.185,soft,158.674,47.735,True,ok,True
3. Gray Blight/gray_blight_00854.jpg,3. Gray Blight,1200,1600,315795,105.661,soft,168.178,46.751,True,ok,True
3. Gray Blight/gray_blight_00855.jpg,3. Gray Blight,1200,1600,336169,126.999,soft,147.983,68.573,True,ok,True
3. Gray Blight/gray_blight_00856.jpg,3. Gray Blight,1200,1600,335402,193.668,soft,148.62,67.908,True,ok,True
3. Gray Blight/gray_blight_00857.jpg,3. Gray Blight,1200,1600,411468,218.039,soft,165.855,50.929,True,ok,True
3. Gray Blight/gray_blight_00858.jpg,3. Gray Blight,1200,1600,439383,221.63,soft,157.589,54.292,True,ok,True
3. Gray Blight/gray_blight_00859.jpg,3. Gray Blight,1200,1600,446178,169.393,soft,158.721,54.462,True,ok,True
3. Gray Blight/gray_blight_00860.jpg,3. Gray Blight,1200,1600,372702,203.934,soft,143.891,49.733,True,ok,True
3. Gray Blight/gray_blight_00861.jpg,3. Gray Blight,1200,1600,302097,134.517,soft,137.542,65.236,True,ok,True
3. Gray Blight/gray_blight_00862.jpg,3. Gray Blight,1200,1600,332526,159.529,soft,150.179,69.838,True,ok,True
3. Gray Blight/gray_blight_00863.jpg,3. Gray Blight,1200,900,143697,88.017,blurry,174.721,37.824,True,ok,True
3. Gray Blight/gray_blight_00864.jpg,3. Gray Blight,1200,900,131038,78.495,blurry,176.581,38.899,True,ok,True
3. Gray Blight/gray_blight_00865.jpg,3. Gray Blight,1200,1600,345746,215.26,soft,140.258,71.611,True,ok,True
3. Gray Blight/gray_blight_00866.jpg,3. Gray Blight,1200,900,142087,67.558,blurry,170.555,38.178,True,ok,True
3. Gray Blight/gray_blight_00867.jpg,3. Gray Blight,1200,1600,342207,216.05,soft,131.62,75.42,True,ok,True
3. Gray Blight/gray_blight_00868.jpg,3. Gray Blight,1200,900,151851,72.941,blurry,172.641,39.987,True,ok,True
3. Gray Blight/gray_blight_00869.jpg,3. Gray Blight,1200,1600,425240,227.448,soft,158.269,60.087,True,ok,True
3. Gray Blight/gray_blight_00870.jpg,3. Gray Blight,1200,1600,343683,164.864,soft,140.145,55.315,True,ok,True
3. Gray Blight/gray_blight_00871.jpg,3. Gray Blight,1200,1600,243544,71.702,blurry,174.119,40.013,True,ok,True
3. Gray Blight/gray_blight_00872.jpg,3. Gray Blight,1200,900,147678,85.677,blurry,167.917,55.989,True,ok,True
3. Gray Blight/gray_blight_00873.jpg,3. Gray Blight,1200,1600,259673,82.606,blurry,174.091,37.091,True,ok,True
3. Gray Blight/gray_blight_00874.jpg,3. Gray Blight,1200,1600,253186,72.037,blurry,173.212,36.238,True,ok,True
3. Gray Blight/gray_blight_00875.jpg,3. Gray Blight,1200,1600,327453,129.885,soft,140.992,44.635,True,ok,True
3. Gray Blight/gray_blight_00876.jpg,3. Gray Blight,1200,1600,338288,170.24,soft,152.174,44.035,True,ok,True
3. Gray Blight/gray_blight_00877.jpg,3. Gray Blight,1200,1600,284249,94.321,blurry,172.114,43.339,True,ok,True
3. Gray Blight/gray_blight_00878.jpg,3. Gray Blight,1200,900,149361,94.655,blurry,175.266,44.596,True,ok,True
3. Gray Blight/gray_blight_00879.jpg,3. Gray Blight,1200,1600,280177,204.474,soft,139.34,77.712,True,ok,True
3. Gray Blight/gray_blight_00880.jpg,3. Gray Blight,1200,1600,263039,74.584,blurry,172.1,38.394,True,ok,True
3. Gray Blight/gray_blight_00881.jpg,3. Gray Blight,1200,1600,280310,80.89,blurry,172.731,39.511,True,ok,True
3. Gray Blight/gray_blight_00882.jpg,3. Gray Blight,1200,1600,326631,218.45,soft,129.323,74.546,True,ok,True
3. Gray Blight/gray_blight_00883.jpg,3. Gray Blight,1200,1600,383460,170.287,soft,168.156,55.912,True,ok,True
3. Gray Blight/gray_blight_00884.jpg,3. Gray Blight,1200,1600,383653,160.366,soft,140.238,55.747,True,ok,True
3. Gray Blight/gray_blight_00885.jpg,3. Gray Blight,1200,1600,327873,164.253,soft,162.861,52.505,True,ok,True
3. Gray Blight/gray_blight_00886.jpg,3. Gray Blight,1200,1600,289022,123.186,soft,170.863,47.99,True,ok,True
3. Gray Blight/gray_blight_00887.jpg,3. Gray Blight,1200,1600,269543,75.432,blurry,142.154,39.774,True,ok,True
3. Gray Blight/gray_blight_00888.jpg,3. Gray Blight,1200,1600,428219,157.951,soft,164.065,52.607,True,ok,True
3. Gray Blight/gray_blight_00889.jpg,3. Gray Blight,1200,1600,302167,135.098,soft,144.143,55.115,True,ok,True
3. Gray Blight/gray_blight_00890.jpg,3. Gray Blight,1200,1600,363025,154.347,soft,159.617,54.496,True,ok,True
3. Gray Blight/gray_blight_00891.jpg,3. Gray Blight,1200,1600,288730,136.274,soft,131.341,68.442,True,ok,True
3. Gray Blight/gray_blight_00892.jpg,3. Gray Blight,1200,1600,289125,140.415,soft,134.345,65.622,True,ok,True
3. Gray Blight/gray_blight_00893.jpg,3. Gray Blight,1200,1600,274219,95.584,blurry,170.534,61.176,True,ok,True
3. Gray Blight/gray_blight_00894.jpg,3. Gray Blight,1200,1600,205999,67.905,blurry,138.797,54.311,True,ok,True
3. Gray Blight/gray_blight_00895.jpg,3. Gray Blight,1200,1600,292836,83.984,blurry,144.824,43.548,True,ok,True
3. Gray Blight/gray_blight_00896.jpg,3. Gray Blight,1200,1600,290264,141.414,soft,171.037,54.385,True,ok,True
3. Gray Blight/gray_blight_00897.jpg,3. Gray Blight,1200,1600,278484,122.62,soft,181.807,49.999,True,ok,True
3. Gray Blight/gray_blight_00898.jpg,3. Gray Blight,1200,1600,305124,80.727,blurry,182.915,42.942,True,ok,True
3. Gray Blight/gray_blight_00899.jpg,3. Gray Blight,1200,1600,279556,82.689,blurry,183.191,44.668,True,ok,True
3. Gray Blight/gray_blight_00900.jpg,3. Gray Blight,1200,1600,277274,98.819,blurry,185.128,46.434,True,ok,True
3. Gray Blight/gray_blight_00901.jpg,3. Gray Blight,1200,1600,233620,77.283,blurry,188.225,44.65,True,ok,True
3. Gray Blight/gray_blight_00902.jpg,3. Gray Blight,1200,1600,262434,128.629,soft,189.616,43.922,True,ok,True
3. Gray Blight/gray_blight_00903.jpg,3. Gray Blight,1200,1600,287043,117.526,soft,167.179,58.569,True,ok,True
3. Gray Blight/gray_blight_00904.jpg,3. Gray Blight,1200,1600,307559,99.834,blurry,149.756,48.2,True,ok,True
3. Gray Blight/gray_blight_00905.jpg,3. Gray Blight,1200,1600,218988,69.199,blurry,191.534,42.814,True,ok,True
3. Gray Blight/gray_blight_00906.jpg,3. Gray Blight,1200,1600,242685,75.918,blurry,178.424,43.208,True,ok,True
3. Gray Blight/gray_blight_00907.jpg,3. Gray Blight,1200,1600,222247,71.255,blurry,183.373,41.895,True,ok,True
3. Gray Blight/gray_blight_00908.jpg,3. Gray Blight,1200,1600,273648,141.097,soft,184.858,45.852,True,ok,True
3. Gray Blight/gray_blight_00909.jpg,3. Gray Blight,1200,1600,265858,143.102,soft,187.269,42.228,True,ok,True
3. Gray Blight/gray_blight_00910.jpg,3. Gray Blight,1200,1600,239546,61.184,blurry,186.837,44.776,True,ok,True
3. Gray Blight/gray_blight_00911.jpg,3. Gray Blight,1200,1600,295752,94.941,blurry,146.97,43.176,True,ok,True
3. Gray Blight/gray_blight_00912.jpg,3. Gray Blight,1200,1600,304946,125.243,soft,137.857,52.77,True,ok,True
3. Gray Blight/gray_blight_00913.jpg,3. Gray Blight,1200,1600,258071,92.402,blurry,173.306,65.551,True,ok,True
3. Gray Blight/gray_blight_00914.jpg,3. Gray Blight,1200,1600,309924,122.87,soft,158.808,67.715,True,ok,True
3. Gray Blight/gray_blight_00915.jpg,3. Gray Blight,1200,1600,276800,124.217,soft,149.285,68.919,True,ok,True
3. Gray Blight/gray_blight_00916.jpg,3. Gray Blight,1200,1600,318573,116.564,soft,139.651,46.255,True,ok,True
3. Gray Blight/gray_blight_00917.jpg,3. Gray Blight,1200,1600,367185,173.503,soft,139.409,56.567,True,ok,True
3. Gray Blight/gray_blight_00918.jpg,3. Gray Blight,1200,1600,313724,140.515,soft,144.183,53.442,True,ok,True
3. Gray Blight/gray_blight_00919.jpg,3. Gray Blight,1200,1600,293773,228.835,soft,150.478,56.255,True,ok,True
3. Gray Blight/gray_blight_00920.jpg,3. Gray Blight,1200,1600,344178,211.499,soft,184.501,45.484,True,ok,True
3. Gray Blight/gray_blight_00921.jpg,3. Gray Blight,1200,1600,333612,126.321,soft,145.98,44.619,True,ok,True
3. Gray Blight/gray_blight_00922.jpg,3. Gray Blight,1200,1600,284271,152.194,soft,170.414,63.841,True,ok,True
3. Gray Blight/gray_blight_00923.jpg,3. Gray Blight,1200,1600,261053,121.491,soft,144.09,55.38,True,ok,True
3. Gray Blight/gray_blight_00924.jpg,3. Gray Blight,1200,1600,329416,131.241,soft,150.323,46.997,True,ok,True
3. Gray Blight/gray_blight_00925.jpg,3. Gray Blight,1200,1600,302447,126.314,soft,141.97,41.446,True,ok,True
3. Gray Blight/gray_blight_00926.jpg,3. Gray Blight,1200,1600,298512,185.625,soft,174.663,58.466,True,ok,True
3. Gray Blight/gray_blight_00927.jpg,3. Gray Blight,1200,1600,298441,167.969,soft,175.807,47.04,True,ok,True
3. Gray Blight/gray_blight_00928.jpg,3. Gray Blight,1200,1600,301015,141.555,soft,178.462,47.178,True,ok,True
3. Gray Blight/gray_blight_00929.jpg,3. Gray Blight,1200,1600,324905,117.668,soft,179.806,45.246,True,ok,True
3. Gray Blight/gray_blight_00930.jpg,3. Gray Blight,1200,1600,308287,121.118,soft,183.012,42.619,True,ok,True
3. Gray Blight/gray_blight_00931.jpg,3. Gray Blight,1200,1600,241921,95.836,blurry,179.038,54.257,True,ok,True
3. Gray Blight/gray_blight_00932.jpg,3. Gray Blight,1200,1600,310846,234.781,soft,163.123,64.747,True,ok,True
3. Gray Blight/gray_blight_00933.jpg,3. Gray Blight,1200,1600,388214,301.026,sharp,139.155,55.694,True,ok,True
3. Gray Blight/gray_blight_00934.jpg,3. Gray Blight,1200,1600,257593,111.848,soft,178.026,48.859,True,ok,True
3. Gray Blight/gray_blight_00935.jpg,3. Gray Blight,1200,1600,235948,90.598,blurry,185.828,45.929,True,ok,True
3. Gray Blight/gray_blight_00936.jpg,3. Gray Blight,1200,1600,328324,159.128,soft,183.652,43.419,True,ok,True
3. Gray Blight/gray_blight_00937.jpg,3. Gray Blight,1200,1600,285257,142.559,soft,179.289,46.517,True,ok,True
3. Gray Blight/gray_blight_00938.jpg,3. Gray Blight,1200,1600,267075,96.466,blurry,174.553,46.472,True,ok,True
3. Gray Blight/gray_blight_00939.jpg,3. Gray Blight,1200,1600,232155,117.772,soft,175.769,58.447,True,ok,True
3. Gray Blight/gray_blight_00940.jpg,3. Gray Blight,1200,1600,334771,185.294,soft,164.47,58.842,True,ok,True
3. Gray Blight/gray_blight_00941.jpg,3. Gray Blight,1200,1600,280914,199.524,soft,149.054,73.156,True,ok,True
3. Gray Blight/gray_blight_00942.jpg,3. Gray Blight,1200,1600,345574,174.301,soft,165.083,61.473,True,ok,True
3. Gray Blight/gray_blight_00943.jpg,3. Gray Blight,1200,900,128893,52.572,blurry,175.018,32.594,True,ok,True
3. Gray Blight/gray_blight_00944.jpg,3. Gray Blight,1200,1600,245119,63.556,blurry,169.586,37.99,True,ok,True
3. Gray Blight/gray_blight_00945.jpg,3. Gray Blight,1200,1600,238104,47.427,blurry,175.58,30.346,True,ok,True
3. Gray Blight/gray_blight_00946.jpg,3. Gray Blight,1200,1600,236095,51.772,blurry,173.486,33.979,True,ok,True
3. Gray Blight/gray_blight_00947.jpg,3. Gray Blight,1200,1600,331171,161.437,soft,158.448,67.308,True,ok,True
3. Gray Blight/gray_blight_00948.jpg,3. Gray Blight,1200,1600,298054,117.289,soft,161.421,62.333,True,ok,True
3. Gray Blight/gray_blight_00949.jpg,3. Gray Blight,1200,1600,292407,96.363,blurry,143.414,45.348,True,ok,True
3. Gray Blight/gray_blight_00950.jpg,3. Gray Blight,1200,1600,284995,84.264,blurry,141.418,48.4,True,ok,True
3. Gray Blight/gray_blight_00951.jpg,3. Gray Blight,1200,1600,262076,72.99,blurry,169.281,46.337,True,ok,True
3. Gray Blight/gray_blight_00952.jpg,3. Gray Blight,1200,1600,285494,83.351,blurry,170.249,51.095,True,ok,True
3. Gray Blight/gray_blight_00953.jpg,3. Gray Blight,1200,1600,280494,90.304,blurry,173.009,42.123,True,ok,True
3. Gray Blight/gray_blight_00954.jpg,3. Gray Blight,1200,1600,286471,84.517,blurry,170.939,42.653,True,ok,True
3. Gray Blight/gray_blight_00955.jpg,3. Gray Blight,1200,1600,268585,81.677,blurry,174.062,42.308,True,ok,True
3. Gray Blight/gray_blight_00956.jpg,3. Gray Blight,1200,1600,272854,96.774,blurry,175.429,45.014,True,ok,True
3. Gray Blight/gray_blight_00957.jpg,3. Gray Blight,1200,1600,253997,62.521,blurry,171.567,36.178,True,ok,True
3. Gray Blight/gray_blight_00958.jpg,3. Gray Blight,1200,1600,266555,71.82,blurry,173.933,38.828,True,ok,True
3. Gray Blight/gray_blight_00959.jpg,3. Gray Blight,1200,1600,241154,119.781,soft,192.241,46.305,True,ok,True
3. Gray Blight/gray_blight_00960.jpg,3. Gray Blight,1200,1600,229708,102.045,soft,192.187,45.111,True,ok,True
3. Gray Blight/gray_blight_00961.jpg,3. Gray Blight,1200,1600,233814,65.809,blurry,192.155,36.463,True,ok,True
3. Gray Blight/gray_blight_00962.jpg,3. Gray Blight,1200,1600,247628,97.014,blurry,190.309,39.318,True,ok,True
3. Gray Blight/gray_blight_00963.jpg,3. Gray Blight,1200,900,161573,128.23,soft,177.802,42.676,True,ok,True
3. Gray Blight/gray_blight_00964.jpg,3. Gray Blight,1200,900,155094,139.516,soft,176.643,45.522,True,ok,True
3. Gray Blight/gray_blight_00965.jpg,3. Gray Blight,1200,1600,298672,165.059,soft,175.517,44.228,True,ok,True
3. Gray Blight/gray_blight_00966.jpg,3. Gray Blight,1200,1600,311828,179.59,soft,175.464,44.68,True,ok,True
3. Gray Blight/gray_blight_00967.jpg,3. Gray Blight,1200,900,164294,75.953,blurry,169.762,46.126,True,ok,True
3. Gray Blight/gray_blight_00968.jpg,3. Gray Blight,1200,900,155809,82.054,blurry,173.536,48.865,True,ok,True
3. Gray Blight/gray_blight_00969.jpg,3. Gray Blight,1200,900,155663,69.023,blurry,173.621,39.304,True,ok,True
3. Gray Blight/gray_blight_00970.jpg,3. Gray Blight,1200,900,147833,61.258,blurry,174.93,37.646,True,ok,True
3. Gray Blight/gray_blight_00971.jpg,3. Gray Blight,1200,900,152932,64.887,blurry,176.346,37.058,True,ok,True
3. Gray Blight/gray_blight_00972.jpg,3. Gray Blight,1200,1600,237830,92.405,blurry,184.382,52.062,True,ok,True
3. Gray Blight/gray_blight_00973.jpg,3. Gray Blight,1200,1600,227027,86.255,blurry,185.765,51.821,True,ok,True
3. Gray Blight/gray_blight_00974.jpg,3. Gray Blight,1200,1600,292957,97.54,blurry,189.942,39.839,True,ok,True
3. Gray Blight/gray_blight_00975.jpg,3. Gray Blight,1200,1600,252487,101.847,soft,186.397,49.114,True,ok,True
3. Gray Blight/gray_blight_00976.jpg,3. Gray Blight,1200,1600,248812,96.807,blurry,185.632,42.642,True,ok,True
3. Gray Blight/gray_blight_00977.jpg,3. Gray Blight,1200,1600,266282,117.399,soft,181.437,51.462,True,ok,True
3. Gray Blight/gray_blight_00978.jpg,3. Gray Blight,1200,900,141768,54.41,blurry,174.416,35.894,True,ok,True
3. Gray Blight/gray_blight_00979.jpg,3. Gray Blight,1200,900,142192,59.867,blurry,173.405,36.325,True,ok,True
3. Gray Blight/gray_blight_00980.jpg,3. Gray Blight,1200,900,159893,57.744,blurry,172.882,37.573,True,ok,True
3. Gray Blight/gray_blight_00981.jpg,3. Gray Blight,1200,900,143170,51.25,blurry,178.048,29.419,True,ok,True
3. Gray Blight/gray_blight_00982.jpg,3. Gray Blight,1200,1600,256105,123.536,soft,185.095,45.251,True,ok,True
3. Gray Blight/gray_blight_00983.jpg,3. Gray Blight,1200,1600,253586,103.419,soft,181.69,46.538,True,ok,True
3. Gray Blight/gray_blight_00984.jpg,3. Gray Blight,1200,1600,238566,112.203,soft,183.232,53.149,True,ok,True
3. Gray Blight/gray_blight_00985.jpg,3. Gray Blight,1200,1600,265287,132.496,soft,174.059,60.288,True,ok,True
3. Gray Blight/gray_blight_00986.jpg,3. Gray Blight,1200,1600,275646,99.439,blurry,145.082,46.634,True,ok,True
3. Gray Blight/gray_blight_00987.jpg,3. Gray Blight,1200,900,151315,124.671,soft,171.375,58.563,True,ok,True
3. Gray Blight/gray_blight_00988.jpg,3. Gray Blight,1200,900,168761,105.747,soft,168.535,45.932,True,ok,True
3. Gray Blight/gray_blight_00989.jpg,3. Gray Blight,1200,1600,249218,91.759,blurry,190.955,39.889,True,ok,True
3. Gray Blight/gray_blight_00990.jpg,3. Gray Blight,1200,1600,210536,90.742,blurry,187.013,42.431,True,ok,True
3. Gray Blight/gray_blight_00991.jpg,3. Gray Blight,1200,1600,198594,85.47,blurry,185.409,49.792,True,ok,True
3. Gray Blight/gray_blight_00992.jpg,3. Gray Blight,1200,1600,210447,63.355,blurry,181.151,51.761,True,ok,True
3. Gray Blight/gray_blight_00993.jpg,3. Gray Blight,1200,900,140269,56.083,blurry,177.011,39.094,True,ok,True
3. Gray Blight/gray_blight_00994.jpg,3. Gray Blight,1200,900,142190,47.96,blurry,176.414,32.28,True,ok,True
3. Gray Blight/gray_blight_00995.jpg,3. Gray Blight,1200,900,153535,101.31,soft,170.578,52.203,True,ok,True
3. Gray Blight/gray_blight_00996.jpg,3. Gray Blight,1200,1600,230068,163.068,soft,162.418,66.342,True,ok,True
3. Gray Blight/gray_blight_00997.jpg,3. Gray Blight,1200,1600,297463,158.842,soft,165.951,64.399,True,ok,True
3. Gray Blight/gray_blight_00998.jpg,3. Gray Blight,1200,1600,335714,159.61,soft,157.291,50.304,True,ok,True
3. Gray Blight/gray_blight_00999.jpg,3. Gray Blight,1200,1600,262875,77.052,blurry,187.063,51.188,True,ok,True
3. Gray Blight/gray_blight_01000.jpg,3. Gray Blight,1200,1600,230634,131.268,soft,178.972,56.589,True,ok,True
3. Gray Blight/gray_blight_01001.jpg,3. Gray Blight,1200,1600,202371,130.281,soft,180.922,47.992,True,ok,True
3. Gray Blight/gray_blight_01002.jpg,3. Gray Blight,1200,1600,252568,104.788,soft,185.864,45.722,True,ok,True
3. Gray Blight/gray_blight_01003.jpg,3. Gray Blight,1200,1600,236406,69.49,blurry,191.735,35.441,True,ok,True
3. Gray Blight/gray_blight_01004.jpg,3. Gray Blight,1200,1600,251063,95.928,blurry,187.769,50.89,True,ok,True
3. Gray Blight/gray_blight_01005.jpg,3. Gray Blight,1200,1600,276556,74.832,blurry,196.002,35.319,True,ok,True
3. Gray Blight/gray_blight_01006.jpg,3. Gray Blight,1200,1600,289284,103.115,soft,188.164,45.388,True,ok,True
3. Gray Blight/gray_blight_01007.jpg,3. Gray Blight,1200,1600,273137,75.688,blurry,194.336,34.806,True,ok,True
3. Gray Blight/gray_blight_01008.jpg,3. Gray Blight,1200,1600,233186,102.336,soft,190.42,39.381,True,ok,True
3. Gray Blight/gray_blight_01009.jpg,3. Gray Blight,1200,1600,276901,80.181,blurry,195.268,31.388,True,ok,True
3. Gray Blight/gray_blight_01010.jpg,3. Gray Blight,1200,1600,315568,111.286,soft,188.377,36.734,True,ok,True
3. Gray Blight/gray_blight_01011.jpg,3. Gray Blight,1200,1600,294898,98.636,blurry,184.65,43.152,True,ok,True
3. Gray Blight/gray_blight_01012.jpg,3. Gray Blight,1200,1600,298443,95.017,blurry,185.339,43.862,True,ok,True
3. Gray Blight/gray_blight_01013.jpg,3. Gray Blight,1200,1600,308553,122.966,soft,168.547,36.329,True,ok,True
4. Helopeltis/helopeltis_00001.jpg,4. Helopeltis,1200,1594,280484,28.955,blurry,187.867,31.562,True,ok,True
4. Helopeltis/helopeltis_00002.jpg,4. Helopeltis,1200,1594,334413,53.174,blurry,192.362,28.835,True,ok,True
4. Helopeltis/helopeltis_00003.jpg,4. Helopeltis,1200,1594,298032,42.509,blurry,190.387,29.021,True,ok,True
4. Helopeltis/helopeltis_00004.jpg,4. Helopeltis,1200,1594,270203,49.78,blurry,191.852,26.106,True,ok,True
4. Helopeltis/helopeltis_00005.jpg,4. Helopeltis,1200,1594,309262,53.111,blurry,193.051,25.676,True,ok,True
4. Helopeltis/helopeltis_00006.jpg,4. Helopeltis,1200,1594,323146,50.575,blurry,191.784,22.668,True,ok,True
4. Helopeltis/helopeltis_00007.jpg,4. Helopeltis,1200,1594,361077,56.366,blurry,180.239,20.904,True,ok,True
4. Helopeltis/helopeltis_00008.jpg,4. Helopeltis,1200,904,156891,22.31,blurry,195.311,24.121,True,ok,True
4. Helopeltis/helopeltis_00009.jpg,4. Helopeltis,1200,904,160692,26.505,blurry,179.086,19.262,True,ok,True
4. Helopeltis/helopeltis_00010.jpg,4. Helopeltis,1200,1594,310524,25.719,blurry,177.074,23.796,True,ok,True
4. Helopeltis/helopeltis_00011.jpg,4. Helopeltis,1200,1594,198655,26.265,blurry,187.669,23.339,True,ok,True
4. Helopeltis/helopeltis_00012.jpg,4. Helopeltis,1200,904,168934,44.346,blurry,200.36,40.794,True,ok,True
4. Helopeltis/helopeltis_00013.jpg,4. Helopeltis,1200,904,200152,41.527,blurry,197.79,34.152,True,ok,True
4. Helopeltis/helopeltis_00014.jpg,4. Helopeltis,1200,1594,311851,79.217,blurry,201.365,43.138,True,ok,True
4. Helopeltis/helopeltis_00015.jpg,4. Helopeltis,1200,1594,361148,75.514,blurry,186.22,27.828,True,ok,True
4. Helopeltis/helopeltis_00016.jpg,4. Helopeltis,1200,1594,326194,37.062,blurry,186.028,28.927,True,ok,True
4. Helopeltis/helopeltis_00017.jpg,4. Helopeltis,1200,1594,331811,33.71,blurry,188.203,25.914,True,ok,True
4. Helopeltis/helopeltis_00018.jpg,4. Helopeltis,1200,1594,308606,29.54,blurry,191.028,28.558,True,ok,True
4. Helopeltis/helopeltis_00019.jpg,4. Helopeltis,1200,1594,306258,26.483,blurry,179.405,20.03,True,ok,True
4. Helopeltis/helopeltis_00020.jpg,4. Helopeltis,1200,904,190280,26.755,blurry,189.524,25.295,True,ok,True
4. Helopeltis/helopeltis_00021.jpg,4. Helopeltis,1200,904,151548,25.224,blurry,185.665,20.683,True,ok,True
4. Helopeltis/helopeltis_00022.jpg,4. Helopeltis,1200,904,171941,25.642,blurry,175.331,17.636,True,ok,True
4. Helopeltis/helopeltis_00023.jpg,4. Helopeltis,1200,904,142295,22.422,blurry,177.781,19.131,True,ok,True
4. Helopeltis/helopeltis_00024.jpg,4. Helopeltis,1200,1594,262980,50.736,blurry,176.993,33.526,True,ok,True
4. Helopeltis/helopeltis_00025.jpg,4. Helopeltis,1200,1594,280333,36.073,blurry,155.771,25.086,True,ok,True
4. Helopeltis/helopeltis_00026.jpg,4. Helopeltis,1200,1594,207391,25.074,blurry,181.789,24.658,True,ok,True
4. Helopeltis/helopeltis_00027.jpg,4. Helopeltis,1200,1594,286145,36.13,blurry,154.919,30.393,True,ok,True
4. Helopeltis/helopeltis_00028.jpg,4. Helopeltis,1200,1594,307695,27.013,blurry,150.62,28.778,True,ok,True
4. Helopeltis/helopeltis_00029.jpg,4. Helopeltis,1200,1594,295172,25.68,blurry,155.564,25.83,True,ok,True
4. Helopeltis/helopeltis_00030.jpg,4. Helopeltis,1200,1594,304083,31.911,blurry,155.084,25.556,True,ok,True
4. Helopeltis/helopeltis_00031.jpg,4. Helopeltis,1200,1594,248835,34.679,blurry,175.553,34.497,True,ok,True
4. Helopeltis/helopeltis_00032.jpg,4. Helopeltis,1200,1594,321150,35.32,blurry,154.392,25.465,True,ok,True
4. Helopeltis/helopeltis_00033.jpg,4. Helopeltis,1200,1594,266191,45.203,blurry,162.329,27.491,True,ok,True
4. Helopeltis/helopeltis_00034.jpg,4. Helopeltis,1200,1594,281507,38.553,blurry,157.811,25.365,True,ok,True
4. Helopeltis/helopeltis_00035.jpg,4. Helopeltis,1200,1594,250969,41.089,blurry,172.679,31.216,True,ok,True
4. Helopeltis/helopeltis_00036.jpg,4. Helopeltis,1200,1594,236021,42.81,blurry,177.838,31.197,True,ok,True
4. Helopeltis/helopeltis_00037.jpg,4. Helopeltis,1200,1594,231207,44.867,blurry,181.326,29.389,True,ok,True
4. Helopeltis/helopeltis_00038.jpg,4. Helopeltis,1200,1594,260805,45.216,blurry,171.622,27.022,True,ok,True
4. Helopeltis/helopeltis_00039.jpg,4. Helopeltis,1200,1594,263581,52.362,blurry,171.327,34.718,True,ok,True
4. Helopeltis/helopeltis_00040.jpg,4. Helopeltis,1200,1594,280694,49.863,blurry,156.572,22.164,True,ok,True
4. Helopeltis/helopeltis_00041.jpg,4. Helopeltis,1200,1594,260415,57.892,blurry,157.448,24.564,True,ok,True
4. Helopeltis/helopeltis_00042.jpg,4. Helopeltis,1200,1594,262595,57.21,blurry,155.091,22.11,True,ok,True
4. Helopeltis/helopeltis_00043.jpg,4. Helopeltis,1200,1594,262041,55.073,blurry,158.055,21.642,True,ok,True
4. Helopeltis/helopeltis_00044.jpg,4. Helopeltis,1200,1594,334122,63.431,blurry,169.927,22.623,True,ok,True
4. Helopeltis/helopeltis_00045.jpg,4. Helopeltis,1200,1594,229213,63.273,blurry,177.944,25.394,True,ok,True
4. Helopeltis/helopeltis_00046.jpg,4. Helopeltis,1200,1594,288555,41.48,blurry,152.579,20.437,True,ok,True
4. Helopeltis/helopeltis_00047.jpg,4. Helopeltis,1200,1594,297992,44.358,blurry,141.299,19.505,True,ok,True
4. Helopeltis/helopeltis_00048.jpg,4. Helopeltis,1200,1594,299986,44.872,blurry,148.484,18.24,True,ok,True
4. Helopeltis/helopeltis_00049.jpg,4. Helopeltis,1200,1594,267686,30.024,blurry,156.264,22.148,True,ok,True
4. Helopeltis/helopeltis_00050.jpg,4. Helopeltis,1200,1594,244099,27.854,blurry,157.056,22.904,True,ok,True
4. Helopeltis/helopeltis_00051.jpg,4. Helopeltis,1200,1594,282122,35.214,blurry,153.755,22.593,True,ok,True
4. Helopeltis/helopeltis_00052.jpg,4. Helopeltis,1200,1594,286127,35.506,blurry,153.056,22.14,True,ok,True
4. Helopeltis/helopeltis_00053.jpg,4. Helopeltis,1200,1594,249150,19.139,blurry,150.875,19.17,True,ok,True
4. Helopeltis/helopeltis_00054.jpg,4. Helopeltis,1200,1594,269280,21.254,blurry,143.711,13.478,True,ok,True
4. Helopeltis/helopeltis_00055.jpg,4. Helopeltis,1200,1594,280169,21.816,blurry,143.929,11.778,True,ok,True
4. Helopeltis/helopeltis_00056.jpg,4. Helopeltis,1200,1594,274332,26.114,blurry,142.612,13.547,True,ok,True
4. Helopeltis/helopeltis_00057.jpg,4. Helopeltis,1200,1594,274367,23.567,blurry,142.09,12.872,True,ok,True
4. Helopeltis/helopeltis_00058.jpg,4. Helopeltis,1200,1594,279811,23.616,blurry,141.903,12.749,True,ok,True
4. Helopeltis/helopeltis_00059.jpg,4. Helopeltis,1200,1594,244187,35.606,blurry,178.793,28.777,True,ok,True
4. Helopeltis/helopeltis_00060.jpg,4. Helopeltis,1200,1594,229489,40.177,blurry,180.53,30.405,True,ok,True
4. Helopeltis/helopeltis_00061.jpg,4. Helopeltis,1200,1594,277369,28.443,blurry,157.782,25.681,True,ok,True
4. Helopeltis/helopeltis_00062.jpg,4. Helopeltis,1200,1594,274155,35.667,blurry,161.394,26.054,True,ok,True
4. Helopeltis/helopeltis_00063.jpg,4. Helopeltis,1200,1594,229739,34.436,blurry,179.341,27.482,True,ok,True
4. Helopeltis/helopeltis_00064.jpg,4. Helopeltis,1200,1594,293058,33.729,blurry,141.292,19.556,True,ok,True
4. Helopeltis/helopeltis_00065.jpg,4. Helopeltis,1200,1594,265115,30.592,blurry,144.938,19.387,True,ok,True
4. Helopeltis/helopeltis_00066.jpg,4. Helopeltis,1200,1594,294470,27.623,blurry,139.591,18.514,True,ok,True
4. Helopeltis/helopeltis_00067.jpg,4. Helopeltis,1200,1594,317180,38.48,blurry,151.715,18.101,True,ok,True
4. Helopeltis/helopeltis_00068.jpg,4. Helopeltis,1200,1594,272502,32.341,blurry,154.77,19.942,True,ok,True
4. Helopeltis/helopeltis_00069.jpg,4. Helopeltis,1200,1594,277563,41.759,blurry,149.682,20.656,True,ok,True
4. Helopeltis/helopeltis_00070.jpg,4. Helopeltis,1200,1594,282321,36.965,blurry,142.844,18.819,True,ok,True
4. Helopeltis/helopeltis_00071.jpg,4. Helopeltis,1200,1594,297839,35.626,blurry,148.858,20.942,True,ok,True
4. Helopeltis/helopeltis_00072.jpg,4. Helopeltis,1200,1594,271586,37.432,blurry,149.159,22.137,True,ok,True
4. Helopeltis/helopeltis_00073.jpg,4. Helopeltis,1200,1594,253971,27.031,blurry,162.807,23.184,True,ok,True
4. Helopeltis/helopeltis_00074.jpg,4. Helopeltis,1200,1594,258806,29.721,blurry,156.822,23.471,True,ok,True
4. Helopeltis/helopeltis_00075.jpg,4. Helopeltis,1200,1594,273543,22.686,blurry,152.975,19.939,True,ok,True
4. Helopeltis/helopeltis_00076.jpg,4. Helopeltis,1200,1594,272675,28.265,blurry,154.617,20.922,True,ok,True
4. Helopeltis/helopeltis_00077.jpg,4. Helopeltis,1200,1594,263979,19.492,blurry,140.199,16.725,True,ok,True
4. Helopeltis/helopeltis_00078.jpg,4. Helopeltis,1200,1594,287130,25.329,blurry,146.572,17.2,True,ok,True
4. Helopeltis/helopeltis_00079.jpg,4. Helopeltis,1200,1594,280447,21.892,blurry,150.352,15.537,True,ok,True
4. Helopeltis/helopeltis_00080.jpg,4. Helopeltis,1200,1594,267752,25.026,blurry,161.781,14.794,True,ok,True
4. Helopeltis/helopeltis_00081.jpg,4. Helopeltis,1200,1594,280860,30.333,blurry,147.012,20.043,True,ok,True
4. Helopeltis/helopeltis_00082.jpg,4. Helopeltis,1200,1594,269178,25.067,blurry,148.284,19.086,True,ok,True
4. Helopeltis/helopeltis_00083.jpg,4. Helopeltis,1200,1594,300141,25.117,blurry,145.816,14.672,True,ok,True
4. Helopeltis/helopeltis_00084.jpg,4. Helopeltis,1200,1594,294926,23.329,blurry,144.58,14.316,True,ok,True
4. Helopeltis/helopeltis_00085.jpg,4. Helopeltis,1200,1594,250061,38.08,blurry,178.668,31.292,True,ok,True
4. Helopeltis/helopeltis_00086.jpg,4. Helopeltis,1200,1594,266672,38.435,blurry,177.661,29.769,True,ok,True
4. Helopeltis/helopeltis_00087.jpg,4. Helopeltis,1200,1594,256779,22.529,blurry,152.138,19.911,True,ok,True
4. Helopeltis/helopeltis_00088.jpg,4. Helopeltis,1200,1594,243520,24.608,blurry,162.575,18.556,True,ok,True
4. Helopeltis/helopeltis_00089.jpg,4. Helopeltis,1200,1594,289609,18.281,blurry,141.314,19.101,True,ok,True
4. Helopeltis/helopeltis_00090.jpg,4. Helopeltis,1200,1594,294748,16.44,blurry,142.955,14.86,True,ok,True
4. Helopeltis/helopeltis_00091.jpg,4. Helopeltis,1200,1594,310058,31.02,blurry,147.646,17.12,True,ok,True
4. Helopeltis/helopeltis_00092.jpg,4. Helopeltis,1200,1594,256886,26.697,blurry,172.114,20.233,True,ok,True
4. Helopeltis/helopeltis_00093.jpg,4. Helopeltis,1200,1594,230356,21.206,blurry,157.574,18.098,True,ok,True
4. Helopeltis/helopeltis_00094.jpg,4. Helopeltis,1200,1594,283895,26.511,blurry,140.911,15.059,True,ok,True
4. Helopeltis/helopeltis_00095.jpg,4. Helopeltis,1200,1594,303532,26.112,blurry,146.241,15.78,True,ok,True
4. Helopeltis/helopeltis_00096.jpg,4. Helopeltis,1200,1594,280041,23.557,blurry,147.157,15.645,True,ok,True
4. Helopeltis/helopeltis_00097.jpg,4. Helopeltis,1200,1594,297320,22.47,blurry,142.663,15.624,True,ok,True
4. Helopeltis/helopeltis_00098.jpg,4. Helopeltis,1200,1594,261783,28.236,blurry,172.9,15.934,True,ok,True
4. Helopeltis/helopeltis_00099.jpg,4. Helopeltis,1200,1594,251281,21.662,blurry,174.36,13.236,True,ok,True
4. Helopeltis/helopeltis_00100.jpg,4. Helopeltis,1200,1594,294229,20.319,blurry,140.633,14.335,True,ok,True
4. Helopeltis/helopeltis_00101.jpg,4. Helopeltis,1200,1594,274863,28.088,blurry,149.435,18.732,True,ok,True
4. Helopeltis/helopeltis_00102.jpg,4. Helopeltis,1200,1594,231427,32.092,blurry,179.043,16.789,True,ok,True
4. Helopeltis/helopeltis_00103.jpg,4. Helopeltis,1200,1594,261757,35.837,blurry,152.15,23.07,True,ok,True
4. Helopeltis/helopeltis_00104.jpg,4. Helopeltis,1200,1594,231994,32.787,blurry,176.9,19.9,True,ok,True
4. Helopeltis/helopeltis_00105.jpg,4. Helopeltis,1200,1594,266643,39.811,blurry,157.412,26.986,True,ok,True
4. Helopeltis/helopeltis_00106.jpg,4. Helopeltis,1200,1594,206033,23.482,blurry,178.19,22.034,True,ok,True
4. Helopeltis/helopeltis_00107.jpg,4. Helopeltis,1200,1594,300445,28.397,blurry,144.376,20.19,True,ok,True
4. Helopeltis/helopeltis_00108.jpg,4. Helopeltis,1200,1594,222314,27.6,blurry,180.288,21.223,True,ok,True
4. Helopeltis/helopeltis_00109.jpg,4. Helopeltis,1200,1594,296962,21.745,blurry,144.051,11.944,True,ok,True
4. Helopeltis/helopeltis_00110.jpg,4. Helopeltis,1200,1594,233110,30.561,blurry,180.902,12.928,True,ok,True
4. Helopeltis/helopeltis_00111.jpg,4. Helopeltis,1200,1594,238033,42.186,blurry,175.906,31.57,True,ok,True
4. Helopeltis/helopeltis_00112.jpg,4. Helopeltis,1200,1594,240641,30.673,blurry,155.972,22.744,True,ok,True
4. Helopeltis/helopeltis_00113.jpg,4. Helopeltis,1200,1594,275237,25.702,blurry,147.881,16.213,True,ok,True
4. Helopeltis/helopeltis_00114.jpg,4. Helopeltis,1200,1594,291203,20.662,blurry,138.474,13.077,True,ok,True
4. Helopeltis/helopeltis_00115.jpg,4. Helopeltis,1200,1594,210031,149.841,soft,172.575,70.932,True,ok,True
4. Helopeltis/helopeltis_00116.jpg,4. Helopeltis,1200,1594,216613,48.437,blurry,174.467,61.128,True,ok,True
4. Helopeltis/helopeltis_00117.jpg,4. Helopeltis,1200,1594,217203,36.71,blurry,172.683,61.745,True,ok,True
4. Helopeltis/helopeltis_00118.jpg,4. Helopeltis,1200,1594,218691,113.896,soft,156.563,75.882,True,ok,True
4. Helopeltis/helopeltis_00119.jpg,4. Helopeltis,1200,1594,182572,88.697,blurry,157.516,61.77,True,ok,True
4. Helopeltis/helopeltis_00120.jpg,4. Helopeltis,1200,1594,159256,87.296,blurry,177.366,47.967,True,ok,True
4. Helopeltis/helopeltis_00121.jpg,4. Helopeltis,1200,904,115034,136.996,soft,177.585,52.678,True,ok,True
4. Helopeltis/helopeltis_00122.jpg,4. Helopeltis,1200,1600,208473,39.734,blurry,169.634,34.438,True,ok,True
4. Helopeltis/helopeltis_00123.jpg,4. Helopeltis,1200,1600,262079,31.928,blurry,192.168,29.545,True,ok,True
4. Helopeltis/helopeltis_00124.jpg,4. Helopeltis,1200,1600,223146,26.987,blurry,191.467,30.861,True,ok,True
4. Helopeltis/helopeltis_00125.jpg,4. Helopeltis,1200,1600,290767,28.719,blurry,187.914,33.643,True,ok,True
4. Helopeltis/helopeltis_00126.jpg,4. Helopeltis,1200,900,151016,38.593,blurry,173.278,30.822,True,ok,True
4. Helopeltis/helopeltis_00127.jpg,4. Helopeltis,1200,900,146410,39.668,blurry,171.829,37.532,True,ok,True
4. Helopeltis/helopeltis_00128.jpg,4. Helopeltis,1200,900,129545,46.301,blurry,184.203,29.274,True,ok,True
4. Helopeltis/helopeltis_00129.jpg,4. Helopeltis,1200,1600,249212,29.141,blurry,174.596,28.621,True,ok,True
4. Helopeltis/helopeltis_00130.jpg,4. Helopeltis,1200,1600,228285,28.275,blurry,171.514,36.836,True,ok,True
4. Helopeltis/helopeltis_00131.jpg,4. Helopeltis,1200,1600,260168,29.897,blurry,175.14,27.172,True,ok,True
4. Helopeltis/helopeltis_00132.jpg,4. Helopeltis,1200,900,147923,38.533,blurry,175.43,27.664,True,ok,True
4. Helopeltis/helopeltis_00133.jpg,4. Helopeltis,1200,900,132738,41.677,blurry,189.583,24.396,True,ok,True
4. Helopeltis/helopeltis_00134.jpg,4. Helopeltis,1200,900,159507,49.728,blurry,160.483,41.522,True,ok,True
4. Helopeltis/helopeltis_00135.jpg,4. Helopeltis,1200,1594,232113,189.547,soft,185.622,53.309,True,ok,True
4. Helopeltis/helopeltis_00136.jpg,4. Helopeltis,1200,1594,234283,161.121,soft,184.756,51.322,True,ok,True
4. Helopeltis/helopeltis_00137.jpg,4. Helopeltis,1200,1594,256008,253.992,soft,151.773,67.613,True,ok,True
4. Helopeltis/helopeltis_00138.jpg,4. Helopeltis,1200,1594,258226,251.158,soft,150.821,67.556,True,ok,True
4. Helopeltis/helopeltis_00139.jpg,4. Helopeltis,1200,900,145068,92.328,blurry,175.707,25.536,True,ok,True
4. Helopeltis/helopeltis_00140.jpg,4. Helopeltis,1200,900,152757,79.678,blurry,173.965,22.186,True,ok,True
4. Helopeltis/helopeltis_00141.jpg,4. Helopeltis,1200,1594,231925,122.021,soft,191.823,47.241,True,ok,True
4. Helopeltis/helopeltis_00142.jpg,4. Helopeltis,1200,1594,237505,119.306,soft,194.724,45.6,True,ok,True
4. Helopeltis/helopeltis_00143.jpg,4. Helopeltis,1200,1594,165964,72.147,blurry,207.912,39.134,True,ok,True
4. Helopeltis/helopeltis_00144.jpg,4. Helopeltis,1200,1594,166604,69.155,blurry,206.33,38.154,True,ok,True
4. Helopeltis/helopeltis_00145.jpg,4. Helopeltis,1200,1600,265652,30.873,blurry,175.104,35.434,True,ok,True
4. Helopeltis/helopeltis_00146.jpg,4. Helopeltis,1200,900,133123,32.845,blurry,173.777,30.477,True,ok,True
4. Helopeltis/helopeltis_00147.jpg,4. Helopeltis,1200,900,132746,40.849,blurry,171.473,35.004,True,ok,True
4. Helopeltis/helopeltis_00148.jpg,4. Helopeltis,1200,900,125643,27.064,blurry,173.845,30.461,True,ok,True
4. Helopeltis/helopeltis_00149.jpg,4. Helopeltis,1200,1600,223096,87.068,blurry,199.766,36.472,True,ok,True
4. Helopeltis/helopeltis_00150.jpg,4. Helopeltis,1200,1600,218762,60.768,blurry,187.213,29.766,True,ok,True
4. Helopeltis/helopeltis_00151.jpg,4. Helopeltis,1200,1600,249222,66.381,blurry,185.593,29.873,True,ok,True
4. Helopeltis/helopeltis_00152.jpg,4. Helopeltis,1200,904,137277,64.855,blurry,182.687,33.371,True,ok,True
4. Helopeltis/helopeltis_00153.jpg,4. Helopeltis,1200,904,146031,58.24,blurry,188.26,27.102,True,ok,True
4. Helopeltis/helopeltis_00154.jpg,4. Helopeltis,1200,904,144336,68.085,blurry,185.035,32.489,True,ok,True
4. Helopeltis/helopeltis_00155.jpg,4. Helopeltis,1200,1600,293727,106.442,soft,201.197,35.281,True,ok,True
4. Helopeltis/helopeltis_00156.jpg,4. Helopeltis,1200,1600,283196,105.171,soft,201.282,35.352,True,ok,True
4. Helopeltis/helopeltis_00157.jpg,4. Helopeltis,1200,1600,311543,111.431,soft,201.381,31.065,True,ok,True
4. Helopeltis/helopeltis_00158.jpg,4. Helopeltis,1200,904,104877,89.828,blurry,179.037,34.636,True,ok,True
4. Helopeltis/helopeltis_00159.jpg,4. Helopeltis,1200,904,99669,66.388,blurry,182.768,26.853,True,ok,True
4. Helopeltis/helopeltis_00160.jpg,4. Helopeltis,1200,904,98518,80.119,blurry,181.854,27.745,True,ok,True
4. Helopeltis/helopeltis_00161.jpg,4. Helopeltis,1200,1600,260420,83.538,blurry,194.535,38.053,True,ok,True
4. Helopeltis/helopeltis_00162.jpg,4. Helopeltis,1200,1600,249861,92.734,blurry,195.149,38.739,True,ok,True
4. Helopeltis/helopeltis_00163.jpg,4. Helopeltis,1200,1600,277550,86.82,blurry,198.917,33.553,True,ok,True
4. Helopeltis/helopeltis_00164.jpg,4. Helopeltis,1200,1600,297395,92.38,blurry,195.261,39.635,True,ok,True
4. Helopeltis/helopeltis_00165.jpg,4. Helopeltis,1200,904,100429,60.094,blurry,186.13,25.695,True,ok,True
4. Helopeltis/helopeltis_00166.jpg,4. Helopeltis,1200,904,119584,155.333,soft,177.218,37.797,True,ok,True
4. Helopeltis/helopeltis_00167.jpg,4. Helopeltis,1200,904,115611,127.576,soft,181.395,28.059,True,ok,True
4. Helopeltis/helopeltis_00168.jpg,4. Helopeltis,1200,904,120380,105.316,soft,182.739,26.238,True,ok,True
4. Helopeltis/helopeltis_00169.jpg,4. Helopeltis,1200,904,90504,42.785,blurry,168.267,32.903,True,ok,True
4. Helopeltis/helopeltis_00170.jpg,4. Helopeltis,1200,1600,302823,112.063,soft,198.189,35.22,True,ok,True
4. Helopeltis/helopeltis_00171.jpg,4. Helopeltis,1200,1600,279193,116.406,soft,196.409,37.419,True,ok,True
4. Helopeltis/helopeltis_00172.jpg,4. Helopeltis,1200,1600,265933,58.266,blurry,195.309,23.994,True,ok,True
4. Helopeltis/helopeltis_00173.jpg,4. Helopeltis,1200,1600,275609,59.906,blurry,204.803,23.948,True,ok,True
4. Helopeltis/helopeltis_00174.jpg,4. Helopeltis,1200,904,111021,72.067,blurry,170.013,29.101,True,ok,True
4. Helopeltis/helopeltis_00175.jpg,4. Helopeltis,1200,904,125827,86.951,blurry,168.084,33.924,True,ok,True
4. Helopeltis/helopeltis_00176.jpg,4. Helopeltis,1200,904,123235,86.78,blurry,166.726,35.561,True,ok,True
4. Helopeltis/helopeltis_00177.jpg,4. Helopeltis,1200,904,101747,95.828,blurry,183.291,29.762,True,ok,True
4. Helopeltis/helopeltis_00178.jpg,4. Helopeltis,1200,904,104641,60.827,blurry,171.844,26.635,True,ok,True
4. Helopeltis/helopeltis_00179.jpg,4. Helopeltis,1200,904,105036,60.744,blurry,172.314,26.615,True,ok,True
4. Helopeltis/helopeltis_00180.jpg,4. Helopeltis,1200,904,97966,51.417,blurry,172.773,29.108,True,ok,True
4. Helopeltis/helopeltis_00181.jpg,4. Helopeltis,1200,904,102970,57.249,blurry,172.059,30.552,True,ok,True
4. Helopeltis/helopeltis_00182.jpg,4. Helopeltis,1200,904,91644,53.303,blurry,171.856,30.478,True,ok,True
4. Helopeltis/helopeltis_00183.jpg,4. Helopeltis,1200,904,125703,57.946,blurry,189.488,32.862,True,ok,True
4. Helopeltis/helopeltis_00184.jpg,4. Helopeltis,1200,904,125510,64.153,blurry,189.276,29.003,True,ok,True
4. Helopeltis/helopeltis_00185.jpg,4. Helopeltis,1200,1600,226836,37.594,blurry,166.693,22.582,True,ok,True
4. Helopeltis/helopeltis_00186.jpg,4. Helopeltis,1200,1600,241610,51.998,blurry,165.695,21.497,True,ok,True
4. Helopeltis/helopeltis_00187.jpg,4. Helopeltis,1200,904,106762,74.714,blurry,171.86,27.232,True,ok,True
4. Helopeltis/helopeltis_00188.jpg,4. Helopeltis,1200,904,131409,57.535,blurry,180.376,29.923,True,ok,True
4. Helopeltis/helopeltis_00189.jpg,4. Helopeltis,1200,904,139116,64.36,blurry,187.091,28.591,True,ok,True
4. Helopeltis/helopeltis_00190.jpg,4. Helopeltis,1200,904,124946,105.021,soft,182.839,34.278,True,ok,True
4. Helopeltis/helopeltis_00191.jpg,4. Helopeltis,1200,904,116885,63.149,blurry,178.96,21.8,True,ok,True
4. Helopeltis/helopeltis_00192.jpg,4. Helopeltis,1200,904,114741,58.217,blurry,175.743,19.015,True,ok,True
4. Helopeltis/helopeltis_00193.jpg,4. Helopeltis,1200,904,118907,72.036,blurry,176.379,17.066,True,ok,True
4. Helopeltis/helopeltis_00194.jpg,4. Helopeltis,1200,904,107814,74.565,blurry,176.528,24.045,True,ok,True
4. Helopeltis/helopeltis_00195.jpg,4. Helopeltis,1200,904,93060,56.73,blurry,176.034,30.622,True,ok,True
4. Helopeltis/helopeltis_00196.jpg,4. Helopeltis,1200,904,134450,78.786,blurry,199.157,29.83,True,ok,True
4. Helopeltis/helopeltis_00197.jpg,4. Helopeltis,1200,904,96979,84.32,blurry,213.581,36.492,True,ok,True
4. Helopeltis/helopeltis_00198.jpg,4. Helopeltis,1200,904,102275,63.304,blurry,170.485,37.705,True,ok,True
4. Helopeltis/helopeltis_00199.jpg,4. Helopeltis,1200,1600,268430,86.459,blurry,179.952,39.187,True,ok,True
4. Helopeltis/helopeltis_00200.jpg,4. Helopeltis,1200,1600,290933,115.528,soft,180.704,48.82,True,ok,True
4. Helopeltis/helopeltis_00201.jpg,4. Helopeltis,1200,1600,275026,81.074,blurry,172.434,39.743,True,ok,True
4. Helopeltis/helopeltis_00202.jpg,4. Helopeltis,1200,900,163600,117.328,soft,178.296,39.303,True,ok,True
4. Helopeltis/helopeltis_00203.jpg,4. Helopeltis,1200,1600,288925,120.784,soft,172.653,40.224,True,ok,True
4. Helopeltis/helopeltis_00204.jpg,4. Helopeltis,1200,900,157993,56.577,blurry,171.506,36.631,True,ok,True
4. Helopeltis/helopeltis_00205.jpg,4. Helopeltis,1200,1600,281599,64.563,blurry,170.126,43.913,True,ok,True
4. Helopeltis/helopeltis_00206.jpg,4. Helopeltis,1200,900,158775,87.802,blurry,172.317,33.818,True,ok,True
4. Helopeltis/helopeltis_00207.jpg,4. Helopeltis,1200,904,114935,78.943,blurry,182.773,24.873,True,ok,True
4. Helopeltis/helopeltis_00208.jpg,4. Helopeltis,1200,900,156063,92.66,blurry,174.364,34.723,True,ok,True
4. Helopeltis/helopeltis_00209.jpg,4. Helopeltis,1200,900,166619,102.198,soft,169.364,40.073,True,ok,True
4. Helopeltis/helopeltis_00210.jpg,4. Helopeltis,1200,904,114334,77.79,blurry,175.161,31.829,True,ok,True
4. Helopeltis/helopeltis_00211.jpg,4. Helopeltis,1200,904,112323,75.628,blurry,175.296,31.63,True,ok,True
4. Helopeltis/helopeltis_00212.jpg,4. Helopeltis,1200,904,152643,139.351,soft,194.216,39.841,True,ok,True
4. Helopeltis/helopeltis_00213.jpg,4. Helopeltis,1200,904,152966,129.04,soft,190.295,30.252,True,ok,True
4. Helopeltis/helopeltis_00214.jpg,4. Helopeltis,1200,900,161022,89.357,blurry,168.868,49.951,True,ok,True
4. Helopeltis/helopeltis_00215.jpg,4. Helopeltis,1200,904,153267,134.354,soft,188.286,32.23,True,ok,True
4. Helopeltis/helopeltis_00216.jpg,4. Helopeltis,1200,900,177787,101.305,soft,169.603,52.824,True,ok,True
4. Helopeltis/helopeltis_00217.jpg,4. Helopeltis,1200,900,185163,109.54,soft,172.743,60.524,True,ok,True
4. Helopeltis/helopeltis_00218.jpg,4. Helopeltis,1200,1600,280190,88.078,blurry,177.534,43.297,True,ok,True
4. Helopeltis/helopeltis_00219.jpg,4. Helopeltis,1200,900,151388,78.493,blurry,170.121,41.93,True,ok,True
4. Helopeltis/helopeltis_00220.jpg,4. Helopeltis,1200,900,158738,89.85,blurry,171.347,38.522,True,ok,True
4. Helopeltis/helopeltis_00221.jpg,4. Helopeltis,1200,904,125368,94.822,blurry,173.386,22.888,True,ok,True
4. Helopeltis/helopeltis_00222.jpg,4. Helopeltis,1200,904,123358,99.147,blurry,183.043,22.74,True,ok,True
4. Helopeltis/helopeltis_00223.jpg,4. Helopeltis,1200,900,145537,75.149,blurry,180.156,40.913,True,ok,True
4. Helopeltis/helopeltis_00224.jpg,4. Helopeltis,1200,1600,253858,73.63,blurry,171.513,44.457,True,ok,True
4. Helopeltis/helopeltis_00225.jpg,4. Helopeltis,1200,900,173214,94.406,blurry,179.228,39.395,True,ok,True
4. Helopeltis/helopeltis_00226.jpg,4. Helopeltis,1200,900,164959,99.929,blurry,174.209,40.92,True,ok,True
4. Helopeltis/helopeltis_00227.jpg,4. Helopeltis,1200,900,165394,90.635,blurry,171.276,41.917,True,ok,True
4. Helopeltis/helopeltis_00228.jpg,4. Helopeltis,1200,904,122552,121.664,soft,207.032,34.276,True,ok,True
4. Helopeltis/helopeltis_00229.jpg,4. Helopeltis,1200,904,116299,113.603,soft,205.34,37.609,True,ok,True
4. Helopeltis/helopeltis_00230.jpg,4. Helopeltis,1200,904,109472,129.209,soft,210.136,36.92,True,ok,True
4. Helopeltis/helopeltis_00231.jpg,4. Helopeltis,1200,904,169201,86.877,blurry,186.763,34.937,True,ok,True
4. Helopeltis/helopeltis_00232.jpg,4. Helopeltis,1200,904,115937,81.503,blurry,184.623,27.773,True,ok,True
4. Helopeltis/helopeltis_00233.jpg,4. Helopeltis,1200,904,122187,83.148,blurry,185.025,27.253,True,ok,True
4. Helopeltis/helopeltis_00234.jpg,4. Helopeltis,1200,900,152427,68.021,blurry,170.575,39.905,True,ok,True
4. Helopeltis/helopeltis_00235.jpg,4. Helopeltis,1200,1600,263582,69.62,blurry,173.093,42.131,True,ok,True
4. Helopeltis/helopeltis_00236.jpg,4. Helopeltis,1200,1600,260721,61.582,blurry,180.139,40.037,True,ok,True
4. Helopeltis/helopeltis_00237.jpg,4. Helopeltis,1200,900,156377,71.516,blurry,172.051,33.428,True,ok,True
4. Helopeltis/helopeltis_00238.jpg,4. Helopeltis,1200,900,150751,74.235,blurry,170.132,35.712,True,ok,True
4. Helopeltis/helopeltis_00239.jpg,4. Helopeltis,1200,900,152259,81.98,blurry,172.325,37.971,True,ok,True
4. Helopeltis/helopeltis_00240.jpg,4. Helopeltis,1200,904,112084,54.29,blurry,174.613,22.597,True,ok,True
4. Helopeltis/helopeltis_00241.jpg,4. Helopeltis,1200,904,120277,72.429,blurry,175.031,19.716,True,ok,True
4. Helopeltis/helopeltis_00242.jpg,4. Helopeltis,1200,904,142511,63.465,blurry,180.532,22.946,True,ok,True
4. Helopeltis/helopeltis_00243.jpg,4. Helopeltis,1200,904,99779,60.367,blurry,176.283,22.89,True,ok,True
4. Helopeltis/helopeltis_00244.jpg,4. Helopeltis,1200,904,109531,82.042,blurry,188.509,24.148,True,ok,True
4. Helopeltis/helopeltis_00245.jpg,4. Helopeltis,1200,904,114708,98.472,blurry,189.112,24.153,True,ok,True
4. Helopeltis/helopeltis_00246.jpg,4. Helopeltis,1200,904,121398,75.54,blurry,189.957,23.283,True,ok,True
4. Helopeltis/helopeltis_00247.jpg,4. Helopeltis,1200,904,119563,75.172,blurry,192.547,22.711,True,ok,True
4. Helopeltis/helopeltis_00248.jpg,4. Helopeltis,1200,904,115793,56.631,blurry,188.083,18.977,True,ok,True
4. Helopeltis/helopeltis_00249.jpg,4. Helopeltis,1200,904,95699,48.25,blurry,187.495,22.541,True,ok,True
4. Helopeltis/helopeltis_00250.jpg,4. Helopeltis,1200,904,111912,61.886,blurry,187.226,23.879,True,ok,True
4. Helopeltis/helopeltis_00251.jpg,4. Helopeltis,1200,904,113167,55.081,blurry,186.589,24.319,True,ok,True
4. Helopeltis/helopeltis_00252.jpg,4. Helopeltis,1200,904,115537,99.089,blurry,187.285,30.924,True,ok,True
4. Helopeltis/helopeltis_00253.jpg,4. Helopeltis,1200,904,116840,92.023,blurry,174.608,22.824,True,ok,True
4. Helopeltis/helopeltis_00254.jpg,4. Helopeltis,1200,904,115164,90.973,blurry,177.618,23.171,True,ok,True
4. Helopeltis/helopeltis_00255.jpg,4. Helopeltis,1200,904,133203,89.097,blurry,192.118,21.55,True,ok,True
4. Helopeltis/helopeltis_00256.jpg,4. Helopeltis,1200,904,128758,79.214,blurry,189.15,30.044,True,ok,True
4. Helopeltis/helopeltis_00257.jpg,4. Helopeltis,1200,904,128080,75.586,blurry,193.468,22.748,True,ok,True
4. Helopeltis/helopeltis_00258.jpg,4. Helopeltis,1200,904,140000,86.77,blurry,192.648,31.036,True,ok,True
4. Helopeltis/helopeltis_00259.jpg,4. Helopeltis,1200,904,157542,105.033,soft,190.168,42.335,True,ok,True
4. Helopeltis/helopeltis_00260.jpg,4. Helopeltis,1200,904,154562,102.432,soft,193.107,37.359,True,ok,True
4. Helopeltis/helopeltis_00261.jpg,4. Helopeltis,1200,904,116581,78.631,blurry,173.753,27.912,True,ok,True
4. Helopeltis/helopeltis_00262.jpg,4. Helopeltis,1200,1600,285333,59.056,blurry,202.29,30.508,True,ok,True
4. Helopeltis/helopeltis_00263.jpg,4. Helopeltis,1200,1600,248946,89.198,blurry,202.672,28.995,True,ok,True
4. Helopeltis/helopeltis_00264.jpg,4. Helopeltis,1200,1600,348493,91.13,blurry,203.131,28.342,True,ok,True
4. Helopeltis/helopeltis_00265.jpg,4. Helopeltis,1200,904,192960,109.707,soft,194.368,32.442,True,ok,True
4. Helopeltis/helopeltis_00266.jpg,4. Helopeltis,1200,904,119605,105.177,soft,193.859,25.809,True,ok,True
4. Helopeltis/helopeltis_00267.jpg,4. Helopeltis,1200,904,120527,88.908,blurry,187.941,25.2,True,ok,True
4. Helopeltis/helopeltis_00268.jpg,4. Helopeltis,1200,904,96404,107.43,soft,207.115,31.349,True,ok,True
4. Helopeltis/helopeltis_00269.jpg,4. Helopeltis,1200,904,177773,110.268,soft,190.156,35.335,True,ok,True
4. Helopeltis/helopeltis_00270.jpg,4. Helopeltis,1200,904,178430,104.428,soft,196.577,30.839,True,ok,True
4. Helopeltis/helopeltis_00271.jpg,4. Helopeltis,1200,904,187084,138.447,soft,186.517,35.543,True,ok,True
4. Helopeltis/helopeltis_00272.jpg,4. Helopeltis,1200,904,160453,97.989,blurry,199.953,32.972,True,ok,True
4. Helopeltis/helopeltis_00273.jpg,4. Helopeltis,1200,904,109151,97.481,blurry,187.087,26.526,True,ok,True
4. Helopeltis/helopeltis_00274.jpg,4. Helopeltis,1200,904,137175,96.459,blurry,172.51,27.044,True,ok,True
4. Helopeltis/helopeltis_00275.jpg,4. Helopeltis,1200,904,119606,118.18,soft,202.849,27.843,True,ok,True
4. Helopeltis/helopeltis_00276.jpg,4. Helopeltis,1200,1594,200069,85.807,blurry,176.217,21.937,True,ok,True
4. Helopeltis/helopeltis_00277.jpg,4. Helopeltis,1200,904,145578,94.56,blurry,196.181,31.395,True,ok,True
4. Helopeltis/helopeltis_00278.jpg,4. Helopeltis,1200,900,182603,126.429,soft,171.077,51.106,True,ok,True
4. Helopeltis/helopeltis_00279.jpg,4. Helopeltis,1200,904,188478,124.75,soft,194.85,28.297,True,ok,True
4. Helopeltis/helopeltis_00280.jpg,4. Helopeltis,1200,1600,301070,113.123,soft,170.495,55.519,True,ok,True
4. Helopeltis/helopeltis_00281.jpg,4. Helopeltis,1200,904,183824,94.742,blurry,191.503,30.551,True,ok,True
4. Helopeltis/helopeltis_00282.jpg,4. Helopeltis,1200,900,164015,107.638,soft,180.835,40.753,True,ok,True
4. Helopeltis/helopeltis_00283.jpg,4. Helopeltis,1200,904,182023,90.684,blurry,192.885,31.496,True,ok,True
4. Helopeltis/helopeltis_00284.jpg,4. Helopeltis,1200,900,163059,109.008,soft,173.481,45.564,True,ok,True
4. Helopeltis/helopeltis_00285.jpg,4. Helopeltis,1200,904,122560,85.333,blurry,170.655,28.425,True,ok,True
4. Helopeltis/helopeltis_00286.jpg,4. Helopeltis,1200,900,163272,121.401,soft,172.621,46.251,True,ok,True
4. Helopeltis/helopeltis_00287.jpg,4. Helopeltis,1200,904,131192,92.449,blurry,193.182,25.245,True,ok,True
4. Helopeltis/helopeltis_00288.jpg,4. Helopeltis,1200,1594,272579,140.221,soft,191.806,32.201,True,ok,True
4. Helopeltis/helopeltis_00289.jpg,4. Helopeltis,1200,904,186651,102.132,soft,193.605,32.481,True,ok,True
4. Helopeltis/helopeltis_00290.jpg,4. Helopeltis,1200,904,119804,93.454,blurry,175.973,28.126,True,ok,True
4. Helopeltis/helopeltis_00291.jpg,4. Helopeltis,1200,904,129682,94.655,blurry,176.092,28.228,True,ok,True
4. Helopeltis/helopeltis_00292.jpg,4. Helopeltis,1200,1594,238198,109.363,soft,189.192,29.99,True,ok,True
4. Helopeltis/helopeltis_00293.jpg,4. Helopeltis,1200,904,165652,106.468,soft,191.053,29.892,True,ok,True
4. Helopeltis/helopeltis_00294.jpg,4. Helopeltis,1200,904,146266,98.176,blurry,193.556,26.89,True,ok,True
4. Helopeltis/helopeltis_00295.jpg,4. Helopeltis,1200,1594,194942,77.426,blurry,174.993,26.613,True,ok,True
4. Helopeltis/helopeltis_00296.jpg,4. Helopeltis,1200,1594,222795,86.031,blurry,168.193,32.702,True,ok,True
4. Helopeltis/helopeltis_00297.jpg,4. Helopeltis,1200,1600,283622,61.034,blurry,201.735,29.839,True,ok,True
4. Helopeltis/helopeltis_00298.jpg,4. Helopeltis,1200,1600,319591,66.671,blurry,200.749,31.458,True,ok,True
4. Helopeltis/helopeltis_00299.jpg,4. Helopeltis,1200,1600,276111,86.017,blurry,203.006,28.223,True,ok,True
4. Helopeltis/helopeltis_00300.jpg,4. Helopeltis,1200,1600,275839,103.32,soft,205.558,27.966,True,ok,True
4. Helopeltis/helopeltis_00301.jpg,4. Helopeltis,1200,1600,246699,46.734,blurry,172.644,32.712,True,ok,True
4. Helopeltis/helopeltis_00302.jpg,4. Helopeltis,1200,900,134494,46.066,blurry,169.461,32.958,True,ok,True
4. Helopeltis/helopeltis_00303.jpg,4. Helopeltis,1200,900,130670,44.479,blurry,173.886,30.054,True,ok,True
4. Helopeltis/helopeltis_00304.jpg,4. Helopeltis,1200,900,148390,55.91,blurry,176.932,28.658,True,ok,True
4. Helopeltis/helopeltis_00305.jpg,4. Helopeltis,1200,1600,279807,59.952,blurry,176.225,30.462,True,ok,True
4. Helopeltis/helopeltis_00306.jpg,4. Helopeltis,1200,1600,268955,63.223,blurry,175.707,31.536,True,ok,True
4. Helopeltis/helopeltis_00307.jpg,4. Helopeltis,1200,904,122590,99.106,blurry,190.621,23.934,True,ok,True
4. Helopeltis/helopeltis_00308.jpg,4. Helopeltis,1200,904,160597,96.103,blurry,198.42,28.46,True,ok,True
4. Helopeltis/helopeltis_00309.jpg,4. Helopeltis,1200,904,118089,77.21,blurry,179.545,24.563,True,ok,True
4. Helopeltis/helopeltis_00310.jpg,4. Helopeltis,1200,904,122652,84.783,blurry,172.109,23.947,True,ok,True
4. Helopeltis/helopeltis_00311.jpg,4. Helopeltis,1200,904,154859,125.428,soft,193.922,31.309,True,ok,True
4. Helopeltis/helopeltis_00312.jpg,4. Helopeltis,1200,904,120231,69.318,blurry,173.995,25.356,True,ok,True
4. Helopeltis/helopeltis_00313.jpg,4. Helopeltis,1200,904,125888,132.157,soft,204.175,35.848,True,ok,True
4. Helopeltis/helopeltis_00314.jpg,4. Helopeltis,1200,904,138301,108.36,soft,204.167,32.766,True,ok,True
4. Helopeltis/helopeltis_00315.jpg,4. Helopeltis,1200,1600,325283,32.195,blurry,193.674,32.091,True,ok,True
4. Helopeltis/helopeltis_00316.jpg,4. Helopeltis,1200,1600,312605,31.439,blurry,191.683,29.371,True,ok,True
4. Helopeltis/helopeltis_00317.jpg,4. Helopeltis,1200,1600,300119,32.587,blurry,190.909,28.413,True,ok,True
4. Helopeltis/helopeltis_00318.jpg,4. Helopeltis,1200,1600,271122,47.068,blurry,180.973,25.352,True,ok,True
4. Helopeltis/helopeltis_00319.jpg,4. Helopeltis,1200,1600,256733,41.846,blurry,186.21,20.789,True,ok,True
4. Helopeltis/helopeltis_00320.jpg,4. Helopeltis,1200,1600,281277,40.018,blurry,182.473,33.732,True,ok,True
4. Helopeltis/helopeltis_00321.jpg,4. Helopeltis,1200,1600,281329,35.509,blurry,178.588,34.089,True,ok,True
4. Helopeltis/helopeltis_00322.jpg,4. Helopeltis,1200,900,151068,33.745,blurry,182.225,24.024,True,ok,True
4. Helopeltis/helopeltis_00323.jpg,4. Helopeltis,1200,1600,276225,34.807,blurry,180.376,23.82,True,ok,True
4. Helopeltis/helopeltis_00324.jpg,4. Helopeltis,1200,1600,256262,23.106,blurry,177.978,32.171,True,ok,True
4. Helopeltis/helopeltis_00325.jpg,4. Helopeltis,1200,1600,262164,23.929,blurry,180.978,25.138,True,ok,True
4. Helopeltis/helopeltis_00326.jpg,4. Helopeltis,1200,1600,308001,78.539,blurry,174.232,47.46,True,ok,True
4. Helopeltis/helopeltis_00327.jpg,4. Helopeltis,1200,1600,312538,69.906,blurry,173.071,34.031,True,ok,True
4. Helopeltis/helopeltis_00328.jpg,4. Helopeltis,1200,1600,284229,45.85,blurry,178.827,34.317,True,ok,True
4. Helopeltis/helopeltis_00329.jpg,4. Helopeltis,1200,1600,237549,38.983,blurry,182.406,28.972,True,ok,True
4. Helopeltis/helopeltis_00330.jpg,4. Helopeltis,1200,1600,294826,36.452,blurry,195.337,32.751,True,ok,True
4. Helopeltis/helopeltis_00331.jpg,4. Helopeltis,1200,1600,301718,45.295,blurry,195.206,28.675,True,ok,True
4. Helopeltis/helopeltis_00332.jpg,4. Helopeltis,1200,1600,314544,37.068,blurry,189.829,28.451,True,ok,True
4. Helopeltis/helopeltis_00333.jpg,4. Helopeltis,1200,1600,346833,65.986,blurry,192.297,41.847,True,ok,True
4. Helopeltis/helopeltis_00334.jpg,4. Helopeltis,1200,1600,352165,79.853,blurry,193.28,32.545,True,ok,True
4. Helopeltis/helopeltis_00335.jpg,4. Helopeltis,1200,1600,300610,83.237,blurry,194.969,29.76,True,ok,True
4. Helopeltis/helopeltis_00336.jpg,4. Helopeltis,1200,1600,320145,38.64,blurry,197.898,36.926,True,ok,True
4. Helopeltis/helopeltis_00337.jpg,4. Helopeltis,1200,1600,265579,36.042,blurry,189.336,36.111,True,ok,True
4. Helopeltis/helopeltis_00338.jpg,4. Helopeltis,1200,1600,282478,33.055,blurry,195.51,31.724,True,ok,True
4. Helopeltis/helopeltis_00339.jpg,4. Helopeltis,1200,1600,306966,42.014,blurry,179.822,29.13,True,ok,True
4. Helopeltis/helopeltis_00340.jpg,4. Helopeltis,1200,1600,329127,39.992,blurry,174.357,28.3,True,ok,True
4. Helopeltis/helopeltis_00341.jpg,4. Helopeltis,1200,1600,314247,43.193,blurry,167.727,40.186,True,ok,True
4. Helopeltis/helopeltis_00342.jpg,4. Helopeltis,1200,1600,267002,39.6,blurry,169.608,39.604,True,ok,True
4. Helopeltis/helopeltis_00343.jpg,4. Helopeltis,1200,1600,265125,39.675,blurry,168.428,41.7,True,ok,True
4. Helopeltis/helopeltis_00344.jpg,4. Helopeltis,1200,1600,272980,40.474,blurry,175.384,24.755,True,ok,True
4. Helopeltis/helopeltis_00345.jpg,4. Helopeltis,1200,1600,310460,45.694,blurry,174.145,36.413,True,ok,True
4. Helopeltis/helopeltis_00346.jpg,4. Helopeltis,1200,1600,303714,33.934,blurry,169.801,30.073,True,ok,True
4. Helopeltis/helopeltis_00347.jpg,4. Helopeltis,1200,1600,275622,35.112,blurry,174.619,24.572,True,ok,True
4. Helopeltis/helopeltis_00348.jpg,4. Helopeltis,1200,1600,286021,36.114,blurry,172.284,26.18,True,ok,True
4. Helopeltis/helopeltis_00349.jpg,4. Helopeltis,1200,1600,317139,48.167,blurry,172.221,34.187,True,ok,True
4. Helopeltis/helopeltis_00350.jpg,4. Helopeltis,1200,1600,244583,70.925,blurry,170.486,40.317,True,ok,True
4. Helopeltis/helopeltis_00351.jpg,4. Helopeltis,1200,1600,257580,102.841,soft,169.292,45.888,True,ok,True
4. Helopeltis/helopeltis_00352.jpg,4. Helopeltis,1200,1600,254561,93.0,blurry,169.211,37.882,True,ok,True
4. Helopeltis/helopeltis_00353.jpg,4. Helopeltis,1200,1600,249348,79.016,blurry,174.413,33.975,True,ok,True
4. Helopeltis/helopeltis_00354.jpg,4. Helopeltis,1200,1600,259193,118.435,soft,176.817,39.906,True,ok,True
4. Helopeltis/helopeltis_00355.jpg,4. Helopeltis,1200,1600,248849,69.336,blurry,194.013,33.847,True,ok,True
4. Helopeltis/helopeltis_00356.jpg,4. Helopeltis,1200,1600,236084,79.448,blurry,191.343,37.667,True,ok,True
4. Helopeltis/helopeltis_00357.jpg,4. Helopeltis,1200,1600,270755,69.019,blurry,170.799,29.941,True,ok,True
4. Helopeltis/helopeltis_00358.jpg,4. Helopeltis,1200,1600,242126,71.165,blurry,174.895,34.406,True,ok,True
4. Helopeltis/helopeltis_00359.jpg,4. Helopeltis,1200,1600,240274,77.02,blurry,177.018,38.897,True,ok,True
4. Helopeltis/helopeltis_00360.jpg,4. Helopeltis,1200,1600,244135,77.9,blurry,178.878,29.152,True,ok,True
4. Helopeltis/helopeltis_00361.jpg,4. Helopeltis,1200,1600,247811,59.259,blurry,195.038,31.391,True,ok,True
4. Helopeltis/helopeltis_00362.jpg,4. Helopeltis,1200,1600,248694,82.96,blurry,176.281,29.98,True,ok,True
4. Helopeltis/helopeltis_00363.jpg,4. Helopeltis,1200,1600,224973,48.512,blurry,169.212,32.561,True,ok,True
4. Helopeltis/helopeltis_00364.jpg,4. Helopeltis,1200,1600,244926,116.231,soft,189.967,41.075,True,ok,True
4. Helopeltis/helopeltis_00365.jpg,4. Helopeltis,1200,900,130270,74.094,blurry,174.142,39.245,True,ok,True
4. Helopeltis/helopeltis_00366.jpg,4. Helopeltis,1200,900,142895,81.471,blurry,175.286,42.028,True,ok,True
4. Helopeltis/helopeltis_00367.jpg,4. Helopeltis,1200,1600,243930,105.175,soft,181.645,42.496,True,ok,True
4. Helopeltis/helopeltis_00368.jpg,4. Helopeltis,1200,1600,246885,58.962,blurry,175.757,33.906,True,ok,True
4. Helopeltis/helopeltis_00369.jpg,4. Helopeltis,1200,1600,253883,62.819,blurry,171.938,35.811,True,ok,True
4. Helopeltis/helopeltis_00370.jpg,4. Helopeltis,1200,1600,280883,125.179,soft,192.009,35.402,True,ok,True
4. Helopeltis/helopeltis_00371.jpg,4. Helopeltis,1200,1600,263806,80.127,blurry,144.519,31.506,True,ok,True
4. Helopeltis/helopeltis_00372.jpg,4. Helopeltis,1200,1600,229671,39.195,blurry,177.523,23.021,True,ok,True
4. Helopeltis/helopeltis_00373.jpg,4. Helopeltis,1200,1600,240667,47.844,blurry,176.001,24.726,True,ok,True
4. Helopeltis/helopeltis_00374.jpg,4. Helopeltis,1200,1600,239061,48.029,blurry,176.274,23.438,True,ok,True
4. Helopeltis/helopeltis_00375.jpg,4. Helopeltis,1200,1600,230273,45.345,blurry,176.992,23.321,True,ok,True
4. Helopeltis/helopeltis_00376.jpg,4. Helopeltis,1200,1600,229004,62.606,blurry,177.139,25.601,True,ok,True
4. Helopeltis/helopeltis_00377.jpg,4. Helopeltis,1200,1600,230076,70.849,blurry,176.624,27.064,True,ok,True
4. Helopeltis/helopeltis_00378.jpg,4. Helopeltis,1200,1600,235428,58.526,blurry,176.715,21.926,True,ok,True
4. Helopeltis/helopeltis_00379.jpg,4. Helopeltis,1200,1600,237032,62.913,blurry,177.808,23.396,True,ok,True
4. Helopeltis/helopeltis_00380.jpg,4. Helopeltis,1200,900,134451,54.606,blurry,172.505,32.476,True,ok,True
4. Helopeltis/helopeltis_00381.jpg,4. Helopeltis,1200,900,136016,54.807,blurry,174.065,34.273,True,ok,True
4. Helopeltis/helopeltis_00382.jpg,4. Helopeltis,1200,1600,239320,45.777,blurry,173.224,32.101,True,ok,True
4. Helopeltis/helopeltis_00383.jpg,4. Helopeltis,1200,1600,234330,42.419,blurry,175.522,32.263,True,ok,True
4. Helopeltis/helopeltis_00384.jpg,4. Helopeltis,1200,1600,281661,69.136,blurry,196.269,32.442,True,ok,True
4. Helopeltis/helopeltis_00385.jpg,4. Helopeltis,1200,1600,253381,47.817,blurry,150.226,27.016,True,ok,True
4. Helopeltis/helopeltis_00386.jpg,4. Helopeltis,1200,1600,215641,60.139,blurry,199.302,38.511,True,ok,True
4. Helopeltis/helopeltis_00387.jpg,4. Helopeltis,1200,1600,264010,59.09,blurry,197.511,32.777,True,ok,True
4. Helopeltis/helopeltis_00388.jpg,4. Helopeltis,1200,1600,208546,37.263,blurry,184.518,33.501,True,ok,True
4. Helopeltis/helopeltis_00389.jpg,4. Helopeltis,1200,1600,228062,46.015,blurry,176.356,27.139,True,ok,True
4. Helopeltis/helopeltis_00390.jpg,4. Helopeltis,1200,900,131860,42.855,blurry,177.692,28.351,True,ok,True
4. Helopeltis/helopeltis_00391.jpg,4. Helopeltis,1200,1600,231055,44.419,blurry,174.456,28.075,True,ok,True
4. Helopeltis/helopeltis_00392.jpg,4. Helopeltis,1200,1600,245041,50.517,blurry,173.422,31.094,True,ok,True
4. Helopeltis/helopeltis_00393.jpg,4. Helopeltis,1200,1600,231817,58.148,blurry,175.555,29.457,True,ok,True
4. Helopeltis/helopeltis_00394.jpg,4. Helopeltis,1200,1600,242933,61.807,blurry,174.02,30.828,True,ok,True
4. Helopeltis/helopeltis_00395.jpg,4. Helopeltis,1200,1600,228628,57.388,blurry,176.387,27.278,True,ok,True
4. Helopeltis/helopeltis_00396.jpg,4. Helopeltis,1200,900,131442,53.959,blurry,179.158,25.326,True,ok,True
4. Helopeltis/helopeltis_00397.jpg,4. Helopeltis,1200,1600,236081,48.874,blurry,177.321,30.588,True,ok,True
4. Helopeltis/helopeltis_00398.jpg,4. Helopeltis,1200,1600,241601,53.966,blurry,174.031,32.933,True,ok,True
4. Helopeltis/helopeltis_00399.jpg,4. Helopeltis,1200,1600,245775,55.234,blurry,175.277,32.044,True,ok,True
4. Helopeltis/helopeltis_00400.jpg,4. Helopeltis,1200,1600,251171,60.558,blurry,172.399,35.757,True,ok,True
4. Helopeltis/helopeltis_00401.jpg,4. Helopeltis,1200,1600,251584,74.421,blurry,195.35,30.142,True,ok,True
4. Helopeltis/helopeltis_00402.jpg,4. Helopeltis,1200,1600,260877,72.031,blurry,196.513,30.505,True,ok,True
4. Helopeltis/helopeltis_00403.jpg,4. Helopeltis,1200,1600,216038,61.993,blurry,194.655,31.682,True,ok,True
4. Helopeltis/helopeltis_00404.jpg,4. Helopeltis,1200,1600,238554,71.636,blurry,177.085,33.796,True,ok,True
4. Helopeltis/helopeltis_00405.jpg,4. Helopeltis,1200,1600,264452,79.764,blurry,177.025,37.863,True,ok,True
4. Helopeltis/helopeltis_00406.jpg,4. Helopeltis,1200,1600,237372,63.821,blurry,178.359,32.779,True,ok,True
4. Helopeltis/helopeltis_00407.jpg,4. Helopeltis,1200,1600,237625,56.735,blurry,176.311,32.842,True,ok,True
4. Helopeltis/helopeltis_00408.jpg,4. Helopeltis,1200,900,132251,51.378,blurry,175.596,35.158,True,ok,True
4. Helopeltis/helopeltis_00409.jpg,4. Helopeltis,1200,900,136459,55.773,blurry,173.011,39.043,True,ok,True
4. Helopeltis/helopeltis_00410.jpg,4. Helopeltis,1200,1600,259558,56.508,blurry,175.845,32.614,True,ok,True
4. Helopeltis/helopeltis_00411.jpg,4. Helopeltis,1200,1600,262783,61.32,blurry,174.24,35.407,True,ok,True
4. Helopeltis/helopeltis_00412.jpg,4. Helopeltis,1200,1600,249974,42.526,blurry,176.011,29.907,True,ok,True
4. Helopeltis/helopeltis_00413.jpg,4. Helopeltis,1200,900,133464,47.307,blurry,175.411,35.352,True,ok,True
4. Helopeltis/helopeltis_00414.jpg,4. Helopeltis,1200,1600,256303,43.54,blurry,174.034,34.376,True,ok,True
4. Helopeltis/helopeltis_00415.jpg,4. Helopeltis,1200,1600,254789,41.975,blurry,173.758,34.328,True,ok,True
4. Helopeltis/helopeltis_00416.jpg,4. Helopeltis,1200,1600,253342,57.403,blurry,174.432,32.294,True,ok,True
4. Helopeltis/helopeltis_00417.jpg,4. Helopeltis,1200,1600,250567,54.697,blurry,174.542,32.202,True,ok,True
4. Helopeltis/helopeltis_00418.jpg,4. Helopeltis,1200,900,142827,50.034,blurry,174.9,29.131,True,ok,True
4. Helopeltis/helopeltis_00419.jpg,4. Helopeltis,1200,900,143653,51.716,blurry,172.214,31.405,True,ok,True
4. Helopeltis/helopeltis_00420.jpg,4. Helopeltis,1200,900,147252,73.128,blurry,169.558,38.482,True,ok,True
4. Helopeltis/helopeltis_00421.jpg,4. Helopeltis,1200,1600,288242,136.615,soft,173.84,27.487,True,ok,True
4. Helopeltis/helopeltis_00422.jpg,4. Helopeltis,1200,900,148565,59.332,blurry,176.334,35.509,True,ok,True
4. Helopeltis/helopeltis_00423.jpg,4. Helopeltis,1200,1600,336395,154.586,soft,197.488,28.437,True,ok,True
4. Helopeltis/helopeltis_00424.jpg,4. Helopeltis,1200,900,148156,69.058,blurry,173.563,34.863,True,ok,True
4. Helopeltis/helopeltis_00425.jpg,4. Helopeltis,1200,900,139937,54.685,blurry,175.15,28.643,True,ok,True
4. Helopeltis/helopeltis_00426.jpg,4. Helopeltis,1200,1600,319050,114.188,soft,181.598,26.971,True,ok,True
4. Helopeltis/helopeltis_00427.jpg,4. Helopeltis,1200,900,154029,61.853,blurry,171.881,33.427,True,ok,True
4. Helopeltis/helopeltis_00428.jpg,4. Helopeltis,1200,900,164274,58.341,blurry,167.99,36.693,True,ok,True
4. Helopeltis/helopeltis_00429.jpg,4. Helopeltis,1200,1600,258561,51.327,blurry,173.286,29.666,True,ok,True
4. Helopeltis/helopeltis_00430.jpg,4. Helopeltis,1200,1600,269286,55.541,blurry,179.863,29.329,True,ok,True
4. Helopeltis/helopeltis_00431.jpg,4. Helopeltis,1200,1600,236206,90.319,blurry,194.896,36.616,True,ok,True
4. Helopeltis/helopeltis_00432.jpg,4. Helopeltis,1200,1600,246642,98.405,blurry,197.926,37.971,True,ok,True
4. Helopeltis/helopeltis_00433.jpg,4. Helopeltis,1200,900,167820,59.16,blurry,171.849,44.084,True,ok,True
4. Helopeltis/helopeltis_00434.jpg,4. Helopeltis,1200,900,170665,57.891,blurry,173.251,42.945,True,ok,True
4. Helopeltis/helopeltis_00435.jpg,4. Helopeltis,1200,1600,241451,68.841,blurry,198.246,30.931,True,ok,True
4. Helopeltis/helopeltis_00436.jpg,4. Helopeltis,1200,1600,290608,47.238,blurry,173.344,34.938,True,ok,True
4. Helopeltis/helopeltis_00437.jpg,4. Helopeltis,1200,1600,279107,45.656,blurry,172.8,34.32,True,ok,True
4. Helopeltis/helopeltis_00438.jpg,4. Helopeltis,1200,1600,186196,47.565,blurry,195.614,33.422,True,ok,True
4. Helopeltis/helopeltis_00439.jpg,4. Helopeltis,1200,1600,207587,69.35,blurry,198.319,35.662,True,ok,True
4. Helopeltis/helopeltis_00440.jpg,4. Helopeltis,1200,1600,347203,149.329,soft,174.152,47.705,True,ok,True
4. Helopeltis/helopeltis_00441.jpg,4. Helopeltis,1200,900,180842,126.26,soft,171.499,47.482,True,ok,True
4. Helopeltis/helopeltis_00442.jpg,4. Helopeltis,1200,1600,307439,118.102,soft,170.209,41.633,True,ok,True
4. Helopeltis/helopeltis_00443.jpg,4. Helopeltis,1200,1600,228437,66.223,blurry,198.359,33.448,True,ok,True
4. Helopeltis/helopeltis_00444.jpg,4. Helopeltis,1200,900,177377,120.386,soft,170.595,40.776,True,ok,True
4. Helopeltis/helopeltis_00445.jpg,4. Helopeltis,1200,1600,222071,78.496,blurry,201.497,31.071,True,ok,True
4. Helopeltis/helopeltis_00446.jpg,4. Helopeltis,1200,1600,228019,70.024,blurry,199.64,31.397,True,ok,True
4. Helopeltis/helopeltis_00447.jpg,4. Helopeltis,1200,1600,187455,104.034,soft,198.129,38.178,True,ok,True
4. Helopeltis/helopeltis_00448.jpg,4. Helopeltis,1200,1600,242548,92.487,blurry,191.039,34.191,True,ok,True
4. Helopeltis/helopeltis_00449.jpg,4. Helopeltis,1200,1600,215414,80.85,blurry,195.634,34.643,True,ok,True
4. Helopeltis/helopeltis_00450.jpg,4. Helopeltis,1200,1600,201581,60.515,blurry,198.94,33.358,True,ok,True
4. Helopeltis/helopeltis_00451.jpg,4. Helopeltis,1200,1600,261779,53.895,blurry,176.667,34.81,True,ok,True
4. Helopeltis/helopeltis_00452.jpg,4. Helopeltis,1200,1600,242544,47.068,blurry,181.24,31.763,True,ok,True
4. Helopeltis/helopeltis_00453.jpg,4. Helopeltis,1200,1600,275306,54.897,blurry,171.011,33.328,True,ok,True
4. Helopeltis/helopeltis_00454.jpg,4. Helopeltis,1200,1600,220561,84.308,blurry,197.229,33.14,True,ok,True
4. Helopeltis/helopeltis_00455.jpg,4. Helopeltis,1200,1600,253050,45.301,blurry,176.593,29.531,True,ok,True
4. Helopeltis/helopeltis_00456.jpg,4. Helopeltis,1200,1600,273988,58.822,blurry,174.928,39.956,True,ok,True
4. Helopeltis/helopeltis_00457.jpg,4. Helopeltis,1200,1600,266600,56.312,blurry,179.22,37.452,True,ok,True
4. Helopeltis/helopeltis_00458.jpg,4. Helopeltis,1200,1600,286265,58.629,blurry,172.386,34.287,True,ok,True
4. Helopeltis/helopeltis_00459.jpg,4. Helopeltis,1200,1600,287368,64.703,blurry,170.957,36.187,True,ok,True
4. Helopeltis/helopeltis_00460.jpg,4. Helopeltis,1200,1600,244638,44.473,blurry,174.336,30.88,True,ok,True
4. Helopeltis/helopeltis_00461.jpg,4. Helopeltis,1200,1600,251021,48.255,blurry,177.949,31.231,True,ok,True
4. Helopeltis/helopeltis_00462.jpg,4. Helopeltis,1200,1600,274490,45.032,blurry,172.245,28.788,True,ok,True
4. Helopeltis/helopeltis_00463.jpg,4. Helopeltis,1200,1600,264683,45.421,blurry,174.625,27.797,True,ok,True
4. Helopeltis/helopeltis_00464.jpg,4. Helopeltis,1200,1600,257597,101.226,soft,181.652,48.63,True,ok,True
4. Helopeltis/helopeltis_00465.jpg,4. Helopeltis,1200,1600,260922,75.697,blurry,186.129,38.179,True,ok,True
4. Helopeltis/helopeltis_00466.jpg,4. Helopeltis,1200,1600,226684,83.19,blurry,180.402,39.18,True,ok,True
4. Helopeltis/helopeltis_00467.jpg,4. Helopeltis,1200,1600,248420,125.364,soft,199.243,30.661,True,ok,True
4. Helopeltis/helopeltis_00468.jpg,4. Helopeltis,1200,1600,210706,120.988,soft,198.509,30.897,True,ok,True
4. Helopeltis/helopeltis_00469.jpg,4. Helopeltis,1200,900,148839,76.273,blurry,175.24,38.763,True,ok,True
4. Helopeltis/helopeltis_00470.jpg,4. Helopeltis,1200,1600,229290,106.119,soft,200.134,29.267,True,ok,True
4. Helopeltis/helopeltis_00471.jpg,4. Helopeltis,1200,900,155102,87.248,blurry,175.515,43.61,True,ok,True
4. Helopeltis/helopeltis_00472.jpg,4. Helopeltis,1200,900,150083,54.105,blurry,179.367,29.157,True,ok,True
4. Helopeltis/helopeltis_00473.jpg,4. Helopeltis,1200,900,147104,49.594,blurry,177.137,29.398,True,ok,True
4. Helopeltis/helopeltis_00474.jpg,4. Helopeltis,1200,1600,225235,116.809,soft,198.755,29.311,True,ok,True
4. Helopeltis/helopeltis_00475.jpg,4. Helopeltis,1200,900,156311,58.839,blurry,175.7,39.655,True,ok,True
4. Helopeltis/helopeltis_00476.jpg,4. Helopeltis,1200,900,162271,60.653,blurry,174.493,40.658,True,ok,True
4. Helopeltis/helopeltis_00477.jpg,4. Helopeltis,1200,1600,269141,41.344,blurry,175.997,30.165,True,ok,True
4. Helopeltis/helopeltis_00478.jpg,4. Helopeltis,1200,900,148448,43.085,blurry,174.492,31.122,True,ok,True
4. Helopeltis/helopeltis_00479.jpg,4. Helopeltis,1200,900,155391,82.154,blurry,172.777,44.247,True,ok,True
4. Helopeltis/helopeltis_00480.jpg,4. Helopeltis,1200,900,152235,82.674,blurry,173.717,46.067,True,ok,True
4. Helopeltis/helopeltis_00481.jpg,4. Helopeltis,1200,900,153621,72.629,blurry,176.461,39.13,True,ok,True
4. Helopeltis/helopeltis_00482.jpg,4. Helopeltis,1200,900,159391,68.728,blurry,171.464,41.66,True,ok,True
4. Helopeltis/helopeltis_00483.jpg,4. Helopeltis,1200,900,148525,66.322,blurry,175.157,41.454,True,ok,True
4. Helopeltis/helopeltis_00484.jpg,4. Helopeltis,1200,900,146044,65.113,blurry,174.664,42.679,True,ok,True
4. Helopeltis/helopeltis_00485.jpg,4. Helopeltis,1200,900,161370,68.074,blurry,170.889,37.516,True,ok,True
4. Helopeltis/helopeltis_00486.jpg,4. Helopeltis,1200,900,149950,56.064,blurry,173.444,34.429,True,ok,True
4. Helopeltis/helopeltis_00487.jpg,4. Helopeltis,1200,900,145481,50.295,blurry,179.089,27.589,True,ok,True
4. Helopeltis/helopeltis_00488.jpg,4. Helopeltis,1200,1600,263444,55.346,blurry,175.178,29.968,True,ok,True
4. Helopeltis/helopeltis_00489.jpg,4. Helopeltis,1200,900,146619,47.752,blurry,178.374,28.332,True,ok,True
4. Helopeltis/helopeltis_00490.jpg,4. Helopeltis,1200,900,147375,47.324,blurry,178.943,27.265,True,ok,True
4. Helopeltis/helopeltis_00491.jpg,4. Helopeltis,1200,1600,175497,53.552,blurry,193.331,27.601,True,ok,True
4. Helopeltis/helopeltis_00492.jpg,4. Helopeltis,1200,1600,214348,52.153,blurry,184.835,26.171,True,ok,True
4. Helopeltis/helopeltis_00493.jpg,4. Helopeltis,1200,1600,200939,42.665,blurry,171.937,22.06,True,ok,True
4. Helopeltis/helopeltis_00494.jpg,4. Helopeltis,1200,1600,205276,49.751,blurry,199.687,26.824,True,ok,True
4. Helopeltis/helopeltis_00495.jpg,4. Helopeltis,1200,900,134970,33.761,blurry,175.383,25.6,True,ok,True
4. Helopeltis/helopeltis_00496.jpg,4. Helopeltis,1200,900,137721,34.586,blurry,177.833,25.769,True,ok,True
4. Helopeltis/helopeltis_00497.jpg,4. Helopeltis,1200,900,144092,41.896,blurry,177.965,26.133,True,ok,True
4. Helopeltis/helopeltis_00498.jpg,4. Helopeltis,1200,900,146133,40.63,blurry,180.158,23.015,True,ok,True
4. Helopeltis/helopeltis_00499.jpg,4. Helopeltis,1200,1600,208613,46.378,blurry,200.509,23.08,True,ok,True
4. Helopeltis/helopeltis_00500.jpg,4. Helopeltis,1200,1600,216567,46.296,blurry,202.802,22.112,True,ok,True
4. Helopeltis/helopeltis_00501.jpg,4. Helopeltis,1200,1600,211957,48.613,blurry,204.517,20.346,True,ok,True
4. Helopeltis/helopeltis_00502.jpg,4. Helopeltis,1200,1600,202502,35.268,blurry,200.327,26.523,True,ok,True
4. Helopeltis/helopeltis_00503.jpg,4. Helopeltis,1200,1600,198579,46.803,blurry,197.757,31.466,True,ok,True
4. Helopeltis/helopeltis_00504.jpg,4. Helopeltis,1200,1600,194883,47.493,blurry,198.734,24.199,True,ok,True
4. Helopeltis/helopeltis_00505.jpg,4. Helopeltis,1200,1600,209828,40.451,blurry,197.399,28.989,True,ok,True
4. Helopeltis/helopeltis_00506.jpg,4. Helopeltis,1200,1600,230031,72.711,blurry,191.596,40.566,True,ok,True
4. Helopeltis/helopeltis_00507.jpg,4. Helopeltis,1200,1600,199281,69.342,blurry,184.252,45.298,True,ok,True
4. Helopeltis/helopeltis_00508.jpg,4. Helopeltis,1200,1600,213016,73.832,blurry,191.876,34.199,True,ok,True
4. Helopeltis/helopeltis_00509.jpg,4. Helopeltis,1200,1600,240074,52.17,blurry,148.67,31.373,True,ok,True
4. Helopeltis/helopeltis_00510.jpg,4. Helopeltis,1200,1600,197879,56.346,blurry,198.323,38.66,True,ok,True
4. Helopeltis/helopeltis_00511.jpg,4. Helopeltis,1200,1600,175951,30.703,blurry,203.235,24.553,True,ok,True
4. Helopeltis/helopeltis_00512.jpg,4. Helopeltis,1200,1600,194854,43.399,blurry,199.536,24.847,True,ok,True
4. Helopeltis/helopeltis_00513.jpg,4. Helopeltis,1200,1600,181402,46.829,blurry,190.317,38.232,True,ok,True
4. Helopeltis/helopeltis_00514.jpg,4. Helopeltis,1200,1600,208791,72.853,blurry,196.851,33.734,True,ok,True
4. Helopeltis/helopeltis_00515.jpg,4. Helopeltis,1200,1600,213455,66.729,blurry,199.758,27.674,True,ok,True
4. Helopeltis/helopeltis_00516.jpg,4. Helopeltis,1200,1600,277155,80.82,blurry,193.437,28.618,True,ok,True
4. Helopeltis/helopeltis_00517.jpg,4. Helopeltis,1200,900,144368,65.25,blurry,174.114,33.09,True,ok,True
4. Helopeltis/helopeltis_00518.jpg,4. Helopeltis,1200,1600,342899,80.12,blurry,196.952,31.699,True,ok,True
4. Helopeltis/helopeltis_00519.jpg,4. Helopeltis,1200,900,138805,52.761,blurry,175.639,29.412,True,ok,True
4. Helopeltis/helopeltis_00520.jpg,4. Helopeltis,1200,1600,286043,64.963,blurry,168.962,42.867,True,ok,True
4. Helopeltis/helopeltis_00521.jpg,4. Helopeltis,1200,1600,280246,79.714,blurry,173.337,37.568,True,ok,True
4. Helopeltis/helopeltis_00522.jpg,4. Helopeltis,1200,1600,246097,191.776,soft,194.997,40.674,True,ok,True
4. Helopeltis/helopeltis_00523.jpg,4. Helopeltis,1200,1600,303308,103.151,soft,191.229,41.512,True,ok,True
4. Helopeltis/helopeltis_00524.jpg,4. Helopeltis,1200,1600,330452,166.04,soft,194.382,35.787,True,ok,True
4. Helopeltis/helopeltis_00525.jpg,4. Helopeltis,1200,1600,306637,57.608,blurry,194.107,30.213,True,ok,True
4. Helopeltis/helopeltis_00526.jpg,4. Helopeltis,1200,1600,334686,161.415,soft,190.186,39.246,True,ok,True
4. Helopeltis/helopeltis_00527.jpg,4. Helopeltis,1200,1600,351485,223.635,soft,194.836,35.911,True,ok,True
4. Helopeltis/helopeltis_00528.jpg,4. Helopeltis,1200,1600,360353,145.014,soft,192.988,36.66,True,ok,True
4. Helopeltis/helopeltis_00529.jpg,4. Helopeltis,1200,1600,322901,169.212,soft,196.892,35.085,True,ok,True
4. Helopeltis/helopeltis_00530.jpg,4. Helopeltis,1200,900,159403,76.248,blurry,170.982,38.869,True,ok,True
4. Helopeltis/helopeltis_00531.jpg,4. Helopeltis,1200,900,154409,58.262,blurry,172.363,37.729,True,ok,True
4. Helopeltis/helopeltis_00532.jpg,4. Helopeltis,1200,900,166383,71.928,blurry,173.635,38.078,True,ok,True
4. Helopeltis/helopeltis_00533.jpg,4. Helopeltis,1200,1600,274169,48.045,blurry,175.52,30.862,True,ok,True
4. Helopeltis/helopeltis_00534.jpg,4. Helopeltis,1200,900,143001,49.155,blurry,170.299,33.501,True,ok,True
4. Helopeltis/helopeltis_00535.jpg,4. Helopeltis,1200,900,147413,50.03,blurry,172.806,32.544,True,ok,True
4. Helopeltis/helopeltis_00536.jpg,4. Helopeltis,1200,900,152427,79.862,blurry,175.221,43.361,True,ok,True
4. Helopeltis/helopeltis_00537.jpg,4. Helopeltis,1200,900,162648,67.848,blurry,177.115,36.332,True,ok,True
4. Helopeltis/helopeltis_00538.jpg,4. Helopeltis,1200,1600,217463,124.136,soft,191.381,40.691,True,ok,True
4. Helopeltis/helopeltis_00539.jpg,4. Helopeltis,1200,1600,207560,89.423,blurry,191.304,36.345,True,ok,True
4. Helopeltis/helopeltis_00540.jpg,4. Helopeltis,1200,1600,259238,62.577,blurry,197.045,36.39,True,ok,True
4. Helopeltis/helopeltis_00541.jpg,4. Helopeltis,1200,1600,240933,64.898,blurry,198.252,31.926,True,ok,True
4. Helopeltis/helopeltis_00542.jpg,4. Helopeltis,1200,1600,265252,44.003,blurry,200.976,23.203,True,ok,True
4. Helopeltis/helopeltis_00543.jpg,4. Helopeltis,1200,1600,275403,63.855,blurry,177.997,34.177,True,ok,True
4. Helopeltis/helopeltis_00544.jpg,4. Helopeltis,1200,1600,252011,29.316,blurry,202.209,21.53,True,ok,True
4. Helopeltis/helopeltis_00545.jpg,4. Helopeltis,1200,1600,276903,68.845,blurry,171.563,33.379,True,ok,True
4. Helopeltis/helopeltis_00546.jpg,4. Helopeltis,1200,1600,255322,48.898,blurry,200.277,25.746,True,ok,True
4. Helopeltis/helopeltis_00547.jpg,4. Helopeltis,1200,1600,262761,54.474,blurry,180.026,30.199,True,ok,True
4. Helopeltis/helopeltis_00548.jpg,4. Helopeltis,1200,1600,266276,55.868,blurry,179.91,30.36,True,ok,True
4. Helopeltis/helopeltis_00549.jpg,4. Helopeltis,1200,1600,231914,41.181,blurry,197.354,30.543,True,ok,True
4. Helopeltis/helopeltis_00550.jpg,4. Helopeltis,1200,900,152889,69.261,blurry,175.937,33.564,True,ok,True
4. Helopeltis/helopeltis_00551.jpg,4. Helopeltis,1200,1600,250091,35.173,blurry,201.979,25.942,True,ok,True
4. Helopeltis/helopeltis_00552.jpg,4. Helopeltis,1200,1600,260085,51.688,blurry,200.673,25.193,True,ok,True
4. Helopeltis/helopeltis_00553.jpg,4. Helopeltis,1200,900,131692,42.452,blurry,197.635,31.581,True,ok,True
4. Helopeltis/helopeltis_00554.jpg,4. Helopeltis,1200,1600,252649,39.069,blurry,201.571,25.281,True,ok,True
4. Helopeltis/helopeltis_00555.jpg,4. Helopeltis,1200,1600,268902,51.998,blurry,198.863,29.195,True,ok,True
4. Helopeltis/helopeltis_00556.jpg,4. Helopeltis,1200,1600,260641,59.784,blurry,178.02,33.02,True,ok,True
4. Helopeltis/helopeltis_00557.jpg,4. Helopeltis,1200,1600,264168,62.041,blurry,177.18,27.869,True,ok,True
4. Helopeltis/helopeltis_00558.jpg,4. Helopeltis,1200,1600,265426,54.9,blurry,167.693,30.903,True,ok,True
4. Helopeltis/helopeltis_00559.jpg,4. Helopeltis,1200,900,138535,53.802,blurry,175.751,27.374,True,ok,True
4. Helopeltis/helopeltis_00560.jpg,4. Helopeltis,1200,1600,253318,83.638,blurry,192.006,38.753,True,ok,True
4. Helopeltis/helopeltis_00561.jpg,4. Helopeltis,1200,1600,274241,49.429,blurry,197.782,30.851,True,ok,True
4. Helopeltis/helopeltis_00562.jpg,4. Helopeltis,1200,1600,211597,29.707,blurry,199.336,21.586,True,ok,True
4. Helopeltis/helopeltis_00563.jpg,4. Helopeltis,1200,1600,302144,32.082,blurry,193.269,20.474,True,ok,True
4. Helopeltis/helopeltis_00564.jpg,4. Helopeltis,1200,1600,225752,50.085,blurry,189.519,40.299,True,ok,True
4. Helopeltis/helopeltis_00565.jpg,4. Helopeltis,1200,1600,280455,72.665,blurry,200.648,28.937,True,ok,True
4. Helopeltis/helopeltis_00566.jpg,4. Helopeltis,1200,1600,273703,56.726,blurry,201.307,24.468,True,ok,True
4. Helopeltis/helopeltis_00567.jpg,4. Helopeltis,1200,1600,269622,40.811,blurry,201.799,25.077,True,ok,True
4. Helopeltis/helopeltis_00568.jpg,4. Helopeltis,1200,1600,269347,78.665,blurry,196.517,40.401,True,ok,True
4. Helopeltis/helopeltis_00569.jpg,4. Helopeltis,1200,1600,209210,73.717,blurry,195.364,35.762,True,ok,True
4. Helopeltis/helopeltis_00570.jpg,4. Helopeltis,1200,1600,233575,86.123,blurry,198.058,26.594,True,ok,True
4. Helopeltis/helopeltis_00571.jpg,4. Helopeltis,1200,1600,219961,76.609,blurry,197.465,30.697,True,ok,True
4. Helopeltis/helopeltis_00572.jpg,4. Helopeltis,1200,1600,311197,79.466,blurry,192.592,31.581,True,ok,True
4. Helopeltis/helopeltis_00573.jpg,4. Helopeltis,1200,1600,229548,78.022,blurry,196.341,28.413,True,ok,True
4. Helopeltis/helopeltis_00574.jpg,4. Helopeltis,1200,1600,242319,75.88,blurry,197.145,27.495,True,ok,True
4. Helopeltis/helopeltis_00575.jpg,4. Helopeltis,1200,1600,222043,96.004,blurry,196.053,33.288,True,ok,True
4. Helopeltis/helopeltis_00576.jpg,4. Helopeltis,1200,1600,217942,85.11,blurry,196.567,29.115,True,ok,True
4. Helopeltis/helopeltis_00577.jpg,4. Helopeltis,1200,1600,241190,69.391,blurry,196.988,24.667,True,ok,True
4. Helopeltis/helopeltis_00578.jpg,4. Helopeltis,1200,1600,291439,77.632,blurry,169.579,51.679,True,ok,True
4. Helopeltis/helopeltis_00579.jpg,4. Helopeltis,1200,1600,321663,60.461,blurry,199.934,20.914,True,ok,True
4. Helopeltis/helopeltis_00580.jpg,4. Helopeltis,1200,1600,273184,55.606,blurry,197.414,20.882,True,ok,True
4. Helopeltis/helopeltis_00581.jpg,4. Helopeltis,1200,1600,290603,71.565,blurry,165.123,49.514,True,ok,True
4. Helopeltis/helopeltis_00582.jpg,4. Helopeltis,1200,1600,266585,71.572,blurry,200.258,22.691,True,ok,True
4. Helopeltis/helopeltis_00583.jpg,4. Helopeltis,1200,1600,275052,67.475,blurry,200.753,23.215,True,ok,True
4. Helopeltis/helopeltis_00584.jpg,4. Helopeltis,1200,1600,256778,40.723,blurry,176.707,33.451,True,ok,True
4. Helopeltis/helopeltis_00585.jpg,4. Helopeltis,1200,1600,285076,37.894,blurry,171.4,23.666,True,ok,True
4. Helopeltis/helopeltis_00586.jpg,4. Helopeltis,1200,1600,271100,54.047,blurry,201.292,24.365,True,ok,True
4. Helopeltis/helopeltis_00587.jpg,4. Helopeltis,1200,1600,268114,41.168,blurry,172.632,33.661,True,ok,True
4. Helopeltis/helopeltis_00588.jpg,4. Helopeltis,1200,900,144804,64.994,blurry,175.137,37.494,True,ok,True
4. Helopeltis/helopeltis_00589.jpg,4. Helopeltis,1200,900,153409,63.887,blurry,174.103,33.846,True,ok,True
4. Helopeltis/helopeltis_00590.jpg,4. Helopeltis,1200,1600,240028,23.625,blurry,172.317,26.37,True,ok,True
4. Helopeltis/helopeltis_00591.jpg,4. Helopeltis,1200,900,137240,30.93,blurry,175.44,26.057,True,ok,True
4. Helopeltis/helopeltis_00592.jpg,4. Helopeltis,1200,1600,264647,64.457,blurry,174.507,27.612,True,ok,True
4. Helopeltis/helopeltis_00593.jpg,4. Helopeltis,1200,1600,259313,63.395,blurry,180.375,25.35,True,ok,True
4. Helopeltis/helopeltis_00594.jpg,4. Helopeltis,1200,1600,249085,38.413,blurry,175.815,26.076,True,ok,True
4. Helopeltis/helopeltis_00595.jpg,4. Helopeltis,1200,1600,260787,50.244,blurry,177.776,27.641,True,ok,True
4. Helopeltis/helopeltis_00596.jpg,4. Helopeltis,1200,1600,253587,81.013,blurry,195.288,34.479,True,ok,True
4. Helopeltis/helopeltis_00597.jpg,4. Helopeltis,1200,1600,257438,66.494,blurry,198.15,29.946,True,ok,True
4. Helopeltis/helopeltis_00598.jpg,4. Helopeltis,1200,1600,245765,43.13,blurry,197.476,30.1,True,ok,True
4. Helopeltis/helopeltis_00599.jpg,4. Helopeltis,1200,1600,252064,36.706,blurry,200.413,26.592,True,ok,True
4. Helopeltis/helopeltis_00600.jpg,4. Helopeltis,1200,1600,294137,94.969,blurry,170.412,46.504,True,ok,True
4. Helopeltis/helopeltis_00601.jpg,4. Helopeltis,1200,900,164024,55.695,blurry,169.897,36.618,True,ok,True
4. Helopeltis/helopeltis_00602.jpg,4. Helopeltis,1200,1600,295663,43.292,blurry,194.563,29.033,True,ok,True
4. Helopeltis/helopeltis_00603.jpg,4. Helopeltis,1200,1600,259957,53.889,blurry,190.84,28.894,True,ok,True
4. Helopeltis/helopeltis_00604.jpg,4. Helopeltis,1200,1600,326212,51.416,blurry,196.032,26.805,True,ok,True
4. Helopeltis/helopeltis_00605.jpg,4. Helopeltis,1200,1600,264740,54.171,blurry,175.024,38.759,True,ok,True
4. Helopeltis/helopeltis_00606.jpg,4. Helopeltis,1200,1600,273906,48.585,blurry,175.862,34.374,True,ok,True
4. Helopeltis/helopeltis_00607.jpg,4. Helopeltis,1200,1600,271652,26.989,blurry,196.884,19.824,True,ok,True
5. Red spider/red_spider_00001.jpg,5. Red spider,1200,904,177388,87.243,blurry,203.902,54.957,True,ok,True
5. Red spider/red_spider_00002.jpg,5. Red spider,1200,1594,299671,139.368,soft,201.625,49.048,True,ok,True
5. Red spider/red_spider_00003.jpg,5. Red spider,1200,904,187159,105.936,soft,180.054,50.696,True,ok,True
5. Red spider/red_spider_00004.jpg,5. Red spider,1200,904,181081,56.554,blurry,188.36,35.507,True,ok,True
5. Red spider/red_spider_00005.jpg,5. Red spider,1200,1594,282359,136.337,soft,197.305,59.203,True,ok,True
5. Red spider/red_spider_00006.jpg,5. Red spider,1200,1594,318195,63.421,blurry,189.155,41.118,True,ok,True
5. Red spider/red_spider_00007.jpg,5. Red spider,1200,1594,359349,101.321,soft,201.264,47.368,True,ok,True
5. Red spider/red_spider_00008.jpg,5. Red spider,1200,904,134586,43.847,blurry,190.534,30.538,True,ok,True
5. Red spider/red_spider_00009.jpg,5. Red spider,1200,1594,355111,55.369,blurry,193.481,32.975,True,ok,True
5. Red spider/red_spider_00010.jpg,5. Red spider,1200,1594,279941,114.755,soft,201.085,53.85,True,ok,True
5. Red spider/red_spider_00011.jpg,5. Red spider,1200,904,178444,78.937,blurry,200.116,49.387,True,ok,True
5. Red spider/red_spider_00012.jpg,5. Red spider,1200,904,166880,86.285,blurry,204.691,43.333,True,ok,True
5. Red spider/red_spider_00013.jpg,5. Red spider,1200,1594,322282,59.341,blurry,203.009,36.43,True,ok,True
5. Red spider/red_spider_00014.jpg,5. Red spider,1200,1594,346516,100.28,soft,171.209,67.133,True,ok,True
5. Red spider/red_spider_00015.jpg,5. Red spider,1200,904,192917,84.15,blurry,199.376,44.632,True,ok,True
5. Red spider/red_spider_00016.jpg,5. Red spider,1200,904,148043,69.227,blurry,188.124,52.232,True,ok,True
5. Red spider/red_spider_00017.jpg,5. Red spider,1200,904,177824,112.927,soft,196.876,63.02,True,ok,True
5. Red spider/red_spider_00018.jpg,5. Red spider,1200,904,168461,81.908,blurry,195.626,49.531,True,ok,True
5. Red spider/red_spider_00019.jpg,5. Red spider,1200,904,179966,52.54,blurry,188.617,43.009,True,ok,True
5. Red spider/red_spider_00020.jpg,5. Red spider,1200,904,173950,66.759,blurry,197.274,44.137,True,ok,True
5. Red spider/red_spider_00021.jpg,5. Red spider,1200,904,235617,157.751,soft,184.734,43.14,True,ok,True
5. Red spider/red_spider_00022.jpg,5. Red spider,1200,904,209759,127.107,soft,189.665,38.351,True,ok,True
5. Red spider/red_spider_00023.jpg,5. Red spider,1200,904,168204,35.822,blurry,196.2,29.604,True,ok,True
5. Red spider/red_spider_00024.jpg,5. Red spider,1200,904,188101,68.513,blurry,203.541,46.167,True,ok,True
5. Red spider/red_spider_00025.jpg,5. Red spider,1200,1594,328246,90.976,blurry,190.52,29.219,True,ok,True
5. Red spider/red_spider_00026.jpg,5. Red spider,1200,1594,280677,96.01,blurry,206.41,44.506,True,ok,True
5. Red spider/red_spider_00027.jpg,5. Red spider,1200,1594,350883,72.616,blurry,183.994,41.534,True,ok,True
5. Red spider/red_spider_00028.jpg,5. Red spider,1200,1594,285114,64.896,blurry,202.213,43.506,True,ok,True
5. Red spider/red_spider_00029.jpg,5. Red spider,1200,904,163641,82.352,blurry,192.21,46.328,True,ok,True
5. Red spider/red_spider_00030.jpg,5. Red spider,1200,904,164847,94.077,blurry,198.816,51.621,True,ok,True
5. Red spider/red_spider_00031.jpg,5. Red spider,1200,904,141379,45.491,blurry,201.561,38.305,True,ok,True
5. Red spider/red_spider_00032.jpg,5. Red spider,1200,904,175749,116.892,soft,181.341,61.734,True,ok,True
5. Red spider/red_spider_00033.jpg,5. Red spider,1200,904,187756,127.073,soft,159.494,65.189,True,ok,True
5. Red spider/red_spider_00034.jpg,5. Red spider,1200,1594,320105,37.536,blurry,188.336,32.064,True,ok,True
5. Red spider/red_spider_00035.jpg,5. Red spider,1200,1594,265893,51.184,blurry,186.734,41.92,True,ok,True
5. Red spider/red_spider_00036.jpg,5. Red spider,1200,904,180625,117.539,soft,200.434,62.615,True,ok,True
5. Red spider/red_spider_00037.jpg,5. Red spider,1200,1594,280698,76.742,blurry,196.339,62.88,True,ok,True
5. Red spider/red_spider_00038.jpg,5. Red spider,1200,904,208466,90.09,blurry,175.148,57.408,True,ok,True
5. Red spider/red_spider_00039.jpg,5. Red spider,1200,1594,271602,46.309,blurry,202.071,37.753,True,ok,True
5. Red spider/red_spider_00040.jpg,5. Red spider,1200,1594,236538,75.793,blurry,200.966,46.314,True,ok,True
5. Red spider/red_spider_00041.jpg,5. Red spider,1200,1594,270536,76.615,blurry,197.644,53.828,True,ok,True
5. Red spider/red_spider_00042.jpg,5. Red spider,1200,1594,295962,94.172,blurry,201.998,59.871,True,ok,True
5. Red spider/red_spider_00043.jpg,5. Red spider,1200,1594,319244,77.615,blurry,191.323,61.95,True,ok,True
5. Red spider/red_spider_00044.jpg,5. Red spider,1200,1594,368831,94.364,blurry,173.083,57.322,True,ok,True
5. Red spider/red_spider_00045.jpg,5. Red spider,1200,1594,384292,81.808,blurry,170.584,47.603,True,ok,True
5. Red spider/red_spider_00046.jpg,5. Red spider,1200,1594,306985,94.486,blurry,196.008,42.332,True,ok,True
5. Red spider/red_spider_00047.jpg,5. Red spider,1200,904,167882,73.73,blurry,202.996,49.477,True,ok,True
5. Red spider/red_spider_00048.jpg,5. Red spider,1200,904,163657,60.607,blurry,201.633,44.433,True,ok,True
5. Red spider/red_spider_00049.jpg,5. Red spider,1200,904,163611,54.854,blurry,182.649,43.353,True,ok,True
5. Red spider/red_spider_00050.jpg,5. Red spider,1200,1594,284215,45.153,blurry,183.877,34.626,True,ok,True
5. Red spider/red_spider_00051.jpg,5. Red spider,1200,1594,353687,67.853,blurry,168.516,52.659,True,ok,True
5. Red spider/red_spider_00052.jpg,5. Red spider,1200,1594,301999,55.12,blurry,178.195,37.332,True,ok,True
5. Red spider/red_spider_00053.jpg,5. Red spider,1200,1594,289682,102.494,soft,181.253,47.873,True,ok,True
5. Red spider/red_spider_00054.jpg,5. Red spider,1200,1594,240293,68.698,blurry,188.385,48.479,True,ok,True
5. Red spider/red_spider_00055.jpg,5. Red spider,1200,1594,308212,43.579,blurry,170.77,33.637,True,ok,True
5. Red spider/red_spider_00056.jpg,5. Red spider,1200,1594,296680,70.143,blurry,170.081,48.88,True,ok,True
5. Red spider/red_spider_00057.jpg,5. Red spider,1200,1594,324169,94.028,blurry,149.123,48.57,True,ok,True
5. Red spider/red_spider_00058.jpg,5. Red spider,1200,1594,248996,61.184,blurry,180.291,45.003,True,ok,True
5. Red spider/red_spider_00059.jpg,5. Red spider,1200,1594,258569,69.146,blurry,191.653,52.479,True,ok,True
5. Red spider/red_spider_00060.jpg,5. Red spider,1200,1594,243224,63.526,blurry,179.517,36.051,True,ok,True
5. Red spider/red_spider_00061.jpg,5. Red spider,1200,1594,234096,79.322,blurry,179.227,45.831,True,ok,True
5. Red spider/red_spider_00062.jpg,5. Red spider,1200,1594,243224,62.203,blurry,177.334,37.473,True,ok,True
5. Red spider/red_spider_00063.jpg,5. Red spider,1200,1594,224390,58.161,blurry,173.595,42.485,True,ok,True
5. Red spider/red_spider_00064.jpg,5. Red spider,1200,1594,208356,70.472,blurry,178.466,42.282,True,ok,True
5. Red spider/red_spider_00065.jpg,5. Red spider,1200,1594,268880,45.644,blurry,167.718,34.452,True,ok,True
5. Red spider/red_spider_00066.jpg,5. Red spider,1200,1594,240339,54.044,blurry,174.586,35.909,True,ok,True
5. Red spider/red_spider_00067.jpg,5. Red spider,1200,1594,280988,45.546,blurry,178.409,33.6,True,ok,True
5. Red spider/red_spider_00068.jpg,5. Red spider,1200,1594,246038,72.11,blurry,179.047,39.266,True,ok,True
5. Red spider/red_spider_00069.jpg,5. Red spider,1200,1594,235663,51.075,blurry,173.913,34.321,True,ok,True
5. Red spider/red_spider_00070.jpg,5. Red spider,1200,1594,279455,72.465,blurry,174.423,43.112,True,ok,True
5. Red spider/red_spider_00071.jpg,5. Red spider,1200,1594,289772,50.311,blurry,161.186,32.379,True,ok,True
5. Red spider/red_spider_00072.jpg,5. Red spider,1200,1594,269928,41.051,blurry,156.985,28.535,True,ok,True
5. Red spider/red_spider_00073.jpg,5. Red spider,1200,1594,268806,132.778,soft,158.8,64.828,True,ok,True
5. Red spider/red_spider_00074.jpg,5. Red spider,1200,1600,218375,93.075,blurry,172.284,48.048,True,ok,True
5. Red spider/red_spider_00075.jpg,5. Red spider,1200,1600,279006,75.663,blurry,183.735,47.453,True,ok,True
5. Red spider/red_spider_00076.jpg,5. Red spider,1200,1600,267397,91.247,blurry,182.705,44.009,True,ok,True
5. Red spider/red_spider_00077.jpg,5. Red spider,1200,1600,267988,90.194,blurry,185.182,44.011,True,ok,True
5. Red spider/red_spider_00078.jpg,5. Red spider,1200,900,134089,74.395,blurry,192.681,28.683,True,ok,True
5. Red spider/red_spider_00079.jpg,5. Red spider,1200,900,136449,113.313,soft,187.618,42.548,True,ok,True
5. Red spider/red_spider_00080.jpg,5. Red spider,1200,900,158727,97.062,blurry,179.805,44.444,True,ok,True
5. Red spider/red_spider_00081.jpg,5. Red spider,1200,900,132941,52.267,blurry,188.78,34.514,True,ok,True
5. Red spider/red_spider_00082.jpg,5. Red spider,1200,900,123225,64.366,blurry,188.103,39.757,True,ok,True
5. Red spider/red_spider_00083.jpg,5. Red spider,1200,900,146880,84.605,blurry,184.374,39.343,True,ok,True
5. Red spider/red_spider_00084.jpg,5. Red spider,1200,900,168262,110.397,soft,182.16,52.257,True,ok,True
5. Red spider/red_spider_00085.jpg,5. Red spider,1200,1594,401554,196.471,soft,164.082,56.973,True,ok,True
5. Red spider/red_spider_00086.jpg,5. Red spider,1200,1594,386460,191.757,soft,166.444,57.662,True,ok,True
5. Red spider/red_spider_00087.jpg,5. Red spider,1200,1594,220994,148.716,soft,174.972,59.779,True,ok,True
5. Red spider/red_spider_00088.jpg,5. Red spider,1200,1594,305134,225.713,soft,168.952,62.423,True,ok,True
5. Red spider/red_spider_00089.jpg,5. Red spider,1200,1600,315856,125.21,soft,165.02,44.835,True,ok,True
5. Red spider/red_spider_00090.jpg,5. Red spider,1200,900,174486,103.586,soft,155.734,42.86,True,ok,True
5. Red spider/red_spider_00091.jpg,5. Red spider,1200,900,135956,59.995,blurry,179.091,36.511,True,ok,True
5. Red spider/red_spider_00092.jpg,5. Red spider,1200,1600,317305,120.245,soft,181.652,53.554,True,ok,True
5. Red spider/red_spider_00093.jpg,5. Red spider,1200,900,126776,32.185,blurry,188.478,27.527,True,ok,True
5. Red spider/red_spider_00094.jpg,5. Red spider,1200,900,115108,26.611,blurry,181.203,29.695,True,ok,True
5. Red spider/red_spider_00095.jpg,5. Red spider,1200,900,118089,27.983,blurry,181.159,29.828,True,ok,True
5. Red spider/red_spider_00096.jpg,5. Red spider,1200,1600,297761,142.388,soft,167.433,67.435,True,ok,True
5. Red spider/red_spider_00097.jpg,5. Red spider,1200,900,135292,27.114,blurry,186.941,21.502,True,ok,True
5. Red spider/red_spider_00098.jpg,5. Red spider,1200,1600,240396,32.197,blurry,180.293,29.886,True,ok,True
5. Red spider/red_spider_00099.jpg,5. Red spider,1200,1600,215245,30.009,blurry,194.22,22.311,True,ok,True
5. Red spider/red_spider_00100.jpg,5. Red spider,1200,1600,252534,105.398,soft,179.219,58.484,True,ok,True
5. Red spider/red_spider_00101.jpg,5. Red spider,1200,1600,240262,53.644,blurry,176.39,51.949,True,ok,True
5. Red spider/red_spider_00102.jpg,5. Red spider,1200,1600,271809,59.747,blurry,176.021,51.571,True,ok,True
5. Red spider/red_spider_00103.jpg,5. Red spider,1200,1594,251788,67.458,blurry,197.882,52.361,True,ok,True
5. Red spider/red_spider_00104.jpg,5. Red spider,1200,1594,246471,83.622,blurry,195.494,53.329,True,ok,True
5. Red spider/red_spider_00105.jpg,5. Red spider,1200,1594,256698,74.107,blurry,194.87,52.695,True,ok,True
5. Red spider/red_spider_00106.jpg,5. Red spider,1200,904,161796,219.066,soft,171.254,63.899,True,ok,True
5. Red spider/red_spider_00107.jpg,5. Red spider,1200,904,157578,175.897,soft,162.831,63.576,True,ok,True
5. Red spider/red_spider_00108.jpg,5. Red spider,1200,1600,238975,84.764,blurry,195.435,40.562,True,ok,True
5. Red spider/red_spider_00109.jpg,5. Red spider,1200,1600,242418,90.214,blurry,194.522,40.604,True,ok,True
5. Red spider/red_spider_00110.jpg,5. Red spider,1200,904,109544,57.218,blurry,188.131,27.421,True,ok,True
5. Red spider/red_spider_00111.jpg,5. Red spider,1200,904,122971,85.001,blurry,186.088,31.523,True,ok,True
5. Red spider/red_spider_00112.jpg,5. Red spider,1200,904,118861,52.286,blurry,186.253,30.086,True,ok,True
5. Red spider/red_spider_00113.jpg,5. Red spider,1200,904,105474,55.424,blurry,171.663,31.233,True,ok,True
5. Red spider/red_spider_00114.jpg,5. Red spider,1200,904,165421,181.301,soft,165.256,65.352,True,ok,True
5. Red spider/red_spider_00115.jpg,5. Red spider,1200,904,126854,135.152,soft,172.861,57.446,True,ok,True
5. Red spider/red_spider_00116.jpg,5. Red spider,1200,904,144621,155.349,soft,180.895,52.858,True,ok,True
5. Red spider/red_spider_00117.jpg,5. Red spider,1200,1600,358613,159.24,soft,188.91,49.883,True,ok,True
5. Red spider/red_spider_00118.jpg,5. Red spider,1200,900,161487,54.403,blurry,200.586,36.269,True,ok,True
5. Red spider/red_spider_00119.jpg,5. Red spider,1200,900,172635,61.95,blurry,195.898,41.163,True,ok,True
5. Red spider/red_spider_00120.jpg,5. Red spider,1200,904,151586,118.076,soft,159.783,49.888,True,ok,True
5. Red spider/red_spider_00121.jpg,5. Red spider,1200,904,164043,167.222,soft,174.158,62.681,True,ok,True
5. Red spider/red_spider_00122.jpg,5. Red spider,1200,1600,270944,95.823,blurry,176.794,40.046,True,ok,True
5. Red spider/red_spider_00123.jpg,5. Red spider,1200,1600,271293,86.025,blurry,178.445,37.426,True,ok,True
5. Red spider/red_spider_00124.jpg,5. Red spider,1200,1600,269559,93.275,blurry,178.311,38.327,True,ok,True
5. Red spider/red_spider_00125.jpg,5. Red spider,1200,900,245842,62.924,blurry,189.95,38.552,True,ok,True
5. Red spider/red_spider_00126.jpg,5. Red spider,1200,1600,354309,79.81,blurry,186.336,43.4,True,ok,True
5. Red spider/red_spider_00127.jpg,5. Red spider,1200,1600,354316,79.743,blurry,182.871,46.421,True,ok,True
5. Red spider/red_spider_00128.jpg,5. Red spider,1200,904,107634,64.353,blurry,174.677,30.335,True,ok,True
5. Red spider/red_spider_00129.jpg,5. Red spider,1200,904,171986,81.27,blurry,191.28,38.504,True,ok,True
5. Red spider/red_spider_00130.jpg,5. Red spider,1200,904,164014,80.385,blurry,191.135,38.59,True,ok,True
5. Red spider/red_spider_00131.jpg,5. Red spider,1200,1600,279274,78.84,blurry,172.948,40.794,True,ok,True
5. Red spider/red_spider_00132.jpg,5. Red spider,1200,1600,276346,76.889,blurry,172.979,40.229,True,ok,True
5. Red spider/red_spider_00133.jpg,5. Red spider,1200,1600,281648,102.763,soft,189.082,53.265,True,ok,True
5. Red spider/red_spider_00134.jpg,5. Red spider,1200,1600,260984,71.329,blurry,189.724,51.244,True,ok,True
5. Red spider/red_spider_00135.jpg,5. Red spider,1200,1600,239037,45.918,blurry,174.57,36.132,True,ok,True
5. Red spider/red_spider_00136.jpg,5. Red spider,1200,900,137062,52.3,blurry,176.958,36.546,True,ok,True
5. Red spider/red_spider_00137.jpg,5. Red spider,1200,904,119972,62.026,blurry,188.179,37.001,True,ok,True
5. Red spider/red_spider_00138.jpg,5. Red spider,1200,1600,250366,64.609,blurry,178.327,32.797,True,ok,True
5. Red spider/red_spider_00139.jpg,5. Red spider,1200,1600,263947,70.37,blurry,178.343,34.483,True,ok,True
5. Red spider/red_spider_00140.jpg,5. Red spider,1200,904,133737,152.083,soft,167.313,53.452,True,ok,True
5. Red spider/red_spider_00141.jpg,5. Red spider,1200,904,163472,140.928,soft,180.094,45.71,True,ok,True
5. Red spider/red_spider_00142.jpg,5. Red spider,1200,1600,385258,163.425,soft,178.563,59.265,True,ok,True
5. Red spider/red_spider_00143.jpg,5. Red spider,1200,1600,270010,143.076,soft,172.263,64.773,True,ok,True
5. Red spider/red_spider_00144.jpg,5. Red spider,1200,1600,338091,100.243,soft,191.707,49.633,True,ok,True
5. Red spider/red_spider_00145.jpg,5. Red spider,1200,904,115271,82.85,blurry,208.482,34.207,True,ok,True
5. Red spider/red_spider_00146.jpg,5. Red spider,1200,904,133502,117.185,soft,206.101,41.486,True,ok,True
5. Red spider/red_spider_00147.jpg,5. Red spider,1200,1600,380390,127.531,soft,184.022,53.772,True,ok,True
5. Red spider/red_spider_00148.jpg,5. Red spider,1200,904,110331,110.462,soft,214.702,42.056,True,ok,True
5. Red spider/red_spider_00149.jpg,5. Red spider,1200,904,190648,260.149,soft,199.345,65.152,True,ok,True
5. Red spider/red_spider_00150.jpg,5. Red spider,1200,904,166350,223.433,soft,206.709,60.543,True,ok,True
5. Red spider/red_spider_00151.jpg,5. Red spider,1200,904,118023,61.987,blurry,189.396,30.065,True,ok,True
5. Red spider/red_spider_00152.jpg,5. Red spider,1200,904,104947,70.995,blurry,187.709,34.616,True,ok,True
5. Red spider/red_spider_00153.jpg,5. Red spider,1200,1600,268246,93.598,blurry,187.663,48.995,True,ok,True
5. Red spider/red_spider_00154.jpg,5. Red spider,1200,1600,326674,84.75,blurry,191.39,44.563,True,ok,True
5. Red spider/red_spider_00155.jpg,5. Red spider,1200,904,120640,117.228,soft,211.993,46.284,True,ok,True
5. Red spider/red_spider_00156.jpg,5. Red spider,1200,1600,315071,89.256,blurry,185.319,52.013,True,ok,True
5. Red spider/red_spider_00157.jpg,5. Red spider,1200,904,184012,221.898,soft,170.226,63.399,True,ok,True
5. Red spider/red_spider_00158.jpg,5. Red spider,1200,1600,314918,80.623,blurry,185.861,49.635,True,ok,True
5. Red spider/red_spider_00159.jpg,5. Red spider,1200,1600,422977,182.786,soft,172.267,63.161,True,ok,True
5. Red spider/red_spider_00160.jpg,5. Red spider,1200,900,211594,145.571,soft,178.858,62.687,True,ok,True
5. Red spider/red_spider_00161.jpg,5. Red spider,1200,900,197375,132.933,soft,173.446,57.615,True,ok,True
5. Red spider/red_spider_00162.jpg,5. Red spider,1200,904,106247,91.783,blurry,203.866,35.938,True,ok,True
5. Red spider/red_spider_00163.jpg,5. Red spider,1200,1600,335571,98.615,blurry,189.477,47.943,True,ok,True
5. Red spider/red_spider_00164.jpg,5. Red spider,1200,904,107870,95.896,blurry,200.447,41.947,True,ok,True
5. Red spider/red_spider_00165.jpg,5. Red spider,1200,1600,318152,113.911,soft,185.836,51.606,True,ok,True
5. Red spider/red_spider_00166.jpg,5. Red spider,1200,904,141144,71.508,blurry,177.359,31.79,True,ok,True
5. Red spider/red_spider_00167.jpg,5. Red spider,1200,900,185825,95.576,blurry,177.618,52.015,True,ok,True
5. Red spider/red_spider_00168.jpg,5. Red spider,1200,1600,300714,86.387,blurry,172.727,52.648,True,ok,True
5. Red spider/red_spider_00169.jpg,5. Red spider,1200,1600,291408,80.784,blurry,176.584,44.156,True,ok,True
5. Red spider/red_spider_00170.jpg,5. Red spider,1200,1600,327722,98.58,blurry,191.122,48.779,True,ok,True
5. Red spider/red_spider_00171.jpg,5. Red spider,1200,900,133493,59.0,blurry,174.812,39.219,True,ok,True
5. Red spider/red_spider_00172.jpg,5. Red spider,1200,1600,299144,84.673,blurry,193.669,51.833,True,ok,True
5. Red spider/red_spider_00173.jpg,5. Red spider,1200,900,157171,81.419,blurry,177.255,44.293,True,ok,True
5. Red spider/red_spider_00174.jpg,5. Red spider,1200,1600,312459,94.831,blurry,187.317,54.987,True,ok,True
5. Red spider/red_spider_00175.jpg,5. Red spider,1200,904,144605,147.227,soft,176.749,45.082,True,ok,True
5. Red spider/red_spider_00176.jpg,5. Red spider,1200,904,134902,109.208,soft,165.882,42.459,True,ok,True
5. Red spider/red_spider_00177.jpg,5. Red spider,1200,1600,263492,112.989,soft,190.888,49.511,True,ok,True
5. Red spider/red_spider_00178.jpg,5. Red spider,1200,1600,340028,97.034,blurry,195.141,42.86,True,ok,True
5. Red spider/red_spider_00179.jpg,5. Red spider,1200,1600,286119,50.881,blurry,178.083,37.543,True,ok,True
5. Red spider/red_spider_00180.jpg,5. Red spider,1200,1600,291566,57.917,blurry,178.471,39.661,True,ok,True
5. Red spider/red_spider_00181.jpg,5. Red spider,1200,1600,273446,53.461,blurry,171.018,39.148,True,ok,True
5. Red spider/red_spider_00182.jpg,5. Red spider,1200,1600,315705,115.537,soft,192.135,48.654,True,ok,True
5. Red spider/red_spider_00183.jpg,5. Red spider,1200,1600,287155,56.529,blurry,172.043,30.626,True,ok,True
5. Red spider/red_spider_00184.jpg,5. Red spider,1200,1600,317094,128.776,soft,193.46,48.25,True,ok,True
5. Red spider/red_spider_00185.jpg,5. Red spider,1200,1600,282036,62.366,blurry,175.383,33.738,True,ok,True
5. Red spider/red_spider_00186.jpg,5. Red spider,1200,1600,297640,134.162,soft,188.357,52.557,True,ok,True
5. Red spider/red_spider_00187.jpg,5. Red spider,1200,1600,296763,74.711,blurry,179.178,36.537,True,ok,True
5. Red spider/red_spider_00188.jpg,5. Red spider,1200,1600,371916,124.724,soft,174.157,61.262,True,ok,True
5. Red spider/red_spider_00189.jpg,5. Red spider,1200,1600,326006,154.32,soft,169.223,66.77,True,ok,True
5. Red spider/red_spider_00190.jpg,5. Red spider,1200,1600,295153,128.788,soft,172.146,44.76,True,ok,True
5. Red spider/red_spider_00191.jpg,5. Red spider,1200,1600,308118,142.54,soft,175.392,45.881,True,ok,True
5. Red spider/red_spider_00192.jpg,5. Red spider,1200,904,136891,87.63,blurry,179.84,42.404,True,ok,True
5. Red spider/red_spider_00193.jpg,5. Red spider,1200,1600,306119,114.684,soft,174.61,47.241,True,ok,True
5. Red spider/red_spider_00194.jpg,5. Red spider,1200,904,150365,93.463,blurry,180.143,42.41,True,ok,True
5. Red spider/red_spider_00195.jpg,5. Red spider,1200,904,114861,72.203,blurry,185.746,34.224,True,ok,True
5. Red spider/red_spider_00196.jpg,5. Red spider,1200,904,149824,105.714,soft,197.453,36.235,True,ok,True
5. Red spider/red_spider_00197.jpg,5. Red spider,1200,904,150582,129.192,soft,184.149,46.241,True,ok,True
5. Red spider/red_spider_00198.jpg,5. Red spider,1200,1600,319225,103.737,soft,175.947,58.982,True,ok,True
5. Red spider/red_spider_00199.jpg,5. Red spider,1200,1600,316740,106.771,soft,174.674,59.879,True,ok,True
5. Red spider/red_spider_00200.jpg,5. Red spider,1200,1600,260484,74.453,blurry,175.047,51.939,True,ok,True
5. Red spider/red_spider_00201.jpg,5. Red spider,1200,904,111267,68.605,blurry,174.633,26.997,True,ok,True
5. Red spider/red_spider_00202.jpg,5. Red spider,1200,1600,344031,82.461,blurry,190.739,44.868,True,ok,True
5. Red spider/red_spider_00203.jpg,5. Red spider,1200,1600,304788,92.624,blurry,186.223,51.838,True,ok,True
5. Red spider/red_spider_00204.jpg,5. Red spider,1200,900,153376,44.094,blurry,169.749,32.551,True,ok,True
5. Red spider/red_spider_00205.jpg,5. Red spider,1200,900,157377,57.569,blurry,171.46,38.071,True,ok,True
5. Red spider/red_spider_00206.jpg,5. Red spider,1200,904,127101,45.212,blurry,193.155,22.064,True,ok,True
5. Red spider/red_spider_00207.jpg,5. Red spider,1200,904,116218,52.784,blurry,193.203,24.965,True,ok,True
5. Red spider/red_spider_00208.jpg,5. Red spider,1200,1600,331450,91.643,blurry,188.409,45.815,True,ok,True
5. Red spider/red_spider_00209.jpg,5. Red spider,1200,1600,319221,87.467,blurry,192.639,45.084,True,ok,True
5. Red spider/red_spider_00210.jpg,5. Red spider,1200,1600,297092,72.104,blurry,190.212,47.713,True,ok,True
5. Red spider/red_spider_00211.jpg,5. Red spider,1200,904,109463,118.743,soft,205.145,34.576,True,ok,True
5. Red spider/red_spider_00212.jpg,5. Red spider,1200,1600,259783,85.746,blurry,176.089,37.384,True,ok,True
5. Red spider/red_spider_00213.jpg,5. Red spider,1200,1600,289887,128.519,soft,181.198,43.45,True,ok,True
5. Red spider/red_spider_00214.jpg,5. Red spider,1200,900,151124,97.285,blurry,175.13,38.675,True,ok,True
5. Red spider/red_spider_00215.jpg,5. Red spider,1200,904,125343,81.91,blurry,175.533,31.696,True,ok,True
5. Red spider/red_spider_00216.jpg,5. Red spider,1200,904,117650,86.728,blurry,175.103,33.496,True,ok,True
5. Red spider/red_spider_00217.jpg,5. Red spider,1200,900,150019,55.464,blurry,171.821,35.369,True,ok,True
5. Red spider/red_spider_00218.jpg,5. Red spider,1200,904,128719,66.727,blurry,172.532,32.295,True,ok,True
5. Red spider/red_spider_00219.jpg,5. Red spider,1200,900,151520,71.678,blurry,171.44,35.764,True,ok,True
5. Red spider/red_spider_00220.jpg,5. Red spider,1200,904,148714,112.522,soft,192.222,41.696,True,ok,True
5. Red spider/red_spider_00221.jpg,5. Red spider,1200,1600,294000,81.343,blurry,172.194,39.128,True,ok,True
5. Red spider/red_spider_00222.jpg,5. Red spider,1200,1600,294940,97.062,blurry,178.038,40.131,True,ok,True
5. Red spider/red_spider_00223.jpg,5. Red spider,1200,1600,290220,77.357,blurry,174.384,40.277,True,ok,True
5. Red spider/red_spider_00224.jpg,5. Red spider,1200,904,131416,62.878,blurry,183.789,26.548,True,ok,True
5. Red spider/red_spider_00225.jpg,5. Red spider,1200,904,113728,83.148,blurry,200.288,32.087,True,ok,True
5. Red spider/red_spider_00226.jpg,5. Red spider,1200,904,122812,67.608,blurry,173.841,28.461,True,ok,True
5. Red spider/red_spider_00227.jpg,5. Red spider,1200,904,124657,67.049,blurry,174.193,28.572,True,ok,True
5. Red spider/red_spider_00228.jpg,5. Red spider,1200,900,327867,277.503,soft,179.631,50.215,True,ok,True
5. Red spider/red_spider_00229.jpg,5. Red spider,1200,1600,571348,206.043,soft,175.518,41.604,True,ok,True
5. Red spider/red_spider_00230.jpg,5. Red spider,1200,1600,601833,233.046,soft,180.351,46.428,True,ok,True
5. Red spider/red_spider_00231.jpg,5. Red spider,1200,1600,372669,70.264,blurry,177.158,47.517,True,ok,True
5. Red spider/red_spider_00232.jpg,5. Red spider,1200,1600,346635,65.25,blurry,174.282,53.189,True,ok,True
5. Red spider/red_spider_00233.jpg,5. Red spider,1200,1600,526148,205.684,soft,180.823,46.328,True,ok,True
5. Red spider/red_spider_00234.jpg,5. Red spider,1200,900,284808,199.765,soft,178.243,42.608,True,ok,True
5. Red spider/red_spider_00235.jpg,5. Red spider,1200,900,247035,124.115,soft,183.906,44.601,True,ok,True
5. Red spider/red_spider_00236.jpg,5. Red spider,1200,1600,525826,219.693,soft,180.488,47.84,True,ok,True
5. Red spider/red_spider_00237.jpg,5. Red spider,1200,900,189032,140.468,soft,178.778,51.37,True,ok,True
5. Red spider/red_spider_00238.jpg,5. Red spider,1200,1600,245511,43.79,blurry,184.648,31.984,True,ok,True
5. Red spider/red_spider_00239.jpg,5. Red spider,1200,1600,334106,59.668,blurry,189.797,42.663,True,ok,True
5. Red spider/red_spider_00240.jpg,5. Red spider,1200,1600,354937,61.643,blurry,190.198,44.209,True,ok,True
5. Red spider/red_spider_00241.jpg,5. Red spider,1200,900,143158,69.943,blurry,187.186,42.864,True,ok,True
5. Red spider/red_spider_00242.jpg,5. Red spider,1200,1600,307049,88.431,blurry,178.14,42.282,True,ok,True
5. Red spider/red_spider_00243.jpg,5. Red spider,1200,1600,333814,122.315,soft,182.212,41.555,True,ok,True
5. Red spider/red_spider_00244.jpg,5. Red spider,1200,1600,410272,143.607,soft,171.538,54.48,True,ok,True
5. Red spider/red_spider_00245.jpg,5. Red spider,1200,1600,330758,89.958,blurry,177.865,46.944,True,ok,True
5. Red spider/red_spider_00246.jpg,5. Red spider,1200,1600,369617,104.247,soft,174.627,47.505,True,ok,True
5. Red spider/red_spider_00247.jpg,5. Red spider,1200,1600,299541,80.719,blurry,180.987,38.695,True,ok,True
5. Red spider/red_spider_00248.jpg,5. Red spider,1200,1600,299931,64.779,blurry,181.714,37.549,True,ok,True
5. Red spider/red_spider_00249.jpg,5. Red spider,1200,1600,301849,78.441,blurry,181.506,39.444,True,ok,True
5. Red spider/red_spider_00250.jpg,5. Red spider,1200,1600,310258,67.304,blurry,178.174,37.584,True,ok,True
5. Red spider/red_spider_00251.jpg,5. Red spider,1200,1600,326916,68.404,blurry,172.322,37.471,True,ok,True
5. Red spider/red_spider_00252.jpg,5. Red spider,1200,1600,361916,126.083,soft,182.146,49.089,True,ok,True
5. Red spider/red_spider_00253.jpg,5. Red spider,1200,900,133326,43.638,blurry,183.185,34.878,True,ok,True
5. Red spider/red_spider_00254.jpg,5. Red spider,1200,1600,338933,81.983,blurry,175.719,58.359,True,ok,True
5. Red spider/red_spider_00255.jpg,5. Red spider,1200,1600,340493,96.719,blurry,179.853,58.282,True,ok,True
5. Red spider/red_spider_00256.jpg,5. Red spider,1200,1600,348578,111.535,soft,175.434,44.377,True,ok,True
5. Red spider/red_spider_00257.jpg,5. Red spider,1200,1600,391388,187.996,soft,175.44,60.128,True,ok,True
5. Red spider/red_spider_00258.jpg,5. Red spider,1200,1600,347886,114.232,soft,176.098,45.423,True,ok,True
5. Red spider/red_spider_00259.jpg,5. Red spider,1200,1600,325570,61.451,blurry,188.943,40.889,True,ok,True
5. Red spider/red_spider_00260.jpg,5. Red spider,1200,1600,343121,117.389,soft,181.899,50.906,True,ok,True
5. Red spider/red_spider_00261.jpg,5. Red spider,1200,1600,324159,109.522,soft,179.611,51.33,True,ok,True
5. Red spider/red_spider_00262.jpg,5. Red spider,1200,1600,284338,62.474,blurry,177.176,38.493,True,ok,True
5. Red spider/red_spider_00263.jpg,5. Red spider,1200,1600,270994,96.332,blurry,178.286,47.201,True,ok,True
5. Red spider/red_spider_00264.jpg,5. Red spider,1200,1600,288557,48.498,blurry,189.232,37.517,True,ok,True
5. Red spider/red_spider_00265.jpg,5. Red spider,1200,1600,326516,40.793,blurry,180.825,33.355,True,ok,True
5. Red spider/red_spider_00266.jpg,5. Red spider,1200,1600,292865,99.994,blurry,182.432,43.679,True,ok,True
5. Red spider/red_spider_00267.jpg,5. Red spider,1200,1600,327798,67.064,blurry,189.615,38.155,True,ok,True
5. Red spider/red_spider_00268.jpg,5. Red spider,1200,1600,314658,71.006,blurry,183.969,40.24,True,ok,True
5. Red spider/red_spider_00269.jpg,5. Red spider,1200,1600,270127,111.575,soft,181.013,41.926,True,ok,True
5. Red spider/red_spider_00270.jpg,5. Red spider,1200,1600,314134,172.357,soft,167.522,51.686,True,ok,True
5. Red spider/red_spider_00271.jpg,5. Red spider,1200,900,177045,112.727,soft,187.436,43.858,True,ok,True
5. Red spider/red_spider_00272.jpg,5. Red spider,1200,1600,314135,103.526,soft,178.294,51.027,True,ok,True
5. Red spider/red_spider_00273.jpg,5. Red spider,1200,1600,233266,60.326,blurry,186.577,31.999,True,ok,True
5. Red spider/red_spider_00274.jpg,5. Red spider,1200,1600,319298,66.39,blurry,186.466,43.644,True,ok,True
5. Red spider/red_spider_00275.jpg,5. Red spider,1200,1600,313367,65.434,blurry,183.72,41.52,True,ok,True
5. Red spider/red_spider_00276.jpg,5. Red spider,1200,1600,257503,77.674,blurry,181.402,37.248,True,ok,True
5. Red spider/red_spider_00277.jpg,5. Red spider,1200,1600,308727,75.82,blurry,175.465,55.408,True,ok,True
5. Red spider/red_spider_00278.jpg,5. Red spider,1200,1600,315042,34.421,blurry,195.335,31.199,True,ok,True
5. Red spider/red_spider_00279.jpg,5. Red spider,1200,900,158435,95.312,blurry,177.093,38.882,True,ok,True
5. Red spider/red_spider_00280.jpg,5. Red spider,1200,1600,307058,81.222,blurry,180.813,44.941,True,ok,True
5. Red spider/red_spider_00281.jpg,5. Red spider,1200,900,152104,96.111,blurry,186.075,44.91,True,ok,True
5. Red spider/red_spider_00282.jpg,5. Red spider,1200,1600,278964,82.543,blurry,176.694,37.179,True,ok,True
5. Red spider/red_spider_00283.jpg,5. Red spider,1200,1600,306330,81.3,blurry,184.366,42.933,True,ok,True
5. Red spider/red_spider_00284.jpg,5. Red spider,1200,900,145025,67.205,blurry,184.881,38.56,True,ok,True
5. Red spider/red_spider_00285.jpg,5. Red spider,1200,1600,318698,66.479,blurry,187.032,44.481,True,ok,True
5. Red spider/red_spider_00286.jpg,5. Red spider,1200,1600,338459,80.611,blurry,191.085,45.698,True,ok,True
5. Red spider/red_spider_00287.jpg,5. Red spider,1200,1600,326174,62.79,blurry,190.538,40.401,True,ok,True
5. Red spider/red_spider_00288.jpg,5. Red spider,1200,1600,319805,51.049,blurry,188.102,41.151,True,ok,True
5. Red spider/red_spider_00289.jpg,5. Red spider,1200,1600,296951,94.463,blurry,181.933,35.359,True,ok,True
5. Red spider/red_spider_00290.jpg,5. Red spider,1200,1600,302536,62.419,blurry,177.576,39.915,True,ok,True
5. Red spider/red_spider_00291.jpg,5. Red spider,1200,1600,310953,46.819,blurry,196.23,34.754,True,ok,True
5. Red spider/red_spider_00292.jpg,5. Red spider,1200,1600,317332,65.329,blurry,179.938,47.174,True,ok,True
5. Red spider/red_spider_00293.jpg,5. Red spider,1200,1600,286904,73.498,blurry,181.672,41.269,True,ok,True
5. Red spider/red_spider_00294.jpg,5. Red spider,1200,1600,295093,99.446,blurry,189.523,37.499,True,ok,True
5. Red spider/red_spider_00295.jpg,5. Red spider,1200,1600,303920,49.092,blurry,194.086,36.132,True,ok,True
5. Red spider/red_spider_00296.jpg,5. Red spider,1200,1600,360623,47.065,blurry,193.257,29.102,True,ok,True
5. Red spider/red_spider_00297.jpg,5. Red spider,1200,1600,256610,81.04,blurry,184.223,50.56,True,ok,True
5. Red spider/red_spider_00298.jpg,5. Red spider,1200,1600,388847,96.383,blurry,184.951,49.647,True,ok,True
5. Red spider/red_spider_00299.jpg,5. Red spider,1200,1600,315923,71.317,blurry,179.823,40.236,True,ok,True
5. Red spider/red_spider_00300.jpg,5. Red spider,1200,1600,314685,99.996,blurry,177.945,49.604,True,ok,True
5. Red spider/red_spider_00301.jpg,5. Red spider,1200,1600,349066,133.786,soft,163.86,55.914,True,ok,True
5. Red spider/red_spider_00302.jpg,5. Red spider,1200,1600,343732,142.517,soft,160.487,52.05,True,ok,True
5. Red spider/red_spider_00303.jpg,5. Red spider,1200,1600,308604,85.098,blurry,176.937,45.903,True,ok,True
5. Red spider/red_spider_00304.jpg,5. Red spider,1200,1600,299314,59.305,blurry,190.144,38.966,True,ok,True
5. Red spider/red_spider_00305.jpg,5. Red spider,1200,1600,318315,137.049,soft,178.108,52.117,True,ok,True
5. Red spider/red_spider_00306.jpg,5. Red spider,1200,1600,309144,127.904,soft,180.829,45.361,True,ok,True
5. Red spider/red_spider_00307.jpg,5. Red spider,1200,1600,268033,88.28,blurry,178.845,49.087,True,ok,True
5. Red spider/red_spider_00308.jpg,5. Red spider,1200,1600,282605,105.797,soft,172.976,46.428,True,ok,True
5. Red spider/red_spider_00309.jpg,5. Red spider,1200,1600,341960,91.378,blurry,183.195,52.069,True,ok,True
5. Red spider/red_spider_00310.jpg,5. Red spider,1200,900,219012,149.83,soft,167.241,53.625,True,ok,True
5. Red spider/red_spider_00311.jpg,5. Red spider,1200,1600,287664,94.6,blurry,170.9,44.061,True,ok,True
5. Red spider/red_spider_00312.jpg,5. Red spider,1200,900,188502,88.85,blurry,175.992,35.027,True,ok,True
5. Red spider/red_spider_00313.jpg,5. Red spider,1200,1600,291872,99.732,blurry,179.584,44.025,True,ok,True
5. Red spider/red_spider_00314.jpg,5. Red spider,1200,1600,332836,89.515,blurry,182.689,41.077,True,ok,True
5. Red spider/red_spider_00315.jpg,5. Red spider,1200,1600,349976,160.46,soft,184.676,38.654,True,ok,True
5. Red spider/red_spider_00316.jpg,5. Red spider,1200,900,171687,58.687,blurry,174.416,36.103,True,ok,True
5. Red spider/red_spider_00317.jpg,5. Red spider,1200,1600,326080,81.754,blurry,178.873,54.947,True,ok,True
5. Red spider/red_spider_00318.jpg,5. Red spider,1200,900,187431,78.623,blurry,182.457,38.684,True,ok,True
5. Red spider/red_spider_00319.jpg,5. Red spider,1200,1600,361482,78.481,blurry,183.286,45.595,True,ok,True
5. Red spider/red_spider_00320.jpg,5. Red spider,1200,1600,358201,76.748,blurry,189.061,44.008,True,ok,True
5. Red spider/red_spider_00321.jpg,5. Red spider,1200,900,191188,75.378,blurry,175.522,38.159,True,ok,True
5. Red spider/red_spider_00322.jpg,5. Red spider,1200,1600,299188,62.824,blurry,188.104,45.944,True,ok,True
5. Red spider/red_spider_00323.jpg,5. Red spider,1200,1600,380823,100.917,soft,174.302,46.437,True,ok,True
5. Red spider/red_spider_00324.jpg,5. Red spider,1200,900,170488,70.607,blurry,180.872,49.662,True,ok,True
5. Red spider/red_spider_00325.jpg,5. Red spider,1200,1600,384934,125.099,soft,179.084,46.648,True,ok,True
5. Red spider/red_spider_00326.jpg,5. Red spider,1200,1600,343676,97.379,blurry,192.922,38.291,True,ok,True
5. Red spider/red_spider_00327.jpg,5. Red spider,1200,900,202671,164.915,soft,172.188,51.811,True,ok,True
5. Red spider/red_spider_00328.jpg,5. Red spider,1200,900,226610,154.215,soft,161.704,52.283,True,ok,True
5. Red spider/red_spider_00329.jpg,5. Red spider,1200,900,185512,99.394,blurry,171.448,34.096,True,ok,True
5. Red spider/red_spider_00330.jpg,5. Red spider,1200,1600,327208,92.69,blurry,172.962,53.837,True,ok,True
5. Red spider/red_spider_00331.jpg,5. Red spider,1200,1600,340826,79.362,blurry,173.459,51.944,True,ok,True
5. Red spider/red_spider_00332.jpg,5. Red spider,1200,900,239539,193.722,soft,176.552,49.296,True,ok,True
5. Red spider/red_spider_00333.jpg,5. Red spider,1200,1600,337200,110.72,soft,181.108,55.863,True,ok,True
5. Red spider/red_spider_00334.jpg,5. Red spider,1200,1600,345507,118.346,soft,168.098,41.701,True,ok,True
5. Red spider/red_spider_00335.jpg,5. Red spider,1200,1600,298977,50.142,blurry,189.762,40.818,True,ok,True
5. Red spider/red_spider_00336.jpg,5. Red spider,1200,900,175138,52.991,blurry,173.744,39.365,True,ok,True
5. Red spider/red_spider_00337.jpg,5. Red spider,1200,1600,299985,83.36,blurry,180.259,38.768,True,ok,True
5. Red spider/red_spider_00338.jpg,5. Red spider,1200,1600,268680,47.437,blurry,170.745,34.293,True,ok,True
5. Red spider/red_spider_00339.jpg,5. Red spider,1200,1600,358515,154.967,soft,174.177,40.45,True,ok,True
5. Red spider/red_spider_00340.jpg,5. Red spider,1200,1600,255448,35.733,blurry,181.345,29.168,True,ok,True
5. Red spider/red_spider_00341.jpg,5. Red spider,1200,1600,336275,57.83,blurry,184.061,45.686,True,ok,True
5. Red spider/red_spider_00342.jpg,5. Red spider,1200,1600,334693,45.389,blurry,183.269,44.808,True,ok,True
5. Red spider/red_spider_00343.jpg,5. Red spider,1200,1600,313003,87.562,blurry,176.484,48.801,True,ok,True
5. Red spider/red_spider_00344.jpg,5. Red spider,1200,1600,361117,147.152,soft,172.003,51.265,True,ok,True
5. Red spider/red_spider_00345.jpg,5. Red spider,1200,1600,299568,92.985,blurry,170.403,39.731,True,ok,True
5. Red spider/red_spider_00346.jpg,5. Red spider,1200,1600,349350,129.025,soft,171.318,43.762,True,ok,True
5. Red spider/red_spider_00347.jpg,5. Red spider,1200,1600,302256,58.53,blurry,195.1,29.662,True,ok,True
5. Red spider/red_spider_00348.jpg,5. Red spider,1200,1600,357054,182.019,soft,178.518,53.001,True,ok,True
5. Red spider/red_spider_00349.jpg,5. Red spider,1200,1600,327432,164.184,soft,181.105,40.856,True,ok,True
5. Red spider/red_spider_00350.jpg,5. Red spider,1200,1600,321663,133.023,soft,179.418,49.541,True,ok,True
5. Red spider/red_spider_00351.jpg,5. Red spider,1200,1600,328753,75.571,blurry,184.017,43.953,True,ok,True
5. Red spider/red_spider_00352.jpg,5. Red spider,1200,1600,358432,91.246,blurry,179.962,49.007,True,ok,True
5. Red spider/red_spider_00353.jpg,5. Red spider,1200,1600,344214,71.821,blurry,187.124,39.14,True,ok,True
5. Red spider/red_spider_00354.jpg,5. Red spider,1200,1600,283095,50.602,blurry,179.315,30.455,True,ok,True
5. Red spider/red_spider_00355.jpg,5. Red spider,1200,900,189293,119.048,soft,182.991,58.428,True,ok,True
5. Red spider/red_spider_00356.jpg,5. Red spider,1200,1600,306385,60.401,blurry,177.917,36.72,True,ok,True
5. Red spider/red_spider_00357.jpg,5. Red spider,1200,1600,331940,59.244,blurry,186.518,41.903,True,ok,True
5. Red spider/red_spider_00358.jpg,5. Red spider,1200,1600,281083,49.326,blurry,187.352,41.136,True,ok,True
5. Red spider/red_spider_00359.jpg,5. Red spider,1200,900,153624,55.702,blurry,175.834,30.543,True,ok,True
5. Red spider/red_spider_00360.jpg,5. Red spider,1200,900,168913,58.331,blurry,177.009,32.089,True,ok,True
5. Red spider/red_spider_00361.jpg,5. Red spider,1200,1600,311363,74.822,blurry,173.392,34.659,True,ok,True
5. Red spider/red_spider_00362.jpg,5. Red spider,1200,1600,331111,64.616,blurry,183.327,42.099,True,ok,True
5. Red spider/red_spider_00363.jpg,5. Red spider,1200,1600,328868,100.437,soft,183.338,46.406,True,ok,True
5. Red spider/red_spider_00364.jpg,5. Red spider,1200,1600,329345,88.546,blurry,191.59,40.797,True,ok,True
5. Red spider/red_spider_00365.jpg,5. Red spider,1200,1600,278080,77.488,blurry,173.068,37.653,True,ok,True
5. Red spider/red_spider_00366.jpg,5. Red spider,1200,1600,385209,103.166,soft,192.019,40.282,True,ok,True
5. Red spider/red_spider_00367.jpg,5. Red spider,1200,1600,320075,52.085,blurry,190.538,39.619,True,ok,True
5. Red spider/red_spider_00368.jpg,5. Red spider,1200,1600,310854,71.55,blurry,180.048,36.979,True,ok,True
5. Red spider/red_spider_00369.jpg,5. Red spider,1200,1600,337819,81.44,blurry,174.325,47.473,True,ok,True
5. Red spider/red_spider_00370.jpg,5. Red spider,1200,900,187487,99.149,blurry,179.941,31.254,True,ok,True
5. Red spider/red_spider_00371.jpg,5. Red spider,1200,900,195244,90.442,blurry,176.678,33.774,True,ok,True
5. Red spider/red_spider_00372.jpg,5. Red spider,1200,900,214839,89.232,blurry,180.504,40.635,True,ok,True
5. Red spider/red_spider_00373.jpg,5. Red spider,1200,900,233132,169.029,soft,175.841,53.02,True,ok,True
5. Red spider/red_spider_00374.jpg,5. Red spider,1200,1600,317353,100.561,soft,186.682,45.606,True,ok,True
5. Red spider/red_spider_00375.jpg,5. Red spider,1200,1600,290571,51.936,blurry,192.27,33.371,True,ok,True
5. Red spider/red_spider_00376.jpg,5. Red spider,1200,900,206959,144.166,soft,185.525,36.423,True,ok,True
5. Red spider/red_spider_00377.jpg,5. Red spider,1200,1600,293335,50.888,blurry,195.418,34.889,True,ok,True
5. Red spider/red_spider_00378.jpg,5. Red spider,1200,1600,298861,80.541,blurry,175.266,48.929,True,ok,True
5. Red spider/red_spider_00379.jpg,5. Red spider,1200,1600,303876,49.838,blurry,187.036,42.535,True,ok,True
5. Red spider/red_spider_00380.jpg,5. Red spider,1200,1600,310007,71.652,blurry,178.313,33.058,True,ok,True
5. Red spider/red_spider_00381.jpg,5. Red spider,1200,1600,359394,116.427,soft,175.491,54.753,True,ok,True
5. Red spider/red_spider_00382.jpg,5. Red spider,1200,1600,347472,56.282,blurry,186.72,44.362,True,ok,True
5. Red spider/red_spider_00383.jpg,5. Red spider,1200,900,190965,158.064,soft,182.665,43.726,True,ok,True
5. Red spider/red_spider_00384.jpg,5. Red spider,1200,1600,301255,83.213,blurry,181.675,36.957,True,ok,True
5. Red spider/red_spider_00385.jpg,5. Red spider,1200,1600,295201,48.085,blurry,187.856,39.3,True,ok,True
5. Red spider/red_spider_00386.jpg,5. Red spider,1200,1600,322939,70.017,blurry,197.931,36.486,True,ok,True
5. Red spider/red_spider_00387.jpg,5. Red spider,1200,1600,348917,54.308,blurry,195.975,34.856,True,ok,True
5. Red spider/red_spider_00388.jpg,5. Red spider,1200,900,171266,87.968,blurry,179.061,36.282,True,ok,True
5. Red spider/red_spider_00389.jpg,5. Red spider,1200,1600,357221,65.467,blurry,187.247,41.592,True,ok,True
5. Red spider/red_spider_00390.jpg,5. Red spider,1200,1600,306239,43.181,blurry,191.81,36.573,True,ok,True
5. Red spider/red_spider_00391.jpg,5. Red spider,1200,1600,284288,119.513,soft,170.361,48.978,True,ok,True
5. Red spider/red_spider_00392.jpg,5. Red spider,1200,1600,285645,70.893,blurry,180.98,48.087,True,ok,True
5. Red spider/red_spider_00393.jpg,5. Red spider,1200,1600,294767,42.554,blurry,185.335,37.669,True,ok,True
5. Red spider/red_spider_00394.jpg,5. Red spider,1200,1600,287112,58.964,blurry,190.304,35.752,True,ok,True
5. Red spider/red_spider_00395.jpg,5. Red spider,1200,1600,280518,43.284,blurry,198.192,29.963,True,ok,True
5. Red spider/red_spider_00396.jpg,5. Red spider,1200,1600,375278,152.768,soft,178.215,58.796,True,ok,True
5. Red spider/red_spider_00397.jpg,5. Red spider,1200,1600,316643,122.44,soft,177.846,49.53,True,ok,True
5. Red spider/red_spider_00398.jpg,5. Red spider,1200,1600,358207,109.71,soft,176.307,51.982,True,ok,True
5. Red spider/red_spider_00399.jpg,5. Red spider,1200,900,174269,72.025,blurry,176.189,49.884,True,ok,True
5. Red spider/red_spider_00400.jpg,5. Red spider,1200,900,198589,69.279,blurry,175.64,48.764,True,ok,True
5. Red spider/red_spider_00401.jpg,5. Red spider,1200,900,179684,92.289,blurry,183.605,47.954,True,ok,True
5. Red spider/red_spider_00402.jpg,5. Red spider,1200,900,180694,92.653,blurry,178.534,52.247,True,ok,True
5. Red spider/red_spider_00403.jpg,5. Red spider,1200,900,206473,128.286,soft,177.683,49.127,True,ok,True
5. Red spider/red_spider_00404.jpg,5. Red spider,1200,900,197525,126.902,soft,184.318,54.527,True,ok,True
5. Red spider/red_spider_00405.jpg,5. Red spider,1200,900,162898,87.813,blurry,163.111,52.978,True,ok,True
5. Red spider/red_spider_00406.jpg,5. Red spider,1200,1600,307029,83.505,blurry,162.322,45.705,True,ok,True
5. Red spider/red_spider_00407.jpg,5. Red spider,1200,1600,329277,137.995,soft,163.336,51.108,True,ok,True
5. Red spider/red_spider_00408.jpg,5. Red spider,1200,1600,353746,101.833,soft,161.449,52.312,True,ok,True
5. Red spider/red_spider_00409.jpg,5. Red spider,1200,1600,242523,90.059,blurry,173.666,45.222,True,ok,True
5. Red spider/red_spider_00410.jpg,5. Red spider,1200,1600,264697,99.005,blurry,180.954,54.44,True,ok,True
5. Red spider/red_spider_00411.jpg,5. Red spider,1200,1600,497343,212.919,soft,183.933,42.988,True,ok,True
5. Red spider/red_spider_00412.jpg,5. Red spider,1200,1600,287319,47.474,blurry,194.676,31.6,True,ok,True
5. Red spider/red_spider_00413.jpg,5. Red spider,1200,1600,337693,108.31,soft,177.742,50.309,True,ok,True
5. Red spider/red_spider_00414.jpg,5. Red spider,1200,1600,279714,92.775,blurry,181.092,47.907,True,ok,True
5. Red spider/red_spider_00415.jpg,5. Red spider,1200,1600,339570,161.699,soft,157.134,56.859,True,ok,True
5. Red spider/red_spider_00416.jpg,5. Red spider,1200,1600,243036,93.422,blurry,174.868,46.968,True,ok,True
5. Red spider/red_spider_00417.jpg,5. Red spider,1200,1600,263344,75.795,blurry,172.989,43.83,True,ok,True
5. Red spider/red_spider_00418.jpg,5. Red spider,1200,1600,329313,55.955,blurry,158.799,49.576,True,ok,True
5. Red spider/red_spider_00419.jpg,5. Red spider,1200,1600,380056,128.1,soft,178.45,39.438,True,ok,True
5. Red spider/red_spider_00420.jpg,5. Red spider,1200,900,145168,79.099,blurry,169.229,46.575,True,ok,True
5. Red spider/red_spider_00421.jpg,5. Red spider,1200,1600,332455,156.342,soft,175.123,54.381,True,ok,True
5. Red spider/red_spider_00422.jpg,5. Red spider,1200,1600,306406,75.695,blurry,175.94,58.904,True,ok,True
5. Red spider/red_spider_00423.jpg,5. Red spider,1200,1600,231048,77.601,blurry,173.685,56.216,True,ok,True
5. Red spider/red_spider_00424.jpg,5. Red spider,1200,900,167873,47.263,blurry,165.543,43.337,True,ok,True
5. Red spider/red_spider_00425.jpg,5. Red spider,1200,900,154601,61.093,blurry,166.208,37.923,True,ok,True
5. Red spider/red_spider_00426.jpg,5. Red spider,1200,900,148023,43.048,blurry,178.369,32.56,True,ok,True
5. Red spider/red_spider_00427.jpg,5. Red spider,1200,1600,276735,104.18,soft,181.023,41.714,True,ok,True
5. Red spider/red_spider_00428.jpg,5. Red spider,1200,1600,256186,134.818,soft,185.325,43.803,True,ok,True
5. Red spider/red_spider_00429.jpg,5. Red spider,1200,900,148830,61.425,blurry,181.206,49.811,True,ok,True
5. Red spider/red_spider_00430.jpg,5. Red spider,1200,1600,260894,48.887,blurry,179.662,40.323,True,ok,True
5. Red spider/red_spider_00431.jpg,5. Red spider,1200,900,136431,41.566,blurry,181.417,45.773,True,ok,True
5. Red spider/red_spider_00432.jpg,5. Red spider,1200,1600,341503,82.115,blurry,160.685,48.338,True,ok,True
5. Red spider/red_spider_00433.jpg,5. Red spider,1200,1600,326897,74.125,blurry,159.688,48.234,True,ok,True
5. Red spider/red_spider_00434.jpg,5. Red spider,1200,1600,266249,69.591,blurry,180.209,40.429,True,ok,True
5. Red spider/red_spider_00435.jpg,5. Red spider,1200,1600,276821,76.261,blurry,156.592,37.383,True,ok,True
5. Red spider/red_spider_00436.jpg,5. Red spider,1200,1600,287283,89.745,blurry,170.893,46.69,True,ok,True
5. Red spider/red_spider_00437.jpg,5. Red spider,1200,1600,301535,57.509,blurry,173.455,42.546,True,ok,True
5. Red spider/red_spider_00438.jpg,5. Red spider,1200,1600,273953,61.184,blurry,170.027,40.949,True,ok,True
5. Red spider/red_spider_00439.jpg,5. Red spider,1200,1600,298704,61.759,blurry,173.54,43.862,True,ok,True
5. Red spider/red_spider_00440.jpg,5. Red spider,1200,1600,310565,64.413,blurry,173.653,40.489,True,ok,True
5. Red spider/red_spider_00441.jpg,5. Red spider,1200,1600,289640,64.137,blurry,170.194,43.982,True,ok,True
5. Red spider/red_spider_00442.jpg,5. Red spider,1200,1600,307106,57.401,blurry,191.094,33.741,True,ok,True
5. Red spider/red_spider_00443.jpg,5. Red spider,1200,1600,315467,59.185,blurry,162.535,28.485,True,ok,True
5. Red spider/red_spider_00444.jpg,5. Red spider,1200,1600,337228,49.658,blurry,189.804,38.36,True,ok,True
5. Red spider/red_spider_00445.jpg,5. Red spider,1200,1600,339446,96.108,blurry,164.938,53.426,True,ok,True
5. Red spider/red_spider_00446.jpg,5. Red spider,1200,1600,292881,87.079,blurry,174.346,46.905,True,ok,True
5. Red spider/red_spider_00447.jpg,5. Red spider,1200,1600,284559,101.333,soft,187.194,44.642,True,ok,True
5. Red spider/red_spider_00448.jpg,5. Red spider,1200,1600,274823,85.976,blurry,177.922,49.522,True,ok,True
5. Red spider/red_spider_00449.jpg,5. Red spider,1200,1600,269734,62.367,blurry,179.99,41.297,True,ok,True
5. Red spider/red_spider_00450.jpg,5. Red spider,1200,1600,243363,44.275,blurry,176.326,41.565,True,ok,True
5. Red spider/red_spider_00451.jpg,5. Red spider,1200,1600,308286,59.876,blurry,160.816,42.616,True,ok,True
5. Red spider/red_spider_00452.jpg,5. Red spider,1200,1600,295996,43.361,blurry,162.578,40.789,True,ok,True
5. Red spider/red_spider_00453.jpg,5. Red spider,1200,900,166647,65.023,blurry,165.584,40.234,True,ok,True
5. Red spider/red_spider_00454.jpg,5. Red spider,1200,1600,311985,101.439,soft,182.998,57.036,True,ok,True
5. Red spider/red_spider_00455.jpg,5. Red spider,1200,1600,317400,80.53,blurry,178.18,47.54,True,ok,True
5. Red spider/red_spider_00456.jpg,5. Red spider,1200,1600,309992,73.651,blurry,188.026,44.518,True,ok,True
5. Red spider/red_spider_00457.jpg,5. Red spider,1200,1600,337297,57.358,blurry,189.101,39.375,True,ok,True
5. Red spider/red_spider_00458.jpg,5. Red spider,1200,1600,315642,71.585,blurry,168.04,40.26,True,ok,True
5. Red spider/red_spider_00459.jpg,5. Red spider,1200,1600,299460,51.964,blurry,185.906,40.684,True,ok,True
5. Red spider/red_spider_00460.jpg,5. Red spider,1200,1600,329593,55.882,blurry,188.372,35.266,True,ok,True
5. Red spider/red_spider_00461.jpg,5. Red spider,1200,1600,306320,59.626,blurry,181.786,37.354,True,ok,True
5. Red spider/red_spider_00462.jpg,5. Red spider,1200,900,139924,26.952,blurry,177.285,32.164,True,ok,True
5. Red spider/red_spider_00463.jpg,5. Red spider,1200,1600,232094,44.349,blurry,172.861,34.54,True,ok,True
5. Red spider/red_spider_00464.jpg,5. Red spider,1200,900,136005,53.81,blurry,177.375,36.974,True,ok,True
5. Red spider/red_spider_00465.jpg,5. Red spider,1200,1600,270819,167.019,soft,173.156,60.098,True,ok,True
5. Red spider/red_spider_00466.jpg,5. Red spider,1200,1600,286026,152.233,soft,172.839,58.641,True,ok,True
5. Red spider/red_spider_00467.jpg,5. Red spider,1200,1600,253345,84.121,blurry,141.584,50.365,True,ok,True
5. Red spider/red_spider_00468.jpg,5. Red spider,1200,1600,239665,70.135,blurry,140.882,51.755,True,ok,True
5. Red spider/red_spider_00469.jpg,5. Red spider,1200,1600,311610,128.779,soft,168.666,52.297,True,ok,True
5. Red spider/red_spider_00470.jpg,5. Red spider,1200,1600,279259,116.926,soft,170.022,55.799,True,ok,True
5. Red spider/red_spider_00471.jpg,5. Red spider,1200,900,168667,130.168,soft,165.666,43.629,True,ok,True
5. Red spider/red_spider_00472.jpg,5. Red spider,1200,900,154713,121.364,soft,169.42,45.986,True,ok,True
5. Red spider/red_spider_00473.jpg,5. Red spider,1200,1600,256423,102.138,soft,185.037,50.259,True,ok,True
5. Red spider/red_spider_00474.jpg,5. Red spider,1200,1600,303962,177.922,soft,176.807,55.386,True,ok,True
5. Red spider/red_spider_00475.jpg,5. Red spider,1200,1600,278838,132.754,soft,179.28,58.792,True,ok,True
5. Red spider/red_spider_00476.jpg,5. Red spider,1200,1600,235630,48.588,blurry,178.412,31.316,True,ok,True
5. Red spider/red_spider_00477.jpg,5. Red spider,1200,1600,239415,56.398,blurry,171.273,38.498,True,ok,True
5. Red spider/red_spider_00478.jpg,5. Red spider,1200,900,128864,64.783,blurry,171.209,40.345,True,ok,True
5. Red spider/red_spider_00479.jpg,5. Red spider,1200,900,135595,80.894,blurry,175.125,44.464,True,ok,True
5. Red spider/red_spider_00480.jpg,5. Red spider,1200,1600,234481,68.463,blurry,176.326,36.378,True,ok,True
5. Red spider/red_spider_00481.jpg,5. Red spider,1200,1600,255205,84.154,blurry,173.75,40.091,True,ok,True
5. Red spider/red_spider_00482.jpg,5. Red spider,1200,1600,254727,109.661,soft,173.178,48.564,True,ok,True
5. Red spider/red_spider_00483.jpg,5. Red spider,1200,1600,288194,138.756,soft,163.837,57.144,True,ok,True
5. Red spider/red_spider_00484.jpg,5. Red spider,1200,1600,235645,40.068,blurry,174.65,33.615,True,ok,True
5. Red spider/red_spider_00485.jpg,5. Red spider,1200,1600,244117,51.364,blurry,174.259,42.139,True,ok,True
5. Red spider/red_spider_00486.jpg,5. Red spider,1200,900,138436,61.158,blurry,175.439,40.769,True,ok,True
5. Red spider/red_spider_00487.jpg,5. Red spider,1200,900,141942,70.34,blurry,176.798,43.157,True,ok,True
5. Red spider/red_spider_00488.jpg,5. Red spider,1200,1600,265819,99.96,blurry,173.068,48.657,True,ok,True
5. Red spider/red_spider_00489.jpg,5. Red spider,1200,1600,274860,108.832,soft,170.605,52.156,True,ok,True
5. Red spider/red_spider_00490.jpg,5. Red spider,1200,1600,255538,66.25,blurry,176.337,42.607,True,ok,True
5. Red spider/red_spider_00491.jpg,5. Red spider,1200,900,142034,67.465,blurry,173.153,44.069,True,ok,True
5. Red spider/red_spider_00492.jpg,5. Red spider,1200,900,138944,63.01,blurry,173.517,41.409,True,ok,True
5. Red spider/red_spider_00493.jpg,5. Red spider,1200,1600,308739,86.019,blurry,167.694,56.485,True,ok,True
5. Red spider/red_spider_00494.jpg,5. Red spider,1200,1600,329921,93.956,blurry,166.901,55.464,True,ok,True
5. Red spider/red_spider_00495.jpg,5. Red spider,1200,1600,288139,93.087,blurry,174.066,46.845,True,ok,True
5. Red spider/red_spider_00496.jpg,5. Red spider,1200,1600,305311,106.361,soft,173.73,45.15,True,ok,True
5. Red spider/red_spider_00497.jpg,5. Red spider,1200,1600,254360,46.358,blurry,175.04,29.883,True,ok,True
5. Red spider/red_spider_00498.jpg,5. Red spider,1200,900,143905,54.857,blurry,176.424,34.461,True,ok,True
5. Red spider/red_spider_00499.jpg,5. Red spider,1200,1600,305212,90.899,blurry,163.963,59.99,True,ok,True
5. Red spider/red_spider_00500.jpg,5. Red spider,1200,900,138823,92.085,blurry,179.096,46.678,True,ok,True
5. Red spider/red_spider_00501.jpg,5. Red spider,1200,900,171999,129.841,soft,169.753,54.929,True,ok,True
5. Red spider/red_spider_00502.jpg,5. Red spider,1200,900,157557,113.476,soft,172.803,49.908,True,ok,True
5. Red spider/red_spider_00503.jpg,5. Red spider,1200,1600,263718,50.812,blurry,168.703,38.017,True,ok,True
5. Red spider/red_spider_00504.jpg,5. Red spider,1200,1600,190602,54.861,blurry,181.852,48.191,True,ok,True
5. Red spider/red_spider_00505.jpg,5. Red spider,1200,1600,266767,108.851,soft,176.764,50.34,True,ok,True
5. Red spider/red_spider_00506.jpg,5. Red spider,1200,1600,271743,66.612,blurry,172.642,42.853,True,ok,True
5. Red spider/red_spider_00507.jpg,5. Red spider,1200,1600,324521,135.204,soft,165.41,61.699,True,ok,True
5. Red spider/red_spider_00508.jpg,5. Red spider,1200,1600,347489,115.203,soft,166.502,64.508,True,ok,True
5. Red spider/red_spider_00509.jpg,5. Red spider,1200,1600,295730,86.109,blurry,181.659,51.896,True,ok,True
5. Red spider/red_spider_00510.jpg,5. Red spider,1200,1600,278233,84.125,blurry,181.941,46.582,True,ok,True
5. Red spider/red_spider_00511.jpg,5. Red spider,1200,900,149919,52.254,blurry,177.024,33.426,True,ok,True
5. Red spider/red_spider_00512.jpg,5. Red spider,1200,900,137005,51.604,blurry,173.598,34.433,True,ok,True
5. Red spider/red_spider_00513.jpg,5. Red spider,1200,1600,260310,43.238,blurry,173.293,38.891,True,ok,True
5. Red spider/red_spider_00514.jpg,5. Red spider,1200,900,152378,51.279,blurry,172.549,33.486,True,ok,True
5. Red spider/red_spider_00515.jpg,5. Red spider,1200,1600,245400,38.941,blurry,177.838,30.376,True,ok,True
6. Green mirid bug/green_mirid_bug_00001.jpg,6. Green mirid bug,1200,1594,306225,46.354,blurry,193.927,30.618,True,ok,True
6. Green mirid bug/green_mirid_bug_00002.jpg,6. Green mirid bug,1200,1594,319900,37.761,blurry,194.512,24.034,True,ok,True
6. Green mirid bug/green_mirid_bug_00003.jpg,6. Green mirid bug,1200,1594,306065,37.927,blurry,195.975,34.79,True,ok,True
6. Green mirid bug/green_mirid_bug_00004.jpg,6. Green mirid bug,1200,1594,320736,36.603,blurry,189.759,26.947,True,ok,True
6. Green mirid bug/green_mirid_bug_00005.jpg,6. Green mirid bug,1200,1594,285553,62.341,blurry,192.665,31.813,True,ok,True
6. Green mirid bug/green_mirid_bug_00006.jpg,6. Green mirid bug,1200,1594,308444,57.936,blurry,190.825,30.426,True,ok,True
6. Green mirid bug/green_mirid_bug_00007.jpg,6. Green mirid bug,1200,904,156995,48.392,blurry,188.893,29.065,True,ok,True
6. Green mirid bug/green_mirid_bug_00008.jpg,6. Green mirid bug,1200,904,169647,43.538,blurry,197.281,22.816,True,ok,True
6. Green mirid bug/green_mirid_bug_00009.jpg,6. Green mirid bug,1200,1594,340682,47.983,blurry,174.148,43.28,True,ok,True
6. Green mirid bug/green_mirid_bug_00010.jpg,6. Green mirid bug,1200,1594,366825,55.713,blurry,174.23,40.223,True,ok,True
6. Green mirid bug/green_mirid_bug_00011.jpg,6. Green mirid bug,1200,1594,362298,69.13,blurry,169.197,40.799,True,ok,True
6. Green mirid bug/green_mirid_bug_00012.jpg,6. Green mirid bug,1200,1594,311563,36.359,blurry,183.941,30.511,True,ok,True
6. Green mirid bug/green_mirid_bug_00013.jpg,6. Green mirid bug,1200,1594,358510,71.51,blurry,172.148,44.272,True,ok,True
6. Green mirid bug/green_mirid_bug_00014.jpg,6. Green mirid bug,1200,1594,295630,111.304,soft,169.492,48.569,True,ok,True
6. Green mirid bug/green_mirid_bug_00015.jpg,6. Green mirid bug,1200,1594,252061,49.34,blurry,172.447,39.519,True,ok,True
6. Green mirid bug/green_mirid_bug_00016.jpg,6. Green mirid bug,1200,1594,309664,119.958,soft,174.668,55.275,True,ok,True
6. Green mirid bug/green_mirid_bug_00017.jpg,6. Green mirid bug,1200,1594,257989,59.049,blurry,175.49,41.151,True,ok,True
6. Green mirid bug/green_mirid_bug_00018.jpg,6. Green mirid bug,1200,1594,295752,61.632,blurry,157.031,33.456,True,ok,True
6. Green mirid bug/green_mirid_bug_00019.jpg,6. Green mirid bug,1200,1594,285217,31.139,blurry,158.39,25.736,True,ok,True
6. Green mirid bug/green_mirid_bug_00020.jpg,6. Green mirid bug,1200,1594,314217,39.424,blurry,156.248,28.031,True,ok,True
6. Green mirid bug/green_mirid_bug_00021.jpg,6. Green mirid bug,1200,1594,275410,85.856,blurry,175.386,36.247,True,ok,True
6. Green mirid bug/green_mirid_bug_00022.jpg,6. Green mirid bug,1200,1594,267109,72.042,blurry,175.362,40.389,True,ok,True
6. Green mirid bug/green_mirid_bug_00023.jpg,6. Green mirid bug,1200,1594,275858,70.176,blurry,173.769,34.153,True,ok,True
6. Green mirid bug/green_mirid_bug_00024.jpg,6. Green mirid bug,1200,1594,265572,48.939,blurry,160.909,29.475,True,ok,True
6. Green mirid bug/green_mirid_bug_00025.jpg,6. Green mirid bug,1200,1594,227861,83.893,blurry,178.617,41.148,True,ok,True
6. Green mirid bug/green_mirid_bug_00026.jpg,6. Green mirid bug,1200,904,151422,72.272,blurry,180.05,41.592,True,ok,True
6. Green mirid bug/green_mirid_bug_00027.jpg,6. Green mirid bug,1200,1594,212197,97.348,blurry,190.245,47.894,True,ok,True
6. Green mirid bug/green_mirid_bug_00028.jpg,6. Green mirid bug,1200,1594,266674,90.666,blurry,180.031,43.111,True,ok,True
6. Green mirid bug/green_mirid_bug_00029.jpg,6. Green mirid bug,1200,1594,245818,132.48,soft,194.642,48.205,True,ok,True
6. Green mirid bug/green_mirid_bug_00030.jpg,6. Green mirid bug,1200,1594,285588,99.754,blurry,178.119,42.498,True,ok,True
6. Green mirid bug/green_mirid_bug_00031.jpg,6. Green mirid bug,1200,1594,278762,77.099,blurry,182.587,36.358,True,ok,True
6. Green mirid bug/green_mirid_bug_00032.jpg,6. Green mirid bug,1200,1594,263203,69.575,blurry,178.733,38.299,True,ok,True
6. Green mirid bug/green_mirid_bug_00033.jpg,6. Green mirid bug,1200,1594,263555,62.387,blurry,176.321,29.33,True,ok,True
6. Green mirid bug/green_mirid_bug_00034.jpg,6. Green mirid bug,1200,1594,262803,59.803,blurry,159.414,29.757,True,ok,True
6. Green mirid bug/green_mirid_bug_00035.jpg,6. Green mirid bug,1200,1594,282996,56.843,blurry,163.287,28.837,True,ok,True
6. Green mirid bug/green_mirid_bug_00036.jpg,6. Green mirid bug,1200,904,144357,64.699,blurry,162.195,32.269,True,ok,True
6. Green mirid bug/green_mirid_bug_00037.jpg,6. Green mirid bug,1200,904,133670,90.336,blurry,182.729,38.454,True,ok,True
6. Green mirid bug/green_mirid_bug_00038.jpg,6. Green mirid bug,1200,1594,250905,53.59,blurry,158.911,28.234,True,ok,True
6. Green mirid bug/green_mirid_bug_00039.jpg,6. Green mirid bug,1200,1594,280390,59.227,blurry,159.538,31.113,True,ok,True
6. Green mirid bug/green_mirid_bug_00040.jpg,6. Green mirid bug,1200,1594,221541,65.186,blurry,179.664,43.003,True,ok,True
6. Green mirid bug/green_mirid_bug_00041.jpg,6. Green mirid bug,1200,1594,305160,78.251,blurry,178.132,39.921,True,ok,True
6. Green mirid bug/green_mirid_bug_00042.jpg,6. Green mirid bug,1200,1594,278286,73.284,blurry,182.252,36.21,True,ok,True
6. Green mirid bug/green_mirid_bug_00043.jpg,6. Green mirid bug,1200,1594,292471,93.634,blurry,170.235,48.339,True,ok,True
6. Green mirid bug/green_mirid_bug_00044.jpg,6. Green mirid bug,1200,1594,300968,84.311,blurry,176.988,38.032,True,ok,True
6. Green mirid bug/green_mirid_bug_00045.jpg,6. Green mirid bug,1200,1594,311113,197.615,soft,194.786,54.369,True,ok,True
6. Green mirid bug/green_mirid_bug_00046.jpg,6. Green mirid bug,1200,1594,257801,232.458,soft,187.501,55.382,True,ok,True
6. Green mirid bug/green_mirid_bug_00047.jpg,6. Green mirid bug,1200,1594,259685,117.946,soft,180.296,45.475,True,ok,True
6. Green mirid bug/green_mirid_bug_00048.jpg,6. Green mirid bug,1200,1594,277683,124.41,soft,178.206,46.282,True,ok,True
6. Green mirid bug/green_mirid_bug_00049.jpg,6. Green mirid bug,1200,1594,257250,236.563,soft,188.23,66.034,True,ok,True
6. Green mirid bug/green_mirid_bug_00050.jpg,6. Green mirid bug,1200,1594,256125,171.409,soft,181.558,52.305,True,ok,True
6. Green mirid bug/green_mirid_bug_00051.jpg,6. Green mirid bug,1200,1594,232665,166.021,soft,188.905,49.493,True,ok,True
6. Green mirid bug/green_mirid_bug_00052.jpg,6. Green mirid bug,1200,1594,257605,141.285,soft,170.318,56.807,True,ok,True
6. Green mirid bug/green_mirid_bug_00053.jpg,6. Green mirid bug,1200,1594,350789,326.736,sharp,184.461,67.83,True,ok,True
6. Green mirid bug/green_mirid_bug_00054.jpg,6. Green mirid bug,1200,1594,282095,287.69,soft,186.907,63.368,True,ok,True
6. Green mirid bug/green_mirid_bug_00055.jpg,6. Green mirid bug,1200,1594,290273,127.551,soft,170.416,48.815,True,ok,True
6. Green mirid bug/green_mirid_bug_00056.jpg,6. Green mirid bug,1200,1594,252699,298.033,soft,175.116,63.375,True,ok,True
6. Green mirid bug/green_mirid_bug_00057.jpg,6. Green mirid bug,1200,1594,207629,59.508,blurry,174.74,39.845,True,ok,True
6. Green mirid bug/green_mirid_bug_00058.jpg,6. Green mirid bug,1200,1594,234654,87.986,blurry,181.988,41.512,True,ok,True
6. Green mirid bug/green_mirid_bug_00059.jpg,6. Green mirid bug,1200,1594,267110,70.64,blurry,176.415,33.651,True,ok,True
6. Green mirid bug/green_mirid_bug_00060.jpg,6. Green mirid bug,1200,1594,317653,79.465,blurry,170.791,33.935,True,ok,True
6. Green mirid bug/green_mirid_bug_00061.jpg,6. Green mirid bug,1200,1594,269669,90.311,blurry,179.062,39.251,True,ok,True
6. Green mirid bug/green_mirid_bug_00062.jpg,6. Green mirid bug,1200,1594,271667,91.692,blurry,179.962,38.039,True,ok,True
6. Green mirid bug/green_mirid_bug_00063.jpg,6. Green mirid bug,1200,1594,281523,72.54,blurry,156.276,33.289,True,ok,True
6. Green mirid bug/green_mirid_bug_00064.jpg,6. Green mirid bug,1200,1594,299578,86.801,blurry,158.96,31.805,True,ok,True
6. Green mirid bug/green_mirid_bug_00065.jpg,6. Green mirid bug,1200,1594,301341,100.431,soft,179.246,40.139,True,ok,True
6. Green mirid bug/green_mirid_bug_00066.jpg,6. Green mirid bug,1200,1594,250145,96.336,blurry,173.832,37.054,True,ok,True
6. Green mirid bug/green_mirid_bug_00067.jpg,6. Green mirid bug,1200,904,148272,92.52,blurry,178.817,34.907,True,ok,True
6. Green mirid bug/green_mirid_bug_00068.jpg,6. Green mirid bug,1200,1594,249824,93.398,blurry,180.939,34.208,True,ok,True
6. Green mirid bug/green_mirid_bug_00069.jpg,6. Green mirid bug,1200,1594,290994,24.075,blurry,142.654,18.958,True,ok,True
6. Green mirid bug/green_mirid_bug_00070.jpg,6. Green mirid bug,1200,1594,284119,30.415,blurry,153.893,21.312,True,ok,True
6. Green mirid bug/green_mirid_bug_00071.jpg,6. Green mirid bug,1200,1594,260428,71.971,blurry,177.934,37.285,True,ok,True
6. Green mirid bug/green_mirid_bug_00072.jpg,6. Green mirid bug,1200,1594,216554,72.167,blurry,179.426,35.567,True,ok,True
6. Green mirid bug/green_mirid_bug_00073.jpg,6. Green mirid bug,1200,1594,275864,41.391,blurry,156.57,25.807,True,ok,True
6. Green mirid bug/green_mirid_bug_00074.jpg,6. Green mirid bug,1200,1594,243494,41.935,blurry,160.06,28.794,True,ok,True
6. Green mirid bug/green_mirid_bug_00075.jpg,6. Green mirid bug,1200,1594,291108,39.412,blurry,157.276,22.381,True,ok,True
6. Green mirid bug/green_mirid_bug_00076.jpg,6. Green mirid bug,1200,1594,271669,36.789,blurry,155.683,23.958,True,ok,True
6. Green mirid bug/green_mirid_bug_00077.jpg,6. Green mirid bug,1200,1594,258669,61.168,blurry,172.22,31.61,True,ok,True
6. Green mirid bug/green_mirid_bug_00078.jpg,6. Green mirid bug,1200,1594,270347,68.059,blurry,157.142,26.78,True,ok,True
6. Green mirid bug/green_mirid_bug_00079.jpg,6. Green mirid bug,1200,1594,267307,74.134,blurry,158.141,28.323,True,ok,True
6. Green mirid bug/green_mirid_bug_00080.jpg,6. Green mirid bug,1200,1594,273060,61.281,blurry,153.328,24.777,True,ok,True
6. Green mirid bug/green_mirid_bug_00081.jpg,6. Green mirid bug,1200,1594,279056,22.945,blurry,153.193,23.271,True,ok,True
6. Green mirid bug/green_mirid_bug_00082.jpg,6. Green mirid bug,1200,1594,264434,20.36,blurry,152.523,20.596,True,ok,True
6. Green mirid bug/green_mirid_bug_00083.jpg,6. Green mirid bug,1200,1594,283731,22.324,blurry,150.686,20.716,True,ok,True
6. Green mirid bug/green_mirid_bug_00084.jpg,6. Green mirid bug,1200,904,162232,19.105,blurry,132.416,21.548,True,ok,True
6. Green mirid bug/green_mirid_bug_00085.jpg,6. Green mirid bug,1200,904,144177,19.094,blurry,146.565,18.087,True,ok,True
6. Green mirid bug/green_mirid_bug_00086.jpg,6. Green mirid bug,1200,904,156919,22.757,blurry,150.459,19.027,True,ok,True
6. Green mirid bug/green_mirid_bug_00087.jpg,6. Green mirid bug,1200,904,139335,18.963,blurry,147.471,17.504,True,ok,True
6. Green mirid bug/green_mirid_bug_00088.jpg,6. Green mirid bug,1200,1594,282407,170.966,soft,177.853,48.182,True,ok,True
6. Green mirid bug/green_mirid_bug_00089.jpg,6. Green mirid bug,1200,1594,279435,138.034,soft,179.699,45.004,True,ok,True
6. Green mirid bug/green_mirid_bug_00090.jpg,6. Green mirid bug,1200,1594,262764,107.258,soft,182.044,35.02,True,ok,True
6. Green mirid bug/green_mirid_bug_00091.jpg,6. Green mirid bug,1200,1594,249169,112.849,soft,173.158,37.594,True,ok,True
6. Green mirid bug/green_mirid_bug_00092.jpg,6. Green mirid bug,1200,1594,233988,37.031,blurry,160.955,26.476,True,ok,True
6. Green mirid bug/green_mirid_bug_00093.jpg,6. Green mirid bug,1200,1594,277061,71.362,blurry,152.399,28.17,True,ok,True
6. Green mirid bug/green_mirid_bug_00094.jpg,6. Green mirid bug,1200,1594,292320,52.694,blurry,154.13,25.577,True,ok,True
6. Green mirid bug/green_mirid_bug_00095.jpg,6. Green mirid bug,1200,1594,253973,69.822,blurry,159.119,26.256,True,ok,True
6. Green mirid bug/green_mirid_bug_00096.jpg,6. Green mirid bug,1200,1594,238686,97.042,blurry,176.993,33.801,True,ok,True
6. Green mirid bug/green_mirid_bug_00097.jpg,6. Green mirid bug,1200,1594,277411,74.993,blurry,150.068,28.195,True,ok,True
6. Green mirid bug/green_mirid_bug_00098.jpg,6. Green mirid bug,1200,1594,275021,59.894,blurry,157.552,23.881,True,ok,True
6. Green mirid bug/green_mirid_bug_00099.jpg,6. Green mirid bug,1200,1594,284777,47.466,blurry,142.724,21.892,True,ok,True
6. Green mirid bug/green_mirid_bug_00100.jpg,6. Green mirid bug,1200,1594,257002,106.46,soft,175.836,32.9,True,ok,True
6. Green mirid bug/green_mirid_bug_00101.jpg,6. Green mirid bug,1200,1594,275590,92.126,blurry,161.828,30.98,True,ok,True
6. Green mirid bug/green_mirid_bug_00102.jpg,6. Green mirid bug,1200,1594,257274,91.266,blurry,174.661,31.927,True,ok,True
6. Green mirid bug/green_mirid_bug_00103.jpg,6. Green mirid bug,1200,1594,265197,66.339,blurry,160.885,28.265,True,ok,True
6. Green mirid bug/green_mirid_bug_00104.jpg,6. Green mirid bug,1200,1594,256495,82.371,blurry,172.247,34.677,True,ok,True
6. Green mirid bug/green_mirid_bug_00105.jpg,6. Green mirid bug,1200,1594,224291,100.597,soft,177.52,36.636,True,ok,True
6. Green mirid bug/green_mirid_bug_00106.jpg,6. Green mirid bug,1200,1594,263162,56.698,blurry,159.321,30.963,True,ok,True
6. Green mirid bug/green_mirid_bug_00107.jpg,6. Green mirid bug,1200,1594,271951,54.01,blurry,157.097,25.821,True,ok,True
6. Green mirid bug/green_mirid_bug_00108.jpg,6. Green mirid bug,1200,1594,252959,90.023,blurry,175.914,35.332,True,ok,True
6. Green mirid bug/green_mirid_bug_00109.jpg,6. Green mirid bug,1200,1594,276353,84.257,blurry,162.071,33.278,True,ok,True
6. Green mirid bug/green_mirid_bug_00110.jpg,6. Green mirid bug,1200,1594,289507,71.99,blurry,161.086,30.904,True,ok,True
6. Green mirid bug/green_mirid_bug_00111.jpg,6. Green mirid bug,1200,1594,275379,64.23,blurry,158.473,28.537,True,ok,True
6. Green mirid bug/green_mirid_bug_00112.jpg,6. Green mirid bug,1200,1594,294817,33.524,blurry,150.779,22.347,True,ok,True
6. Green mirid bug/green_mirid_bug_00113.jpg,6. Green mirid bug,1200,1594,299976,37.842,blurry,151.316,20.704,True,ok,True
6. Green mirid bug/green_mirid_bug_00114.jpg,6. Green mirid bug,1200,1594,297746,36.298,blurry,150.926,20.731,True,ok,True
6. Green mirid bug/green_mirid_bug_00115.jpg,6. Green mirid bug,1200,1594,246211,45.515,blurry,159.626,30.289,True,ok,True
6. Green mirid bug/green_mirid_bug_00116.jpg,6. Green mirid bug,1200,1594,262438,39.306,blurry,154.993,26.348,True,ok,True
6. Green mirid bug/green_mirid_bug_00117.jpg,6. Green mirid bug,1200,1594,263645,49.355,blurry,174.869,27.32,True,ok,True
6. Green mirid bug/green_mirid_bug_00118.jpg,6. Green mirid bug,1200,1594,292422,40.494,blurry,157.0,22.144,True,ok,True
6. Green mirid bug/green_mirid_bug_00119.jpg,6. Green mirid bug,1200,1594,280155,40.346,blurry,154.867,24.542,True,ok,True
6. Green mirid bug/green_mirid_bug_00120.jpg,6. Green mirid bug,1200,1594,276634,55.023,blurry,164.282,31.107,True,ok,True
6. Green mirid bug/green_mirid_bug_00121.jpg,6. Green mirid bug,1200,1594,291086,59.891,blurry,166.969,28.656,True,ok,True
6. Green mirid bug/green_mirid_bug_00122.jpg,6. Green mirid bug,1200,1594,226806,48.465,blurry,177.852,28.885,True,ok,True
6. Green mirid bug/green_mirid_bug_00123.jpg,6. Green mirid bug,1200,1594,246619,38.846,blurry,162.672,23.383,True,ok,True
6. Green mirid bug/green_mirid_bug_00124.jpg,6. Green mirid bug,1200,1594,251276,119.186,soft,172.515,41.042,True,ok,True
6. Green mirid bug/green_mirid_bug_00125.jpg,6. Green mirid bug,1200,1594,279486,107.606,soft,174.902,45.26,True,ok,True
6. Green mirid bug/green_mirid_bug_00126.jpg,6. Green mirid bug,1200,1594,205402,60.072,blurry,178.24,37.128,True,ok,True
6. Green mirid bug/green_mirid_bug_00127.jpg,6. Green mirid bug,1200,1594,270335,96.473,blurry,179.531,36.156,True,ok,True
6. Green mirid bug/green_mirid_bug_00128.jpg,6. Green mirid bug,1200,1594,271520,96.071,blurry,176.668,43.646,True,ok,True
6. Green mirid bug/green_mirid_bug_00129.jpg,6. Green mirid bug,1200,1594,255486,131.525,soft,177.145,48.433,True,ok,True
6. Green mirid bug/green_mirid_bug_00130.jpg,6. Green mirid bug,1200,1594,238660,92.089,blurry,199.735,44.757,True,ok,True
6. Green mirid bug/green_mirid_bug_00131.jpg,6. Green mirid bug,1200,904,147671,87.519,blurry,180.75,41.335,True,ok,True
6. Green mirid bug/green_mirid_bug_00132.jpg,6. Green mirid bug,1200,1594,222962,56.243,blurry,178.43,34.22,True,ok,True
6. Green mirid bug/green_mirid_bug_00133.jpg,6. Green mirid bug,1200,1594,218520,57.791,blurry,176.525,34.909,True,ok,True
6. Green mirid bug/green_mirid_bug_00134.jpg,6. Green mirid bug,1200,1594,302461,64.103,blurry,174.061,33.845,True,ok,True
6. Green mirid bug/green_mirid_bug_00135.jpg,6. Green mirid bug,1200,1594,255228,59.114,blurry,182.422,30.547,True,ok,True
6. Green mirid bug/green_mirid_bug_00136.jpg,6. Green mirid bug,1200,1594,291878,60.627,blurry,166.645,33.403,True,ok,True
6. Green mirid bug/green_mirid_bug_00137.jpg,6. Green mirid bug,1200,1594,266177,91.475,blurry,177.795,39.346,True,ok,True
6. Green mirid bug/green_mirid_bug_00138.jpg,6. Green mirid bug,1200,1594,251951,61.035,blurry,180.717,33.534,True,ok,True
6. Green mirid bug/green_mirid_bug_00139.jpg,6. Green mirid bug,1200,1594,272953,76.485,blurry,179.24,35.687,True,ok,True
6. Green mirid bug/green_mirid_bug_00140.jpg,6. Green mirid bug,1200,1594,229867,78.111,blurry,178.417,34.409,True,ok,True
6. Green mirid bug/green_mirid_bug_00141.jpg,6. Green mirid bug,1200,1594,267984,72.265,blurry,157.697,29.904,True,ok,True
6. Green mirid bug/green_mirid_bug_00142.jpg,6. Green mirid bug,1200,1594,283545,45.293,blurry,153.87,25.269,True,ok,True
6. Green mirid bug/green_mirid_bug_00143.jpg,6. Green mirid bug,1200,1594,278797,54.466,blurry,159.997,29.912,True,ok,True
6. Green mirid bug/green_mirid_bug_00144.jpg,6. Green mirid bug,1200,1594,206543,85.31,blurry,178.145,37.022,True,ok,True
6. Green mirid bug/green_mirid_bug_00145.jpg,6. Green mirid bug,1200,1594,241953,72.619,blurry,174.626,32.714,True,ok,True
6. Green mirid bug/green_mirid_bug_00146.jpg,6. Green mirid bug,1200,1594,261443,63.249,blurry,156.617,28.909,True,ok,True
6. Green mirid bug/green_mirid_bug_00147.jpg,6. Green mirid bug,1200,1594,278520,60.677,blurry,155.854,28.122,True,ok,True
6. Green mirid bug/green_mirid_bug_00148.jpg,6. Green mirid bug,1200,1594,255921,54.01,blurry,155.852,28.176,True,ok,True
6. Green mirid bug/green_mirid_bug_00149.jpg,6. Green mirid bug,1200,1594,279477,95.308,blurry,158.192,32.531,True,ok,True
6. Green mirid bug/green_mirid_bug_00150.jpg,6. Green mirid bug,1200,1594,302243,36.328,blurry,151.244,22.568,True,ok,True
6. Green mirid bug/green_mirid_bug_00151.jpg,6. Green mirid bug,1200,1594,299777,46.602,blurry,151.132,21.958,True,ok,True
6. Green mirid bug/green_mirid_bug_00152.jpg,6. Green mirid bug,1200,1594,305310,34.221,blurry,147.914,19.333,True,ok,True
6. Green mirid bug/green_mirid_bug_00153.jpg,6. Green mirid bug,1200,1594,278842,44.86,blurry,153.715,22.855,True,ok,True
6. Green mirid bug/green_mirid_bug_00154.jpg,6. Green mirid bug,1200,1594,281897,49.283,blurry,152.702,27.561,True,ok,True
6. Green mirid bug/green_mirid_bug_00155.jpg,6. Green mirid bug,1200,1594,302825,56.802,blurry,168.418,29.039,True,ok,True
6. Green mirid bug/green_mirid_bug_00156.jpg,6. Green mirid bug,1200,1594,269595,58.572,blurry,173.722,28.088,True,ok,True
6. Green mirid bug/green_mirid_bug_00157.jpg,6. Green mirid bug,1200,1594,261866,54.809,blurry,158.368,26.307,True,ok,True
6. Green mirid bug/green_mirid_bug_00158.jpg,6. Green mirid bug,1200,1594,231591,54.996,blurry,178.383,37.259,True,ok,True
6. Green mirid bug/green_mirid_bug_00159.jpg,6. Green mirid bug,1200,1594,270265,50.216,blurry,166.713,33.003,True,ok,True
6. Green mirid bug/green_mirid_bug_00160.jpg,6. Green mirid bug,1200,1594,257225,43.409,blurry,164.886,31.867,True,ok,True
6. Green mirid bug/green_mirid_bug_00161.jpg,6. Green mirid bug,1200,1594,223970,61.979,blurry,179.175,36.697,True,ok,True
6. Green mirid bug/green_mirid_bug_00162.jpg,6. Green mirid bug,1200,1594,260708,37.951,blurry,155.798,26.906,True,ok,True
6. Green mirid bug/green_mirid_bug_00163.jpg,6. Green mirid bug,1200,1594,276515,84.95,blurry,157.286,25.627,True,ok,True
6. Green mirid bug/green_mirid_bug_00164.jpg,6. Green mirid bug,1200,1594,282306,61.362,blurry,158.465,25.438,True,ok,True
6. Green mirid bug/green_mirid_bug_00165.jpg,6. Green mirid bug,1200,1594,255811,73.278,blurry,175.149,28.514,True,ok,True
6. Green mirid bug/green_mirid_bug_00166.jpg,6. Green mirid bug,1200,1594,276670,64.144,blurry,160.178,25.792,True,ok,True
6. Green mirid bug/green_mirid_bug_00167.jpg,6. Green mirid bug,1200,1594,225557,44.874,blurry,178.285,31.851,True,ok,True
6. Green mirid bug/green_mirid_bug_00168.jpg,6. Green mirid bug,1200,1594,257863,51.762,blurry,162.608,33.156,True,ok,True
6. Green mirid bug/green_mirid_bug_00169.jpg,6. Green mirid bug,1200,1594,250036,44.212,blurry,181.103,35.586,True,ok,True
6. Green mirid bug/green_mirid_bug_00170.jpg,6. Green mirid bug,1200,1594,238221,66.338,blurry,174.524,41.325,True,ok,True
6. Green mirid bug/green_mirid_bug_00171.jpg,6. Green mirid bug,1200,1594,276811,27.006,blurry,155.741,19.118,True,ok,True
6. Green mirid bug/green_mirid_bug_00172.jpg,6. Green mirid bug,1200,1594,274248,30.342,blurry,155.632,20.5,True,ok,True
6. Green mirid bug/green_mirid_bug_00173.jpg,6. Green mirid bug,1200,1594,280352,25.819,blurry,140.86,16.931,True,ok,True
6. Green mirid bug/green_mirid_bug_00174.jpg,6. Green mirid bug,1200,1594,278917,31.036,blurry,144.601,17.043,True,ok,True
6. Green mirid bug/green_mirid_bug_00175.jpg,6. Green mirid bug,1200,1594,255144,102.615,soft,196.566,47.952,True,ok,True
6. Green mirid bug/green_mirid_bug_00176.jpg,6. Green mirid bug,1200,1594,254222,112.164,soft,182.394,50.218,True,ok,True
6. Green mirid bug/green_mirid_bug_00177.jpg,6. Green mirid bug,1200,1594,287508,113.503,soft,177.612,45.038,True,ok,True
6. Green mirid bug/green_mirid_bug_00178.jpg,6. Green mirid bug,1200,1594,265878,114.226,soft,174.963,45.646,True,ok,True
6. Green mirid bug/green_mirid_bug_00179.jpg,6. Green mirid bug,1200,1594,257691,107.041,soft,178.669,44.207,True,ok,True
6. Green mirid bug/green_mirid_bug_00180.jpg,6. Green mirid bug,1200,1594,248647,51.713,blurry,176.336,32.61,True,ok,True
6. Green mirid bug/green_mirid_bug_00181.jpg,6. Green mirid bug,1200,1594,238273,69.378,blurry,178.504,35.219,True,ok,True
6. Green mirid bug/green_mirid_bug_00182.jpg,6. Green mirid bug,1200,1594,249834,58.96,blurry,176.313,32.324,True,ok,True
6. Green mirid bug/green_mirid_bug_00183.jpg,6. Green mirid bug,1200,1594,244891,127.847,soft,193.64,52.89,True,ok,True
6. Green mirid bug/green_mirid_bug_00184.jpg,6. Green mirid bug,1200,1594,246140,131.507,soft,176.843,52.925,True,ok,True
6. Green mirid bug/green_mirid_bug_00185.jpg,6. Green mirid bug,1200,1594,280129,82.705,blurry,179.072,39.855,True,ok,True
6. Green mirid bug/green_mirid_bug_00186.jpg,6. Green mirid bug,1200,1594,212408,100.059,soft,187.842,42.239,True,ok,True
6. Green mirid bug/green_mirid_bug_00187.jpg,6. Green mirid bug,1200,1594,295604,98.746,blurry,176.329,40.364,True,ok,True
6. Green mirid bug/green_mirid_bug_00188.jpg,6. Green mirid bug,1200,1594,258433,89.712,blurry,178.405,39.507,True,ok,True
6. Green mirid bug/green_mirid_bug_00189.jpg,6. Green mirid bug,1200,1594,258002,135.565,soft,175.181,51.405,True,ok,True
6. Green mirid bug/green_mirid_bug_00190.jpg,6. Green mirid bug,1200,1594,246357,132.769,soft,192.401,53.741,True,ok,True
6. Green mirid bug/green_mirid_bug_00191.jpg,6. Green mirid bug,1200,1594,250348,74.508,blurry,177.928,42.59,True,ok,True
6. Green mirid bug/green_mirid_bug_00192.jpg,6. Green mirid bug,1200,1594,241589,79.851,blurry,181.106,43.358,True,ok,True
6. Green mirid bug/green_mirid_bug_00193.jpg,6. Green mirid bug,1200,1594,224274,59.393,blurry,174.437,37.77,True,ok,True
6. Green mirid bug/green_mirid_bug_00194.jpg,6. Green mirid bug,1200,1594,239223,81.548,blurry,181.21,35.363,True,ok,True
6. Green mirid bug/green_mirid_bug_00195.jpg,6. Green mirid bug,1200,1594,239359,84.04,blurry,180.649,36.627,True,ok,True
6. Green mirid bug/green_mirid_bug_00196.jpg,6. Green mirid bug,1200,1594,207076,70.622,blurry,180.1,30.987,True,ok,True
6. Green mirid bug/green_mirid_bug_00197.jpg,6. Green mirid bug,1200,1594,234767,78.439,blurry,177.274,34.119,True,ok,True
6. Green mirid bug/green_mirid_bug_00198.jpg,6. Green mirid bug,1200,1594,269361,105.519,soft,174.464,44.302,True,ok,True
6. Green mirid bug/green_mirid_bug_00199.jpg,6. Green mirid bug,1200,1594,229781,80.764,blurry,176.954,35.371,True,ok,True
6. Green mirid bug/green_mirid_bug_00200.jpg,6. Green mirid bug,1200,904,161129,101.32,soft,181.234,34.686,True,ok,True
6. Green mirid bug/green_mirid_bug_00201.jpg,6. Green mirid bug,1200,904,137733,107.644,soft,182.863,34.526,True,ok,True
6. Green mirid bug/green_mirid_bug_00202.jpg,6. Green mirid bug,1200,1594,264952,38.309,blurry,155.5,22.643,True,ok,True
6. Green mirid bug/green_mirid_bug_00203.jpg,6. Green mirid bug,1200,1594,273402,51.681,blurry,152.189,23.084,True,ok,True
6. Green mirid bug/green_mirid_bug_00204.jpg,6. Green mirid bug,1200,1594,297980,53.431,blurry,148.73,24.467,True,ok,True
6. Green mirid bug/green_mirid_bug_00205.jpg,6. Green mirid bug,1200,1594,273611,41.541,blurry,160.981,27.255,True,ok,True
6. Green mirid bug/green_mirid_bug_00206.jpg,6. Green mirid bug,1200,1594,284870,33.988,blurry,155.469,22.529,True,ok,True
6. Green mirid bug/green_mirid_bug_00207.jpg,6. Green mirid bug,1200,1594,273868,38.138,blurry,154.413,23.649,True,ok,True
6. Green mirid bug/green_mirid_bug_00208.jpg,6. Green mirid bug,1200,1594,244337,34.783,blurry,156.428,22.162,True,ok,True
6. Green mirid bug/green_mirid_bug_00209.jpg,6. Green mirid bug,1200,1594,291005,31.822,blurry,151.845,19.45,True,ok,True
6. Green mirid bug/green_mirid_bug_00210.jpg,6. Green mirid bug,1200,1594,219794,88.5,blurry,176.644,40.293,True,ok,True
6. Green mirid bug/green_mirid_bug_00211.jpg,6. Green mirid bug,1200,1594,235238,79.723,blurry,179.074,38.905,True,ok,True
6. Green mirid bug/green_mirid_bug_00212.jpg,6. Green mirid bug,1200,1594,266591,128.258,soft,179.716,42.122,True,ok,True
6. Green mirid bug/green_mirid_bug_00213.jpg,6. Green mirid bug,1200,1594,261912,69.295,blurry,184.99,30.034,True,ok,True
6. Green mirid bug/green_mirid_bug_00214.jpg,6. Green mirid bug,1200,1594,221236,71.049,blurry,179.581,37.697,True,ok,True
6. Green mirid bug/green_mirid_bug_00215.jpg,6. Green mirid bug,1200,1594,246033,84.402,blurry,179.693,41.839,True,ok,True
6. Green mirid bug/green_mirid_bug_00216.jpg,6. Green mirid bug,1200,1594,265214,59.827,blurry,182.355,35.095,True,ok,True
6. Green mirid bug/green_mirid_bug_00217.jpg,6. Green mirid bug,1200,1594,254033,79.566,blurry,184.486,33.327,True,ok,True
6. Green mirid bug/green_mirid_bug_00218.jpg,6. Green mirid bug,1200,1594,250784,79.76,blurry,181.432,36.515,True,ok,True
6. Green mirid bug/green_mirid_bug_00219.jpg,6. Green mirid bug,1200,1594,270441,104.612,soft,183.746,36.15,True,ok,True
6. Green mirid bug/green_mirid_bug_00220.jpg,6. Green mirid bug,1200,1594,261885,51.145,blurry,159.409,31.453,True,ok,True
6. Green mirid bug/green_mirid_bug_00221.jpg,6. Green mirid bug,1200,1594,274947,54.572,blurry,158.409,28.485,True,ok,True
6. Green mirid bug/green_mirid_bug_00222.jpg,6. Green mirid bug,1200,1594,275969,49.162,blurry,149.772,26.149,True,ok,True
6. Green mirid bug/green_mirid_bug_00223.jpg,6. Green mirid bug,1200,1594,295317,44.46,blurry,150.783,24.163,True,ok,True
6. Green mirid bug/green_mirid_bug_00224.jpg,6. Green mirid bug,1200,1594,280330,35.739,blurry,148.895,20.238,True,ok,True
6. Green mirid bug/green_mirid_bug_00225.jpg,6. Green mirid bug,1200,1594,289273,38.11,blurry,153.69,26.185,True,ok,True
6. Green mirid bug/green_mirid_bug_00226.jpg,6. Green mirid bug,1200,1594,277218,44.63,blurry,157.241,27.71,True,ok,True
6. Green mirid bug/green_mirid_bug_00227.jpg,6. Green mirid bug,1200,1594,273884,42.989,blurry,155.859,23.841,True,ok,True
6. Green mirid bug/green_mirid_bug_00228.jpg,6. Green mirid bug,1200,1594,263924,33.229,blurry,156.95,20.603,True,ok,True
6. Green mirid bug/green_mirid_bug_00229.jpg,6. Green mirid bug,1200,1594,210736,69.053,blurry,180.783,33.671,True,ok,True
6. Green mirid bug/green_mirid_bug_00230.jpg,6. Green mirid bug,1200,1594,250429,68.846,blurry,177.521,30.856,True,ok,True
6. Green mirid bug/green_mirid_bug_00231.jpg,6. Green mirid bug,1200,1594,271455,69.064,blurry,158.439,29.36,True,ok,True
6. Green mirid bug/green_mirid_bug_00232.jpg,6. Green mirid bug,1200,1594,275249,50.294,blurry,166.466,37.111,True,ok,True
6. Green mirid bug/green_mirid_bug_00233.jpg,6. Green mirid bug,1200,1594,229815,77.735,blurry,178.289,37.585,True,ok,True
6. Green mirid bug/green_mirid_bug_00234.jpg,6. Green mirid bug,1200,1594,219722,63.161,blurry,179.139,33.55,True,ok,True
6. Green mirid bug/green_mirid_bug_00235.jpg,6. Green mirid bug,1200,1594,269399,62.258,blurry,184.35,32.821,True,ok,True
6. Green mirid bug/green_mirid_bug_00236.jpg,6. Green mirid bug,1200,1594,249653,62.813,blurry,181.223,39.864,True,ok,True
6. Green mirid bug/green_mirid_bug_00237.jpg,6. Green mirid bug,1200,1594,242050,54.094,blurry,179.481,33.737,True,ok,True
6. Green mirid bug/green_mirid_bug_00238.jpg,6. Green mirid bug,1200,1594,228025,56.395,blurry,187.487,33.354,True,ok,True
6. Green mirid bug/green_mirid_bug_00239.jpg,6. Green mirid bug,1200,1594,246174,73.769,blurry,179.925,39.012,True,ok,True
6. Green mirid bug/green_mirid_bug_00240.jpg,6. Green mirid bug,1200,1594,241797,92.926,blurry,184.035,37.948,True,ok,True
6. Green mirid bug/green_mirid_bug_00241.jpg,6. Green mirid bug,1200,1594,301983,177.299,soft,186.141,60.768,True,ok,True
6. Green mirid bug/green_mirid_bug_00242.jpg,6. Green mirid bug,1200,1594,207867,246.156,soft,171.47,68.508,True,ok,True
6. Green mirid bug/green_mirid_bug_00243.jpg,6. Green mirid bug,1200,1594,304208,159.127,soft,194.346,53.077,True,ok,True
6. Green mirid bug/green_mirid_bug_00244.jpg,6. Green mirid bug,1200,1594,258799,112.741,soft,178.356,42.484,True,ok,True
6. Green mirid bug/green_mirid_bug_00245.jpg,6. Green mirid bug,1200,1594,275612,144.932,soft,177.88,41.682,True,ok,True
6. Green mirid bug/green_mirid_bug_00246.jpg,6. Green mirid bug,1200,1594,227189,71.938,blurry,176.348,39.452,True,ok,True
6. Green mirid bug/green_mirid_bug_00247.jpg,6. Green mirid bug,1200,1594,254100,67.605,blurry,181.556,35.608,True,ok,True
6. Green mirid bug/green_mirid_bug_00248.jpg,6. Green mirid bug,1200,1594,308132,52.361,blurry,166.178,30.297,True,ok,True
6. Green mirid bug/green_mirid_bug_00249.jpg,6. Green mirid bug,1200,1594,236063,67.403,blurry,184.34,35.902,True,ok,True
6. Green mirid bug/green_mirid_bug_00250.jpg,6. Green mirid bug,1200,1594,256262,42.637,blurry,160.981,26.373,True,ok,True
6. Green mirid bug/green_mirid_bug_00251.jpg,6. Green mirid bug,1200,1594,221915,62.47,blurry,178.689,31.816,True,ok,True
6. Green mirid bug/green_mirid_bug_00252.jpg,6. Green mirid bug,1200,1594,305762,74.458,blurry,162.146,37.123,True,ok,True
6. Green mirid bug/green_mirid_bug_00253.jpg,6. Green mirid bug,1200,1594,259550,53.302,blurry,157.187,28.108,True,ok,True
6. Green mirid bug/green_mirid_bug_00254.jpg,6. Green mirid bug,1200,1594,238684,77.699,blurry,176.154,34.376,True,ok,True
6. Green mirid bug/green_mirid_bug_00255.jpg,6. Green mirid bug,1200,1594,266694,66.988,blurry,178.305,39.391,True,ok,True
6. Green mirid bug/green_mirid_bug_00256.jpg,6. Green mirid bug,1200,1594,227219,96.044,blurry,181.914,42.581,True,ok,True
6. Green mirid bug/green_mirid_bug_00257.jpg,6. Green mirid bug,1200,1594,236136,68.462,blurry,182.912,34.264,True,ok,True
6. Green mirid bug/green_mirid_bug_00258.jpg,6. Green mirid bug,1200,1594,226581,206.847,soft,189.376,60.208,True,ok,True
6. Green mirid bug/green_mirid_bug_00259.jpg,6. Green mirid bug,1200,1594,267614,108.508,soft,177.596,46.994,True,ok,True
6. Green mirid bug/green_mirid_bug_00260.jpg,6. Green mirid bug,1200,1594,266839,69.718,blurry,170.651,37.612,True,ok,True
6. Green mirid bug/green_mirid_bug_00261.jpg,6. Green mirid bug,1200,1594,229208,55.325,blurry,179.032,31.957,True,ok,True
6. Green mirid bug/green_mirid_bug_00262.jpg,6. Green mirid bug,1200,1594,300757,104.348,soft,173.912,48.269,True,ok,True
6. Green mirid bug/green_mirid_bug_00263.jpg,6. Green mirid bug,1200,1594,260105,145.997,soft,179.236,49.776,True,ok,True
6. Green mirid bug/green_mirid_bug_00264.jpg,6. Green mirid bug,1200,1594,237854,126.701,soft,184.8,46.306,True,ok,True
6. Green mirid bug/green_mirid_bug_00265.jpg,6. Green mirid bug,1200,1594,276515,124.826,soft,175.306,47.103,True,ok,True
6. Green mirid bug/green_mirid_bug_00266.jpg,6. Green mirid bug,1200,1594,218376,118.43,soft,180.266,54.659,True,ok,True
6. Green mirid bug/green_mirid_bug_00267.jpg,6. Green mirid bug,1200,1594,216090,105.991,soft,181.316,50.822,True,ok,True
6. Green mirid bug/green_mirid_bug_00268.jpg,6. Green mirid bug,1200,1594,290167,86.504,blurry,179.445,42.03,True,ok,True
6. Green mirid bug/green_mirid_bug_00269.jpg,6. Green mirid bug,1200,1594,243414,85.59,blurry,183.111,40.17,True,ok,True
6. Green mirid bug/green_mirid_bug_00270.jpg,6. Green mirid bug,1200,1594,240303,76.964,blurry,183.738,41.018,True,ok,True
6. Green mirid bug/green_mirid_bug_00271.jpg,6. Green mirid bug,1200,1594,231123,65.457,blurry,178.62,33.833,True,ok,True
6. Green mirid bug/green_mirid_bug_00272.jpg,6. Green mirid bug,1200,1594,272565,62.642,blurry,162.391,31.826,True,ok,True
6. Green mirid bug/green_mirid_bug_00273.jpg,6. Green mirid bug,1200,1594,217410,73.463,blurry,177.207,39.828,True,ok,True
6. Green mirid bug/green_mirid_bug_00274.jpg,6. Green mirid bug,1200,1594,224705,70.763,blurry,179.253,37.148,True,ok,True
6. Green mirid bug/green_mirid_bug_00275.jpg,6. Green mirid bug,1200,1594,232990,62.15,blurry,176.403,36.053,True,ok,True
6. Green mirid bug/green_mirid_bug_00276.jpg,6. Green mirid bug,1200,1594,253476,72.306,blurry,184.282,35.762,True,ok,True
6. Green mirid bug/green_mirid_bug_00277.jpg,6. Green mirid bug,1200,1594,237136,74.399,blurry,185.097,38.118,True,ok,True
6. Green mirid bug/green_mirid_bug_00278.jpg,6. Green mirid bug,1200,1594,262998,69.943,blurry,172.929,35.085,True,ok,True
6. Green mirid bug/green_mirid_bug_00279.jpg,6. Green mirid bug,1200,1594,270675,46.363,blurry,163.979,26.869,True,ok,True
6. Green mirid bug/green_mirid_bug_00280.jpg,6. Green mirid bug,1200,1594,270379,41.489,blurry,161.39,23.64,True,ok,True
6. Green mirid bug/green_mirid_bug_00281.jpg,6. Green mirid bug,1200,1594,278818,36.422,blurry,159.323,23.05,True,ok,True
6. Green mirid bug/green_mirid_bug_00282.jpg,6. Green mirid bug,1200,1594,277739,43.154,blurry,153.667,24.451,True,ok,True
6. Green mirid bug/green_mirid_bug_00283.jpg,6. Green mirid bug,1200,1594,289069,43.608,blurry,154.255,22.925,True,ok,True
6. Green mirid bug/green_mirid_bug_00284.jpg,6. Green mirid bug,1200,1594,296298,48.546,blurry,155.135,23.827,True,ok,True
6. Green mirid bug/green_mirid_bug_00285.jpg,6. Green mirid bug,1200,1594,260480,96.284,blurry,179.436,43.732,True,ok,True
6. Green mirid bug/green_mirid_bug_00286.jpg,6. Green mirid bug,1200,1594,216007,92.659,blurry,177.482,40.601,True,ok,True
6. Green mirid bug/green_mirid_bug_00287.jpg,6. Green mirid bug,1200,1594,276995,57.081,blurry,163.361,31.171,True,ok,True
6. Green mirid bug/green_mirid_bug_00288.jpg,6. Green mirid bug,1200,1594,278355,68.793,blurry,163.158,32.68,True,ok,True
6. Green mirid bug/green_mirid_bug_00289.jpg,6. Green mirid bug,1200,1594,288767,161.507,soft,194.435,63.828,True,ok,True
6. Green mirid bug/green_mirid_bug_00290.jpg,6. Green mirid bug,1200,1594,229374,116.034,soft,191.463,61.615,True,ok,True
6. Green mirid bug/green_mirid_bug_00291.jpg,6. Green mirid bug,1200,1594,273120,126.938,soft,192.685,49.017,True,ok,True
6. Green mirid bug/green_mirid_bug_00292.jpg,6. Green mirid bug,1200,1594,265849,98.575,blurry,182.499,42.085,True,ok,True
6. Green mirid bug/green_mirid_bug_00293.jpg,6. Green mirid bug,1200,904,134496,89.201,blurry,183.296,45.601,True,ok,True
6. Green mirid bug/green_mirid_bug_00294.jpg,6. Green mirid bug,1200,1594,276245,36.452,blurry,154.243,23.391,True,ok,True
6. Green mirid bug/green_mirid_bug_00295.jpg,6. Green mirid bug,1200,1594,233733,34.781,blurry,170.53,22.576,True,ok,True
6. Green mirid bug/green_mirid_bug_00296.jpg,6. Green mirid bug,1200,1594,262075,34.179,blurry,157.458,22.282,True,ok,True
6. Green mirid bug/green_mirid_bug_00297.jpg,6. Green mirid bug,1200,1594,274470,54.327,blurry,154.706,32.672,True,ok,True
6. Green mirid bug/green_mirid_bug_00298.jpg,6. Green mirid bug,1200,1594,242637,77.715,blurry,180.498,34.348,True,ok,True
6. Green mirid bug/green_mirid_bug_00299.jpg,6. Green mirid bug,1200,1594,274888,96.495,blurry,179.721,40.209,True,ok,True
6. Green mirid bug/green_mirid_bug_00300.jpg,6. Green mirid bug,1200,1594,242721,89.429,blurry,197.07,48.72,True,ok,True
6. Green mirid bug/green_mirid_bug_00301.jpg,6. Green mirid bug,1200,1594,232146,117.849,soft,193.692,51.661,True,ok,True
6. Green mirid bug/green_mirid_bug_00302.jpg,6. Green mirid bug,1200,1594,275178,93.594,blurry,178.184,43.734,True,ok,True
6. Green mirid bug/green_mirid_bug_00303.jpg,6. Green mirid bug,1200,1594,247219,154.539,soft,197.677,50.975,True,ok,True
6. Green mirid bug/green_mirid_bug_00304.jpg,6. Green mirid bug,1200,1594,275152,92.128,blurry,180.502,39.553,True,ok,True
6. Green mirid bug/green_mirid_bug_00305.jpg,6. Green mirid bug,1200,1594,232983,93.095,blurry,177.032,39.988,True,ok,True
6. Green mirid bug/green_mirid_bug_00306.jpg,6. Green mirid bug,1200,1594,305064,139.931,soft,198.549,58.98,True,ok,True
6. Green mirid bug/green_mirid_bug_00307.jpg,6. Green mirid bug,1200,1594,284575,153.618,soft,191.895,63.016,True,ok,True
6. Green mirid bug/green_mirid_bug_00308.jpg,6. Green mirid bug,1200,1594,295954,132.94,soft,194.863,51.307,True,ok,True
6. Green mirid bug/green_mirid_bug_00309.jpg,6. Green mirid bug,1200,1594,264585,101.157,soft,180.496,43.47,True,ok,True
6. Green mirid bug/green_mirid_bug_00310.jpg,6. Green mirid bug,1200,1594,216461,107.393,soft,176.813,50.506,True,ok,True
6. Green mirid bug/green_mirid_bug_00311.jpg,6. Green mirid bug,1200,1594,279076,100.126,soft,182.027,42.089,True,ok,True
6. Green mirid bug/green_mirid_bug_00312.jpg,6. Green mirid bug,1200,1594,236120,95.295,blurry,176.111,43.383,True,ok,True
6. Green mirid bug/green_mirid_bug_00313.jpg,6. Green mirid bug,1200,1594,250401,75.907,blurry,178.67,46.322,True,ok,True
6. Green mirid bug/green_mirid_bug_00314.jpg,6. Green mirid bug,1200,1594,296667,66.293,blurry,181.41,35.814,True,ok,True
6. Green mirid bug/green_mirid_bug_00315.jpg,6. Green mirid bug,1200,1594,194619,96.617,blurry,177.949,46.33,True,ok,True
6. Green mirid bug/green_mirid_bug_00316.jpg,6. Green mirid bug,1200,1594,240058,47.738,blurry,172.923,30.604,True,ok,True
6. Green mirid bug/green_mirid_bug_00317.jpg,6. Green mirid bug,1200,1594,288885,57.31,blurry,155.874,29.033,True,ok,True
6. Green mirid bug/green_mirid_bug_00318.jpg,6. Green mirid bug,1200,1594,286487,45.693,blurry,160.217,28.359,True,ok,True
6. Green mirid bug/green_mirid_bug_00319.jpg,6. Green mirid bug,1200,1594,277715,47.599,blurry,157.203,25.948,True,ok,True
6. Green mirid bug/green_mirid_bug_00320.jpg,6. Green mirid bug,1200,1594,257156,113.372,soft,193.917,61.987,True,ok,True
6. Green mirid bug/green_mirid_bug_00321.jpg,6. Green mirid bug,1200,1594,249853,110.597,soft,190.582,48.627,True,ok,True
6. Green mirid bug/green_mirid_bug_00322.jpg,6. Green mirid bug,1200,1594,244115,97.702,blurry,180.327,45.46,True,ok,True
6. Green mirid bug/green_mirid_bug_00323.jpg,6. Green mirid bug,1200,1594,273069,45.123,blurry,159.225,28.854,True,ok,True
6. Green mirid bug/green_mirid_bug_00324.jpg,6. Green mirid bug,1200,1594,242720,54.394,blurry,178.099,30.471,True,ok,True
6. Green mirid bug/green_mirid_bug_00325.jpg,6. Green mirid bug,1200,1594,297124,41.792,blurry,159.219,24.626,True,ok,True
6. Green mirid bug/green_mirid_bug_00326.jpg,6. Green mirid bug,1200,1594,255345,55.252,blurry,179.413,28.468,True,ok,True
6. Green mirid bug/green_mirid_bug_00327.jpg,6. Green mirid bug,1200,1594,209950,78.667,blurry,178.32,44.86,True,ok,True
6. Green mirid bug/green_mirid_bug_00328.jpg,6. Green mirid bug,1200,1594,269645,57.818,blurry,182.177,33.096,True,ok,True
6. Green mirid bug/green_mirid_bug_00329.jpg,6. Green mirid bug,1200,1594,273663,139.874,soft,194.051,60.659,True,ok,True
6. Green mirid bug/green_mirid_bug_00330.jpg,6. Green mirid bug,1200,1594,268454,104.729,soft,192.913,49.222,True,ok,True
6. Green mirid bug/green_mirid_bug_00331.jpg,6. Green mirid bug,1200,1594,256967,44.061,blurry,166.262,33.558,True,ok,True
6. Green mirid bug/green_mirid_bug_00332.jpg,6. Green mirid bug,1200,1594,307141,36.722,blurry,160.446,26.782,True,ok,True
6. Green mirid bug/green_mirid_bug_00333.jpg,6. Green mirid bug,1200,1594,238471,44.904,blurry,153.111,31.21,True,ok,True
6. Green mirid bug/green_mirid_bug_00334.jpg,6. Green mirid bug,1200,1594,278215,48.04,blurry,165.957,29.193,True,ok,True
6. Green mirid bug/green_mirid_bug_00335.jpg,6. Green mirid bug,1200,1594,316918,176.254,soft,189.848,59.501,True,ok,True
6. Green mirid bug/green_mirid_bug_00336.jpg,6. Green mirid bug,1200,1594,262734,137.855,soft,174.685,47.256,True,ok,True
6. Green mirid bug/green_mirid_bug_00337.jpg,6. Green mirid bug,1200,1594,271105,87.947,blurry,172.368,48.915,True,ok,True
6. Green mirid bug/green_mirid_bug_00338.jpg,6. Green mirid bug,1200,1594,260239,59.773,blurry,178.473,35.119,True,ok,True
6. Green mirid bug/green_mirid_bug_00339.jpg,6. Green mirid bug,1200,1594,252120,131.843,soft,173.038,54.662,True,ok,True
6. Green mirid bug/green_mirid_bug_00340.jpg,6. Green mirid bug,1200,1594,334344,160.839,soft,192.195,49.001,True,ok,True
6. Green mirid bug/green_mirid_bug_00341.jpg,6. Green mirid bug,1200,1594,313972,231.58,soft,187.442,64.69,True,ok,True
6. Green mirid bug/green_mirid_bug_00342.jpg,6. Green mirid bug,1200,1594,249506,34.939,blurry,175.268,27.87,True,ok,True
6. Green mirid bug/green_mirid_bug_00343.jpg,6. Green mirid bug,1200,1594,267169,60.19,blurry,153.324,27.785,True,ok,True
6. Green mirid bug/green_mirid_bug_00344.jpg,6. Green mirid bug,1200,1594,285023,55.488,blurry,151.885,25.319,True,ok,True
6. Green mirid bug/green_mirid_bug_00345.jpg,6. Green mirid bug,1200,1594,267188,121.707,soft,172.911,45.263,True,ok,True
6. Green mirid bug/green_mirid_bug_00346.jpg,6. Green mirid bug,1200,1594,274829,82.169,blurry,175.13,37.183,True,ok,True
6. Green mirid bug/green_mirid_bug_00347.jpg,6. Green mirid bug,1200,1594,258679,134.773,soft,174.82,47.659,True,ok,True
6. Green mirid bug/green_mirid_bug_00348.jpg,6. Green mirid bug,1200,1594,259055,78.098,blurry,175.447,39.973,True,ok,True
6. Green mirid bug/green_mirid_bug_00349.jpg,6. Green mirid bug,1200,1594,248479,83.932,blurry,175.723,37.049,True,ok,True
6. Green mirid bug/green_mirid_bug_00350.jpg,6. Green mirid bug,1200,1594,253324,116.379,soft,178.166,39.762,True,ok,True
6. Green mirid bug/green_mirid_bug_00351.jpg,6. Green mirid bug,1200,1594,246633,41.93,blurry,154.709,24.982,True,ok,True
6. Green mirid bug/green_mirid_bug_00352.jpg,6. Green mirid bug,1200,1594,257276,54.184,blurry,171.814,28.534,True,ok,True
6. Green mirid bug/green_mirid_bug_00353.jpg,6. Green mirid bug,1200,1594,252359,40.699,blurry,152.408,23.427,True,ok,True
6. Green mirid bug/green_mirid_bug_00354.jpg,6. Green mirid bug,1200,1594,322600,176.325,soft,192.278,61.19,True,ok,True
6. Green mirid bug/green_mirid_bug_00355.jpg,6. Green mirid bug,1200,1594,290893,146.39,soft,172.525,50.429,True,ok,True
6. Green mirid bug/green_mirid_bug_00356.jpg,6. Green mirid bug,1200,1594,280556,141.589,soft,189.475,57.487,True,ok,True
6. Green mirid bug/green_mirid_bug_00357.jpg,6. Green mirid bug,1200,1594,276432,102.651,soft,170.774,44.873,True,ok,True
6. Green mirid bug/green_mirid_bug_00358.jpg,6. Green mirid bug,1200,1594,287006,161.529,soft,189.246,59.252,True,ok,True
6. Green mirid bug/green_mirid_bug_00359.jpg,6. Green mirid bug,1200,1594,284523,187.62,soft,193.102,50.99,True,ok,True
6. Green mirid bug/green_mirid_bug_00360.jpg,6. Green mirid bug,1200,1594,264699,52.507,blurry,177.051,33.463,True,ok,True
6. Green mirid bug/green_mirid_bug_00361.jpg,6. Green mirid bug,1200,1594,237928,40.396,blurry,174.584,27.367,True,ok,True
6. Green mirid bug/green_mirid_bug_00362.jpg,6. Green mirid bug,1200,1594,236344,61.875,blurry,178.579,37.41,True,ok,True
6. Green mirid bug/green_mirid_bug_00363.jpg,6. Green mirid bug,1200,1594,277048,62.757,blurry,176.359,32.633,True,ok,True
6. Green mirid bug/green_mirid_bug_00364.jpg,6. Green mirid bug,1200,1594,237393,87.497,blurry,176.84,40.025,True,ok,True
6. Green mirid bug/green_mirid_bug_00365.jpg,6. Green mirid bug,1200,1594,258270,59.812,blurry,178.607,31.179,True,ok,True
6. Green mirid bug/green_mirid_bug_00366.jpg,6. Green mirid bug,1200,1594,272967,74.617,blurry,171.757,42.966,True,ok,True
6. Green mirid bug/green_mirid_bug_00367.jpg,6. Green mirid bug,1200,1594,265590,64.273,blurry,180.237,35.994,True,ok,True
6. Green mirid bug/green_mirid_bug_00368.jpg,6. Green mirid bug,1200,1594,238381,64.572,blurry,177.813,39.078,True,ok,True
6. Green mirid bug/green_mirid_bug_00369.jpg,6. Green mirid bug,1200,1594,256587,60.475,blurry,181.198,31.23,True,ok,True
6. Green mirid bug/green_mirid_bug_00370.jpg,6. Green mirid bug,1200,1594,258991,74.216,blurry,178.593,37.286,True,ok,True
6. Green mirid bug/green_mirid_bug_00371.jpg,6. Green mirid bug,1200,1594,265105,63.13,blurry,179.103,33.934,True,ok,True
6. Green mirid bug/green_mirid_bug_00372.jpg,6. Green mirid bug,1200,1594,325831,31.371,blurry,165.462,22.183,True,ok,True
6. Green mirid bug/green_mirid_bug_00373.jpg,6. Green mirid bug,1200,1594,266977,23.74,blurry,148.928,18.601,True,ok,True
6. Green mirid bug/green_mirid_bug_00374.jpg,6. Green mirid bug,1200,1594,268339,85.583,blurry,176.781,37.046,True,ok,True
6. Green mirid bug/green_mirid_bug_00375.jpg,6. Green mirid bug,1200,1594,250401,71.428,blurry,180.264,33.562,True,ok,True
6. Green mirid bug/green_mirid_bug_00376.jpg,6. Green mirid bug,1200,1594,270021,60.368,blurry,176.707,35.363,True,ok,True
6. Green mirid bug/green_mirid_bug_00377.jpg,6. Green mirid bug,1200,1594,249590,44.412,blurry,174.475,28.769,True,ok,True
6. Green mirid bug/green_mirid_bug_00378.jpg,6. Green mirid bug,1200,1594,242427,54.094,blurry,177.904,39.34,True,ok,True
6. Green mirid bug/green_mirid_bug_00379.jpg,6. Green mirid bug,1200,1594,249702,42.551,blurry,172.048,30.168,True,ok,True
6. Green mirid bug/green_mirid_bug_00380.jpg,6. Green mirid bug,1200,1594,253837,41.731,blurry,160.779,28.526,True,ok,True
6. Green mirid bug/green_mirid_bug_00381.jpg,6. Green mirid bug,1200,1594,270140,34.698,blurry,151.137,21.775,True,ok,True
6. Green mirid bug/green_mirid_bug_00382.jpg,6. Green mirid bug,1200,1594,243551,54.558,blurry,181.12,35.265,True,ok,True
6. Green mirid bug/green_mirid_bug_00383.jpg,6. Green mirid bug,1200,1594,255549,49.321,blurry,173.288,29.21,True,ok,True
6. Green mirid bug/green_mirid_bug_00384.jpg,6. Green mirid bug,1200,1594,268228,81.952,blurry,171.166,46.787,True,ok,True
6. Green mirid bug/green_mirid_bug_00385.jpg,6. Green mirid bug,1200,1594,284832,72.483,blurry,172.178,38.801,True,ok,True
6. Green mirid bug/green_mirid_bug_00386.jpg,6. Green mirid bug,1200,1594,297657,74.083,blurry,169.367,38.786,True,ok,True
6. Green mirid bug/green_mirid_bug_00387.jpg,6. Green mirid bug,1200,1594,256552,50.518,blurry,177.086,31.897,True,ok,True
6. Green mirid bug/green_mirid_bug_00388.jpg,6. Green mirid bug,1200,1594,270443,43.559,blurry,174.378,27.869,True,ok,True
6. Green mirid bug/green_mirid_bug_00389.jpg,6. Green mirid bug,1200,1594,287024,45.446,blurry,174.207,27.931,True,ok,True
6. Green mirid bug/green_mirid_bug_00390.jpg,6. Green mirid bug,1200,1594,293154,39.943,blurry,161.14,29.135,True,ok,True
6. Green mirid bug/green_mirid_bug_00391.jpg,6. Green mirid bug,1200,1594,224382,37.527,blurry,174.904,26.952,True,ok,True
6. Green mirid bug/green_mirid_bug_00392.jpg,6. Green mirid bug,1200,1594,319477,35.878,blurry,170.567,25.298,True,ok,True
6. Green mirid bug/green_mirid_bug_00393.jpg,6. Green mirid bug,1200,1594,223381,78.349,blurry,172.929,49.47,True,ok,True
6. Green mirid bug/green_mirid_bug_00394.jpg,6. Green mirid bug,1200,1594,247937,93.209,blurry,178.97,41.632,True,ok,True
6. Green mirid bug/green_mirid_bug_00395.jpg,6. Green mirid bug,1200,1594,207832,86.426,blurry,183.023,37.859,True,ok,True
6. Green mirid bug/green_mirid_bug_00396.jpg,6. Green mirid bug,1200,1594,260105,59.083,blurry,172.932,43.836,True,ok,True
6. Green mirid bug/green_mirid_bug_00397.jpg,6. Green mirid bug,1200,1594,238414,54.487,blurry,179.258,35.624,True,ok,True
6. Green mirid bug/green_mirid_bug_00398.jpg,6. Green mirid bug,1200,1594,232464,53.14,blurry,180.222,38.642,True,ok,True
6. Green mirid bug/green_mirid_bug_00399.jpg,6. Green mirid bug,1200,1594,246935,57.307,blurry,180.124,36.271,True,ok,True
6. Green mirid bug/green_mirid_bug_00400.jpg,6. Green mirid bug,1200,1594,278181,32.131,blurry,149.437,18.906,True,ok,True
6. Green mirid bug/green_mirid_bug_00401.jpg,6. Green mirid bug,1200,1594,247431,40.979,blurry,172.593,26.651,True,ok,True
6. Green mirid bug/green_mirid_bug_00402.jpg,6. Green mirid bug,1200,1594,267251,35.86,blurry,154.318,21.579,True,ok,True
6. Green mirid bug/green_mirid_bug_00403.jpg,6. Green mirid bug,1200,1594,256330,84.935,blurry,181.866,37.547,True,ok,True
6. Green mirid bug/green_mirid_bug_00404.jpg,6. Green mirid bug,1200,1594,305843,88.053,blurry,163.969,31.191,True,ok,True
6. Green mirid bug/green_mirid_bug_00405.jpg,6. Green mirid bug,1200,1594,257709,69.674,blurry,177.386,34.383,True,ok,True
6. Green mirid bug/green_mirid_bug_00406.jpg,6. Green mirid bug,1200,1594,263822,47.651,blurry,157.889,26.45,True,ok,True
6. Green mirid bug/green_mirid_bug_00407.jpg,6. Green mirid bug,1200,1594,268390,38.01,blurry,150.846,27.055,True,ok,True
6. Green mirid bug/green_mirid_bug_00408.jpg,6. Green mirid bug,1200,1594,255764,32.851,blurry,173.433,22.482,True,ok,True
6. Green mirid bug/green_mirid_bug_00409.jpg,6. Green mirid bug,1200,1594,287552,59.093,blurry,164.362,33.81,True,ok,True
6. Green mirid bug/green_mirid_bug_00410.jpg,6. Green mirid bug,1200,1594,254969,51.392,blurry,155.606,24.071,True,ok,True
6. Green mirid bug/green_mirid_bug_00411.jpg,6. Green mirid bug,1200,1594,272545,50.446,blurry,176.364,30.538,True,ok,True
6. Green mirid bug/green_mirid_bug_00412.jpg,6. Green mirid bug,1200,1594,260395,27.541,blurry,153.576,22.02,True,ok,True
6. Green mirid bug/green_mirid_bug_00413.jpg,6. Green mirid bug,1200,1594,236087,82.066,blurry,179.128,48.582,True,ok,True
6. Green mirid bug/green_mirid_bug_00414.jpg,6. Green mirid bug,1200,1594,253586,56.698,blurry,176.971,38.06,True,ok,True
6. Green mirid bug/green_mirid_bug_00415.jpg,6. Green mirid bug,1200,1594,286716,98.865,blurry,162.4,44.943,True,ok,True
6. Green mirid bug/green_mirid_bug_00416.jpg,6. Green mirid bug,1200,1594,283965,84.6,blurry,170.953,35.469,True,ok,True
6. Green mirid bug/green_mirid_bug_00417.jpg,6. Green mirid bug,1200,1594,274109,28.649,blurry,139.698,17.755,True,ok,True
6. Green mirid bug/green_mirid_bug_00418.jpg,6. Green mirid bug,1200,1594,285461,29.615,blurry,137.089,17.849,True,ok,True
6. Green mirid bug/green_mirid_bug_00419.jpg,6. Green mirid bug,1200,1594,281638,71.873,blurry,174.795,36.191,True,ok,True
6. Green mirid bug/green_mirid_bug_00420.jpg,6. Green mirid bug,1200,1594,279994,53.402,blurry,157.992,28.189,True,ok,True
6. Green mirid bug/green_mirid_bug_00421.jpg,6. Green mirid bug,1200,1594,272204,78.175,blurry,176.498,33.655,True,ok,True
6. Green mirid bug/green_mirid_bug_00422.jpg,6. Green mirid bug,1200,1594,261941,46.457,blurry,154.874,25.542,True,ok,True
6. Green mirid bug/green_mirid_bug_00423.jpg,6. Green mirid bug,1200,1594,263024,55.908,blurry,154.873,26.608,True,ok,True
6. Green mirid bug/green_mirid_bug_00424.jpg,6. Green mirid bug,1200,1594,230248,46.978,blurry,174.058,23.81,True,ok,True
6. Green mirid bug/green_mirid_bug_00425.jpg,6. Green mirid bug,1200,1594,257492,74.228,blurry,178.44,34.656,True,ok,True
6. Green mirid bug/green_mirid_bug_00426.jpg,6. Green mirid bug,1200,1594,279356,57.259,blurry,156.993,28.376,True,ok,True
6. Green mirid bug/green_mirid_bug_00427.jpg,6. Green mirid bug,1200,1594,279275,44.345,blurry,157.522,24.977,True,ok,True
6. Green mirid bug/green_mirid_bug_00428.jpg,6. Green mirid bug,1200,1594,265267,33.884,blurry,153.489,21.038,True,ok,True
6. Green mirid bug/green_mirid_bug_00429.jpg,6. Green mirid bug,1200,1594,275833,35.239,blurry,150.329,22.335,True,ok,True
6. Green mirid bug/green_mirid_bug_00430.jpg,6. Green mirid bug,1200,1594,288821,31.639,blurry,144.513,18.863,True,ok,True
6. Green mirid bug/green_mirid_bug_00431.jpg,6. Green mirid bug,1200,1594,210871,93.801,blurry,179.8,49.733,True,ok,True
6. Green mirid bug/green_mirid_bug_00432.jpg,6. Green mirid bug,1200,904,157206,120.593,soft,177.331,46.441,True,ok,True
6. Green mirid bug/green_mirid_bug_00433.jpg,6. Green mirid bug,1200,1594,266199,76.327,blurry,169.52,36.691,True,ok,True
6. Green mirid bug/green_mirid_bug_00434.jpg,6. Green mirid bug,1200,1594,249098,87.575,blurry,180.726,36.265,True,ok,True
6. Green mirid bug/green_mirid_bug_00435.jpg,6. Green mirid bug,1200,1594,305480,55.573,blurry,156.684,31.13,True,ok,True
6. Green mirid bug/green_mirid_bug_00436.jpg,6. Green mirid bug,1200,1594,253014,32.587,blurry,138.764,23.324,True,ok,True
6. Green mirid bug/green_mirid_bug_00437.jpg,6. Green mirid bug,1200,1594,253171,21.116,blurry,136.283,24.783,True,ok,True
6. Green mirid bug/green_mirid_bug_00438.jpg,6. Green mirid bug,1200,1594,253891,44.192,blurry,176.089,19.816,True,ok,True
6. Green mirid bug/green_mirid_bug_00439.jpg,6. Green mirid bug,1200,1594,261874,59.18,blurry,179.697,37.879,True,ok,True
6. Green mirid bug/green_mirid_bug_00440.jpg,6. Green mirid bug,1200,1594,273741,40.941,blurry,151.487,21.622,True,ok,True
6. Green mirid bug/green_mirid_bug_00441.jpg,6. Green mirid bug,1200,1594,280829,36.74,blurry,149.756,21.503,True,ok,True
6. Green mirid bug/green_mirid_bug_00442.jpg,6. Green mirid bug,1200,1594,261727,44.47,blurry,158.059,26.706,True,ok,True
6. Green mirid bug/green_mirid_bug_00443.jpg,6. Green mirid bug,1200,1594,225213,37.319,blurry,177.859,23.333,True,ok,True
6. Green mirid bug/green_mirid_bug_00444.jpg,6. Green mirid bug,1200,1594,273394,94.961,blurry,177.554,38.175,True,ok,True
6. Green mirid bug/green_mirid_bug_00445.jpg,6. Green mirid bug,1200,1594,324642,79.764,blurry,162.044,30.948,True,ok,True
6. Green mirid bug/green_mirid_bug_00446.jpg,6. Green mirid bug,1200,1594,250064,66.174,blurry,176.6,31.443,True,ok,True
6. Green mirid bug/green_mirid_bug_00447.jpg,6. Green mirid bug,1200,1594,262813,47.159,blurry,156.266,24.72,True,ok,True
6. Green mirid bug/green_mirid_bug_00448.jpg,6. Green mirid bug,1200,1594,264443,33.97,blurry,175.957,17.978,True,ok,True
6. Green mirid bug/green_mirid_bug_00449.jpg,6. Green mirid bug,1200,1594,290705,26.585,blurry,138.7,15.861,True,ok,True
6. Green mirid bug/green_mirid_bug_00450.jpg,6. Green mirid bug,1200,1594,253368,45.774,blurry,173.734,28.724,True,ok,True
6. Green mirid bug/green_mirid_bug_00451.jpg,6. Green mirid bug,1200,1594,257450,34.912,blurry,155.145,20.821,True,ok,True
6. Green mirid bug/green_mirid_bug_00452.jpg,6. Green mirid bug,1200,1594,264715,36.943,blurry,156.52,23.164,True,ok,True
6. Green mirid bug/green_mirid_bug_00453.jpg,6. Green mirid bug,1200,1594,256426,50.385,blurry,157.898,26.688,True,ok,True
6. Green mirid bug/green_mirid_bug_00454.jpg,6. Green mirid bug,1200,1594,328189,51.007,blurry,167.646,22.775,True,ok,True
6. Green mirid bug/green_mirid_bug_00455.jpg,6. Green mirid bug,1200,1594,289177,36.733,blurry,148.723,20.539,True,ok,True
6. Green mirid bug/green_mirid_bug_00456.jpg,6. Green mirid bug,1200,1594,269613,29.998,blurry,151.517,17.147,True,ok,True
6. Green mirid bug/green_mirid_bug_00457.jpg,6. Green mirid bug,1200,1594,269550,40.841,blurry,154.226,22.198,True,ok,True
6. Green mirid bug/green_mirid_bug_00458.jpg,6. Green mirid bug,1200,1594,273759,26.815,blurry,150.697,17.088,True,ok,True
6. Green mirid bug/green_mirid_bug_00459.jpg,6. Green mirid bug,1200,1594,278979,46.769,blurry,168.504,26.389,True,ok,True
6. Green mirid bug/green_mirid_bug_00460.jpg,6. Green mirid bug,1200,1594,266567,34.397,blurry,153.378,20.8,True,ok,True
6. Green mirid bug/green_mirid_bug_00461.jpg,6. Green mirid bug,1200,1594,225575,28.334,blurry,161.932,18.681,True,ok,True
6. Green mirid bug/green_mirid_bug_00462.jpg,6. Green mirid bug,1200,1594,295553,24.765,blurry,145.084,14.928,True,ok,True
6. Green mirid bug/green_mirid_bug_00463.jpg,6. Green mirid bug,1200,1594,268020,39.701,blurry,157.285,22.818,True,ok,True
6. Green mirid bug/green_mirid_bug_00464.jpg,6. Green mirid bug,1200,1594,243478,40.598,blurry,164.665,20.017,True,ok,True
6. Green mirid bug/green_mirid_bug_00465.jpg,6. Green mirid bug,1200,1600,279595,111.757,soft,150.549,64.424,True,ok,True
6. Green mirid bug/green_mirid_bug_00466.jpg,6. Green mirid bug,1200,1600,310120,130.028,soft,159.244,61.557,True,ok,True
6. Green mirid bug/green_mirid_bug_00467.jpg,6. Green mirid bug,1200,1600,280359,100.027,soft,160.885,53.168,True,ok,True
6. Green mirid bug/green_mirid_bug_00468.jpg,6. Green mirid bug,1200,1600,255289,77.056,blurry,185.942,35.931,True,ok,True
6. Green mirid bug/green_mirid_bug_00469.jpg,6. Green mirid bug,1200,1600,266719,74.443,blurry,186.795,35.261,True,ok,True
6. Green mirid bug/green_mirid_bug_00470.jpg,6. Green mirid bug,1200,900,157073,106.831,soft,187.255,34.435,True,ok,True
6. Green mirid bug/green_mirid_bug_00471.jpg,6. Green mirid bug,1200,900,112696,75.509,blurry,180.155,30.464,True,ok,True
6. Green mirid bug/green_mirid_bug_00472.jpg,6. Green mirid bug,1200,900,124506,75.993,blurry,180.129,30.337,True,ok,True
6. Green mirid bug/green_mirid_bug_00473.jpg,6. Green mirid bug,1200,900,110802,76.795,blurry,182.296,30.638,True,ok,True
6. Green mirid bug/green_mirid_bug_00474.jpg,6. Green mirid bug,1200,1594,266616,178.78,soft,152.072,66.535,True,ok,True
6. Green mirid bug/green_mirid_bug_00475.jpg,6. Green mirid bug,1200,1594,254002,173.518,soft,154.793,66.88,True,ok,True
6. Green mirid bug/green_mirid_bug_00476.jpg,6. Green mirid bug,1200,1594,244697,183.867,soft,179.684,55.714,True,ok,True
6. Green mirid bug/green_mirid_bug_00477.jpg,6. Green mirid bug,1200,1600,269739,126.515,soft,179.844,42.394,True,ok,True
6. Green mirid bug/green_mirid_bug_00478.jpg,6. Green mirid bug,1200,1600,308777,172.47,soft,181.363,42.921,True,ok,True
6. Green mirid bug/green_mirid_bug_00479.jpg,6. Green mirid bug,1200,1600,280174,134.645,soft,178.478,40.585,True,ok,True
6. Green mirid bug/green_mirid_bug_00480.jpg,6. Green mirid bug,1200,1600,236457,133.949,soft,172.585,56.417,True,ok,True
6. Green mirid bug/green_mirid_bug_00481.jpg,6. Green mirid bug,1200,900,176849,102.661,soft,177.528,35.003,True,ok,True
6. Green mirid bug/green_mirid_bug_00482.jpg,6. Green mirid bug,1200,900,168432,112.181,soft,175.257,40.441,True,ok,True
6. Green mirid bug/green_mirid_bug_00483.jpg,6. Green mirid bug,1200,1600,268424,123.909,soft,171.512,59.957,True,ok,True
6. Green mirid bug/green_mirid_bug_00484.jpg,6. Green mirid bug,1200,1600,314962,111.504,soft,169.576,39.244,True,ok,True
6. Green mirid bug/green_mirid_bug_00485.jpg,6. Green mirid bug,1200,1600,261635,125.339,soft,170.581,60.886,True,ok,True
6. Green mirid bug/green_mirid_bug_00486.jpg,6. Green mirid bug,1200,1600,307086,98.484,blurry,186.11,38.864,True,ok,True
6. Green mirid bug/green_mirid_bug_00487.jpg,6. Green mirid bug,1200,1600,298793,104.636,soft,188.357,40.618,True,ok,True
6. Green mirid bug/green_mirid_bug_00488.jpg,6. Green mirid bug,1200,1600,329218,104.082,soft,188.978,40.285,True,ok,True
6. Green mirid bug/green_mirid_bug_00489.jpg,6. Green mirid bug,1200,904,116902,91.161,blurry,186.184,30.075,True,ok,True
6. Green mirid bug/green_mirid_bug_00490.jpg,6. Green mirid bug,1200,1600,302349,117.39,soft,199.192,40.552,True,ok,True
6. Green mirid bug/green_mirid_bug_00491.jpg,6. Green mirid bug,1200,1600,327301,151.165,soft,190.552,46.617,True,ok,True
6. Green mirid bug/green_mirid_bug_00492.jpg,6. Green mirid bug,1200,900,208042,157.133,soft,196.767,39.536,True,ok,True
6. Green mirid bug/green_mirid_bug_00493.jpg,6. Green mirid bug,1200,900,205941,194.806,soft,192.401,45.536,True,ok,True
6. Green mirid bug/green_mirid_bug_00494.jpg,6. Green mirid bug,1200,904,127423,114.844,soft,166.245,39.579,True,ok,True
6. Green mirid bug/green_mirid_bug_00495.jpg,6. Green mirid bug,1200,904,124113,103.295,soft,171.699,35.809,True,ok,True
6. Green mirid bug/green_mirid_bug_00496.jpg,6. Green mirid bug,1200,904,116577,112.82,soft,170.966,34.187,True,ok,True
6. Green mirid bug/green_mirid_bug_00497.jpg,6. Green mirid bug,1200,1600,267629,100.46,soft,175.127,41.349,True,ok,True
6. Green mirid bug/green_mirid_bug_00498.jpg,6. Green mirid bug,1200,1600,252758,60.844,blurry,182.102,34.897,True,ok,True
6. Green mirid bug/green_mirid_bug_00499.jpg,6. Green mirid bug,1200,1600,337087,155.534,soft,191.956,44.421,True,ok,True
6. Green mirid bug/green_mirid_bug_00500.jpg,6. Green mirid bug,1200,1600,318013,155.214,soft,192.108,43.765,True,ok,True
6. Green mirid bug/green_mirid_bug_00501.jpg,6. Green mirid bug,1200,1600,317172,233.212,soft,193.707,45.96,True,ok,True
6. Green mirid bug/green_mirid_bug_00502.jpg,6. Green mirid bug,1200,1600,322229,225.253,soft,192.777,46.866,True,ok,True
6. Green mirid bug/green_mirid_bug_00503.jpg,6. Green mirid bug,1200,1600,336118,127.742,soft,195.445,36.362,True,ok,True
6. Green mirid bug/green_mirid_bug_00504.jpg,6. Green mirid bug,1200,1600,318924,107.931,soft,199.785,30.587,True,ok,True
6. Green mirid bug/green_mirid_bug_00505.jpg,6. Green mirid bug,1200,1600,288009,103.118,soft,199.745,32.042,True,ok,True
6. Green mirid bug/green_mirid_bug_00506.jpg,6. Green mirid bug,1200,1600,210331,107.535,soft,197.035,37.251,True,ok,True
6. Green mirid bug/green_mirid_bug_00507.jpg,6. Green mirid bug,1200,1600,297370,98.575,blurry,199.538,32.846,True,ok,True
6. Green mirid bug/green_mirid_bug_00508.jpg,6. Green mirid bug,1200,1600,298205,113.456,soft,200.977,31.021,True,ok,True
6. Green mirid bug/green_mirid_bug_00509.jpg,6. Green mirid bug,1200,904,123149,88.623,blurry,184.819,37.542,True,ok,True
6. Green mirid bug/green_mirid_bug_00510.jpg,6. Green mirid bug,1200,904,98888,116.334,soft,184.455,44.479,True,ok,True
6. Green mirid bug/green_mirid_bug_00511.jpg,6. Green mirid bug,1200,904,117928,131.375,soft,178.001,46.126,True,ok,True
6. Green mirid bug/green_mirid_bug_00512.jpg,6. Green mirid bug,1200,904,119066,90.832,blurry,189.306,36.241,True,ok,True
6. Green mirid bug/green_mirid_bug_00513.jpg,6. Green mirid bug,1200,1600,312269,145.78,soft,199.642,33.371,True,ok,True
6. Green mirid bug/green_mirid_bug_00514.jpg,6. Green mirid bug,1200,904,99400,79.025,blurry,174.007,28.242,True,ok,True
6. Green mirid bug/green_mirid_bug_00515.jpg,6. Green mirid bug,1200,904,121912,86.706,blurry,158.685,41.302,True,ok,True
6. Green mirid bug/green_mirid_bug_00516.jpg,6. Green mirid bug,1200,904,123956,86.467,blurry,160.908,39.747,True,ok,True
6. Green mirid bug/green_mirid_bug_00517.jpg,6. Green mirid bug,1200,904,103772,81.523,blurry,190.449,32.736,True,ok,True
6. Green mirid bug/green_mirid_bug_00518.jpg,6. Green mirid bug,1200,904,110458,119.485,soft,178.504,42.134,True,ok,True
6. Green mirid bug/green_mirid_bug_00519.jpg,6. Green mirid bug,1200,904,101079,115.685,soft,179.89,41.146,True,ok,True
6. Green mirid bug/green_mirid_bug_00520.jpg,6. Green mirid bug,1200,904,106805,127.309,soft,184.368,41.867,True,ok,True
6. Green mirid bug/green_mirid_bug_00521.jpg,6. Green mirid bug,1200,1600,298541,135.878,soft,194.768,46.076,True,ok,True
6. Green mirid bug/green_mirid_bug_00522.jpg,6. Green mirid bug,1200,1600,313977,139.421,soft,195.795,45.878,True,ok,True
6. Green mirid bug/green_mirid_bug_00523.jpg,6. Green mirid bug,1200,1600,314406,146.923,soft,192.184,47.54,True,ok,True
6. Green mirid bug/green_mirid_bug_00524.jpg,6. Green mirid bug,1200,1600,315634,94.146,blurry,196.322,41.224,True,ok,True
6. Green mirid bug/green_mirid_bug_00525.jpg,6. Green mirid bug,1200,1600,293412,110.931,soft,196.288,39.762,True,ok,True
6. Green mirid bug/green_mirid_bug_00526.jpg,6. Green mirid bug,1200,1600,240313,41.867,blurry,167.007,28.665,True,ok,True
6. Green mirid bug/green_mirid_bug_00527.jpg,6. Green mirid bug,1200,1600,246629,57.118,blurry,175.693,33.717,True,ok,True
6. Green mirid bug/green_mirid_bug_00528.jpg,6. Green mirid bug,1200,1600,236253,37.929,blurry,169.596,23.453,True,ok,True
6. Green mirid bug/green_mirid_bug_00529.jpg,6. Green mirid bug,1200,904,133490,151.75,soft,182.335,50.756,True,ok,True
6. Green mirid bug/green_mirid_bug_00530.jpg,6. Green mirid bug,1200,904,124868,147.737,soft,182.076,49.57,True,ok,True
6. Green mirid bug/green_mirid_bug_00531.jpg,6. Green mirid bug,1200,904,114214,92.142,blurry,173.365,34.159,True,ok,True
6. Green mirid bug/green_mirid_bug_00532.jpg,6. Green mirid bug,1200,904,153096,112.22,soft,196.482,35.294,True,ok,True
6. Green mirid bug/green_mirid_bug_00533.jpg,6. Green mirid bug,1200,904,95723,66.086,blurry,172.278,29.862,True,ok,True
6. Green mirid bug/green_mirid_bug_00534.jpg,6. Green mirid bug,1200,904,102506,82.938,blurry,184.055,32.447,True,ok,True
6. Green mirid bug/green_mirid_bug_00535.jpg,6. Green mirid bug,1200,904,115737,66.262,blurry,181.048,42.405,True,ok,True
6. Green mirid bug/green_mirid_bug_00536.jpg,6. Green mirid bug,1200,904,130255,97.152,blurry,172.614,44.706,True,ok,True
6. Green mirid bug/green_mirid_bug_00537.jpg,6. Green mirid bug,1200,904,106326,51.042,blurry,179.737,34.521,True,ok,True
6. Green mirid bug/green_mirid_bug_00538.jpg,6. Green mirid bug,1200,904,106378,64.092,blurry,177.653,42.134,True,ok,True
6. Green mirid bug/green_mirid_bug_00539.jpg,6. Green mirid bug,1200,904,105920,61.198,blurry,180.354,30.888,True,ok,True
6. Green mirid bug/green_mirid_bug_00540.jpg,6. Green mirid bug,1200,904,116224,64.97,blurry,183.449,29.704,True,ok,True
6. Green mirid bug/green_mirid_bug_00541.jpg,6. Green mirid bug,1200,1600,256080,83.511,blurry,177.088,42.795,True,ok,True
6. Green mirid bug/green_mirid_bug_00542.jpg,6. Green mirid bug,1200,900,141989,87.644,blurry,176.766,45.26,True,ok,True
6. Green mirid bug/green_mirid_bug_00543.jpg,6. Green mirid bug,1200,904,106553,72.958,blurry,189.169,32.677,True,ok,True
6. Green mirid bug/green_mirid_bug_00544.jpg,6. Green mirid bug,1200,1600,253544,93.314,blurry,175.883,37.888,True,ok,True
6. Green mirid bug/green_mirid_bug_00545.jpg,6. Green mirid bug,1200,904,109304,70.325,blurry,188.034,28.983,True,ok,True
6. Green mirid bug/green_mirid_bug_00546.jpg,6. Green mirid bug,1200,1600,271293,98.228,blurry,174.816,37.921,True,ok,True
6. Green mirid bug/green_mirid_bug_00547.jpg,6. Green mirid bug,1200,1600,261094,111.241,soft,195.506,49.71,True,ok,True
6. Green mirid bug/green_mirid_bug_00548.jpg,6. Green mirid bug,1200,1600,273312,141.252,soft,192.315,52.31,True,ok,True
6. Green mirid bug/green_mirid_bug_00549.jpg,6. Green mirid bug,1200,1600,292214,125.275,soft,192.574,40.162,True,ok,True
6. Green mirid bug/green_mirid_bug_00550.jpg,6. Green mirid bug,1200,1600,319925,109.463,soft,196.126,36.517,True,ok,True
6. Green mirid bug/green_mirid_bug_00551.jpg,6. Green mirid bug,1200,1600,322065,105.385,soft,193.334,40.356,True,ok,True
6. Green mirid bug/green_mirid_bug_00552.jpg,6. Green mirid bug,1200,904,104593,71.526,blurry,168.918,30.79,True,ok,True
6. Green mirid bug/green_mirid_bug_00553.jpg,6. Green mirid bug,1200,904,114655,102.098,soft,182.365,34.469,True,ok,True
6. Green mirid bug/green_mirid_bug_00554.jpg,6. Green mirid bug,1200,904,106274,82.832,blurry,185.607,27.052,True,ok,True
6. Green mirid bug/green_mirid_bug_00555.jpg,6. Green mirid bug,1200,904,104793,77.606,blurry,174.984,26.659,True,ok,True
6. Green mirid bug/green_mirid_bug_00556.jpg,6. Green mirid bug,1200,904,98374,79.542,blurry,175.827,27.664,True,ok,True
6. Green mirid bug/green_mirid_bug_00557.jpg,6. Green mirid bug,1200,904,106151,51.823,blurry,185.202,23.072,True,ok,True
6. Green mirid bug/green_mirid_bug_00558.jpg,6. Green mirid bug,1200,904,114211,48.346,blurry,185.408,28.537,True,ok,True
6. Green mirid bug/green_mirid_bug_00559.jpg,6. Green mirid bug,1200,1600,402041,209.231,soft,179.179,49.027,True,ok,True
6. Green mirid bug/green_mirid_bug_00560.jpg,6. Green mirid bug,1200,1600,392384,185.103,soft,186.844,45.772,True,ok,True
6. Green mirid bug/green_mirid_bug_00561.jpg,6. Green mirid bug,1200,904,181778,234.714,soft,179.51,42.225,True,ok,True
6. Green mirid bug/green_mirid_bug_00562.jpg,6. Green mirid bug,1200,904,163967,203.789,soft,174.04,55.106,True,ok,True
6. Green mirid bug/green_mirid_bug_00563.jpg,6. Green mirid bug,1200,904,133249,189.155,soft,180.589,45.736,True,ok,True
6. Green mirid bug/green_mirid_bug_00564.jpg,6. Green mirid bug,1200,904,139962,188.264,soft,181.031,45.544,True,ok,True
6. Green mirid bug/green_mirid_bug_00565.jpg,6. Green mirid bug,1200,904,180670,185.137,soft,177.217,59.68,True,ok,True
6. Green mirid bug/green_mirid_bug_00566.jpg,6. Green mirid bug,1200,904,163639,107.858,soft,186.204,46.271,True,ok,True
6. Green mirid bug/green_mirid_bug_00567.jpg,6. Green mirid bug,1200,904,163635,106.767,soft,187.517,45.57,True,ok,True
6. Green mirid bug/green_mirid_bug_00568.jpg,6. Green mirid bug,1200,904,158427,111.332,soft,186.814,40.469,True,ok,True
6. Green mirid bug/green_mirid_bug_00569.jpg,6. Green mirid bug,1200,904,121088,91.463,blurry,185.932,25.586,True,ok,True
6. Green mirid bug/green_mirid_bug_00570.jpg,6. Green mirid bug,1200,904,102623,92.651,blurry,185.956,26.468,True,ok,True
6. Green mirid bug/green_mirid_bug_00571.jpg,6. Green mirid bug,1200,904,109421,93.701,blurry,185.635,30.456,True,ok,True
6. Green mirid bug/green_mirid_bug_00572.jpg,6. Green mirid bug,1200,1600,303084,112.568,soft,171.059,45.851,True,ok,True
6. Green mirid bug/green_mirid_bug_00573.jpg,6. Green mirid bug,1200,1600,307637,124.199,soft,179.137,48.484,True,ok,True
6. Green mirid bug/green_mirid_bug_00574.jpg,6. Green mirid bug,1200,904,147586,116.906,soft,190.526,44.555,True,ok,True
6. Green mirid bug/green_mirid_bug_00575.jpg,6. Green mirid bug,1200,904,98691,148.653,soft,213.788,47.608,True,ok,True
6. Green mirid bug/green_mirid_bug_00576.jpg,6. Green mirid bug,1200,1600,346606,99.133,blurry,187.781,52.28,True,ok,True
6. Green mirid bug/green_mirid_bug_00577.jpg,6. Green mirid bug,1200,904,125882,108.769,soft,174.836,30.186,True,ok,True
6. Green mirid bug/green_mirid_bug_00578.jpg,6. Green mirid bug,1200,1600,346981,108.652,soft,189.593,42.975,True,ok,True
6. Green mirid bug/green_mirid_bug_00579.jpg,6. Green mirid bug,1200,1600,330618,111.579,soft,188.533,45.331,True,ok,True
6. Green mirid bug/green_mirid_bug_00580.jpg,6. Green mirid bug,1200,904,150869,80.25,blurry,193.115,31.424,True,ok,True
6. Green mirid bug/green_mirid_bug_00581.jpg,6. Green mirid bug,1200,904,154141,79.601,blurry,194.068,30.903,True,ok,True
6. Green mirid bug/green_mirid_bug_00582.jpg,6. Green mirid bug,1200,904,147654,75.211,blurry,196.148,25.128,True,ok,True
6. Green mirid bug/green_mirid_bug_00583.jpg,6. Green mirid bug,1200,1600,282151,230.356,soft,182.843,49.55,True,ok,True
6. Green mirid bug/green_mirid_bug_00584.jpg,6. Green mirid bug,1200,1600,275365,120.203,soft,195.467,39.337,True,ok,True
6. Green mirid bug/green_mirid_bug_00585.jpg,6. Green mirid bug,1200,1600,306629,140.526,soft,197.037,39.287,True,ok,True
6. Green mirid bug/green_mirid_bug_00586.jpg,6. Green mirid bug,1200,1600,258647,140.23,soft,199.382,40.461,True,ok,True
6. Green mirid bug/green_mirid_bug_00587.jpg,6. Green mirid bug,1200,1600,311590,115.275,soft,196.399,43.632,True,ok,True
6. Green mirid bug/green_mirid_bug_00588.jpg,6. Green mirid bug,1200,1600,337090,111.324,soft,194.694,39.083,True,ok,True
6. Green mirid bug/green_mirid_bug_00589.jpg,6. Green mirid bug,1200,904,133843,216.747,soft,207.37,52.816,True,ok,True
6. Green mirid bug/green_mirid_bug_00590.jpg,6. Green mirid bug,1200,904,136446,235.459,soft,205.355,43.321,True,ok,True
6. Green mirid bug/green_mirid_bug_00591.jpg,6. Green mirid bug,1200,904,129896,225.114,soft,207.477,45.701,True,ok,True
6. Green mirid bug/green_mirid_bug_00592.jpg,6. Green mirid bug,1200,904,125692,178.734,soft,202.655,47.287,True,ok,True
6. Green mirid bug/green_mirid_bug_00593.jpg,6. Green mirid bug,1200,1600,265809,63.968,blurry,172.343,35.296,True,ok,True
6. Green mirid bug/green_mirid_bug_00594.jpg,6. Green mirid bug,1200,900,145627,69.667,blurry,172.018,38.916,True,ok,True
6. Green mirid bug/green_mirid_bug_00595.jpg,6. Green mirid bug,1200,904,145680,153.506,soft,169.039,38.819,True,ok,True
6. Green mirid bug/green_mirid_bug_00596.jpg,6. Green mirid bug,1200,904,153261,154.249,soft,183.028,42.228,True,ok,True
6. Green mirid bug/green_mirid_bug_00597.jpg,6. Green mirid bug,1200,904,128364,149.844,soft,182.558,47.647,True,ok,True
6. Green mirid bug/green_mirid_bug_00598.jpg,6. Green mirid bug,1200,904,142231,193.569,soft,198.097,40.879,True,ok,True
6. Green mirid bug/green_mirid_bug_00599.jpg,6. Green mirid bug,1200,904,122269,161.157,soft,211.211,35.186,True,ok,True
6. Green mirid bug/green_mirid_bug_00600.jpg,6. Green mirid bug,1200,904,129564,103.958,soft,178.561,39.401,True,ok,True
6. Green mirid bug/green_mirid_bug_00601.jpg,6. Green mirid bug,1200,904,143737,104.559,soft,183.987,35.504,True,ok,True
6. Green mirid bug/green_mirid_bug_00602.jpg,6. Green mirid bug,1200,904,139741,92.325,blurry,186.447,31.029,True,ok,True
6. Green mirid bug/green_mirid_bug_00603.jpg,6. Green mirid bug,1200,904,139770,91.949,blurry,187.307,30.929,True,ok,True
6. Green mirid bug/green_mirid_bug_00604.jpg,6. Green mirid bug,1200,904,158182,110.48,soft,182.117,37.359,True,ok,True
6. Green mirid bug/green_mirid_bug_00605.jpg,6. Green mirid bug,1200,904,190373,177.644,soft,183.941,48.206,True,ok,True
6. Green mirid bug/green_mirid_bug_00606.jpg,6. Green mirid bug,1200,1600,369015,213.413,soft,169.583,67.306,True,ok,True
6. Green mirid bug/green_mirid_bug_00607.jpg,6. Green mirid bug,1200,1600,318420,119.224,soft,188.485,51.726,True,ok,True
6. Green mirid bug/green_mirid_bug_00608.jpg,6. Green mirid bug,1200,1600,341374,204.192,soft,173.653,64.442,True,ok,True
6. Green mirid bug/green_mirid_bug_00609.jpg,6. Green mirid bug,1200,1600,322739,95.525,blurry,191.264,49.601,True,ok,True
6. Green mirid bug/green_mirid_bug_00610.jpg,6. Green mirid bug,1200,900,199145,171.498,soft,170.266,58.54,True,ok,True
6. Green mirid bug/green_mirid_bug_00611.jpg,6. Green mirid bug,1200,1600,355312,89.696,blurry,191.345,43.578,True,ok,True
6. Green mirid bug/green_mirid_bug_00612.jpg,6. Green mirid bug,1200,900,199134,173.218,soft,169.36,56.852,True,ok,True
6. Green mirid bug/green_mirid_bug_00613.jpg,6. Green mirid bug,1200,900,185902,163.275,soft,163.887,54.986,True,ok,True
6. Green mirid bug/green_mirid_bug_00614.jpg,6. Green mirid bug,1200,1600,333179,87.136,blurry,191.54,40.656,True,ok,True
6. Green mirid bug/green_mirid_bug_00615.jpg,6. Green mirid bug,1200,1600,315843,151.068,soft,175.67,50.669,True,ok,True
6. Green mirid bug/green_mirid_bug_00616.jpg,6. Green mirid bug,1200,900,198626,182.276,soft,173.422,54.887,True,ok,True
6. Green mirid bug/green_mirid_bug_00617.jpg,6. Green mirid bug,1200,1600,311346,157.345,soft,167.799,47.982,True,ok,True
6. Green mirid bug/green_mirid_bug_00618.jpg,6. Green mirid bug,1200,904,133211,110.652,soft,187.272,34.069,True,ok,True
6. Green mirid bug/green_mirid_bug_00619.jpg,6. Green mirid bug,1200,904,126761,74.865,blurry,190.552,26.066,True,ok,True
6. Green mirid bug/green_mirid_bug_00620.jpg,6. Green mirid bug,1200,904,141943,108.172,soft,190.255,32.721,True,ok,True
6. Green mirid bug/green_mirid_bug_00621.jpg,6. Green mirid bug,1200,904,114465,64.716,blurry,180.428,20.618,True,ok,True
6. Green mirid bug/green_mirid_bug_00622.jpg,6. Green mirid bug,1200,904,180713,71.256,blurry,199.351,27.339,True,ok,True
6. Green mirid bug/green_mirid_bug_00623.jpg,6. Green mirid bug,1200,904,173224,81.066,blurry,198.811,30.303,True,ok,True
6. Green mirid bug/green_mirid_bug_00624.jpg,6. Green mirid bug,1200,904,187678,81.876,blurry,195.995,27.404,True,ok,True
6. Green mirid bug/green_mirid_bug_00625.jpg,6. Green mirid bug,1200,1600,304869,134.502,soft,186.113,55.928,True,ok,True
6. Green mirid bug/green_mirid_bug_00626.jpg,6. Green mirid bug,1200,1600,314366,132.02,soft,181.543,57.059,True,ok,True
6. Green mirid bug/green_mirid_bug_00627.jpg,6. Green mirid bug,1200,1600,347366,117.95,soft,186.566,44.869,True,ok,True
6. Green mirid bug/green_mirid_bug_00628.jpg,6. Green mirid bug,1200,1600,342276,118.352,soft,185.283,47.048,True,ok,True
6. Green mirid bug/green_mirid_bug_00629.jpg,6. Green mirid bug,1200,1600,268073,64.808,blurry,195.547,38.254,True,ok,True
6. Green mirid bug/green_mirid_bug_00630.jpg,6. Green mirid bug,1200,1600,298387,73.772,blurry,196.765,37.791,True,ok,True
6. Green mirid bug/green_mirid_bug_00631.jpg,6. Green mirid bug,1200,904,136525,142.772,soft,205.055,36.503,True,ok,True
6. Green mirid bug/green_mirid_bug_00632.jpg,6. Green mirid bug,1200,904,171541,134.304,soft,189.635,34.935,True,ok,True
6. Green mirid bug/green_mirid_bug_00633.jpg,6. Green mirid bug,1200,904,120273,177.626,soft,211.876,34.369,True,ok,True
6. Green mirid bug/green_mirid_bug_00634.jpg,6. Green mirid bug,1200,904,112610,177.392,soft,215.088,38.033,True,ok,True
6. Green mirid bug/green_mirid_bug_00635.jpg,6. Green mirid bug,1200,900,151367,76.535,blurry,170.412,39.769,True,ok,True
6. Green mirid bug/green_mirid_bug_00636.jpg,6. Green mirid bug,1200,900,143510,89.019,blurry,172.577,35.977,True,ok,True
6. Green mirid bug/green_mirid_bug_00637.jpg,6. Green mirid bug,1200,1600,261568,77.319,blurry,174.63,40.971,True,ok,True
6. Green mirid bug/green_mirid_bug_00638.jpg,6. Green mirid bug,1200,900,155942,85.405,blurry,173.53,35.251,True,ok,True
6. Green mirid bug/green_mirid_bug_00639.jpg,6. Green mirid bug,1200,900,165176,100.444,soft,171.962,39.015,True,ok,True
6. Green mirid bug/green_mirid_bug_00640.jpg,6. Green mirid bug,1200,900,166416,108.643,soft,172.491,43.833,True,ok,True
6. Green mirid bug/green_mirid_bug_00641.jpg,6. Green mirid bug,1200,900,174795,130.613,soft,177.019,47.398,True,ok,True
6. Green mirid bug/green_mirid_bug_00642.jpg,6. Green mirid bug,1200,900,171998,118.224,soft,177.964,51.467,True,ok,True
6. Green mirid bug/green_mirid_bug_00643.jpg,6. Green mirid bug,1200,900,157565,86.609,blurry,177.66,36.881,True,ok,True
6. Green mirid bug/green_mirid_bug_00644.jpg,6. Green mirid bug,1200,900,169648,102.687,soft,170.28,44.841,True,ok,True
6. Green mirid bug/green_mirid_bug_00645.jpg,6. Green mirid bug,1200,900,161129,97.902,blurry,173.221,38.664,True,ok,True
6. Green mirid bug/green_mirid_bug_00646.jpg,6. Green mirid bug,1200,904,123511,77.204,blurry,174.885,28.523,True,ok,True
6. Green mirid bug/green_mirid_bug_00647.jpg,6. Green mirid bug,1200,904,136501,102.859,soft,198.29,33.403,True,ok,True
6. Green mirid bug/green_mirid_bug_00648.jpg,6. Green mirid bug,1200,904,140609,101.395,soft,198.065,32.893,True,ok,True
6. Green mirid bug/green_mirid_bug_00649.jpg,6. Green mirid bug,1200,904,121234,87.956,blurry,189.154,27.104,True,ok,True
6. Green mirid bug/green_mirid_bug_00650.jpg,6. Green mirid bug,1200,904,129678,88.88,blurry,189.611,26.681,True,ok,True
6. Green mirid bug/green_mirid_bug_00651.jpg,6. Green mirid bug,1200,904,129843,86.931,blurry,189.632,26.635,True,ok,True
6. Green mirid bug/green_mirid_bug_00652.jpg,6. Green mirid bug,1200,1600,249188,64.727,blurry,188.85,33.928,True,ok,True
6. Green mirid bug/green_mirid_bug_00653.jpg,6. Green mirid bug,1200,1600,286997,50.873,blurry,181.126,29.126,True,ok,True
6. Green mirid bug/green_mirid_bug_00654.jpg,6. Green mirid bug,1200,1600,321111,171.407,soft,180.07,46.921,True,ok,True
6. Green mirid bug/green_mirid_bug_00655.jpg,6. Green mirid bug,1200,1600,327238,132.655,soft,173.749,45.604,True,ok,True
6. Green mirid bug/green_mirid_bug_00656.jpg,6. Green mirid bug,1200,1600,279293,50.909,blurry,188.141,34.429,True,ok,True
6. Green mirid bug/green_mirid_bug_00657.jpg,6. Green mirid bug,1200,1600,292994,46.437,blurry,177.563,33.402,True,ok,True
6. Green mirid bug/green_mirid_bug_00658.jpg,6. Green mirid bug,1200,1600,335712,144.71,soft,181.73,52.923,True,ok,True
6. Green mirid bug/green_mirid_bug_00659.jpg,6. Green mirid bug,1200,1600,352503,143.719,soft,180.36,53.862,True,ok,True
6. Green mirid bug/green_mirid_bug_00660.jpg,6. Green mirid bug,1200,1600,386015,113.981,soft,180.281,46.734,True,ok,True
6. Green mirid bug/green_mirid_bug_00661.jpg,6. Green mirid bug,1200,1600,354319,137.0,soft,181.56,46.262,True,ok,True
6. Green mirid bug/green_mirid_bug_00662.jpg,6. Green mirid bug,1200,1600,364071,175.212,soft,173.017,52.305,True,ok,True
6. Green mirid bug/green_mirid_bug_00663.jpg,6. Green mirid bug,1200,1600,300725,67.22,blurry,175.979,39.687,True,ok,True
6. Green mirid bug/green_mirid_bug_00664.jpg,6. Green mirid bug,1200,1600,320351,71.156,blurry,182.082,32.519,True,ok,True
6. Green mirid bug/green_mirid_bug_00665.jpg,6. Green mirid bug,1200,900,169706,85.032,blurry,159.764,57.138,True,ok,True
6. Green mirid bug/green_mirid_bug_00666.jpg,6. Green mirid bug,1200,1600,334170,73.636,blurry,162.114,56.786,True,ok,True
6. Green mirid bug/green_mirid_bug_00667.jpg,6. Green mirid bug,1200,1600,304699,75.655,blurry,184.523,41.578,True,ok,True
6. Green mirid bug/green_mirid_bug_00668.jpg,6. Green mirid bug,1200,1600,391710,87.018,blurry,186.027,30.62,True,ok,True
6. Green mirid bug/green_mirid_bug_00669.jpg,6. Green mirid bug,1200,1600,383423,73.953,blurry,188.088,31.587,True,ok,True
6. Green mirid bug/green_mirid_bug_00670.jpg,6. Green mirid bug,1200,1600,372120,150.353,soft,177.751,53.67,True,ok,True
6. Green mirid bug/green_mirid_bug_00671.jpg,6. Green mirid bug,1200,1600,392368,103.201,soft,166.065,43.988,True,ok,True
6. Green mirid bug/green_mirid_bug_00672.jpg,6. Green mirid bug,1200,1600,381612,68.328,blurry,194.652,36.669,True,ok,True
6. Green mirid bug/green_mirid_bug_00673.jpg,6. Green mirid bug,1200,1600,368767,48.211,blurry,174.044,23.546,True,ok,True
6. Green mirid bug/green_mirid_bug_00674.jpg,6. Green mirid bug,1200,1600,329773,60.197,blurry,189.56,37.776,True,ok,True
6. Green mirid bug/green_mirid_bug_00675.jpg,6. Green mirid bug,1200,1600,343760,58.412,blurry,191.067,31.348,True,ok,True
6. Green mirid bug/green_mirid_bug_00676.jpg,6. Green mirid bug,1200,1600,309891,87.959,blurry,190.704,42.21,True,ok,True
6. Green mirid bug/green_mirid_bug_00677.jpg,6. Green mirid bug,1200,1600,295199,66.668,blurry,189.185,34.693,True,ok,True
6. Green mirid bug/green_mirid_bug_00678.jpg,6. Green mirid bug,1200,1600,297015,70.376,blurry,191.264,31.536,True,ok,True
6. Green mirid bug/green_mirid_bug_00679.jpg,6. Green mirid bug,1200,1600,293462,81.768,blurry,186.145,44.077,True,ok,True
6. Green mirid bug/green_mirid_bug_00680.jpg,6. Green mirid bug,1200,1600,298706,64.948,blurry,188.798,42.827,True,ok,True
6. Green mirid bug/green_mirid_bug_00681.jpg,6. Green mirid bug,1200,1600,325800,67.499,blurry,192.076,31.122,True,ok,True
6. Green mirid bug/green_mirid_bug_00682.jpg,6. Green mirid bug,1200,1600,278414,58.11,blurry,185.907,37.54,True,ok,True
6. Green mirid bug/green_mirid_bug_00683.jpg,6. Green mirid bug,1200,1600,272728,70.018,blurry,184.309,37.006,True,ok,True
6. Green mirid bug/green_mirid_bug_00684.jpg,6. Green mirid bug,1200,1600,274995,74.676,blurry,183.992,38.857,True,ok,True
6. Green mirid bug/green_mirid_bug_00685.jpg,6. Green mirid bug,1200,1600,269343,91.113,blurry,184.328,34.493,True,ok,True
6. Green mirid bug/green_mirid_bug_00686.jpg,6. Green mirid bug,1200,1600,333809,73.09,blurry,166.435,33.332,True,ok,True
6. Green mirid bug/green_mirid_bug_00687.jpg,6. Green mirid bug,1200,1600,293718,103.319,soft,182.395,34.356,True,ok,True
6. Green mirid bug/green_mirid_bug_00688.jpg,6. Green mirid bug,1200,900,149885,52.22,blurry,173.518,35.965,True,ok,True
6. Green mirid bug/green_mirid_bug_00689.jpg,6. Green mirid bug,1200,900,163302,44.756,blurry,170.586,33.849,True,ok,True
6. Green mirid bug/green_mirid_bug_00690.jpg,6. Green mirid bug,1200,900,158300,43.784,blurry,170.25,34.223,True,ok,True
6. Green mirid bug/green_mirid_bug_00691.jpg,6. Green mirid bug,1200,900,164679,77.658,blurry,172.989,44.454,True,ok,True
6. Green mirid bug/green_mirid_bug_00692.jpg,6. Green mirid bug,1200,1600,228262,90.027,blurry,185.884,33.879,True,ok,True
6. Green mirid bug/green_mirid_bug_00693.jpg,6. Green mirid bug,1200,1600,257581,78.428,blurry,187.887,37.414,True,ok,True
6. Green mirid bug/green_mirid_bug_00694.jpg,6. Green mirid bug,1200,1600,261091,67.19,blurry,184.455,34.035,True,ok,True
6. Green mirid bug/green_mirid_bug_00695.jpg,6. Green mirid bug,1200,1600,285503,57.381,blurry,175.254,31.071,True,ok,True
6. Green mirid bug/green_mirid_bug_00696.jpg,6. Green mirid bug,1200,1600,266229,51.216,blurry,179.815,30.331,True,ok,True
6. Green mirid bug/green_mirid_bug_00697.jpg,6. Green mirid bug,1200,1600,257082,65.064,blurry,181.052,33.21,True,ok,True
6. Green mirid bug/green_mirid_bug_00698.jpg,6. Green mirid bug,1200,1600,294226,44.855,blurry,173.069,28.033,True,ok,True
6. Green mirid bug/green_mirid_bug_00699.jpg,6. Green mirid bug,1200,1600,303812,44.648,blurry,167.702,30.466,True,ok,True
6. Green mirid bug/green_mirid_bug_00700.jpg,6. Green mirid bug,1200,1600,330759,49.589,blurry,184.175,34.926,True,ok,True
6. Green mirid bug/green_mirid_bug_00701.jpg,6. Green mirid bug,1200,1600,319557,39.545,blurry,165.895,38.647,True,ok,True
6. Green mirid bug/green_mirid_bug_00702.jpg,6. Green mirid bug,1200,1600,346897,63.125,blurry,190.098,39.398,True,ok,True
6. Green mirid bug/green_mirid_bug_00703.jpg,6. Green mirid bug,1200,1600,338775,96.018,blurry,196.39,31.376,True,ok,True
6. Green mirid bug/green_mirid_bug_00704.jpg,6. Green mirid bug,1200,1600,275395,76.017,blurry,163.652,28.324,True,ok,True
6. Green mirid bug/green_mirid_bug_00705.jpg,6. Green mirid bug,1200,1600,336679,86.615,blurry,198.544,29.878,True,ok,True
6. Green mirid bug/green_mirid_bug_00706.jpg,6. Green mirid bug,1200,1600,346887,84.047,blurry,195.636,29.869,True,ok,True
6. Green mirid bug/green_mirid_bug_00707.jpg,6. Green mirid bug,1200,1600,353995,78.321,blurry,192.158,27.357,True,ok,True
6. Green mirid bug/green_mirid_bug_00708.jpg,6. Green mirid bug,1200,1600,360205,80.641,blurry,189.995,28.286,True,ok,True
6. Green mirid bug/green_mirid_bug_00709.jpg,6. Green mirid bug,1200,1600,377072,92.084,blurry,190.862,27.484,True,ok,True
6. Green mirid bug/green_mirid_bug_00710.jpg,6. Green mirid bug,1200,1600,325138,63.964,blurry,177.084,39.384,True,ok,True
6. Green mirid bug/green_mirid_bug_00711.jpg,6. Green mirid bug,1200,1600,282982,42.518,blurry,144.744,36.24,True,ok,True
6. Green mirid bug/green_mirid_bug_00712.jpg,6. Green mirid bug,1200,1600,325675,71.898,blurry,186.793,41.179,True,ok,True
6. Green mirid bug/green_mirid_bug_00713.jpg,6. Green mirid bug,1200,1600,330427,90.229,blurry,182.509,39.429,True,ok,True
6. Green mirid bug/green_mirid_bug_00714.jpg,6. Green mirid bug,1200,1600,361473,76.88,blurry,183.464,30.625,True,ok,True
6. Green mirid bug/green_mirid_bug_00715.jpg,6. Green mirid bug,1200,1600,289714,50.739,blurry,148.011,28.691,True,ok,True
6. Green mirid bug/green_mirid_bug_00716.jpg,6. Green mirid bug,1200,1600,308662,48.881,blurry,153.584,26.255,True,ok,True
6. Green mirid bug/green_mirid_bug_00717.jpg,6. Green mirid bug,1200,1600,356287,62.204,blurry,185.01,28.185,True,ok,True
6. Green mirid bug/green_mirid_bug_00718.jpg,6. Green mirid bug,1200,1600,241682,68.349,blurry,172.596,36.378,True,ok,True
6. Green mirid bug/green_mirid_bug_00719.jpg,6. Green mirid bug,1200,1600,273058,78.659,blurry,172.642,40.603,True,ok,True
6. Green mirid bug/green_mirid_bug_00720.jpg,6. Green mirid bug,1200,1600,308888,212.264,soft,158.117,63.29,True,ok,True
6. Green mirid bug/green_mirid_bug_00721.jpg,6. Green mirid bug,1200,1600,294493,198.231,soft,135.561,63.191,True,ok,True
6. Green mirid bug/green_mirid_bug_00722.jpg,6. Green mirid bug,1200,1600,242947,115.148,soft,176.196,37.86,True,ok,True
6. Green mirid bug/green_mirid_bug_00723.jpg,6. Green mirid bug,1200,1600,332736,140.772,soft,140.821,48.062,True,ok,True
6. Green mirid bug/green_mirid_bug_00724.jpg,6. Green mirid bug,1200,1600,264289,151.628,soft,173.941,49.005,True,ok,True
6. Green mirid bug/green_mirid_bug_00725.jpg,6. Green mirid bug,1200,1600,303835,149.19,soft,147.147,43.557,True,ok,True
6. Green mirid bug/green_mirid_bug_00726.jpg,6. Green mirid bug,1200,1600,270476,143.449,soft,180.066,41.646,True,ok,True
6. Green mirid bug/green_mirid_bug_00727.jpg,6. Green mirid bug,1200,1600,290917,154.346,soft,175.568,44.632,True,ok,True
6. Green mirid bug/green_mirid_bug_00728.jpg,6. Green mirid bug,1200,1600,254762,143.346,soft,173.597,51.718,True,ok,True
6. Green mirid bug/green_mirid_bug_00729.jpg,6. Green mirid bug,1200,1600,289814,222.676,soft,168.328,57.327,True,ok,True
6. Green mirid bug/green_mirid_bug_00730.jpg,6. Green mirid bug,1200,1600,332182,231.396,soft,154.94,67.8,True,ok,True
6. Green mirid bug/green_mirid_bug_00731.jpg,6. Green mirid bug,1200,1600,305726,165.685,soft,167.982,50.381,True,ok,True
6. Green mirid bug/green_mirid_bug_00732.jpg,6. Green mirid bug,1200,1600,316307,176.904,soft,168.755,51.555,True,ok,True
6. Green mirid bug/green_mirid_bug_00733.jpg,6. Green mirid bug,1200,900,190157,227.316,soft,156.212,71.079,True,ok,True
6. Green mirid bug/green_mirid_bug_00734.jpg,6. Green mirid bug,1200,1600,326227,150.425,soft,142.026,48.059,True,ok,True
6. Green mirid bug/green_mirid_bug_00735.jpg,6. Green mirid bug,1200,1600,274748,146.562,soft,173.352,47.997,True,ok,True
6. Green mirid bug/green_mirid_bug_00736.jpg,6. Green mirid bug,1200,900,199990,138.326,soft,142.848,48.746,True,ok,True
6. Green mirid bug/green_mirid_bug_00737.jpg,6. Green mirid bug,1200,1600,300610,189.466,soft,172.973,51.164,True,ok,True
6. Green mirid bug/green_mirid_bug_00738.jpg,6. Green mirid bug,1200,900,167070,150.339,soft,168.724,46.626,True,ok,True
6. Green mirid bug/green_mirid_bug_00739.jpg,6. Green mirid bug,1200,900,176509,168.422,soft,161.529,52.073,True,ok,True
6. Green mirid bug/green_mirid_bug_00740.jpg,6. Green mirid bug,1200,1600,266298,120.652,soft,174.021,45.141,True,ok,True
6. Green mirid bug/green_mirid_bug_00741.jpg,6. Green mirid bug,1200,900,163779,148.56,soft,173.61,49.634,True,ok,True
6. Green mirid bug/green_mirid_bug_00742.jpg,6. Green mirid bug,1200,1600,254256,111.22,soft,172.9,39.656,True,ok,True
6. Green mirid bug/green_mirid_bug_00743.jpg,6. Green mirid bug,1200,1600,271407,129.357,soft,167.555,44.014,True,ok,True
6. Green mirid bug/green_mirid_bug_00744.jpg,6. Green mirid bug,1200,900,162682,166.933,soft,175.884,48.538,True,ok,True
6. Green mirid bug/green_mirid_bug_00745.jpg,6. Green mirid bug,1200,900,166533,195.358,soft,170.845,52.08,True,ok,True
6. Green mirid bug/green_mirid_bug_00746.jpg,6. Green mirid bug,1200,1600,283839,138.29,soft,170.277,44.837,True,ok,True
6. Green mirid bug/green_mirid_bug_00747.jpg,6. Green mirid bug,1200,1600,298858,143.842,soft,172.398,47.558,True,ok,True
6. Green mirid bug/green_mirid_bug_00748.jpg,6. Green mirid bug,1200,1600,299326,141.897,soft,174.695,49.747,True,ok,True
6. Green mirid bug/green_mirid_bug_00749.jpg,6. Green mirid bug,1200,1600,325131,184.206,soft,165.667,56.308,True,ok,True
6. Green mirid bug/green_mirid_bug_00750.jpg,6. Green mirid bug,1200,1600,295573,119.06,soft,169.772,45.755,True,ok,True
6. Green mirid bug/green_mirid_bug_00751.jpg,6. Green mirid bug,1200,1600,301904,114.631,soft,170.134,46.49,True,ok,True
6. Green mirid bug/green_mirid_bug_00752.jpg,6. Green mirid bug,1200,900,147390,109.369,soft,173.429,43.878,True,ok,True
6. Green mirid bug/green_mirid_bug_00753.jpg,6. Green mirid bug,1200,1600,268340,119.731,soft,171.256,49.045,True,ok,True
6. Green mirid bug/green_mirid_bug_00754.jpg,6. Green mirid bug,1200,1600,263150,90.486,blurry,173.672,38.936,True,ok,True
6. Green mirid bug/green_mirid_bug_00755.jpg,6. Green mirid bug,1200,1600,281684,104.316,soft,174.32,43.416,True,ok,True
6. Green mirid bug/green_mirid_bug_00756.jpg,6. Green mirid bug,1200,1600,341200,191.328,soft,165.083,55.284,True,ok,True
6. Green mirid bug/green_mirid_bug_00757.jpg,6. Green mirid bug,1200,1600,297073,188.567,soft,169.863,53.525,True,ok,True
6. Green mirid bug/green_mirid_bug_00758.jpg,6. Green mirid bug,1200,1600,257276,163.744,soft,167.085,67.574,True,ok,True
6. Green mirid bug/green_mirid_bug_00759.jpg,6. Green mirid bug,1200,1600,260603,143.101,soft,182.264,54.194,True,ok,True
6. Green mirid bug/green_mirid_bug_00760.jpg,6. Green mirid bug,1200,1600,297104,149.288,soft,182.376,52.897,True,ok,True
6. Green mirid bug/green_mirid_bug_00761.jpg,6. Green mirid bug,1200,900,178252,180.814,soft,181.221,50.584,True,ok,True
6. Green mirid bug/green_mirid_bug_00762.jpg,6. Green mirid bug,1200,1600,253810,127.451,soft,170.172,36.895,True,ok,True
6. Green mirid bug/green_mirid_bug_00763.jpg,6. Green mirid bug,1200,1600,252628,96.494,blurry,174.24,33.978,True,ok,True
6. Green mirid bug/green_mirid_bug_00764.jpg,6. Green mirid bug,1200,1600,284575,149.615,soft,184.581,47.242,True,ok,True
6. Green mirid bug/green_mirid_bug_00765.jpg,6. Green mirid bug,1200,1600,259696,102.999,soft,173.689,35.902,True,ok,True
6. Green mirid bug/green_mirid_bug_00766.jpg,6. Green mirid bug,1200,1600,226433,51.714,blurry,175.784,32.894,True,ok,True
6. Green mirid bug/green_mirid_bug_00767.jpg,6. Green mirid bug,1200,900,132744,53.707,blurry,173.453,34.514,True,ok,True
6. Green mirid bug/green_mirid_bug_00768.jpg,6. Green mirid bug,1200,1600,241859,80.788,blurry,173.589,37.191,True,ok,True
6. Green mirid bug/green_mirid_bug_00769.jpg,6. Green mirid bug,1200,1600,241448,102.756,soft,172.548,42.359,True,ok,True
6. Green mirid bug/green_mirid_bug_00770.jpg,6. Green mirid bug,1200,1600,258365,97.627,blurry,171.406,36.883,True,ok,True
6. Green mirid bug/green_mirid_bug_00771.jpg,6. Green mirid bug,1200,900,149194,107.152,soft,174.704,36.677,True,ok,True
6. Green mirid bug/green_mirid_bug_00772.jpg,6. Green mirid bug,1200,1600,238849,81.664,blurry,177.501,33.561,True,ok,True
6. Green mirid bug/green_mirid_bug_00773.jpg,6. Green mirid bug,1200,1600,250516,96.493,blurry,172.919,38.539,True,ok,True
6. Green mirid bug/green_mirid_bug_00774.jpg,6. Green mirid bug,1200,1600,241093,60.119,blurry,176.583,28.494,True,ok,True
6. Green mirid bug/green_mirid_bug_00775.jpg,6. Green mirid bug,1200,1600,248903,64.084,blurry,174.073,29.409,True,ok,True
6. Green mirid bug/green_mirid_bug_00776.jpg,6. Green mirid bug,1200,1600,251348,114.891,soft,176.034,39.79,True,ok,True
6. Green mirid bug/green_mirid_bug_00777.jpg,6. Green mirid bug,1200,1600,254112,66.846,blurry,172.823,36.032,True,ok,True
6. Green mirid bug/green_mirid_bug_00778.jpg,6. Green mirid bug,1200,1600,261474,68.911,blurry,171.207,41.093,True,ok,True
6. Green mirid bug/green_mirid_bug_00779.jpg,6. Green mirid bug,1200,1600,262200,105.257,soft,175.708,43.788,True,ok,True
6. Green mirid bug/green_mirid_bug_00780.jpg,6. Green mirid bug,1200,900,153709,124.79,soft,174.053,47.812,True,ok,True
6. Green mirid bug/green_mirid_bug_00781.jpg,6. Green mirid bug,1200,1600,277570,217.0,soft,189.447,46.706,True,ok,True
6. Green mirid bug/green_mirid_bug_00782.jpg,6. Green mirid bug,1200,1600,281593,118.268,soft,175.215,40.127,True,ok,True
6. Green mirid bug/green_mirid_bug_00783.jpg,6. Green mirid bug,1200,1600,282900,124.647,soft,170.869,42.813,True,ok,True
6. Green mirid bug/green_mirid_bug_00784.jpg,6. Green mirid bug,1200,1600,297584,228.451,soft,184.989,48.706,True,ok,True
6. Green mirid bug/green_mirid_bug_00785.jpg,6. Green mirid bug,1200,1600,321005,237.154,soft,183.635,46.494,True,ok,True
6. Green mirid bug/green_mirid_bug_00786.jpg,6. Green mirid bug,1200,1600,296928,199.843,soft,147.99,39.806,True,ok,True
6. Green mirid bug/green_mirid_bug_00787.jpg,6. Green mirid bug,1200,900,150678,143.857,soft,173.205,40.764,True,ok,True
6. Green mirid bug/green_mirid_bug_00788.jpg,6. Green mirid bug,1200,900,159926,175.023,soft,171.888,44.001,True,ok,True
6. Green mirid bug/green_mirid_bug_00789.jpg,6. Green mirid bug,1200,900,167879,127.861,soft,181.211,47.622,True,ok,True
6. Green mirid bug/green_mirid_bug_00790.jpg,6. Green mirid bug,1200,1600,269338,115.806,soft,172.833,38.567,True,ok,True
6. Green mirid bug/green_mirid_bug_00791.jpg,6. Green mirid bug,1200,1600,277883,111.044,soft,171.475,39.414,True,ok,True
6. Green mirid bug/green_mirid_bug_00792.jpg,6. Green mirid bug,1200,1600,242890,82.143,blurry,178.78,32.233,True,ok,True
6. Green mirid bug/green_mirid_bug_00793.jpg,6. Green mirid bug,1200,1600,258766,87.969,blurry,173.202,33.906,True,ok,True
6. Green mirid bug/green_mirid_bug_00794.jpg,6. Green mirid bug,1200,1600,240005,77.031,blurry,178.562,31.641,True,ok,True
6. Green mirid bug/green_mirid_bug_00795.jpg,6. Green mirid bug,1200,1600,249738,81.792,blurry,175.579,31.746,True,ok,True
6. Green mirid bug/green_mirid_bug_00796.jpg,6. Green mirid bug,1200,1600,250757,124.05,soft,178.632,57.192,True,ok,True
6. Green mirid bug/green_mirid_bug_00797.jpg,6. Green mirid bug,1200,1600,268869,101.18,soft,181.296,54.483,True,ok,True
6. Green mirid bug/green_mirid_bug_00798.jpg,6. Green mirid bug,1200,1600,236168,70.901,blurry,177.367,34.051,True,ok,True
6. Green mirid bug/green_mirid_bug_00799.jpg,6. Green mirid bug,1200,1600,244637,80.846,blurry,173.934,38.76,True,ok,True
6. Green mirid bug/green_mirid_bug_00800.jpg,6. Green mirid bug,1200,1600,309348,155.083,soft,183.066,46.578,True,ok,True
6. Green mirid bug/green_mirid_bug_00801.jpg,6. Green mirid bug,1200,900,136636,78.46,blurry,176.777,31.578,True,ok,True
6. Green mirid bug/green_mirid_bug_00802.jpg,6. Green mirid bug,1200,1600,348462,191.915,soft,175.243,50.795,True,ok,True
6. Green mirid bug/green_mirid_bug_00803.jpg,6. Green mirid bug,1200,900,144680,78.52,blurry,174.609,31.996,True,ok,True
6. Green mirid bug/green_mirid_bug_00804.jpg,6. Green mirid bug,1200,1600,239878,95.613,blurry,174.418,33.457,True,ok,True
6. Green mirid bug/green_mirid_bug_00805.jpg,6. Green mirid bug,1200,1600,238811,129.896,soft,171.344,39.072,True,ok,True
6. Green mirid bug/green_mirid_bug_00806.jpg,6. Green mirid bug,1200,1600,244078,101.066,soft,174.601,32.441,True,ok,True
6. Green mirid bug/green_mirid_bug_00807.jpg,6. Green mirid bug,1200,1600,232650,85.208,blurry,173.719,31.995,True,ok,True
6. Green mirid bug/green_mirid_bug_00808.jpg,6. Green mirid bug,1200,900,144975,109.276,soft,174.064,34.656,True,ok,True
6. Green mirid bug/green_mirid_bug_00809.jpg,6. Green mirid bug,1200,900,162575,185.138,soft,170.135,57.669,True,ok,True
6. Green mirid bug/green_mirid_bug_00810.jpg,6. Green mirid bug,1200,900,188485,233.792,soft,158.727,67.992,True,ok,True
6. Green mirid bug/green_mirid_bug_00811.jpg,6. Green mirid bug,1200,900,168958,176.947,soft,165.225,52.75,True,ok,True
6. Green mirid bug/green_mirid_bug_00812.jpg,6. Green mirid bug,1200,1600,289166,157.806,soft,155.542,60.211,True,ok,True
6. Green mirid bug/green_mirid_bug_00813.jpg,6. Green mirid bug,1200,1600,257060,88.799,blurry,187.506,48.089,True,ok,True
6. Green mirid bug/green_mirid_bug_00814.jpg,6. Green mirid bug,1200,1600,256301,129.726,soft,187.177,50.168,True,ok,True
6. Green mirid bug/green_mirid_bug_00815.jpg,6. Green mirid bug,1200,900,184704,118.385,soft,185.42,45.461,True,ok,True
6. Green mirid bug/green_mirid_bug_00816.jpg,6. Green mirid bug,1200,900,137820,98.46,blurry,173.092,39.422,True,ok,True
6. Green mirid bug/green_mirid_bug_00817.jpg,6. Green mirid bug,1200,900,150048,121.824,soft,178.905,41.2,True,ok,True
6. Green mirid bug/green_mirid_bug_00818.jpg,6. Green mirid bug,1200,1600,269732,102.977,soft,173.988,40.553,True,ok,True
6. Green mirid bug/green_mirid_bug_00819.jpg,6. Green mirid bug,1200,1600,281878,117.3,soft,168.359,48.478,True,ok,True
6. Green mirid bug/green_mirid_bug_00820.jpg,6. Green mirid bug,1200,1600,295534,261.614,soft,183.708,48.109,True,ok,True
6. Green mirid bug/green_mirid_bug_00821.jpg,6. Green mirid bug,1200,1600,305496,266.519,soft,180.521,48.559,True,ok,True
6. Green mirid bug/green_mirid_bug_00822.jpg,6. Green mirid bug,1200,1600,287217,141.009,soft,189.698,44.599,True,ok,True
6. Green mirid bug/green_mirid_bug_00823.jpg,6. Green mirid bug,1200,1600,257629,148.224,soft,189.213,49.922,True,ok,True
6. Green mirid bug/green_mirid_bug_00824.jpg,6. Green mirid bug,1200,1600,292284,105.604,soft,193.014,42.294,True,ok,True
6. Green mirid bug/green_mirid_bug_00825.jpg,6. Green mirid bug,1200,1600,265023,97.332,blurry,188.831,43.597,True,ok,True
6. Green mirid bug/green_mirid_bug_00826.jpg,6. Green mirid bug,1200,1600,304910,92.181,blurry,193.106,35.811,True,ok,True
6. Green mirid bug/green_mirid_bug_00827.jpg,6. Green mirid bug,1200,1600,283492,81.292,blurry,189.686,34.901,True,ok,True
6. Green mirid bug/green_mirid_bug_00828.jpg,6. Green mirid bug,1200,1600,284838,85.736,blurry,147.852,38.354,True,ok,True
6. Green mirid bug/green_mirid_bug_00829.jpg,6. Green mirid bug,1200,1600,246505,119.54,soft,155.194,48.338,True,ok,True
6. Green mirid bug/green_mirid_bug_00830.jpg,6. Green mirid bug,1200,1600,276190,78.869,blurry,182.123,50.759,True,ok,True
6. Green mirid bug/green_mirid_bug_00831.jpg,6. Green mirid bug,1200,1600,291406,108.229,soft,188.987,41.109,True,ok,True
6. Green mirid bug/green_mirid_bug_00832.jpg,6. Green mirid bug,1200,1600,236800,77.902,blurry,175.478,31.255,True,ok,True
6. Green mirid bug/green_mirid_bug_00833.jpg,6. Green mirid bug,1200,1600,251922,116.388,soft,173.289,35.993,True,ok,True
6. Green mirid bug/green_mirid_bug_00834.jpg,6. Green mirid bug,1200,1600,250139,95.341,blurry,178.35,29.148,True,ok,True
6. Green mirid bug/green_mirid_bug_00835.jpg,6. Green mirid bug,1200,900,136139,91.711,blurry,175.258,29.626,True,ok,True
6. Green mirid bug/green_mirid_bug_00836.jpg,6. Green mirid bug,1200,1600,260791,85.367,blurry,163.7,37.382,True,ok,True
6. Green mirid bug/green_mirid_bug_00837.jpg,6. Green mirid bug,1200,1600,235461,101.243,soft,187.54,41.773,True,ok,True
6. Green mirid bug/green_mirid_bug_00838.jpg,6. Green mirid bug,1200,1600,257010,94.448,blurry,174.354,41.491,True,ok,True
6. Green mirid bug/green_mirid_bug_00839.jpg,6. Green mirid bug,1200,1600,260898,96.28,blurry,175.769,42.533,True,ok,True
6. Green mirid bug/green_mirid_bug_00840.jpg,6. Green mirid bug,1200,1600,266952,98.37,blurry,174.847,42.276,True,ok,True
6. Green mirid bug/green_mirid_bug_00841.jpg,6. Green mirid bug,1200,1600,293606,102.039,soft,171.236,46.756,True,ok,True
6. Green mirid bug/green_mirid_bug_00842.jpg,6. Green mirid bug,1200,1600,277790,205.968,soft,177.454,48.82,True,ok,True
6. Green mirid bug/green_mirid_bug_00843.jpg,6. Green mirid bug,1200,1600,354073,347.887,sharp,173.719,54.592,True,ok,True
6. Green mirid bug/green_mirid_bug_00844.jpg,6. Green mirid bug,1200,1600,230254,198.272,soft,148.845,49.384,True,ok,True
6. Green mirid bug/green_mirid_bug_00845.jpg,6. Green mirid bug,1200,1600,310971,192.886,soft,178.423,53.747,True,ok,True
6. Green mirid bug/green_mirid_bug_00846.jpg,6. Green mirid bug,1200,1600,251399,104.751,soft,183.391,49.209,True,ok,True
6. Green mirid bug/green_mirid_bug_00847.jpg,6. Green mirid bug,1200,1600,255128,87.832,blurry,186.747,45.403,True,ok,True
6. Green mirid bug/green_mirid_bug_00848.jpg,6. Green mirid bug,1200,1600,262891,88.849,blurry,174.984,39.751,True,ok,True
6. Green mirid bug/green_mirid_bug_00849.jpg,6. Green mirid bug,1200,1600,273120,93.064,blurry,170.147,42.356,True,ok,True
6. Green mirid bug/green_mirid_bug_00850.jpg,6. Green mirid bug,1200,900,146080,64.321,blurry,169.318,34.812,True,ok,True
6. Green mirid bug/green_mirid_bug_00851.jpg,6. Green mirid bug,1200,900,146323,61.316,blurry,172.512,32.868,True,ok,True
6. Green mirid bug/green_mirid_bug_00852.jpg,6. Green mirid bug,1200,1600,273229,136.362,soft,189.353,42.238,True,ok,True
6. Green mirid bug/green_mirid_bug_00853.jpg,6. Green mirid bug,1200,1600,236015,136.548,soft,187.532,43.913,True,ok,True
6. Green mirid bug/green_mirid_bug_00854.jpg,6. Green mirid bug,1200,1600,243271,137.531,soft,189.536,44.65,True,ok,True
6. Green mirid bug/green_mirid_bug_00855.jpg,6. Green mirid bug,1200,1600,250149,86.827,blurry,171.448,38.437,True,ok,True
6. Green mirid bug/green_mirid_bug_00856.jpg,6. Green mirid bug,1200,1600,249536,92.172,blurry,173.252,39.546,True,ok,True
6. Green mirid bug/green_mirid_bug_00857.jpg,6. Green mirid bug,1200,1600,268421,137.948,soft,172.436,35.722,True,ok,True
6. Green mirid bug/green_mirid_bug_00858.jpg,6. Green mirid bug,1200,1600,274765,168.2,soft,173.835,39.2,True,ok,True
6. Green mirid bug/green_mirid_bug_00859.jpg,6. Green mirid bug,1200,1600,276222,140.154,soft,190.027,45.96,True,ok,True
6. Green mirid bug/green_mirid_bug_00860.jpg,6. Green mirid bug,1200,1600,267241,119.726,soft,195.308,37.49,True,ok,True
6. Green mirid bug/green_mirid_bug_00861.jpg,6. Green mirid bug,1200,1600,308565,95.846,blurry,190.978,36.91,True,ok,True
6. Green mirid bug/green_mirid_bug_00862.jpg,6. Green mirid bug,1200,1600,238126,77.477,blurry,195.234,34.773,True,ok,True
6. Green mirid bug/green_mirid_bug_00863.jpg,6. Green mirid bug,1200,1600,298730,80.808,blurry,194.849,30.893,True,ok,True
6. Green mirid bug/green_mirid_bug_00864.jpg,6. Green mirid bug,1200,1600,225543,76.894,blurry,180.552,30.538,True,ok,True
6. Green mirid bug/green_mirid_bug_00865.jpg,6. Green mirid bug,1200,900,139551,85.773,blurry,170.849,32.524,True,ok,True
6. Green mirid bug/green_mirid_bug_00866.jpg,6. Green mirid bug,1200,900,149662,109.724,soft,171.116,36.306,True,ok,True
6. Green mirid bug/green_mirid_bug_00867.jpg,6. Green mirid bug,1200,1600,260902,92.041,blurry,170.7,31.746,True,ok,True
6. Green mirid bug/green_mirid_bug_00868.jpg,6. Green mirid bug,1200,1600,252568,99.861,blurry,174.823,30.662,True,ok,True
6. Green mirid bug/green_mirid_bug_00869.jpg,6. Green mirid bug,1200,900,138129,101.546,soft,172.438,39.097,True,ok,True
6. Green mirid bug/green_mirid_bug_00870.jpg,6. Green mirid bug,1200,900,139491,116.064,soft,174.87,41.066,True,ok,True
6. Green mirid bug/green_mirid_bug_00871.jpg,6. Green mirid bug,1200,900,139571,81.463,blurry,175.127,36.551,True,ok,True
6. Green mirid bug/green_mirid_bug_00872.jpg,6. Green mirid bug,1200,1600,260273,206.129,soft,171.067,61.717,True,ok,True
6. Green mirid bug/green_mirid_bug_00873.jpg,6. Green mirid bug,1200,900,140604,79.095,blurry,172.319,36.836,True,ok,True
6. Green mirid bug/green_mirid_bug_00874.jpg,6. Green mirid bug,1200,1600,283692,228.251,soft,176.926,60.786,True,ok,True
6. Green mirid bug/green_mirid_bug_00875.jpg,6. Green mirid bug,1200,900,132607,50.844,blurry,170.529,35.865,True,ok,True
6. Green mirid bug/green_mirid_bug_00876.jpg,6. Green mirid bug,1200,900,142210,58.818,blurry,171.379,40.157,True,ok,True
6. Green mirid bug/green_mirid_bug_00877.jpg,6. Green mirid bug,1200,1600,254500,44.577,blurry,172.012,29.548,True,ok,True
6. Green mirid bug/green_mirid_bug_00878.jpg,6. Green mirid bug,1200,1600,319524,185.856,soft,175.723,51.77,True,ok,True
6. Green mirid bug/green_mirid_bug_00879.jpg,6. Green mirid bug,1200,1600,256935,50.503,blurry,173.949,32.363,True,ok,True
6. Green mirid bug/green_mirid_bug_00880.jpg,6. Green mirid bug,1200,1600,303720,198.324,soft,164.212,60.526,True,ok,True
6. Green mirid bug/green_mirid_bug_00881.jpg,6. Green mirid bug,1200,1600,266754,86.735,blurry,171.17,45.248,True,ok,True
6. Green mirid bug/green_mirid_bug_00882.jpg,6. Green mirid bug,1200,1600,269423,88.035,blurry,173.791,47.186,True,ok,True
6. Green mirid bug/green_mirid_bug_00883.jpg,6. Green mirid bug,1200,1600,257044,65.782,blurry,171.931,37.259,True,ok,True
6. Green mirid bug/green_mirid_bug_00884.jpg,6. Green mirid bug,1200,1600,262837,68.354,blurry,169.456,39.413,True,ok,True
6. Green mirid bug/green_mirid_bug_00885.jpg,6. Green mirid bug,1200,1600,250282,115.941,soft,174.887,40.612,True,ok,True
6. Green mirid bug/green_mirid_bug_00886.jpg,6. Green mirid bug,1200,1600,266916,141.478,soft,174.906,43.782,True,ok,True
6. Green mirid bug/green_mirid_bug_00887.jpg,6. Green mirid bug,1200,900,151743,107.486,soft,174.217,39.649,True,ok,True
6. Green mirid bug/green_mirid_bug_00888.jpg,6. Green mirid bug,1200,900,149294,102.292,soft,171.305,39.331,True,ok,True
6. Green mirid bug/green_mirid_bug_00889.jpg,6. Green mirid bug,1200,900,161477,95.194,blurry,176.006,47.707,True,ok,True
6. Green mirid bug/green_mirid_bug_00890.jpg,6. Green mirid bug,1200,900,151522,90.551,blurry,178.016,44.353,True,ok,True
6. Green mirid bug/green_mirid_bug_00891.jpg,6. Green mirid bug,1200,900,162723,102.809,soft,173.977,51.387,True,ok,True
6. Green mirid bug/green_mirid_bug_00892.jpg,6. Green mirid bug,1200,1600,261302,106.17,soft,171.468,42.398,True,ok,True
6. Green mirid bug/green_mirid_bug_00893.jpg,6. Green mirid bug,1200,1600,286981,118.563,soft,172.849,43.869,True,ok,True
6. Green mirid bug/green_mirid_bug_00894.jpg,6. Green mirid bug,1200,900,124969,99.636,blurry,175.924,41.503,True,ok,True
6. Green mirid bug/green_mirid_bug_00895.jpg,6. Green mirid bug,1200,900,144627,145.398,soft,178.187,46.545,True,ok,True
6. Green mirid bug/green_mirid_bug_00896.jpg,6. Green mirid bug,1200,900,154312,162.782,soft,172.082,42.474,True,ok,True
6. Green mirid bug/green_mirid_bug_00897.jpg,6. Green mirid bug,1200,900,171574,232.755,soft,170.581,51.721,True,ok,True
6. Green mirid bug/green_mirid_bug_00898.jpg,6. Green mirid bug,1200,1600,243755,86.513,blurry,175.251,32.718,True,ok,True
6. Green mirid bug/green_mirid_bug_00899.jpg,6. Green mirid bug,1200,1600,261012,103.677,soft,175.143,36.42,True,ok,True
6. Green mirid bug/green_mirid_bug_00900.jpg,6. Green mirid bug,1200,1600,260033,92.716,blurry,174.993,34.958,True,ok,True
6. Green mirid bug/green_mirid_bug_00901.jpg,6. Green mirid bug,1200,1600,266433,93.512,blurry,171.686,36.498,True,ok,True
6. Green mirid bug/green_mirid_bug_00902.jpg,6. Green mirid bug,1200,1600,275995,138.641,soft,176.12,47.378,True,ok,True
6. Green mirid bug/green_mirid_bug_00903.jpg,6. Green mirid bug,1200,1600,270333,130.654,soft,176.67,44.259,True,ok,True
6. Green mirid bug/green_mirid_bug_00904.jpg,6. Green mirid bug,1200,1600,265298,110.779,soft,177.695,42.49,True,ok,True
6. Green mirid bug/green_mirid_bug_00905.jpg,6. Green mirid bug,1200,1600,278094,106.486,soft,173.991,43.687,True,ok,True
6. Green mirid bug/green_mirid_bug_00906.jpg,6. Green mirid bug,1200,900,153478,147.264,soft,172.398,52.799,True,ok,True
6. Green mirid bug/green_mirid_bug_00907.jpg,6. Green mirid bug,1200,1600,264342,120.187,soft,176.248,44.035,True,ok,True
6. Green mirid bug/green_mirid_bug_00908.jpg,6. Green mirid bug,1200,1600,259401,116.6,soft,173.119,45.243,True,ok,True
6. Green mirid bug/green_mirid_bug_00909.jpg,6. Green mirid bug,1200,1600,249417,50.193,blurry,173.863,41.031,True,ok,True
6. Green mirid bug/green_mirid_bug_00910.jpg,6. Green mirid bug,1200,1600,269753,62.199,blurry,172.192,42.377,True,ok,True
6. Green mirid bug/green_mirid_bug_00911.jpg,6. Green mirid bug,1200,1600,266828,47.711,blurry,166.6,38.525,True,ok,True
6. Green mirid bug/green_mirid_bug_00912.jpg,6. Green mirid bug,1200,1600,273196,46.455,blurry,170.756,37.41,True,ok,True
6. Green mirid bug/green_mirid_bug_00913.jpg,6. Green mirid bug,1200,1600,255056,76.231,blurry,170.609,37.458,True,ok,True
6. Green mirid bug/green_mirid_bug_00914.jpg,6. Green mirid bug,1200,900,147436,85.205,blurry,168.846,42.723,True,ok,True
6. Green mirid bug/green_mirid_bug_00915.jpg,6. Green mirid bug,1200,900,154656,82.819,blurry,177.567,36.033,True,ok,True
6. Green mirid bug/green_mirid_bug_00916.jpg,6. Green mirid bug,1200,900,157082,84.126,blurry,175.735,36.445,True,ok,True
6. Green mirid bug/green_mirid_bug_00917.jpg,6. Green mirid bug,1200,900,150408,75.571,blurry,173.046,30.221,True,ok,True
6. Green mirid bug/green_mirid_bug_00918.jpg,6. Green mirid bug,1200,900,154646,86.785,blurry,178.264,34.573,True,ok,True
6. Green mirid bug/green_mirid_bug_00919.jpg,6. Green mirid bug,1200,1600,272294,196.548,soft,174.054,54.431,True,ok,True
6. Green mirid bug/green_mirid_bug_00920.jpg,6. Green mirid bug,1200,900,162056,253.205,soft,171.53,59.733,True,ok,True
6. Green mirid bug/green_mirid_bug_00921.jpg,6. Green mirid bug,1200,1600,305384,131.277,soft,175.414,47.08,True,ok,True
6. Green mirid bug/green_mirid_bug_00922.jpg,6. Green mirid bug,1200,1600,313061,149.211,soft,173.232,51.783,True,ok,True
6. Green mirid bug/green_mirid_bug_00923.jpg,6. Green mirid bug,1200,1600,285973,97.877,blurry,166.212,53.543,True,ok,True
6. Green mirid bug/green_mirid_bug_00924.jpg,6. Green mirid bug,1200,1600,300410,106.146,soft,170.093,53.763,True,ok,True
6. Green mirid bug/green_mirid_bug_00925.jpg,6. Green mirid bug,1200,900,170391,80.271,blurry,170.361,40.47,True,ok,True
6. Green mirid bug/green_mirid_bug_00926.jpg,6. Green mirid bug,1200,1600,300020,87.025,blurry,174.408,39.112,True,ok,True
6. Green mirid bug/green_mirid_bug_00927.jpg,6. Green mirid bug,1200,1600,290907,134.469,soft,173.429,46.677,True,ok,True
6. Green mirid bug/green_mirid_bug_00928.jpg,6. Green mirid bug,1200,1600,321421,167.951,soft,172.782,52.289,True,ok,True
6. Green mirid bug/green_mirid_bug_00929.jpg,6. Green mirid bug,1200,900,167845,118.324,soft,172.058,43.923,True,ok,True
6. Green mirid bug/green_mirid_bug_00930.jpg,6. Green mirid bug,1200,1600,576485,198.777,soft,175.824,47.021,True,ok,True
6. Green mirid bug/green_mirid_bug_00931.jpg,6. Green mirid bug,1200,1600,625125,267.619,soft,161.647,47.491,True,ok,True
6. Green mirid bug/green_mirid_bug_00932.jpg,6. Green mirid bug,1200,1600,276403,91.78,blurry,175.224,43.532,True,ok,True
6. Green mirid bug/green_mirid_bug_00933.jpg,6. Green mirid bug,1200,900,151718,80.24,blurry,171.865,41.12,True,ok,True
6. Green mirid bug/green_mirid_bug_00934.jpg,6. Green mirid bug,1200,1600,271420,106.429,soft,171.927,41.304,True,ok,True
6. Green mirid bug/green_mirid_bug_00935.jpg,6. Green mirid bug,1200,1600,282832,109.985,soft,172.471,40.532,True,ok,True
6. Green mirid bug/green_mirid_bug_00936.jpg,6. Green mirid bug,1200,900,155282,125.925,soft,174.291,51.478,True,ok,True
6. Green mirid bug/green_mirid_bug_00937.jpg,6. Green mirid bug,1200,900,148565,106.167,soft,175.155,45.642,True,ok,True
6. Green mirid bug/green_mirid_bug_00938.jpg,6. Green mirid bug,1200,1600,308085,117.358,soft,175.875,46.147,True,ok,True
6. Green mirid bug/green_mirid_bug_00939.jpg,6. Green mirid bug,1200,1600,278663,85.685,blurry,174.326,41.328,True,ok,True
6. Green mirid bug/green_mirid_bug_00940.jpg,6. Green mirid bug,1200,1600,287116,102.332,soft,174.185,48.363,True,ok,True
6. Green mirid bug/green_mirid_bug_00941.jpg,6. Green mirid bug,1200,900,160327,117.813,soft,173.559,50.746,True,ok,True
6. Green mirid bug/green_mirid_bug_00942.jpg,6. Green mirid bug,1200,1600,303248,101.478,soft,173.344,42.813,True,ok,True
6. Green mirid bug/green_mirid_bug_00943.jpg,6. Green mirid bug,1200,1600,303372,115.492,soft,172.331,45.674,True,ok,True
6. Green mirid bug/green_mirid_bug_00944.jpg,6. Green mirid bug,1200,1600,313828,146.753,soft,167.37,55.718,True,ok,True
6. Green mirid bug/green_mirid_bug_00945.jpg,6. Green mirid bug,1200,1600,289752,127.759,soft,179.936,47.545,True,ok,True
6. Green mirid bug/green_mirid_bug_00946.jpg,6. Green mirid bug,1200,1600,328343,138.503,soft,171.247,46.472,True,ok,True
6. Green mirid bug/green_mirid_bug_00947.jpg,6. Green mirid bug,1200,1600,300275,127.161,soft,174.159,43.382,True,ok,True
6. Green mirid bug/green_mirid_bug_00948.jpg,6. Green mirid bug,1200,1600,286688,152.967,soft,177.426,52.058,True,ok,True
6. Green mirid bug/green_mirid_bug_00949.jpg,6. Green mirid bug,1200,1600,303921,158.937,soft,175.435,52.173,True,ok,True
6. Green mirid bug/green_mirid_bug_00950.jpg,6. Green mirid bug,1200,1600,341820,266.295,soft,168.443,51.778,True,ok,True
6. Green mirid bug/green_mirid_bug_00951.jpg,6. Green mirid bug,1200,1600,368877,313.415,sharp,159.912,57.054,True,ok,True
6. Green mirid bug/green_mirid_bug_00952.jpg,6. Green mirid bug,1200,1600,286047,83.556,blurry,173.525,51.454,True,ok,True
6. Green mirid bug/green_mirid_bug_00953.jpg,6. Green mirid bug,1200,900,151975,81.804,blurry,176.045,47.688,True,ok,True
6. Green mirid bug/green_mirid_bug_00954.jpg,6. Green mirid bug,1200,1600,234469,104.793,soft,189.882,45.445,True,ok,True
6. Green mirid bug/green_mirid_bug_00955.jpg,6. Green mirid bug,1200,1600,302382,82.497,blurry,173.098,45.088,True,ok,True
6. Green mirid bug/green_mirid_bug_00956.jpg,6. Green mirid bug,1200,900,157406,70.319,blurry,171.492,43.784,True,ok,True
6. Green mirid bug/green_mirid_bug_00957.jpg,6. Green mirid bug,1200,1600,197577,89.708,blurry,186.435,41.076,True,ok,True
6. Green mirid bug/green_mirid_bug_00958.jpg,6. Green mirid bug,1200,1600,239444,96.483,blurry,196.013,38.528,True,ok,True
6. Green mirid bug/green_mirid_bug_00959.jpg,6. Green mirid bug,1200,1600,288789,95.335,blurry,168.318,49.52,True,ok,True
6. Green mirid bug/green_mirid_bug_00960.jpg,6. Green mirid bug,1200,900,158386,94.473,blurry,171.743,47.29,True,ok,True
6. Green mirid bug/green_mirid_bug_00961.jpg,6. Green mirid bug,1200,900,170508,96.446,blurry,173.983,41.759,True,ok,True
6. Green mirid bug/green_mirid_bug_00962.jpg,6. Green mirid bug,1200,900,168755,93.004,blurry,171.701,40.863,True,ok,True
6. Green mirid bug/green_mirid_bug_00963.jpg,6. Green mirid bug,1200,900,157114,82.536,blurry,176.327,39.921,True,ok,True
6. Green mirid bug/green_mirid_bug_00964.jpg,6. Green mirid bug,1200,900,145411,88.352,blurry,175.228,38.214,True,ok,True
6. Green mirid bug/green_mirid_bug_00965.jpg,6. Green mirid bug,1200,1600,244985,46.115,blurry,175.517,32.176,True,ok,True
6. Green mirid bug/green_mirid_bug_00966.jpg,6. Green mirid bug,1200,1600,263778,56.507,blurry,174.139,31.424,True,ok,True
6. Green mirid bug/green_mirid_bug_00967.jpg,6. Green mirid bug,1200,1600,273652,80.932,blurry,191.819,34.14,True,ok,True
6. Green mirid bug/green_mirid_bug_00968.jpg,6. Green mirid bug,1200,1600,218512,72.248,blurry,189.472,34.632,True,ok,True
6. Green mirid bug/green_mirid_bug_00969.jpg,6. Green mirid bug,1200,1600,210925,53.651,blurry,158.085,44.949,True,ok,True
6. Green mirid bug/green_mirid_bug_00970.jpg,6. Green mirid bug,1200,1600,246271,97.303,blurry,192.138,46.953,True,ok,True
6. Green mirid bug/green_mirid_bug_00971.jpg,6. Green mirid bug,1200,1600,264003,78.935,blurry,173.54,48.722,True,ok,True
6. Green mirid bug/green_mirid_bug_00972.jpg,6. Green mirid bug,1200,900,156927,94.771,blurry,173.413,52.635,True,ok,True
6. Green mirid bug/green_mirid_bug_00973.jpg,6. Green mirid bug,1200,1600,231220,100.252,soft,187.452,47.461,True,ok,True
6. Green mirid bug/green_mirid_bug_00974.jpg,6. Green mirid bug,1200,1600,270005,55.66,blurry,174.898,35.003,True,ok,True
6. Green mirid bug/green_mirid_bug_00975.jpg,6. Green mirid bug,1200,900,154750,51.178,blurry,174.425,34.144,True,ok,True
6. Green mirid bug/green_mirid_bug_00976.jpg,6. Green mirid bug,1200,900,142127,52.203,blurry,174.788,37.417,True,ok,True
6. Green mirid bug/green_mirid_bug_00977.jpg,6. Green mirid bug,1200,900,137665,46.287,blurry,176.696,35.035,True,ok,True
6. Green mirid bug/green_mirid_bug_00978.jpg,6. Green mirid bug,1200,900,154183,43.853,blurry,176.151,31.657,True,ok,True
6. Green mirid bug/green_mirid_bug_00979.jpg,6. Green mirid bug,1200,900,149231,39.763,blurry,177.434,27.986,True,ok,True
6. Green mirid bug/green_mirid_bug_00980.jpg,6. Green mirid bug,1200,1600,260534,73.079,blurry,174.688,37.764,True,ok,True
6. Green mirid bug/green_mirid_bug_00981.jpg,6. Green mirid bug,1200,900,149650,80.827,blurry,176.992,38.454,True,ok,True
6. Green mirid bug/green_mirid_bug_00982.jpg,6. Green mirid bug,1200,900,156100,72.293,blurry,172.086,37.687,True,ok,True
6. Green mirid bug/green_mirid_bug_00983.jpg,6. Green mirid bug,1200,900,149799,64.386,blurry,178.0,35.355,True,ok,True
6. Green mirid bug/green_mirid_bug_00984.jpg,6. Green mirid bug,1200,1600,232607,122.922,soft,171.297,47.505,True,ok,True
6. Green mirid bug/green_mirid_bug_00985.jpg,6. Green mirid bug,1200,1600,279006,92.735,blurry,176.36,37.263,True,ok,True
6. Green mirid bug/green_mirid_bug_00986.jpg,6. Green mirid bug,1200,1600,250288,102.17,soft,178.31,54.091,True,ok,True
6. Green mirid bug/green_mirid_bug_00987.jpg,6. Green mirid bug,1200,900,148582,80.943,blurry,176.011,43.958,True,ok,True
6. Green mirid bug/green_mirid_bug_00988.jpg,6. Green mirid bug,1200,900,153596,108.094,soft,176.862,48.165,True,ok,True
6. Green mirid bug/green_mirid_bug_00989.jpg,6. Green mirid bug,1200,900,165758,88.644,blurry,168.916,45.476,True,ok,True
6. Green mirid bug/green_mirid_bug_00990.jpg,6. Green mirid bug,1200,900,148112,81.999,blurry,178.073,41.021,True,ok,True
6. Green mirid bug/green_mirid_bug_00991.jpg,6. Green mirid bug,1200,900,149085,107.471,soft,178.401,50.34,True,ok,True
6. Green mirid bug/green_mirid_bug_00992.jpg,6. Green mirid bug,1200,1600,261953,99.25,blurry,190.927,40.799,True,ok,True
6. Green mirid bug/green_mirid_bug_00993.jpg,6. Green mirid bug,1200,900,156366,148.92,soft,175.18,54.209,True,ok,True
6. Green mirid bug/green_mirid_bug_00994.jpg,6. Green mirid bug,1200,1600,266502,94.52,blurry,193.068,38.269,True,ok,True
6. Green mirid bug/green_mirid_bug_00995.jpg,6. Green mirid bug,1200,900,144747,58.532,blurry,175.837,37.199,True,ok,True
6. Green mirid bug/green_mirid_bug_00996.jpg,6. Green mirid bug,1200,1600,203733,104.54,soft,196.983,36.432,True,ok,True
6. Green mirid bug/green_mirid_bug_00997.jpg,6. Green mirid bug,1200,1600,225201,111.74,soft,192.438,36.09,True,ok,True
6. Green mirid bug/green_mirid_bug_00998.jpg,6. Green mirid bug,1200,1600,253016,76.927,blurry,193.522,39.385,True,ok,True
6. Green mirid bug/green_mirid_bug_00999.jpg,6. Green mirid bug,1200,1600,240252,77.644,blurry,190.969,42.703,True,ok,True
6. Green mirid bug/green_mirid_bug_01000.jpg,6. Green mirid bug,1200,900,157043,71.627,blurry,190.386,40.872,True,ok,True
6. Green mirid bug/green_mirid_bug_01001.jpg,6. Green mirid bug,1200,1600,251555,89.996,blurry,192.643,35.468,True,ok,True
6. Green mirid bug/green_mirid_bug_01002.jpg,6. Green mirid bug,1200,1600,271563,88.962,blurry,192.511,34.698,True,ok,True
6. Green mirid bug/green_mirid_bug_01003.jpg,6. Green mirid bug,1200,1600,212081,101.964,soft,191.771,34.662,True,ok,True
6. Green mirid bug/green_mirid_bug_01004.jpg,6. Green mirid bug,1200,900,151599,59.145,blurry,171.458,38.85,True,ok,True
6. Green mirid bug/green_mirid_bug_01005.jpg,6. Green mirid bug,1200,900,144754,49.319,blurry,175.027,39.027,True,ok,True
6. Green mirid bug/green_mirid_bug_01006.jpg,6. Green mirid bug,1200,900,146540,45.302,blurry,175.169,32.443,True,ok,True
6. Green mirid bug/green_mirid_bug_01007.jpg,6. Green mirid bug,1200,900,151414,45.365,blurry,175.175,31.176,True,ok,True
6. Green mirid bug/green_mirid_bug_01008.jpg,6. Green mirid bug,1200,900,163110,126.156,soft,175.875,46.106,True,ok,True
6. Green mirid bug/green_mirid_bug_01009.jpg,6. Green mirid bug,1200,900,158690,116.348,soft,173.792,42.994,True,ok,True
6. Green mirid bug/green_mirid_bug_01010.jpg,6. Green mirid bug,1200,900,158167,96.701,blurry,176.311,40.983,True,ok,True
6. Green mirid bug/green_mirid_bug_01011.jpg,6. Green mirid bug,1200,900,150251,87.206,blurry,177.23,39.107,True,ok,True
6. Green mirid bug/green_mirid_bug_01012.jpg,6. Green mirid bug,1200,900,146313,84.378,blurry,176.349,40.812,True,ok,True
6. Green mirid bug/green_mirid_bug_01013.jpg,6. Green mirid bug,1200,900,148722,92.19,blurry,174.571,42.047,True,ok,True
6. Green mirid bug/green_mirid_bug_01014.jpg,6. Green mirid bug,1200,900,144644,63.021,blurry,174.623,36.39,True,ok,True
6. Green mirid bug/green_mirid_bug_01015.jpg,6. Green mirid bug,1200,900,143675,66.873,blurry,174.482,35.821,True,ok,True
6. Green mirid bug/green_mirid_bug_01016.jpg,6. Green mirid bug,1200,900,151498,54.938,blurry,175.68,30.335,True,ok,True
6. Green mirid bug/green_mirid_bug_01017.jpg,6. Green mirid bug,1200,900,156737,58.483,blurry,175.394,32.42,True,ok,True
6. Green mirid bug/green_mirid_bug_01018.jpg,6. Green mirid bug,1200,900,162783,87.385,blurry,175.624,43.72,True,ok,True
6. Green mirid bug/green_mirid_bug_01019.jpg,6. Green mirid bug,1200,900,155091,94.475,blurry,177.023,45.096,True,ok,True
6. Green mirid bug/green_mirid_bug_01020.jpg,6. Green mirid bug,1200,1600,253930,36.079,blurry,172.539,35.576,True,ok,True
6. Green mirid bug/green_mirid_bug_01021.jpg,6. Green mirid bug,1200,900,144168,47.039,blurry,177.632,30.164,True,ok,True
6. Green mirid bug/green_mirid_bug_01022.jpg,6. Green mirid bug,1200,1600,324951,95.314,blurry,167.037,50.326,True,ok,True
6. Green mirid bug/green_mirid_bug_01023.jpg,6. Green mirid bug,1200,1600,326840,89.645,blurry,172.957,47.244,True,ok,True
6. Green mirid bug/green_mirid_bug_01024.jpg,6. Green mirid bug,1200,1600,309380,74.038,blurry,172.513,38.88,True,ok,True
6. Green mirid bug/green_mirid_bug_01025.jpg,6. Green mirid bug,1200,1600,292960,74.339,blurry,173.006,38.746,True,ok,True
6. Green mirid bug/green_mirid_bug_01026.jpg,6. Green mirid bug,1200,1600,363138,174.524,soft,176.313,51.098,True,ok,True
6. Green mirid bug/green_mirid_bug_01027.jpg,6. Green mirid bug,1200,1600,325925,164.851,soft,179.528,49.153,True,ok,True
6. Green mirid bug/green_mirid_bug_01028.jpg,6. Green mirid bug,1200,1600,258510,120.747,soft,135.799,58.966,True,ok,True
6. Green mirid bug/green_mirid_bug_01029.jpg,6. Green mirid bug,1200,1600,329664,247.424,soft,161.491,66.577,True,ok,True
6. Green mirid bug/green_mirid_bug_01030.jpg,6. Green mirid bug,1200,1600,307153,127.57,soft,164.989,51.689,True,ok,True
6. Green mirid bug/green_mirid_bug_01031.jpg,6. Green mirid bug,1200,1600,350259,238.742,soft,169.109,58.246,True,ok,True
6. Green mirid bug/green_mirid_bug_01032.jpg,6. Green mirid bug,1200,900,177096,119.864,soft,166.627,55.987,True,ok,True
6. Green mirid bug/green_mirid_bug_01033.jpg,6. Green mirid bug,1200,900,185587,99.157,blurry,167.091,49.02,True,ok,True
6. Green mirid bug/green_mirid_bug_01034.jpg,6. Green mirid bug,1200,1600,301217,93.039,blurry,173.45,46.234,True,ok,True
6. Green mirid bug/green_mirid_bug_01035.jpg,6. Green mirid bug,1200,900,170804,129.241,soft,167.678,54.891,True,ok,True
6. Green mirid bug/green_mirid_bug_01036.jpg,6. Green mirid bug,1200,900,173675,115.967,soft,168.375,47.711,True,ok,True
6. Green mirid bug/green_mirid_bug_01037.jpg,6. Green mirid bug,1200,1600,302544,119.928,soft,172.407,53.505,True,ok,True
6. Green mirid bug/green_mirid_bug_01038.jpg,6. Green mirid bug,1200,1600,287833,91.267,blurry,172.052,44.417,True,ok,True
6. Green mirid bug/green_mirid_bug_01039.jpg,6. Green mirid bug,1200,900,194647,146.501,soft,162.186,61.55,True,ok,True
6. Green mirid bug/green_mirid_bug_01040.jpg,6. Green mirid bug,1200,1600,314798,118.551,soft,171.068,50.015,True,ok,True
6. Green mirid bug/green_mirid_bug_01041.jpg,6. Green mirid bug,1200,900,160677,121.188,soft,173.261,56.13,True,ok,True
6. Green mirid bug/green_mirid_bug_01042.jpg,6. Green mirid bug,1200,900,171357,90.85,blurry,173.319,42.021,True,ok,True
6. Green mirid bug/green_mirid_bug_01043.jpg,6. Green mirid bug,1200,1600,213209,92.84,blurry,182.521,54.673,True,ok,True
6. Green mirid bug/green_mirid_bug_01044.jpg,6. Green mirid bug,1200,900,164446,134.489,soft,171.834,48.718,True,ok,True
6. Green mirid bug/green_mirid_bug_01045.jpg,6. Green mirid bug,1200,1600,262029,80.678,blurry,186.156,43.849,True,ok,True
6. Green mirid bug/green_mirid_bug_01046.jpg,6. Green mirid bug,1200,900,164007,136.816,soft,175.678,45.259,True,ok,True
6. Green mirid bug/green_mirid_bug_01047.jpg,6. Green mirid bug,1200,900,150318,71.577,blurry,173.712,41.251,True,ok,True
6. Green mirid bug/green_mirid_bug_01048.jpg,6. Green mirid bug,1200,900,153532,72.993,blurry,170.892,36.964,True,ok,True
6. Green mirid bug/green_mirid_bug_01049.jpg,6. Green mirid bug,1200,900,157078,71.279,blurry,170.83,36.509,True,ok,True
6. Green mirid bug/green_mirid_bug_01050.jpg,6. Green mirid bug,1200,1600,258099,106.102,soft,187.866,40.275,True,ok,True
6. Green mirid bug/green_mirid_bug_01051.jpg,6. Green mirid bug,1200,1600,269533,138.156,soft,187.991,40.48,True,ok,True
6. Green mirid bug/green_mirid_bug_01052.jpg,6. Green mirid bug,1200,900,168755,123.636,soft,171.217,46.96,True,ok,True
6. Green mirid bug/green_mirid_bug_01053.jpg,6. Green mirid bug,1200,1600,194660,132.629,soft,183.65,42.748,True,ok,True
6. Green mirid bug/green_mirid_bug_01054.jpg,6. Green mirid bug,1200,900,171943,96.056,blurry,174.235,42.964,True,ok,True
6. Green mirid bug/green_mirid_bug_01055.jpg,6. Green mirid bug,1200,900,163647,88.208,blurry,171.213,50.365,True,ok,True
6. Green mirid bug/green_mirid_bug_01056.jpg,6. Green mirid bug,1200,1600,269286,180.628,soft,175.176,64.391,True,ok,True
6. Green mirid bug/green_mirid_bug_01057.jpg,6. Green mirid bug,1200,1600,278137,120.57,soft,178.503,43.748,True,ok,True
6. Green mirid bug/green_mirid_bug_01058.jpg,6. Green mirid bug,1200,900,166593,86.136,blurry,168.425,41.397,True,ok,True
6. Green mirid bug/green_mirid_bug_01059.jpg,6. Green mirid bug,1200,900,158268,64.24,blurry,175.264,33.274,True,ok,True
6. Green mirid bug/green_mirid_bug_01060.jpg,6. Green mirid bug,1200,1600,226423,195.701,soft,181.623,52.666,True,ok,True
6. Green mirid bug/green_mirid_bug_01061.jpg,6. Green mirid bug,1200,1600,254073,160.492,soft,184.003,44.614,True,ok,True
6. Green mirid bug/green_mirid_bug_01062.jpg,6. Green mirid bug,1200,1600,240857,152.918,soft,179.157,48.193,True,ok,True
6. Green mirid bug/green_mirid_bug_01063.jpg,6. Green mirid bug,1200,1600,243616,154.952,soft,184.804,53.786,True,ok,True
6. Green mirid bug/green_mirid_bug_01064.jpg,6. Green mirid bug,1200,1600,253848,192.393,soft,175.612,59.598,True,ok,True
6. Green mirid bug/green_mirid_bug_01065.jpg,6. Green mirid bug,1200,1600,301837,191.465,soft,183.022,50.013,True,ok,True
6. Green mirid bug/green_mirid_bug_01066.jpg,6. Green mirid bug,1200,1600,249732,107.82,soft,145.038,46.927,True,ok,True
6. Green mirid bug/green_mirid_bug_01067.jpg,6. Green mirid bug,1200,1600,249885,148.454,soft,171.268,63.557,True,ok,True
6. Green mirid bug/green_mirid_bug_01068.jpg,6. Green mirid bug,1200,1600,328708,145.461,soft,175.138,52.076,True,ok,True
6. Green mirid bug/green_mirid_bug_01069.jpg,6. Green mirid bug,1200,1600,254122,66.975,blurry,197.381,37.39,True,ok,True
6. Green mirid bug/green_mirid_bug_01070.jpg,6. Green mirid bug,1200,1600,270380,76.276,blurry,195.018,37.899,True,ok,True
6. Green mirid bug/green_mirid_bug_01071.jpg,6. Green mirid bug,1200,1600,241138,74.937,blurry,197.323,30.581,True,ok,True
6. Green mirid bug/green_mirid_bug_01072.jpg,6. Green mirid bug,1200,1600,274363,73.024,blurry,159.651,33.961,True,ok,True
6. Green mirid bug/green_mirid_bug_01073.jpg,6. Green mirid bug,1200,1600,276657,73.183,blurry,155.366,32.593,True,ok,True
6. Green mirid bug/green_mirid_bug_01074.jpg,6. Green mirid bug,1200,1600,264354,94.679,blurry,199.802,38.056,True,ok,True
6. Green mirid bug/green_mirid_bug_01075.jpg,6. Green mirid bug,1200,1600,217480,89.333,blurry,192.353,36.401,True,ok,True
6. Green mirid bug/green_mirid_bug_01076.jpg,6. Green mirid bug,1200,1600,211185,78.412,blurry,189.238,37.079,True,ok,True
6. Green mirid bug/green_mirid_bug_01077.jpg,6. Green mirid bug,1200,1600,250602,87.952,blurry,196.508,37.412,True,ok,True
6. Green mirid bug/green_mirid_bug_01078.jpg,6. Green mirid bug,1200,1600,246012,63.195,blurry,153.806,34.445,True,ok,True
6. Green mirid bug/green_mirid_bug_01079.jpg,6. Green mirid bug,1200,1600,203275,90.844,blurry,186.399,54.866,True,ok,True
6. Green mirid bug/green_mirid_bug_01080.jpg,6. Green mirid bug,1200,1600,233177,112.376,soft,183.484,50.686,True,ok,True
6. Green mirid bug/green_mirid_bug_01081.jpg,6. Green mirid bug,1200,1600,272157,91.957,blurry,151.694,39.354,True,ok,True
6. Green mirid bug/green_mirid_bug_01082.jpg,6. Green mirid bug,1200,1600,248447,113.362,soft,189.955,47.304,True,ok,True
6. Green mirid bug/green_mirid_bug_01083.jpg,6. Green mirid bug,1200,1600,252818,131.443,soft,180.685,54.098,True,ok,True
6. Green mirid bug/green_mirid_bug_01084.jpg,6. Green mirid bug,1200,1600,229455,100.752,soft,180.717,51.843,True,ok,True
6. Green mirid bug/green_mirid_bug_01085.jpg,6. Green mirid bug,1200,1600,242701,95.008,blurry,181.054,42.292,True,ok,True
6. Green mirid bug/green_mirid_bug_01086.jpg,6. Green mirid bug,1200,1600,263889,97.325,blurry,179.317,44.11,True,ok,True
6. Green mirid bug/green_mirid_bug_01087.jpg,6. Green mirid bug,1200,900,166364,128.862,soft,167.441,59.264,True,ok,True
6. Green mirid bug/green_mirid_bug_01088.jpg,6. Green mirid bug,1200,1600,258891,141.706,soft,172.994,54.57,True,ok,True
6. Green mirid bug/green_mirid_bug_01089.jpg,6. Green mirid bug,1200,1600,279713,134.941,soft,174.146,57.567,True,ok,True
6. Green mirid bug/green_mirid_bug_01090.jpg,6. Green mirid bug,1200,1600,265700,101.491,soft,174.178,44.494,True,ok,True
6. Green mirid bug/green_mirid_bug_01091.jpg,6. Green mirid bug,1200,1600,220992,75.586,blurry,168.466,45.892,True,ok,True
6. Green mirid bug/green_mirid_bug_01092.jpg,6. Green mirid bug,1200,1600,261835,90.361,blurry,143.013,39.605,True,ok,True
6. Green mirid bug/green_mirid_bug_01093.jpg,6. Green mirid bug,1200,1600,242769,120.862,soft,177.247,60.687,True,ok,True
6. Green mirid bug/green_mirid_bug_01094.jpg,6. Green mirid bug,1200,1600,243804,129.256,soft,173.611,58.738,True,ok,True
6. Green mirid bug/green_mirid_bug_01095.jpg,6. Green mirid bug,1200,1600,239029,133.364,soft,182.92,55.033,True,ok,True
6. Green mirid bug/green_mirid_bug_01096.jpg,6. Green mirid bug,1200,1600,269731,129.481,soft,182.806,46.137,True,ok,True
6. Green mirid bug/green_mirid_bug_01097.jpg,6. Green mirid bug,1200,1600,277863,106.221,soft,146.011,40.968,True,ok,True
6. Green mirid bug/green_mirid_bug_01098.jpg,6. Green mirid bug,1200,900,135898,34.886,blurry,173.917,30.401,True,ok,True
6. Green mirid bug/green_mirid_bug_01099.jpg,6. Green mirid bug,1200,900,135154,35.536,blurry,176.603,29.178,True,ok,True
6. Green mirid bug/green_mirid_bug_01100.jpg,6. Green mirid bug,1200,900,155459,115.708,soft,173.24,47.973,True,ok,True
6. Green mirid bug/green_mirid_bug_01101.jpg,6. Green mirid bug,1200,900,154061,132.408,soft,176.803,38.743,True,ok,True
6. Green mirid bug/green_mirid_bug_01102.jpg,6. Green mirid bug,1200,1600,277822,100.206,soft,169.83,39.541,True,ok,True
6. Green mirid bug/green_mirid_bug_01103.jpg,6. Green mirid bug,1200,900,155221,140.997,soft,173.624,48.863,True,ok,True
6. Green mirid bug/green_mirid_bug_01104.jpg,6. Green mirid bug,1200,900,155336,95.231,blurry,172.207,44.458,True,ok,True
6. Green mirid bug/green_mirid_bug_01105.jpg,6. Green mirid bug,1200,900,137494,76.192,blurry,173.895,37.199,True,ok,True
6. Green mirid bug/green_mirid_bug_01106.jpg,6. Green mirid bug,1200,900,141803,90.815,blurry,175.056,35.758,True,ok,True
6. Green mirid bug/green_mirid_bug_01107.jpg,6. Green mirid bug,1200,1600,283295,114.238,soft,171.387,45.361,True,ok,True
6. Green mirid bug/green_mirid_bug_01108.jpg,6. Green mirid bug,1200,1600,279301,107.737,soft,170.832,43.584,True,ok,True
6. Green mirid bug/green_mirid_bug_01109.jpg,6. Green mirid bug,1200,900,159427,121.15,soft,169.483,39.352,True,ok,True
6. Green mirid bug/green_mirid_bug_01110.jpg,6. Green mirid bug,1200,1600,303516,93.921,blurry,166.658,44.448,True,ok,True
6. Green mirid bug/green_mirid_bug_01111.jpg,6. Green mirid bug,1200,900,168534,70.487,blurry,167.27,42.534,True,ok,True
6. Green mirid bug/green_mirid_bug_01112.jpg,6. Green mirid bug,1200,900,174838,143.786,soft,169.172,53.351,True,ok,True
6. Green mirid bug/green_mirid_bug_01113.jpg,6. Green mirid bug,1200,900,180733,124.646,soft,168.437,45.62,True,ok,True
6. Green mirid bug/green_mirid_bug_01114.jpg,6. Green mirid bug,1200,900,150247,114.291,soft,174.449,39.103,True,ok,True
6. Green mirid bug/green_mirid_bug_01115.jpg,6. Green mirid bug,1200,900,144239,77.295,blurry,173.168,34.136,True,ok,True
6. Green mirid bug/green_mirid_bug_01116.jpg,6. Green mirid bug,1200,900,139427,68.522,blurry,174.565,30.799,True,ok,True
6. Green mirid bug/green_mirid_bug_01117.jpg,6. Green mirid bug,1200,900,138697,50.407,blurry,177.645,25.984,True,ok,True
6. Green mirid bug/green_mirid_bug_01118.jpg,6. Green mirid bug,1200,1600,230748,109.023,soft,164.912,64.708,True,ok,True
6. Green mirid bug/green_mirid_bug_01119.jpg,6. Green mirid bug,1200,1600,242962,135.854,soft,167.632,65.159,True,ok,True
6. Green mirid bug/green_mirid_bug_01120.jpg,6. Green mirid bug,1200,1600,293298,101.552,soft,182.119,44.907,True,ok,True
6. Green mirid bug/green_mirid_bug_01121.jpg,6. Green mirid bug,1200,1600,282425,121.147,soft,182.335,47.137,True,ok,True
6. Green mirid bug/green_mirid_bug_01122.jpg,6. Green mirid bug,1200,900,139814,73.001,blurry,176.326,33.688,True,ok,True
6. Green mirid bug/green_mirid_bug_01123.jpg,6. Green mirid bug,1200,900,142631,78.146,blurry,171.502,36.975,True,ok,True
6. Green mirid bug/green_mirid_bug_01124.jpg,6. Green mirid bug,1200,900,158817,184.04,soft,172.488,41.489,True,ok,True
6. Green mirid bug/green_mirid_bug_01125.jpg,6. Green mirid bug,1200,900,151510,119.031,soft,171.97,41.785,True,ok,True
6. Green mirid bug/green_mirid_bug_01126.jpg,6. Green mirid bug,1200,1600,205277,89.43,blurry,186.432,39.419,True,ok,True
6. Green mirid bug/green_mirid_bug_01127.jpg,6. Green mirid bug,1200,1600,200010,74.566,blurry,177.889,38.6,True,ok,True
6. Green mirid bug/green_mirid_bug_01128.jpg,6. Green mirid bug,1200,1600,213390,75.099,blurry,191.148,39.219,True,ok,True
6. Green mirid bug/green_mirid_bug_01129.jpg,6. Green mirid bug,1200,900,172354,110.229,soft,171.963,41.734,True,ok,True
6. Green mirid bug/green_mirid_bug_01130.jpg,6. Green mirid bug,1200,1600,260938,83.256,blurry,193.61,36.71,True,ok,True
6. Green mirid bug/green_mirid_bug_01131.jpg,6. Green mirid bug,1200,900,150712,93.669,blurry,173.332,44.324,True,ok,True
6. Green mirid bug/green_mirid_bug_01132.jpg,6. Green mirid bug,1200,900,155275,75.797,blurry,175.904,41.644,True,ok,True
6. Green mirid bug/green_mirid_bug_01133.jpg,6. Green mirid bug,1200,900,153690,115.206,soft,173.804,51.167,True,ok,True
6. Green mirid bug/green_mirid_bug_01134.jpg,6. Green mirid bug,1200,900,166001,95.028,blurry,172.81,43.479,True,ok,True
6. Green mirid bug/green_mirid_bug_01135.jpg,6. Green mirid bug,1200,1600,249157,115.456,soft,183.628,46.523,True,ok,True
6. Green mirid bug/green_mirid_bug_01136.jpg,6. Green mirid bug,1200,1600,272582,81.038,blurry,177.205,41.946,True,ok,True
6. Green mirid bug/green_mirid_bug_01137.jpg,6. Green mirid bug,1200,900,159397,70.213,blurry,173.404,35.619,True,ok,True
6. Green mirid bug/green_mirid_bug_01138.jpg,6. Green mirid bug,1200,1600,264981,76.862,blurry,173.685,39.588,True,ok,True
6. Green mirid bug/green_mirid_bug_01139.jpg,6. Green mirid bug,1200,1600,292438,105.178,soft,174.649,40.011,True,ok,True
6. Green mirid bug/green_mirid_bug_01140.jpg,6. Green mirid bug,1200,900,156079,83.08,blurry,173.571,42.482,True,ok,True
6. Green mirid bug/green_mirid_bug_01141.jpg,6. Green mirid bug,1200,1600,272255,68.602,blurry,178.822,34.435,True,ok,True
6. Green mirid bug/green_mirid_bug_01142.jpg,6. Green mirid bug,1200,1600,213911,104.5,soft,192.969,36.514,True,ok,True
6. Green mirid bug/green_mirid_bug_01143.jpg,6. Green mirid bug,1200,1600,229712,83.069,blurry,192.222,33.262,True,ok,True
6. Green mirid bug/green_mirid_bug_01144.jpg,6. Green mirid bug,1200,900,154942,97.609,blurry,175.916,44.374,True,ok,True
6. Green mirid bug/green_mirid_bug_01145.jpg,6. Green mirid bug,1200,1600,275031,85.94,blurry,170.313,38.663,True,ok,True
6. Green mirid bug/green_mirid_bug_01146.jpg,6. Green mirid bug,1200,1600,262201,69.816,blurry,172.341,38.086,True,ok,True
6. Green mirid bug/green_mirid_bug_01147.jpg,6. Green mirid bug,1200,1600,272942,64.139,blurry,172.398,36.653,True,ok,True
6. Green mirid bug/green_mirid_bug_01148.jpg,6. Green mirid bug,1200,1600,302419,130.846,soft,173.261,54.468,True,ok,True
6. Green mirid bug/green_mirid_bug_01149.jpg,6. Green mirid bug,1200,1600,320496,75.981,blurry,163.213,47.639,True,ok,True
6. Green mirid bug/green_mirid_bug_01150.jpg,6. Green mirid bug,1200,1600,379015,402.954,sharp,149.95,71.519,True,ok,True
6. Green mirid bug/green_mirid_bug_01151.jpg,6. Green mirid bug,1200,1600,352770,184.819,soft,152.806,62.479,True,ok,True
6. Green mirid bug/green_mirid_bug_01152.jpg,6. Green mirid bug,1200,900,173401,89.696,blurry,171.826,40.761,True,ok,True
6. Green mirid bug/green_mirid_bug_01153.jpg,6. Green mirid bug,1200,900,173050,125.232,soft,166.847,54.078,True,ok,True
6. Green mirid bug/green_mirid_bug_01154.jpg,6. Green mirid bug,1200,900,189934,141.211,soft,163.459,58.294,True,ok,True
6. Green mirid bug/green_mirid_bug_01155.jpg,6. Green mirid bug,1200,900,174030,115.964,soft,163.247,46.76,True,ok,True
6. Green mirid bug/green_mirid_bug_01156.jpg,6. Green mirid bug,1200,1600,347471,215.979,soft,186.691,48.387,True,ok,True
6. Green mirid bug/green_mirid_bug_01157.jpg,6. Green mirid bug,1200,1600,326253,209.873,soft,187.907,52.63,True,ok,True
6. Green mirid bug/green_mirid_bug_01158.jpg,6. Green mirid bug,1200,900,153619,70.562,blurry,169.487,44.877,True,ok,True
6. Green mirid bug/green_mirid_bug_01159.jpg,6. Green mirid bug,1200,1600,323246,195.854,soft,190.354,46.871,True,ok,True
6. Green mirid bug/green_mirid_bug_01160.jpg,6. Green mirid bug,1200,900,156478,67.535,blurry,172.524,36.627,True,ok,True
6. Green mirid bug/green_mirid_bug_01161.jpg,6. Green mirid bug,1200,1600,349504,158.5,soft,193.227,38.561,True,ok,True
6. Green mirid bug/green_mirid_bug_01162.jpg,6. Green mirid bug,1200,1600,309677,234.188,soft,182.965,55.37,True,ok,True
6. Green mirid bug/green_mirid_bug_01163.jpg,6. Green mirid bug,1200,1600,335300,234.053,soft,180.146,54.538,True,ok,True
6. Green mirid bug/green_mirid_bug_01164.jpg,6. Green mirid bug,1200,900,184429,137.074,soft,158.376,60.031,True,ok,True
6. Green mirid bug/green_mirid_bug_01165.jpg,6. Green mirid bug,1200,900,181947,117.043,soft,168.254,46.012,True,ok,True
6. Green mirid bug/green_mirid_bug_01166.jpg,6. Green mirid bug,1200,900,163847,159.586,soft,175.246,51.298,True,ok,True
6. Green mirid bug/green_mirid_bug_01167.jpg,6. Green mirid bug,1200,900,178541,138.074,soft,171.479,49.947,True,ok,True
6. Green mirid bug/green_mirid_bug_01168.jpg,6. Green mirid bug,1200,1600,286327,97.787,blurry,177.069,41.071,True,ok,True
6. Green mirid bug/green_mirid_bug_01169.jpg,6. Green mirid bug,1200,900,169601,74.083,blurry,167.926,39.608,True,ok,True
6. Green mirid bug/green_mirid_bug_01170.jpg,6. Green mirid bug,1200,900,154992,106.883,soft,177.05,47.118,True,ok,True
6. Green mirid bug/green_mirid_bug_01171.jpg,6. Green mirid bug,1200,1600,306637,178.284,soft,179.799,56.606,True,ok,True
6. Green mirid bug/green_mirid_bug_01172.jpg,6. Green mirid bug,1200,900,166539,102.241,soft,171.736,43.405,True,ok,True
6. Green mirid bug/green_mirid_bug_01173.jpg,6. Green mirid bug,1200,1600,314006,153.177,soft,180.837,55.32,True,ok,True
6. Green mirid bug/green_mirid_bug_01174.jpg,6. Green mirid bug,1200,900,155391,96.305,blurry,173.557,47.119,True,ok,True
6. Green mirid bug/green_mirid_bug_01175.jpg,6. Green mirid bug,1200,900,146147,86.708,blurry,175.874,40.739,True,ok,True
6. Green mirid bug/green_mirid_bug_01176.jpg,6. Green mirid bug,1200,900,155318,109.131,soft,172.403,39.099,True,ok,True
6. Green mirid bug/green_mirid_bug_01177.jpg,6. Green mirid bug,1200,900,166908,141.645,soft,169.266,51.13,True,ok,True
6. Green mirid bug/green_mirid_bug_01178.jpg,6. Green mirid bug,1200,900,166184,125.046,soft,173.383,44.897,True,ok,True
6. Green mirid bug/green_mirid_bug_01179.jpg,6. Green mirid bug,1200,900,154199,73.677,blurry,178.492,36.367,True,ok,True
6. Green mirid bug/green_mirid_bug_01180.jpg,6. Green mirid bug,1200,900,147060,71.779,blurry,175.176,43.26,True,ok,True
6. Green mirid bug/green_mirid_bug_01181.jpg,6. Green mirid bug,1200,1600,258619,123.082,soft,178.247,62.784,True,ok,True
6. Green mirid bug/green_mirid_bug_01182.jpg,6. Green mirid bug,1200,1600,362813,143.821,soft,167.755,47.759,True,ok,True
6. Green mirid bug/green_mirid_bug_01183.jpg,6. Green mirid bug,1200,1600,217245,150.452,soft,195.185,35.744,True,ok,True
6. Green mirid bug/green_mirid_bug_01184.jpg,6. Green mirid bug,1200,1600,207573,95.528,blurry,198.034,32.278,True,ok,True
6. Green mirid bug/green_mirid_bug_01185.jpg,6. Green mirid bug,1200,1600,308680,95.968,blurry,195.252,31.147,True,ok,True
6. Green mirid bug/green_mirid_bug_01186.jpg,6. Green mirid bug,1200,900,151476,52.855,blurry,175.174,36.139,True,ok,True
6. Green mirid bug/green_mirid_bug_01187.jpg,6. Green mirid bug,1200,900,148896,93.293,blurry,176.563,42.598,True,ok,True
6. Green mirid bug/green_mirid_bug_01188.jpg,6. Green mirid bug,1200,900,145145,79.758,blurry,176.06,36.922,True,ok,True
6. Green mirid bug/green_mirid_bug_01189.jpg,6. Green mirid bug,1200,1600,278556,90.81,blurry,172.709,42.285,True,ok,True
6. Green mirid bug/green_mirid_bug_01190.jpg,6. Green mirid bug,1200,900,172660,136.223,soft,171.011,54.716,True,ok,True
6. Green mirid bug/green_mirid_bug_01191.jpg,6. Green mirid bug,1200,900,177266,97.161,blurry,171.351,45.734,True,ok,True
6. Green mirid bug/green_mirid_bug_01192.jpg,6. Green mirid bug,1200,1600,316212,133.282,soft,164.527,58.063,True,ok,True
6. Green mirid bug/green_mirid_bug_01193.jpg,6. Green mirid bug,1200,900,179317,100.805,soft,164.704,51.257,True,ok,True
6. Green mirid bug/green_mirid_bug_01194.jpg,6. Green mirid bug,1200,900,176050,181.05,soft,168.774,56.096,True,ok,True
6. Green mirid bug/green_mirid_bug_01195.jpg,6. Green mirid bug,1200,1600,333306,168.412,soft,166.299,54.069,True,ok,True
6. Green mirid bug/green_mirid_bug_01196.jpg,6. Green mirid bug,1200,900,159938,115.258,soft,172.792,59.389,True,ok,True
6. Green mirid bug/green_mirid_bug_01197.jpg,6. Green mirid bug,1200,1600,288121,112.102,soft,171.491,47.728,True,ok,True
6. Green mirid bug/green_mirid_bug_01198.jpg,6. Green mirid bug,1200,1600,291748,111.662,soft,176.114,44.413,True,ok,True
6. Green mirid bug/green_mirid_bug_01199.jpg,6. Green mirid bug,1200,900,162627,92.647,blurry,176.439,37.681,True,ok,True
6. Green mirid bug/green_mirid_bug_01200.jpg,6. Green mirid bug,1200,1600,292650,122.358,soft,168.407,56.487,True,ok,True
6. Green mirid bug/green_mirid_bug_01201.jpg,6. Green mirid bug,1200,1600,338115,160.245,soft,167.154,57.24,True,ok,True
6. Green mirid bug/green_mirid_bug_01202.jpg,6. Green mirid bug,1200,1600,334692,182.16,soft,160.718,65.106,True,ok,True
6. Green mirid bug/green_mirid_bug_01203.jpg,6. Green mirid bug,1200,1600,328946,148.021,soft,166.381,53.515,True,ok,True
6. Green mirid bug/green_mirid_bug_01204.jpg,6. Green mirid bug,1200,1600,259916,191.133,soft,158.478,68.312,True,ok,True
6. Green mirid bug/green_mirid_bug_01205.jpg,6. Green mirid bug,1200,1600,373675,144.74,soft,165.81,50.9,True,ok,True
6. Green mirid bug/green_mirid_bug_01206.jpg,6. Green mirid bug,1200,1600,337153,400.98,sharp,172.494,58.271,True,ok,True
6. Green mirid bug/green_mirid_bug_01207.jpg,6. Green mirid bug,1200,1600,315518,192.343,soft,180.493,45.844,True,ok,True
6. Green mirid bug/green_mirid_bug_01208.jpg,6. Green mirid bug,1200,1600,330057,270.576,soft,153.7,75.672,True,ok,True
6. Green mirid bug/green_mirid_bug_01209.jpg,6. Green mirid bug,1200,1600,430622,319.502,sharp,157.975,60.018,True,ok,True
6. Green mirid bug/green_mirid_bug_01210.jpg,6. Green mirid bug,1200,1600,300766,226.965,soft,158.78,75.836,True,ok,True
6. Green mirid bug/green_mirid_bug_01211.jpg,6. Green mirid bug,1200,1600,295677,186.262,soft,171.997,66.403,True,ok,True
6. Green mirid bug/green_mirid_bug_01212.jpg,6. Green mirid bug,1200,1600,274066,145.112,soft,176.895,57.519,True,ok,True
6. Green mirid bug/green_mirid_bug_01213.jpg,6. Green mirid bug,1200,1600,278469,166.938,soft,187.478,50.698,True,ok,True
6. Green mirid bug/green_mirid_bug_01214.jpg,6. Green mirid bug,1200,1600,319087,144.389,soft,194.083,40.515,True,ok,True
6. Green mirid bug/green_mirid_bug_01215.jpg,6. Green mirid bug,1200,900,144277,63.608,blurry,171.867,34.77,True,ok,True
6. Green mirid bug/green_mirid_bug_01216.jpg,6. Green mirid bug,1200,1600,297036,136.234,soft,194.94,38.303,True,ok,True
6. Green mirid bug/green_mirid_bug_01217.jpg,6. Green mirid bug,1200,1600,284219,84.454,blurry,174.561,35.489,True,ok,True
6. Green mirid bug/green_mirid_bug_01218.jpg,6. Green mirid bug,1200,1600,323562,157.783,soft,167.343,57.328,True,ok,True
6. Green mirid bug/green_mirid_bug_01219.jpg,6. Green mirid bug,1200,1600,352553,168.65,soft,165.082,53.836,True,ok,True
6. Green mirid bug/green_mirid_bug_01220.jpg,6. Green mirid bug,1200,1600,310789,201.456,soft,183.682,52.49,True,ok,True
6. Green mirid bug/green_mirid_bug_01221.jpg,6. Green mirid bug,1200,1600,288406,160.064,soft,172.02,54.067,True,ok,True
6. Green mirid bug/green_mirid_bug_01222.jpg,6. Green mirid bug,1200,900,185002,156.8,soft,168.23,50.214,True,ok,True
6. Green mirid bug/green_mirid_bug_01223.jpg,6. Green mirid bug,1200,1600,331968,155.747,soft,187.953,45.054,True,ok,True
6. Green mirid bug/green_mirid_bug_01224.jpg,6. Green mirid bug,1200,1600,267232,181.465,soft,171.001,65.851,True,ok,True
6. Green mirid bug/green_mirid_bug_01225.jpg,6. Green mirid bug,1200,900,178720,99.346,blurry,169.208,46.624,True,ok,True
6. Green mirid bug/green_mirid_bug_01226.jpg,6. Green mirid bug,1200,1600,286417,194.767,soft,175.0,57.884,True,ok,True
6. Green mirid bug/green_mirid_bug_01227.jpg,6. Green mirid bug,1200,900,175548,174.301,soft,172.123,61.053,True,ok,True
6. Green mirid bug/green_mirid_bug_01228.jpg,6. Green mirid bug,1200,1600,349376,138.819,soft,169.078,51.876,True,ok,True
6. Green mirid bug/green_mirid_bug_01229.jpg,6. Green mirid bug,1200,1600,234989,72.603,blurry,196.557,23.638,True,ok,True
6. Green mirid bug/green_mirid_bug_01230.jpg,6. Green mirid bug,1200,1600,305857,140.359,soft,174.913,52.853,True,ok,True
6. Green mirid bug/green_mirid_bug_01231.jpg,6. Green mirid bug,1200,1600,310958,97.691,blurry,172.821,46.45,True,ok,True
6. Green mirid bug/green_mirid_bug_01232.jpg,6. Green mirid bug,1200,1600,296834,83.596,blurry,198.725,25.723,True,ok,True
6. Green mirid bug/green_mirid_bug_01233.jpg,6. Green mirid bug,1200,1600,322672,80.43,blurry,172.828,25.751,True,ok,True
6. Green mirid bug/green_mirid_bug_01234.jpg,6. Green mirid bug,1200,1600,256384,96.979,blurry,191.377,44.284,True,ok,True
6. Green mirid bug/green_mirid_bug_01235.jpg,6. Green mirid bug,1200,1600,315508,124.189,soft,164.225,56.464,True,ok,True
6. Green mirid bug/green_mirid_bug_01236.jpg,6. Green mirid bug,1200,1600,270679,91.506,blurry,195.757,37.672,True,ok,True
6. Green mirid bug/green_mirid_bug_01237.jpg,6. Green mirid bug,1200,1600,269662,102.749,soft,194.489,37.529,True,ok,True
6. Green mirid bug/green_mirid_bug_01238.jpg,6. Green mirid bug,1200,1600,256539,82.793,blurry,193.691,42.179,True,ok,True
6. Green mirid bug/green_mirid_bug_01239.jpg,6. Green mirid bug,1200,1600,279496,79.694,blurry,196.886,33.136,True,ok,True
6. Green mirid bug/green_mirid_bug_01240.jpg,6. Green mirid bug,1200,1600,277488,91.737,blurry,198.921,31.546,True,ok,True
6. Green mirid bug/green_mirid_bug_01241.jpg,6. Green mirid bug,1200,900,156204,68.858,blurry,174.999,46.459,True,ok,True
6. Green mirid bug/green_mirid_bug_01242.jpg,6. Green mirid bug,1200,900,164329,83.834,blurry,172.577,42.872,True,ok,True
6. Green mirid bug/green_mirid_bug_01243.jpg,6. Green mirid bug,1200,1600,220178,123.017,soft,193.885,42.982,True,ok,True
6. Green mirid bug/green_mirid_bug_01244.jpg,6. Green mirid bug,1200,1600,236855,119.944,soft,188.535,43.511,True,ok,True
6. Green mirid bug/green_mirid_bug_01245.jpg,6. Green mirid bug,1200,1600,230291,124.617,soft,194.558,36.562,True,ok,True
6. Green mirid bug/green_mirid_bug_01246.jpg,6. Green mirid bug,1200,1600,233220,120.073,soft,194.403,34.87,True,ok,True
6. Green mirid bug/green_mirid_bug_01247.jpg,6. Green mirid bug,1200,1600,344238,111.187,soft,194.112,31.903,True,ok,True
6. Green mirid bug/green_mirid_bug_01248.jpg,6. Green mirid bug,1200,1600,236509,111.339,soft,197.1,31.441,True,ok,True
6. Green mirid bug/green_mirid_bug_01249.jpg,6. Green mirid bug,1200,1600,226058,113.131,soft,194.472,34.849,True,ok,True
6. Green mirid bug/green_mirid_bug_01250.jpg,6. Green mirid bug,1200,1600,267989,109.0,soft,195.081,34.96,True,ok,True
6. Green mirid bug/green_mirid_bug_01251.jpg,6. Green mirid bug,1200,1600,225349,109.359,soft,191.347,40.792,True,ok,True
6. Green mirid bug/green_mirid_bug_01252.jpg,6. Green mirid bug,1200,1600,222333,101.943,soft,189.625,40.422,True,ok,True
6. Green mirid bug/green_mirid_bug_01253.jpg,6. Green mirid bug,1200,1600,278376,89.988,blurry,193.751,38.57,True,ok,True
6. Green mirid bug/green_mirid_bug_01254.jpg,6. Green mirid bug,1200,1600,285901,119.114,soft,193.717,39.895,True,ok,True
6. Green mirid bug/green_mirid_bug_01255.jpg,6. Green mirid bug,1200,1600,271930,59.281,blurry,196.896,32.093,True,ok,True
6. Green mirid bug/green_mirid_bug_01256.jpg,6. Green mirid bug,1200,1600,271936,59.303,blurry,199.355,26.466,True,ok,True
6. Green mirid bug/green_mirid_bug_01257.jpg,6. Green mirid bug,1200,1600,238627,75.653,blurry,194.718,39.285,True,ok,True
6. Green mirid bug/green_mirid_bug_01258.jpg,6. Green mirid bug,1200,1600,275813,117.71,soft,197.528,36.846,True,ok,True
6. Green mirid bug/green_mirid_bug_01259.jpg,6. Green mirid bug,1200,1600,304426,168.463,soft,182.663,49.572,True,ok,True
6. Green mirid bug/green_mirid_bug_01260.jpg,6. Green mirid bug,1200,1600,311722,131.511,soft,185.52,40.544,True,ok,True
6. Green mirid bug/green_mirid_bug_01261.jpg,6. Green mirid bug,1200,1600,263827,128.904,soft,192.232,39.067,True,ok,True
6. Green mirid bug/green_mirid_bug_01262.jpg,6. Green mirid bug,1200,1600,274401,148.699,soft,175.591,52.616,True,ok,True
6. Green mirid bug/green_mirid_bug_01263.jpg,6. Green mirid bug,1200,1600,299402,113.282,soft,163.594,43.179,True,ok,True
6. Green mirid bug/green_mirid_bug_01264.jpg,6. Green mirid bug,1200,1600,276277,85.449,blurry,184.943,46.106,True,ok,True
6. Green mirid bug/green_mirid_bug_01265.jpg,6. Green mirid bug,1200,1600,284197,99.047,blurry,188.945,35.337,True,ok,True
6. Green mirid bug/green_mirid_bug_01266.jpg,6. Green mirid bug,1200,1600,280529,91.539,blurry,189.85,37.558,True,ok,True
6. Green mirid bug/green_mirid_bug_01267.jpg,6. Green mirid bug,1200,900,180302,94.453,blurry,168.85,44.785,True,ok,True
6. Green mirid bug/green_mirid_bug_01268.jpg,6. Green mirid bug,1200,1600,309664,90.663,blurry,187.076,43.882,True,ok,True
6. Green mirid bug/green_mirid_bug_01269.jpg,6. Green mirid bug,1200,1600,293220,106.584,soft,173.268,47.717,True,ok,True
6. Green mirid bug/green_mirid_bug_01270.jpg,6. Green mirid bug,1200,1600,308639,134.045,soft,167.993,53.172,True,ok,True
6. Green mirid bug/green_mirid_bug_01271.jpg,6. Green mirid bug,1200,1600,333979,142.764,soft,171.617,47.735,True,ok,True
6. Green mirid bug/green_mirid_bug_01272.jpg,6. Green mirid bug,1200,900,149262,95.864,blurry,175.382,39.052,True,ok,True
6. Green mirid bug/green_mirid_bug_01273.jpg,6. Green mirid bug,1200,1600,292255,94.101,blurry,175.998,40.544,True,ok,True
6. Green mirid bug/green_mirid_bug_01274.jpg,6. Green mirid bug,1200,1600,299130,73.367,blurry,168.298,44.191,True,ok,True
6. Green mirid bug/green_mirid_bug_01275.jpg,6. Green mirid bug,1200,1600,280659,77.335,blurry,176.102,37.23,True,ok,True
6. Green mirid bug/green_mirid_bug_01276.jpg,6. Green mirid bug,1200,1600,274089,67.565,blurry,177.563,31.981,True,ok,True
6. Green mirid bug/green_mirid_bug_01277.jpg,6. Green mirid bug,1200,1600,277632,38.198,blurry,200.35,21.479,True,ok,True
6. Green mirid bug/green_mirid_bug_01278.jpg,6. Green mirid bug,1200,1600,256285,37.959,blurry,198.64,19.875,True,ok,True
6. Green mirid bug/green_mirid_bug_01279.jpg,6. Green mirid bug,1200,1600,284942,75.655,blurry,195.373,30.936,True,ok,True
6. Green mirid bug/green_mirid_bug_01280.jpg,6. Green mirid bug,1200,1600,294322,76.444,blurry,194.991,30.154,True,ok,True
6. Green mirid bug/green_mirid_bug_01281.jpg,6. Green mirid bug,1200,1600,282846,82.159,blurry,172.222,39.006,True,ok,True
6. Green mirid bug/green_mirid_bug_01282.jpg,6. Green mirid bug,1200,900,142387,64.811,blurry,172.032,35.436,True,ok,True
7. Healthy leaf/healthy_00001.jpg,7. Healthy leaf,1200,904,192683,55.187,blurry,179.192,48.583,True,ok,True
7. Healthy leaf/healthy_00002.jpg,7. Healthy leaf,1200,904,157765,32.885,blurry,189.673,27.953,True,ok,True
7. Healthy leaf/healthy_00003.jpg,7. Healthy leaf,1200,904,152942,39.915,blurry,198.119,41.013,True,ok,True
7. Healthy leaf/healthy_00004.jpg,7. Healthy leaf,1200,904,128819,20.582,blurry,193.516,21.645,True,ok,True
7. Healthy leaf/healthy_00005.jpg,7. Healthy leaf,1200,904,168131,59.067,blurry,199.52,41.197,True,ok,True
7. Healthy leaf/healthy_00006.jpg,7. Healthy leaf,1200,904,195211,35.403,blurry,195.771,26.009,True,ok,True
7. Healthy leaf/healthy_00007.jpg,7. Healthy leaf,1200,904,188962,34.421,blurry,152.331,33.548,True,ok,True
7. Healthy leaf/healthy_00008.jpg,7. Healthy leaf,1200,904,170851,32.718,blurry,154.488,23.295,True,ok,True
7. Healthy leaf/healthy_00009.jpg,7. Healthy leaf,1200,1594,303780,29.074,blurry,188.804,32.269,True,ok,True
7. Healthy leaf/healthy_00010.jpg,7. Healthy leaf,1200,1594,270727,75.699,blurry,203.347,46.247,True,ok,True
7. Healthy leaf/healthy_00011.jpg,7. Healthy leaf,1200,1594,348326,34.594,blurry,189.319,25.383,True,ok,True
7. Healthy leaf/healthy_00012.jpg,7. Healthy leaf,1200,1594,267107,60.287,blurry,201.841,49.143,True,ok,True
7. Healthy leaf/healthy_00013.jpg,7. Healthy leaf,1200,1594,266259,34.154,blurry,195.194,32.024,True,ok,True
7. Healthy leaf/healthy_00014.jpg,7. Healthy leaf,1200,904,169535,63.351,blurry,199.282,44.996,True,ok,True
7. Healthy leaf/healthy_00015.jpg,7. Healthy leaf,1200,904,200870,35.014,blurry,186.928,31.497,True,ok,True
7. Healthy leaf/healthy_00016.jpg,7. Healthy leaf,1200,1594,278772,57.663,blurry,202.72,47.091,True,ok,True
7. Healthy leaf/healthy_00017.jpg,7. Healthy leaf,1200,1594,352091,44.022,blurry,191.717,34.768,True,ok,True
7. Healthy leaf/healthy_00018.jpg,7. Healthy leaf,1200,1594,296993,33.244,blurry,180.9,29.53,True,ok,True
7. Healthy leaf/healthy_00019.jpg,7. Healthy leaf,1200,1594,335441,27.319,blurry,195.59,22.711,True,ok,True
7. Healthy leaf/healthy_00020.jpg,7. Healthy leaf,1200,1594,284116,40.788,blurry,201.892,43.345,True,ok,True
7. Healthy leaf/healthy_00021.jpg,7. Healthy leaf,1200,1594,366397,32.787,blurry,189.279,32.062,True,ok,True
7. Healthy leaf/healthy_00022.jpg,7. Healthy leaf,1200,1594,311959,77.301,blurry,200.604,54.89,True,ok,True
7. Healthy leaf/healthy_00023.jpg,7. Healthy leaf,1200,1594,313244,72.786,blurry,200.311,41.577,True,ok,True
7. Healthy leaf/healthy_00024.jpg,7. Healthy leaf,1200,904,159207,27.38,blurry,192.14,32.156,True,ok,True
7. Healthy leaf/healthy_00025.jpg,7. Healthy leaf,1200,904,152528,17.368,blurry,178.714,18.269,True,ok,True
7. Healthy leaf/healthy_00026.jpg,7. Healthy leaf,1200,1594,276248,24.298,blurry,194.632,29.714,True,ok,True
7. Healthy leaf/healthy_00027.jpg,7. Healthy leaf,1200,1594,278535,17.189,blurry,177.226,19.92,True,ok,True
7. Healthy leaf/healthy_00028.jpg,7. Healthy leaf,1200,1594,309195,23.058,blurry,178.052,20.098,True,ok,True
7. Healthy leaf/healthy_00029.jpg,7. Healthy leaf,1200,1594,294710,22.114,blurry,178.423,17.809,True,ok,True
7. Healthy leaf/healthy_00030.jpg,7. Healthy leaf,1200,1594,288137,42.895,blurry,196.001,28.035,True,ok,True
7. Healthy leaf/healthy_00031.jpg,7. Healthy leaf,1200,1594,328949,39.372,blurry,190.496,30.055,True,ok,True
7. Healthy leaf/healthy_00032.jpg,7. Healthy leaf,1200,1594,300431,19.939,blurry,183.429,27.188,True,ok,True
7. Healthy leaf/healthy_00033.jpg,7. Healthy leaf,1200,1594,358857,19.0,blurry,184.501,22.162,True,ok,True
7. Healthy leaf/healthy_00034.jpg,7. Healthy leaf,1200,1594,263014,85.565,blurry,199.099,55.432,True,ok,True
7. Healthy leaf/healthy_00035.jpg,7. Healthy leaf,1200,1594,357384,57.193,blurry,189.247,38.427,True,ok,True
7. Healthy leaf/healthy_00036.jpg,7. Healthy leaf,1200,1594,317437,46.028,blurry,188.149,40.41,True,ok,True
7. Healthy leaf/healthy_00037.jpg,7. Healthy leaf,1200,1594,295460,36.47,blurry,190.742,30.364,True,ok,True
7. Healthy leaf/healthy_00038.jpg,7. Healthy leaf,1200,1594,315882,70.074,blurry,199.713,47.408,True,ok,True
7. Healthy leaf/healthy_00039.jpg,7. Healthy leaf,1200,1594,353424,39.381,blurry,192.65,32.501,True,ok,True
7. Healthy leaf/healthy_00040.jpg,7. Healthy leaf,1200,1594,344677,35.559,blurry,190.693,36.2,True,ok,True
7. Healthy leaf/healthy_00041.jpg,7. Healthy leaf,1200,1594,307685,35.933,blurry,187.064,37.28,True,ok,True
7. Healthy leaf/healthy_00042.jpg,7. Healthy leaf,1200,1594,286084,26.671,blurry,185.02,25.2,True,ok,True
7. Healthy leaf/healthy_00043.jpg,7. Healthy leaf,1200,1594,351116,54.042,blurry,180.013,35.867,True,ok,True
7. Healthy leaf/healthy_00044.jpg,7. Healthy leaf,1200,1594,313632,36.276,blurry,179.159,25.838,True,ok,True
7. Healthy leaf/healthy_00045.jpg,7. Healthy leaf,1200,1594,280544,24.492,blurry,194.446,28.396,True,ok,True
7. Healthy leaf/healthy_00046.jpg,7. Healthy leaf,1200,1594,253977,23.376,blurry,181.897,24.389,True,ok,True
7. Healthy leaf/healthy_00047.jpg,7. Healthy leaf,1200,1594,334890,19.433,blurry,176.293,23.273,True,ok,True
7. Healthy leaf/healthy_00048.jpg,7. Healthy leaf,1200,1594,268354,17.436,blurry,175.311,22.232,True,ok,True
7. Healthy leaf/healthy_00049.jpg,7. Healthy leaf,1200,1594,315154,27.247,blurry,180.478,23.738,True,ok,True
7. Healthy leaf/healthy_00050.jpg,7. Healthy leaf,1200,1594,362898,37.219,blurry,179.78,19.567,True,ok,True
7. Healthy leaf/healthy_00051.jpg,7. Healthy leaf,1200,1594,197649,45.926,blurry,201.717,54.946,True,ok,True
7. Healthy leaf/healthy_00052.jpg,7. Healthy leaf,1200,1594,319872,52.614,blurry,189.721,36.566,True,ok,True
7. Healthy leaf/healthy_00053.jpg,7. Healthy leaf,1200,1594,288268,57.847,blurry,205.519,44.335,True,ok,True
7. Healthy leaf/healthy_00054.jpg,7. Healthy leaf,1200,1594,286126,44.744,blurry,181.795,41.515,True,ok,True
7. Healthy leaf/healthy_00055.jpg,7. Healthy leaf,1200,1594,310868,33.54,blurry,194.7,29.296,True,ok,True
7. Healthy leaf/healthy_00056.jpg,7. Healthy leaf,1200,1594,276972,33.503,blurry,189.656,35.951,True,ok,True
7. Healthy leaf/healthy_00057.jpg,7. Healthy leaf,1200,1594,284538,26.758,blurry,193.236,24.186,True,ok,True
7. Healthy leaf/healthy_00058.jpg,7. Healthy leaf,1200,904,168309,66.169,blurry,199.203,51.38,True,ok,True
7. Healthy leaf/healthy_00059.jpg,7. Healthy leaf,1200,904,171665,35.229,blurry,187.84,30.063,True,ok,True
7. Healthy leaf/healthy_00060.jpg,7. Healthy leaf,1200,904,169869,32.673,blurry,192.806,36.502,True,ok,True
7. Healthy leaf/healthy_00061.jpg,7. Healthy leaf,1200,904,198226,28.587,blurry,183.082,27.321,True,ok,True
7. Healthy leaf/healthy_00062.jpg,7. Healthy leaf,1200,904,191938,24.933,blurry,182.232,31.373,True,ok,True
7. Healthy leaf/healthy_00063.jpg,7. Healthy leaf,1200,1594,284764,17.924,blurry,194.11,24.781,True,ok,True
7. Healthy leaf/healthy_00064.jpg,7. Healthy leaf,1200,1594,251624,35.234,blurry,201.764,31.923,True,ok,True
7. Healthy leaf/healthy_00065.jpg,7. Healthy leaf,1200,1594,308482,22.528,blurry,195.408,24.832,True,ok,True
7. Healthy leaf/healthy_00066.jpg,7. Healthy leaf,1200,1594,283137,32.333,blurry,195.602,33.122,True,ok,True
7. Healthy leaf/healthy_00067.jpg,7. Healthy leaf,1200,1594,338362,31.844,blurry,187.414,23.211,True,ok,True
7. Healthy leaf/healthy_00068.jpg,7. Healthy leaf,1200,1594,304381,28.614,blurry,189.955,30.534,True,ok,True
7. Healthy leaf/healthy_00069.jpg,7. Healthy leaf,1200,1594,335063,26.86,blurry,192.982,25.266,True,ok,True
7. Healthy leaf/healthy_00070.jpg,7. Healthy leaf,1200,1594,271263,47.723,blurry,204.903,46.16,True,ok,True
7. Healthy leaf/healthy_00071.jpg,7. Healthy leaf,1200,904,209651,41.943,blurry,188.301,30.303,True,ok,True
7. Healthy leaf/healthy_00072.jpg,7. Healthy leaf,1200,1594,245436,26.94,blurry,187.604,35.844,True,ok,True
7. Healthy leaf/healthy_00073.jpg,7. Healthy leaf,1200,1594,270711,27.183,blurry,193.256,27.873,True,ok,True
7. Healthy leaf/healthy_00074.jpg,7. Healthy leaf,1200,1594,314090,29.346,blurry,190.114,31.436,True,ok,True
7. Healthy leaf/healthy_00075.jpg,7. Healthy leaf,1200,1594,310873,27.468,blurry,190.826,24.141,True,ok,True
7. Healthy leaf/healthy_00076.jpg,7. Healthy leaf,1200,1594,290512,18.799,blurry,196.287,23.073,True,ok,True
7. Healthy leaf/healthy_00077.jpg,7. Healthy leaf,1200,1594,279260,22.859,blurry,192.02,31.11,True,ok,True
7. Healthy leaf/healthy_00078.jpg,7. Healthy leaf,1200,1594,293064,48.63,blurry,189.048,39.83,True,ok,True
7. Healthy leaf/healthy_00079.jpg,7. Healthy leaf,1200,1594,344086,30.04,blurry,194.492,25.254,True,ok,True
7. Healthy leaf/healthy_00080.jpg,7. Healthy leaf,1200,1594,259867,26.375,blurry,191.987,34.049,True,ok,True
7. Healthy leaf/healthy_00081.jpg,7. Healthy leaf,1200,1594,344116,27.913,blurry,193.088,28.786,True,ok,True
7. Healthy leaf/healthy_00082.jpg,7. Healthy leaf,1200,1594,281417,50.172,blurry,203.822,41.478,True,ok,True
7. Healthy leaf/healthy_00083.jpg,7. Healthy leaf,1200,904,194060,88.691,blurry,198.966,63.456,True,ok,True
7. Healthy leaf/healthy_00084.jpg,7. Healthy leaf,1200,904,188914,49.159,blurry,209.534,39.195,True,ok,True
7. Healthy leaf/healthy_00085.jpg,7. Healthy leaf,1200,904,161552,68.184,blurry,199.497,46.203,True,ok,True
7. Healthy leaf/healthy_00086.jpg,7. Healthy leaf,1200,904,178975,49.045,blurry,186.303,38.536,True,ok,True
7. Healthy leaf/healthy_00087.jpg,7. Healthy leaf,1200,1594,303939,30.402,blurry,187.751,33.699,True,ok,True
7. Healthy leaf/healthy_00088.jpg,7. Healthy leaf,1200,1594,264798,20.776,blurry,193.555,25.532,True,ok,True
7. Healthy leaf/healthy_00089.jpg,7. Healthy leaf,1200,1594,343985,54.771,blurry,191.984,35.793,True,ok,True
7. Healthy leaf/healthy_00090.jpg,7. Healthy leaf,1200,1594,300091,26.538,blurry,192.404,28.539,True,ok,True
7. Healthy leaf/healthy_00091.jpg,7. Healthy leaf,1200,1594,347281,28.045,blurry,193.933,24.502,True,ok,True
7. Healthy leaf/healthy_00092.jpg,7. Healthy leaf,1200,904,188540,56.964,blurry,201.978,36.237,True,ok,True
7. Healthy leaf/healthy_00093.jpg,7. Healthy leaf,1200,904,188568,36.277,blurry,193.591,38.963,True,ok,True
7. Healthy leaf/healthy_00094.jpg,7. Healthy leaf,1200,904,185736,28.646,blurry,195.079,25.329,True,ok,True
7. Healthy leaf/healthy_00095.jpg,7. Healthy leaf,1200,904,173754,29.391,blurry,188.548,33.726,True,ok,True
7. Healthy leaf/healthy_00096.jpg,7. Healthy leaf,1200,904,177619,26.743,blurry,186.476,23.839,True,ok,True
7. Healthy leaf/healthy_00097.jpg,7. Healthy leaf,1200,904,159666,26.429,blurry,189.357,29.968,True,ok,True
7. Healthy leaf/healthy_00098.jpg,7. Healthy leaf,1200,904,178916,25.015,blurry,189.851,24.068,True,ok,True
7. Healthy leaf/healthy_00099.jpg,7. Healthy leaf,1200,904,202144,75.332,blurry,204.56,58.414,True,ok,True
7. Healthy leaf/healthy_00100.jpg,7. Healthy leaf,1200,904,161467,41.498,blurry,176.13,40.713,True,ok,True
7. Healthy leaf/healthy_00101.jpg,7. Healthy leaf,1200,904,185044,43.216,blurry,163.478,53.767,True,ok,True
7. Healthy leaf/healthy_00102.jpg,7. Healthy leaf,1200,904,206199,39.111,blurry,188.388,33.408,True,ok,True
7. Healthy leaf/healthy_00103.jpg,7. Healthy leaf,1200,1594,282348,62.349,blurry,197.974,50.17,True,ok,True
7. Healthy leaf/healthy_00104.jpg,7. Healthy leaf,1200,904,197955,49.793,blurry,193.143,31.248,True,ok,True
7. Healthy leaf/healthy_00105.jpg,7. Healthy leaf,1200,904,169892,50.797,blurry,201.409,45.841,True,ok,True
7. Healthy leaf/healthy_00106.jpg,7. Healthy leaf,1200,1594,327305,29.81,blurry,171.051,31.527,True,ok,True
7. Healthy leaf/healthy_00107.jpg,7. Healthy leaf,1200,1594,305658,106.407,soft,199.313,69.883,True,ok,True
7. Healthy leaf/healthy_00108.jpg,7. Healthy leaf,1200,1594,288271,50.908,blurry,187.285,47.483,True,ok,True
7. Healthy leaf/healthy_00109.jpg,7. Healthy leaf,1200,1594,342351,49.895,blurry,188.687,35.032,True,ok,True
7. Healthy leaf/healthy_00110.jpg,7. Healthy leaf,1200,1594,359426,118.83,soft,190.123,69.712,True,ok,True
7. Healthy leaf/healthy_00111.jpg,7. Healthy leaf,1200,1594,344364,70.252,blurry,199.089,44.409,True,ok,True
7. Healthy leaf/healthy_00112.jpg,7. Healthy leaf,1200,904,152521,49.554,blurry,197.28,43.404,True,ok,True
7. Healthy leaf/healthy_00113.jpg,7. Healthy leaf,1200,1594,317676,36.831,blurry,194.819,27.592,True,ok,True
7. Healthy leaf/healthy_00114.jpg,7. Healthy leaf,1200,1594,296333,48.979,blurry,199.718,41.885,True,ok,True
7. Healthy leaf/healthy_00115.jpg,7. Healthy leaf,1200,1594,296295,29.324,blurry,185.913,28.718,True,ok,True
7. Healthy leaf/healthy_00116.jpg,7. Healthy leaf,1200,1594,317252,34.077,blurry,182.118,36.623,True,ok,True
7. Healthy leaf/healthy_00117.jpg,7. Healthy leaf,1200,1594,228120,20.072,blurry,193.164,24.5,True,ok,True
7. Healthy leaf/healthy_00118.jpg,7. Healthy leaf,1200,1594,280784,44.071,blurry,196.587,52.413,True,ok,True
7. Healthy leaf/healthy_00119.jpg,7. Healthy leaf,1200,1594,212978,38.63,blurry,179.657,32.898,True,ok,True
7. Healthy leaf/healthy_00120.jpg,7. Healthy leaf,1200,1594,336393,86.092,blurry,166.493,54.934,True,ok,True
7. Healthy leaf/healthy_00121.jpg,7. Healthy leaf,1200,1594,311834,63.887,blurry,200.572,50.193,True,ok,True
7. Healthy leaf/healthy_00122.jpg,7. Healthy leaf,1200,1594,390488,44.715,blurry,188.471,31.098,True,ok,True
7. Healthy leaf/healthy_00123.jpg,7. Healthy leaf,1200,1594,299227,76.021,blurry,197.401,58.086,True,ok,True
7. Healthy leaf/healthy_00124.jpg,7. Healthy leaf,1200,1594,327606,58.5,blurry,206.389,39.844,True,ok,True
7. Healthy leaf/healthy_00125.jpg,7. Healthy leaf,1200,1594,297720,37.584,blurry,195.333,32.571,True,ok,True
7. Healthy leaf/healthy_00126.jpg,7. Healthy leaf,1200,1594,357053,34.383,blurry,190.299,27.237,True,ok,True
7. Healthy leaf/healthy_00127.jpg,7. Healthy leaf,1200,1594,368760,31.704,blurry,183.192,26.695,True,ok,True
7. Healthy leaf/healthy_00128.jpg,7. Healthy leaf,1200,1594,357800,37.409,blurry,188.098,35.295,True,ok,True
7. Healthy leaf/healthy_00129.jpg,7. Healthy leaf,1200,1594,382470,30.006,blurry,183.056,33.392,True,ok,True
7. Healthy leaf/healthy_00130.jpg,7. Healthy leaf,1200,1594,400348,28.111,blurry,184.0,27.874,True,ok,True
7. Healthy leaf/healthy_00131.jpg,7. Healthy leaf,1200,1594,350046,72.197,blurry,198.516,42.916,True,ok,True
7. Healthy leaf/healthy_00132.jpg,7. Healthy leaf,1200,1594,223999,29.897,blurry,184.771,37.356,True,ok,True
7. Healthy leaf/healthy_00133.jpg,7. Healthy leaf,1200,1594,338829,28.638,blurry,187.171,29.44,True,ok,True
7. Healthy leaf/healthy_00134.jpg,7. Healthy leaf,1200,1594,351617,50.566,blurry,177.723,42.531,True,ok,True
7. Healthy leaf/healthy_00135.jpg,7. Healthy leaf,1200,1594,374223,40.804,blurry,184.917,32.649,True,ok,True
7. Healthy leaf/healthy_00136.jpg,7. Healthy leaf,1200,1594,332950,56.047,blurry,175.924,46.517,True,ok,True
7. Healthy leaf/healthy_00137.jpg,7. Healthy leaf,1200,1594,306719,41.475,blurry,191.845,30.359,True,ok,True
7. Healthy leaf/healthy_00138.jpg,7. Healthy leaf,1200,1594,345148,28.457,blurry,183.893,25.721,True,ok,True
7. Healthy leaf/healthy_00139.jpg,7. Healthy leaf,1200,1594,217266,50.72,blurry,167.649,51.601,True,ok,True
7. Healthy leaf/healthy_00140.jpg,7. Healthy leaf,1200,1594,341550,70.788,blurry,175.436,35.085,True,ok,True
7. Healthy leaf/healthy_00141.jpg,7. Healthy leaf,1200,1594,249297,52.206,blurry,205.759,45.641,True,ok,True
7. Healthy leaf/healthy_00142.jpg,7. Healthy leaf,1200,1594,262149,48.07,blurry,207.044,43.657,True,ok,True
7. Healthy leaf/healthy_00143.jpg,7. Healthy leaf,1200,1594,344397,51.579,blurry,188.418,31.097,True,ok,True
7. Healthy leaf/healthy_00144.jpg,7. Healthy leaf,1200,1594,327791,47.571,blurry,175.726,43.412,True,ok,True
7. Healthy leaf/healthy_00145.jpg,7. Healthy leaf,1200,1594,307968,32.257,blurry,184.445,30.503,True,ok,True
7. Healthy leaf/healthy_00146.jpg,7. Healthy leaf,1200,1594,190502,24.354,blurry,204.045,37.424,True,ok,True
7. Healthy leaf/healthy_00147.jpg,7. Healthy leaf,1200,1594,188931,21.757,blurry,179.487,28.155,True,ok,True
7. Healthy leaf/healthy_00148.jpg,7. Healthy leaf,1200,1594,368897,74.804,blurry,166.992,50.923,True,ok,True
7. Healthy leaf/healthy_00149.jpg,7. Healthy leaf,1200,1594,315593,56.264,blurry,178.293,39.746,True,ok,True
7. Healthy leaf/healthy_00150.jpg,7. Healthy leaf,1200,1594,282964,36.005,blurry,172.489,45.745,True,ok,True
7. Healthy leaf/healthy_00151.jpg,7. Healthy leaf,1200,1594,296076,26.845,blurry,173.49,31.245,True,ok,True
7. Healthy leaf/healthy_00152.jpg,7. Healthy leaf,1200,1594,303177,33.638,blurry,176.234,38.991,True,ok,True
7. Healthy leaf/healthy_00153.jpg,7. Healthy leaf,1200,1594,291645,34.183,blurry,185.757,34.283,True,ok,True
7. Healthy leaf/healthy_00154.jpg,7. Healthy leaf,1200,1594,314022,37.956,blurry,168.104,40.273,True,ok,True
7. Healthy leaf/healthy_00155.jpg,7. Healthy leaf,1200,1594,310711,29.149,blurry,179.608,31.466,True,ok,True
7. Healthy leaf/healthy_00156.jpg,7. Healthy leaf,1200,1594,282772,26.038,blurry,179.476,36.932,True,ok,True
7. Healthy leaf/healthy_00157.jpg,7. Healthy leaf,1200,1594,290236,24.076,blurry,178.526,29.457,True,ok,True
7. Healthy leaf/healthy_00158.jpg,7. Healthy leaf,1200,1594,303486,36.229,blurry,168.458,40.081,True,ok,True
7. Healthy leaf/healthy_00159.jpg,7. Healthy leaf,1200,1594,315333,27.683,blurry,178.322,27.71,True,ok,True
7. Healthy leaf/healthy_00160.jpg,7. Healthy leaf,1200,1594,317164,26.789,blurry,185.343,27.178,True,ok,True
7. Healthy leaf/healthy_00161.jpg,7. Healthy leaf,1200,1594,356580,31.137,blurry,168.752,25.166,True,ok,True
7. Healthy leaf/healthy_00162.jpg,7. Healthy leaf,1200,1594,304721,30.222,blurry,177.865,32.847,True,ok,True
7. Healthy leaf/healthy_00163.jpg,7. Healthy leaf,1200,1594,327740,27.558,blurry,182.915,28.416,True,ok,True
7. Healthy leaf/healthy_00164.jpg,7. Healthy leaf,1200,1594,212040,43.699,blurry,204.508,50.426,True,ok,True
7. Healthy leaf/healthy_00165.jpg,7. Healthy leaf,1200,1594,310055,37.194,blurry,179.915,35.181,True,ok,True
7. Healthy leaf/healthy_00166.jpg,7. Healthy leaf,1200,1594,275165,26.164,blurry,179.49,33.063,True,ok,True
7. Healthy leaf/healthy_00167.jpg,7. Healthy leaf,1200,1594,342062,29.604,blurry,178.042,27.183,True,ok,True
7. Healthy leaf/healthy_00168.jpg,7. Healthy leaf,1200,1594,281956,23.265,blurry,179.384,29.845,True,ok,True
7. Healthy leaf/healthy_00169.jpg,7. Healthy leaf,1200,1594,300008,30.05,blurry,181.662,28.131,True,ok,True
7. Healthy leaf/healthy_00170.jpg,7. Healthy leaf,1200,1594,250203,27.25,blurry,173.079,37.692,True,ok,True
7. Healthy leaf/healthy_00171.jpg,7. Healthy leaf,1200,1594,304248,24.458,blurry,169.526,35.016,True,ok,True
7. Healthy leaf/healthy_00172.jpg,7. Healthy leaf,1200,1594,199844,37.029,blurry,202.685,43.546,True,ok,True
7. Healthy leaf/healthy_00173.jpg,7. Healthy leaf,1200,1594,275297,27.867,blurry,173.019,33.262,True,ok,True
7. Healthy leaf/healthy_00174.jpg,7. Healthy leaf,1200,1594,266940,36.848,blurry,173.541,42.49,True,ok,True
7. Healthy leaf/healthy_00175.jpg,7. Healthy leaf,1200,1594,269294,29.55,blurry,174.837,34.052,True,ok,True
7. Healthy leaf/healthy_00176.jpg,7. Healthy leaf,1200,1594,258200,13.787,blurry,163.026,25.495,True,ok,True
7. Healthy leaf/healthy_00177.jpg,7. Healthy leaf,1200,1594,333381,19.949,blurry,175.839,23.479,True,ok,True
7. Healthy leaf/healthy_00178.jpg,7. Healthy leaf,1200,1594,247636,24.103,blurry,173.659,33.243,True,ok,True
7. Healthy leaf/healthy_00179.jpg,7. Healthy leaf,1200,1594,262655,22.211,blurry,172.348,25.61,True,ok,True
7. Healthy leaf/healthy_00180.jpg,7. Healthy leaf,1200,1594,290997,27.353,blurry,175.38,35.089,True,ok,True
7. Healthy leaf/healthy_00181.jpg,7. Healthy leaf,1200,1594,305816,32.468,blurry,172.924,32.452,True,ok,True
7. Healthy leaf/healthy_00182.jpg,7. Healthy leaf,1200,1594,291397,53.343,blurry,170.752,39.351,True,ok,True
7. Healthy leaf/healthy_00183.jpg,7. Healthy leaf,1200,1594,283614,32.638,blurry,156.309,31.353,True,ok,True
7. Healthy leaf/healthy_00184.jpg,7. Healthy leaf,1200,1594,251535,41.916,blurry,176.617,33.083,True,ok,True
7. Healthy leaf/healthy_00185.jpg,7. Healthy leaf,1200,1594,262834,59.722,blurry,172.865,44.101,True,ok,True
7. Healthy leaf/healthy_00186.jpg,7. Healthy leaf,1200,904,142144,52.505,blurry,174.21,44.702,True,ok,True
7. Healthy leaf/healthy_00187.jpg,7. Healthy leaf,1200,904,145619,27.903,blurry,162.058,27.529,True,ok,True
7. Healthy leaf/healthy_00188.jpg,7. Healthy leaf,1200,1594,222095,34.998,blurry,179.344,32.425,True,ok,True
7. Healthy leaf/healthy_00189.jpg,7. Healthy leaf,1200,1594,217775,72.968,blurry,175.066,50.316,True,ok,True
7. Healthy leaf/healthy_00190.jpg,7. Healthy leaf,1200,1594,248538,59.673,blurry,172.59,40.339,True,ok,True
7. Healthy leaf/healthy_00191.jpg,7. Healthy leaf,1200,1594,284298,44.23,blurry,177.497,35.981,True,ok,True
7. Healthy leaf/healthy_00192.jpg,7. Healthy leaf,1200,1594,237134,47.252,blurry,175.661,34.981,True,ok,True
7. Healthy leaf/healthy_00193.jpg,7. Healthy leaf,1200,1594,255283,61.246,blurry,176.568,42.587,True,ok,True
7. Healthy leaf/healthy_00194.jpg,7. Healthy leaf,1200,904,135508,36.004,blurry,176.196,28.472,True,ok,True
7. Healthy leaf/healthy_00195.jpg,7. Healthy leaf,1200,1594,280620,20.63,blurry,147.1,18.469,True,ok,True
7. Healthy leaf/healthy_00196.jpg,7. Healthy leaf,1200,904,143238,20.735,blurry,145.048,17.847,True,ok,True
7. Healthy leaf/healthy_00197.jpg,7. Healthy leaf,1200,904,144610,22.445,blurry,147.683,17.481,True,ok,True
7. Healthy leaf/healthy_00198.jpg,7. Healthy leaf,1200,1594,287825,19.463,blurry,148.311,16.374,True,ok,True
7. Healthy leaf/healthy_00199.jpg,7. Healthy leaf,1200,1594,265828,40.249,blurry,162.899,29.175,True,ok,True
7. Healthy leaf/healthy_00200.jpg,7. Healthy leaf,1200,1594,300921,47.839,blurry,166.528,30.809,True,ok,True
7. Healthy leaf/healthy_00201.jpg,7. Healthy leaf,1200,1594,256383,26.048,blurry,164.987,21.805,True,ok,True
7. Healthy leaf/healthy_00202.jpg,7. Healthy leaf,1200,1594,310988,34.571,blurry,171.797,23.155,True,ok,True
7. Healthy leaf/healthy_00203.jpg,7. Healthy leaf,1200,1594,267875,22.026,blurry,146.001,17.449,True,ok,True
7. Healthy leaf/healthy_00204.jpg,7. Healthy leaf,1200,1594,273219,31.025,blurry,152.113,20.893,True,ok,True
7. Healthy leaf/healthy_00205.jpg,7. Healthy leaf,1200,1594,288281,24.34,blurry,156.291,20.008,True,ok,True
7. Healthy leaf/healthy_00206.jpg,7. Healthy leaf,1200,1594,265474,20.946,blurry,147.757,16.924,True,ok,True
7. Healthy leaf/healthy_00207.jpg,7. Healthy leaf,1200,1594,277990,29.997,blurry,153.09,23.672,True,ok,True
7. Healthy leaf/healthy_00208.jpg,7. Healthy leaf,1200,1594,294212,37.518,blurry,150.445,25.817,True,ok,True
7. Healthy leaf/healthy_00209.jpg,7. Healthy leaf,1200,1594,282307,36.854,blurry,152.219,21.819,True,ok,True
7. Healthy leaf/healthy_00210.jpg,7. Healthy leaf,1200,1594,292381,27.465,blurry,150.026,21.376,True,ok,True
7. Healthy leaf/healthy_00211.jpg,7. Healthy leaf,1200,1594,280579,39.887,blurry,160.668,31.26,True,ok,True
7. Healthy leaf/healthy_00212.jpg,7. Healthy leaf,1200,1594,215420,48.68,blurry,180.419,31.991,True,ok,True
7. Healthy leaf/healthy_00213.jpg,7. Healthy leaf,1200,1594,263867,31.619,blurry,157.998,26.012,True,ok,True
7. Healthy leaf/healthy_00214.jpg,7. Healthy leaf,1200,1594,270246,35.305,blurry,158.058,27.16,True,ok,True
7. Healthy leaf/healthy_00215.jpg,7. Healthy leaf,1200,1594,289357,40.594,blurry,154.862,24.87,True,ok,True
7. Healthy leaf/healthy_00216.jpg,7. Healthy leaf,1200,1594,266178,41.457,blurry,155.403,24.941,True,ok,True
7. Healthy leaf/healthy_00217.jpg,7. Healthy leaf,1200,1594,268353,29.401,blurry,154.483,21.888,True,ok,True
7. Healthy leaf/healthy_00218.jpg,7. Healthy leaf,1200,1594,282230,39.972,blurry,156.277,23.707,True,ok,True
7. Healthy leaf/healthy_00219.jpg,7. Healthy leaf,1200,1594,262194,34.983,blurry,161.276,30.345,True,ok,True
7. Healthy leaf/healthy_00220.jpg,7. Healthy leaf,1200,904,138940,51.767,blurry,180.959,36.289,True,ok,True
7. Healthy leaf/healthy_00221.jpg,7. Healthy leaf,1200,904,123594,38.701,blurry,183.693,31.259,True,ok,True
7. Healthy leaf/healthy_00222.jpg,7. Healthy leaf,1200,904,141762,42.927,blurry,164.075,29.564,True,ok,True
7. Healthy leaf/healthy_00223.jpg,7. Healthy leaf,1200,1594,256631,23.248,blurry,148.395,18.334,True,ok,True
7. Healthy leaf/healthy_00224.jpg,7. Healthy leaf,1200,1594,294890,40.216,blurry,153.577,24.112,True,ok,True
7. Healthy leaf/healthy_00225.jpg,7. Healthy leaf,1200,1594,271995,29.788,blurry,140.257,22.653,True,ok,True
7. Healthy leaf/healthy_00226.jpg,7. Healthy leaf,1200,1594,301781,29.429,blurry,146.519,23.339,True,ok,True
7. Healthy leaf/healthy_00227.jpg,7. Healthy leaf,1200,904,143957,51.619,blurry,160.674,32.618,True,ok,True
7. Healthy leaf/healthy_00228.jpg,7. Healthy leaf,1200,904,124126,67.811,blurry,176.38,36.462,True,ok,True
7. Healthy leaf/healthy_00229.jpg,7. Healthy leaf,1200,1594,207014,30.365,blurry,180.916,27.6,True,ok,True
7. Healthy leaf/healthy_00230.jpg,7. Healthy leaf,1200,904,148515,34.033,blurry,157.62,28.681,True,ok,True
7. Healthy leaf/healthy_00231.jpg,7. Healthy leaf,1200,1594,228861,122.095,soft,168.539,67.649,True,ok,True
7. Healthy leaf/healthy_00232.jpg,7. Healthy leaf,1200,1594,281737,77.517,blurry,173.948,46.186,True,ok,True
7. Healthy leaf/healthy_00233.jpg,7. Healthy leaf,1200,1594,283902,81.887,blurry,175.944,45.466,True,ok,True
7. Healthy leaf/healthy_00234.jpg,7. Healthy leaf,1200,1594,255908,85.493,blurry,194.19,47.439,True,ok,True
7. Healthy leaf/healthy_00235.jpg,7. Healthy leaf,1200,1594,274332,26.928,blurry,154.087,24.311,True,ok,True
7. Healthy leaf/healthy_00236.jpg,7. Healthy leaf,1200,1594,256256,26.636,blurry,157.521,24.245,True,ok,True
7. Healthy leaf/healthy_00237.jpg,7. Healthy leaf,1200,1594,222028,113.889,soft,192.57,46.322,True,ok,True
7. Healthy leaf/healthy_00238.jpg,7. Healthy leaf,1200,1594,233978,94.616,blurry,185.582,44.12,True,ok,True
7. Healthy leaf/healthy_00239.jpg,7. Healthy leaf,1200,1594,268589,60.642,blurry,179.773,36.756,True,ok,True
7. Healthy leaf/healthy_00240.jpg,7. Healthy leaf,1200,1594,227696,65.653,blurry,171.781,38.34,True,ok,True
7. Healthy leaf/healthy_00241.jpg,7. Healthy leaf,1200,1594,263710,107.13,soft,191.105,53.36,True,ok,True
7. Healthy leaf/healthy_00242.jpg,7. Healthy leaf,1200,1594,268808,97.53,blurry,177.597,49.515,True,ok,True
7. Healthy leaf/healthy_00243.jpg,7. Healthy leaf,1200,1594,281884,55.105,blurry,177.634,38.525,True,ok,True
7. Healthy leaf/healthy_00244.jpg,7. Healthy leaf,1200,1594,267857,60.246,blurry,177.33,39.096,True,ok,True
7. Healthy leaf/healthy_00245.jpg,7. Healthy leaf,1200,1594,261008,38.248,blurry,156.221,27.733,True,ok,True
7. Healthy leaf/healthy_00246.jpg,7. Healthy leaf,1200,1594,206146,24.949,blurry,178.21,27.965,True,ok,True
7. Healthy leaf/healthy_00247.jpg,7. Healthy leaf,1200,1594,262581,30.817,blurry,157.255,25.456,True,ok,True
7. Healthy leaf/healthy_00248.jpg,7. Healthy leaf,1200,1594,260457,67.162,blurry,187.874,45.509,True,ok,True
7. Healthy leaf/healthy_00249.jpg,7. Healthy leaf,1200,1594,242572,40.006,blurry,175.644,36.019,True,ok,True
7. Healthy leaf/healthy_00250.jpg,7. Healthy leaf,1200,1594,329627,57.049,blurry,164.222,33.693,True,ok,True
7. Healthy leaf/healthy_00251.jpg,7. Healthy leaf,1200,1594,274281,25.435,blurry,160.976,25.417,True,ok,True
7. Healthy leaf/healthy_00252.jpg,7. Healthy leaf,1200,1594,236700,32.154,blurry,153.155,27.239,True,ok,True
7. Healthy leaf/healthy_00253.jpg,7. Healthy leaf,1200,1594,217727,24.463,blurry,173.457,24.546,True,ok,True
7. Healthy leaf/healthy_00254.jpg,7. Healthy leaf,1200,1594,274643,125.306,soft,191.577,59.031,True,ok,True
7. Healthy leaf/healthy_00255.jpg,7. Healthy leaf,1200,1594,255659,79.998,blurry,170.51,46.884,True,ok,True
7. Healthy leaf/healthy_00256.jpg,7. Healthy leaf,1200,1594,245625,80.403,blurry,190.206,49.194,True,ok,True
7. Healthy leaf/healthy_00257.jpg,7. Healthy leaf,1200,1594,252229,61.603,blurry,166.109,38.328,True,ok,True
7. Healthy leaf/healthy_00258.jpg,7. Healthy leaf,1200,1594,267183,38.73,blurry,173.315,29.173,True,ok,True
7. Healthy leaf/healthy_00259.jpg,7. Healthy leaf,1200,1594,252231,71.214,blurry,189.935,50.28,True,ok,True
7. Healthy leaf/healthy_00260.jpg,7. Healthy leaf,1200,1594,265815,63.516,blurry,173.611,42.205,True,ok,True
7. Healthy leaf/healthy_00261.jpg,7. Healthy leaf,1200,1594,276540,92.693,blurry,191.219,63.193,True,ok,True
7. Healthy leaf/healthy_00262.jpg,7. Healthy leaf,1200,1594,269641,57.617,blurry,172.376,39.46,True,ok,True
7. Healthy leaf/healthy_00263.jpg,7. Healthy leaf,1200,1594,247601,25.319,blurry,158.962,28.223,True,ok,True
7. Healthy leaf/healthy_00264.jpg,7. Healthy leaf,1200,1594,238600,19.087,blurry,153.308,19.912,True,ok,True
7. Healthy leaf/healthy_00265.jpg,7. Healthy leaf,1200,1594,260417,41.316,blurry,171.81,28.305,True,ok,True
7. Healthy leaf/healthy_00266.jpg,7. Healthy leaf,1200,1594,224108,25.269,blurry,175.204,24.459,True,ok,True
7. Healthy leaf/healthy_00267.jpg,7. Healthy leaf,1200,1594,253732,52.121,blurry,172.541,42.403,True,ok,True
7. Healthy leaf/healthy_00268.jpg,7. Healthy leaf,1200,1594,266186,34.74,blurry,178.379,33.63,True,ok,True
7. Healthy leaf/healthy_00269.jpg,7. Healthy leaf,1200,1594,272647,84.133,blurry,194.39,49.03,True,ok,True
7. Healthy leaf/healthy_00270.jpg,7. Healthy leaf,1200,1594,242867,53.358,blurry,180.811,37.955,True,ok,True
7. Healthy leaf/healthy_00271.jpg,7. Healthy leaf,1200,1594,272235,46.826,blurry,177.936,33.155,True,ok,True
7. Healthy leaf/healthy_00272.jpg,7. Healthy leaf,1200,1594,266943,28.105,blurry,173.158,24.965,True,ok,True
7. Healthy leaf/healthy_00273.jpg,7. Healthy leaf,1200,1594,228652,81.128,blurry,176.66,43.327,True,ok,True
7. Healthy leaf/healthy_00274.jpg,7. Healthy leaf,1200,1594,245531,69.404,blurry,180.385,41.442,True,ok,True
7. Healthy leaf/healthy_00275.jpg,7. Healthy leaf,1200,1594,250539,28.621,blurry,157.768,26.973,True,ok,True
7. Healthy leaf/healthy_00276.jpg,7. Healthy leaf,1200,1594,298655,29.611,blurry,146.472,25.093,True,ok,True
7. Healthy leaf/healthy_00277.jpg,7. Healthy leaf,1200,1594,279685,21.759,blurry,149.325,19.527,True,ok,True
7. Healthy leaf/healthy_00278.jpg,7. Healthy leaf,1200,1594,268689,41.189,blurry,157.458,29.67,True,ok,True
7. Healthy leaf/healthy_00279.jpg,7. Healthy leaf,1200,1594,272505,26.036,blurry,152.508,19.775,True,ok,True
7. Healthy leaf/healthy_00280.jpg,7. Healthy leaf,1200,1594,261442,30.34,blurry,159.172,25.612,True,ok,True
7. Healthy leaf/healthy_00281.jpg,7. Healthy leaf,1200,1594,238475,22.4,blurry,154.635,22.249,True,ok,True
7. Healthy leaf/healthy_00282.jpg,7. Healthy leaf,1200,1594,233104,23.443,blurry,174.772,25.255,True,ok,True
7. Healthy leaf/healthy_00283.jpg,7. Healthy leaf,1200,1594,245574,19.321,blurry,155.176,19.938,True,ok,True
7. Healthy leaf/healthy_00284.jpg,7. Healthy leaf,1200,1594,270911,17.811,blurry,150.701,19.205,True,ok,True
7. Healthy leaf/healthy_00285.jpg,7. Healthy leaf,1200,1594,266161,17.104,blurry,148.691,16.693,True,ok,True
7. Healthy leaf/healthy_00286.jpg,7. Healthy leaf,1200,1594,300588,58.204,blurry,172.154,38.739,True,ok,True
7. Healthy leaf/healthy_00287.jpg,7. Healthy leaf,1200,1594,246757,37.975,blurry,154.737,23.834,True,ok,True
7. Healthy leaf/healthy_00288.jpg,7. Healthy leaf,1200,904,115589,31.688,blurry,178.137,43.344,True,ok,True
7. Healthy leaf/healthy_00289.jpg,7. Healthy leaf,1200,1594,307262,304.234,sharp,134.406,68.784,True,ok,True
7. Healthy leaf/healthy_00290.jpg,7. Healthy leaf,1200,1594,329703,369.412,sharp,129.629,68.309,True,ok,True
7. Healthy leaf/healthy_00291.jpg,7. Healthy leaf,1200,1600,259559,118.192,soft,157.015,56.345,True,ok,True
7. Healthy leaf/healthy_00292.jpg,7. Healthy leaf,1200,1600,222019,96.766,blurry,158.392,54.468,True,ok,True
7. Healthy leaf/healthy_00293.jpg,7. Healthy leaf,1200,1600,236035,97.62,blurry,149.593,59.567,True,ok,True
7. Healthy leaf/healthy_00294.jpg,7. Healthy leaf,1200,1600,238014,98.809,blurry,149.463,59.813,True,ok,True
7. Healthy leaf/healthy_00295.jpg,7. Healthy leaf,1200,1600,236829,81.478,blurry,177.933,39.942,True,ok,True
7. Healthy leaf/healthy_00296.jpg,7. Healthy leaf,1200,1600,212758,20.745,blurry,161.686,31.16,True,ok,True
7. Healthy leaf/healthy_00297.jpg,7. Healthy leaf,1200,1600,204999,23.059,blurry,161.65,32.776,True,ok,True
7. Healthy leaf/healthy_00298.jpg,7. Healthy leaf,1200,904,150459,87.377,blurry,117.019,54.566,True,ok,True
7. Healthy leaf/healthy_00299.jpg,7. Healthy leaf,1200,1600,288091,92.465,blurry,159.49,56.199,True,ok,True
7. Healthy leaf/healthy_00300.jpg,7. Healthy leaf,1200,1600,263400,63.748,blurry,151.05,59.989,True,ok,True
7. Healthy leaf/healthy_00301.jpg,7. Healthy leaf,1200,1600,278067,52.21,blurry,157.907,60.618,True,ok,True
7. Healthy leaf/healthy_00302.jpg,7. Healthy leaf,1200,900,135744,19.89,blurry,171.303,27.296,True,ok,True
7. Healthy leaf/healthy_00303.jpg,7. Healthy leaf,1200,1600,232287,26.451,blurry,169.086,30.882,True,ok,True
7. Healthy leaf/healthy_00304.jpg,7. Healthy leaf,1200,1600,246247,57.81,blurry,170.651,51.002,True,ok,True
7. Healthy leaf/healthy_00305.jpg,7. Healthy leaf,1200,1600,254055,37.656,blurry,167.313,47.678,True,ok,True
7. Healthy leaf/healthy_00306.jpg,7. Healthy leaf,1200,900,147905,22.268,blurry,165.338,28.593,True,ok,True
7. Healthy leaf/healthy_00307.jpg,7. Healthy leaf,1200,1600,269540,55.297,blurry,176.47,44.574,True,ok,True
7. Healthy leaf/healthy_00308.jpg,7. Healthy leaf,1200,1600,278501,43.902,blurry,174.197,39.601,True,ok,True
7. Healthy leaf/healthy_00309.jpg,7. Healthy leaf,1200,1600,270508,42.847,blurry,171.707,40.941,True,ok,True
7. Healthy leaf/healthy_00310.jpg,7. Healthy leaf,1200,1600,231308,36.979,blurry,180.535,37.185,True,ok,True
7. Healthy leaf/healthy_00311.jpg,7. Healthy leaf,1200,904,169094,184.385,soft,176.88,54.162,True,ok,True
7. Healthy leaf/healthy_00312.jpg,7. Healthy leaf,1200,904,109894,157.761,soft,163.957,67.776,True,ok,True
7. Healthy leaf/healthy_00313.jpg,7. Healthy leaf,1200,904,135892,35.717,blurry,174.457,37.408,True,ok,True
7. Healthy leaf/healthy_00314.jpg,7. Healthy leaf,1200,904,103637,66.79,blurry,180.979,33.989,True,ok,True
7. Healthy leaf/healthy_00315.jpg,7. Healthy leaf,1200,904,126194,82.62,blurry,176.419,33.882,True,ok,True
7. Healthy leaf/healthy_00316.jpg,7. Healthy leaf,1200,900,177433,132.07,soft,181.081,54.345,True,ok,True
7. Healthy leaf/healthy_00317.jpg,7. Healthy leaf,1200,1600,219638,110.597,soft,185.767,51.311,True,ok,True
7. Healthy leaf/healthy_00318.jpg,7. Healthy leaf,1200,1600,267578,107.317,soft,189.735,42.136,True,ok,True
7. Healthy leaf/healthy_00319.jpg,7. Healthy leaf,1200,904,114584,74.694,blurry,167.39,38.557,True,ok,True
7. Healthy leaf/healthy_00320.jpg,7. Healthy leaf,1200,1600,363160,123.224,soft,187.793,41.851,True,ok,True
7. Healthy leaf/healthy_00321.jpg,7. Healthy leaf,1200,1600,340605,98.574,blurry,191.558,37.397,True,ok,True
7. Healthy leaf/healthy_00322.jpg,7. Healthy leaf,1200,904,109881,125.167,soft,180.53,48.26,True,ok,True
7. Healthy leaf/healthy_00323.jpg,7. Healthy leaf,1200,904,107945,130.2,soft,176.123,52.27,True,ok,True
7. Healthy leaf/healthy_00324.jpg,7. Healthy leaf,1200,904,113923,85.321,blurry,183.443,29.462,True,ok,True
7. Healthy leaf/healthy_00325.jpg,7. Healthy leaf,1200,904,111702,80.337,blurry,185.253,27.127,True,ok,True
7. Healthy leaf/healthy_00326.jpg,7. Healthy leaf,1200,904,107913,73.9,blurry,185.242,27.875,True,ok,True
7. Healthy leaf/healthy_00327.jpg,7. Healthy leaf,1200,904,99299,46.018,blurry,188.261,27.792,True,ok,True
7. Healthy leaf/healthy_00328.jpg,7. Healthy leaf,1200,904,116002,70.329,blurry,191.345,33.074,True,ok,True
7. Healthy leaf/healthy_00329.jpg,7. Healthy leaf,1200,900,140073,43.753,blurry,168.174,62.241,True,ok,True
7. Healthy leaf/healthy_00330.jpg,7. Healthy leaf,1200,904,107954,46.66,blurry,184.478,32.808,True,ok,True
7. Healthy leaf/healthy_00331.jpg,7. Healthy leaf,1200,900,162440,54.193,blurry,146.194,39.799,True,ok,True
7. Healthy leaf/healthy_00332.jpg,7. Healthy leaf,1200,900,143285,42.561,blurry,148.323,43.975,True,ok,True
7. Healthy leaf/healthy_00333.jpg,7. Healthy leaf,1200,1600,274672,102.684,soft,172.7,52.449,True,ok,True
7. Healthy leaf/healthy_00334.jpg,7. Healthy leaf,1200,1600,279739,102.951,soft,174.757,50.952,True,ok,True
7. Healthy leaf/healthy_00335.jpg,7. Healthy leaf,1200,1600,302233,73.211,blurry,181.038,34.784,True,ok,True
7. Healthy leaf/healthy_00336.jpg,7. Healthy leaf,1200,1600,302289,105.77,soft,184.335,46.645,True,ok,True
7. Healthy leaf/healthy_00337.jpg,7. Healthy leaf,1200,904,113295,91.76,blurry,186.751,39.5,True,ok,True
7. Healthy leaf/healthy_00338.jpg,7. Healthy leaf,1200,904,106329,55.161,blurry,177.613,23.307,True,ok,True
7. Healthy leaf/healthy_00339.jpg,7. Healthy leaf,1200,1600,253677,59.855,blurry,144.715,52.109,True,ok,True
7. Healthy leaf/healthy_00340.jpg,7. Healthy leaf,1200,904,107682,49.878,blurry,191.652,24.061,True,ok,True
7. Healthy leaf/healthy_00341.jpg,7. Healthy leaf,1200,1600,234848,99.791,blurry,175.623,66.343,True,ok,True
7. Healthy leaf/healthy_00342.jpg,7. Healthy leaf,1200,904,135026,160.816,soft,183.301,48.32,True,ok,True
7. Healthy leaf/healthy_00343.jpg,7. Healthy leaf,1200,904,167961,157.99,soft,185.889,45.558,True,ok,True
7. Healthy leaf/healthy_00344.jpg,7. Healthy leaf,1200,904,165041,161.205,soft,180.801,49.219,True,ok,True
7. Healthy leaf/healthy_00345.jpg,7. Healthy leaf,1200,904,149840,125.887,soft,186.244,45.459,True,ok,True
7. Healthy leaf/healthy_00346.jpg,7. Healthy leaf,1200,904,163726,130.424,soft,186.406,44.987,True,ok,True
7. Healthy leaf/healthy_00347.jpg,7. Healthy leaf,1200,904,122021,61.861,blurry,195.38,33.173,True,ok,True
7. Healthy leaf/healthy_00348.jpg,7. Healthy leaf,1200,904,114584,75.39,blurry,190.65,38.456,True,ok,True
7. Healthy leaf/healthy_00349.jpg,7. Healthy leaf,1200,904,135011,67.48,blurry,197.949,37.865,True,ok,True
7. Healthy leaf/healthy_00350.jpg,7. Healthy leaf,1200,1600,274912,40.293,blurry,203.074,25.646,True,ok,True
7. Healthy leaf/healthy_00351.jpg,7. Healthy leaf,1200,1600,288827,40.695,blurry,203.734,23.917,True,ok,True
7. Healthy leaf/healthy_00352.jpg,7. Healthy leaf,1200,1600,250491,34.535,blurry,202.047,33.898,True,ok,True
7. Healthy leaf/healthy_00353.jpg,7. Healthy leaf,1200,904,101408,73.956,blurry,175.628,38.444,True,ok,True
7. Healthy leaf/healthy_00354.jpg,7. Healthy leaf,1200,904,110530,55.252,blurry,182.075,34.626,True,ok,True
7. Healthy leaf/healthy_00355.jpg,7. Healthy leaf,1200,904,116369,79.501,blurry,182.955,42.9,True,ok,True
7. Healthy leaf/healthy_00356.jpg,7. Healthy leaf,1200,904,143548,75.791,blurry,189.355,43.681,True,ok,True
7. Healthy leaf/healthy_00357.jpg,7. Healthy leaf,1200,904,132956,54.687,blurry,195.894,32.9,True,ok,True
7. Healthy leaf/healthy_00358.jpg,7. Healthy leaf,1200,904,102336,67.785,blurry,172.184,45.481,True,ok,True
7. Healthy leaf/healthy_00359.jpg,7. Healthy leaf,1200,904,107171,66.974,blurry,179.516,31.268,True,ok,True
7. Healthy leaf/healthy_00360.jpg,7. Healthy leaf,1200,904,100381,67.264,blurry,178.888,35.637,True,ok,True
7. Healthy leaf/healthy_00361.jpg,7. Healthy leaf,1200,1600,248071,39.98,blurry,176.078,29.908,True,ok,True
7. Healthy leaf/healthy_00362.jpg,7. Healthy leaf,1200,1600,251479,43.065,blurry,178.711,34.375,True,ok,True
7. Healthy leaf/healthy_00363.jpg,7. Healthy leaf,1200,1600,259034,31.888,blurry,171.399,25.188,True,ok,True
7. Healthy leaf/healthy_00364.jpg,7. Healthy leaf,1200,1600,256938,30.632,blurry,171.389,25.28,True,ok,True
7. Healthy leaf/healthy_00365.jpg,7. Healthy leaf,1200,904,164902,137.887,soft,161.276,38.711,True,ok,True
7. Healthy leaf/healthy_00366.jpg,7. Healthy leaf,1200,904,134817,100.072,soft,166.139,51.499,True,ok,True
7. Healthy leaf/healthy_00367.jpg,7. Healthy leaf,1200,904,132768,75.961,blurry,165.811,35.023,True,ok,True
7. Healthy leaf/healthy_00368.jpg,7. Healthy leaf,1200,904,143399,107.62,soft,184.346,47.991,True,ok,True
7. Healthy leaf/healthy_00369.jpg,7. Healthy leaf,1200,904,166227,91.571,blurry,188.044,36.704,True,ok,True
7. Healthy leaf/healthy_00370.jpg,7. Healthy leaf,1200,904,139943,100.411,soft,187.647,34.141,True,ok,True
7. Healthy leaf/healthy_00371.jpg,7. Healthy leaf,1200,904,156962,195.12,soft,184.467,53.821,True,ok,True
7. Healthy leaf/healthy_00372.jpg,7. Healthy leaf,1200,904,135374,95.641,blurry,187.647,34.214,True,ok,True
7. Healthy leaf/healthy_00373.jpg,7. Healthy leaf,1200,904,125535,145.148,soft,204.653,47.875,True,ok,True
7. Healthy leaf/healthy_00374.jpg,7. Healthy leaf,1200,904,157137,106.162,soft,193.26,35.085,True,ok,True
7. Healthy leaf/healthy_00375.jpg,7. Healthy leaf,1200,1600,397411,127.976,soft,179.502,45.529,True,ok,True
7. Healthy leaf/healthy_00376.jpg,7. Healthy leaf,1200,900,303922,157.675,soft,179.073,33.66,True,ok,True
7. Healthy leaf/healthy_00377.jpg,7. Healthy leaf,1200,1600,518037,149.435,soft,179.308,28.117,True,ok,True
7. Healthy leaf/healthy_00378.jpg,7. Healthy leaf,1200,1600,559723,211.332,soft,180.69,36.54,True,ok,True
7. Healthy leaf/healthy_00379.jpg,7. Healthy leaf,1200,1600,465708,124.528,soft,188.661,28.016,True,ok,True
7. Healthy leaf/healthy_00380.jpg,7. Healthy leaf,1200,1600,545404,212.791,soft,176.225,41.482,True,ok,True
7. Healthy leaf/healthy_00381.jpg,7. Healthy leaf,1200,1600,600283,206.549,soft,178.097,33.347,True,ok,True
7. Healthy leaf/healthy_00382.jpg,7. Healthy leaf,1200,1600,269231,53.06,blurry,175.639,53.567,True,ok,True
7. Healthy leaf/healthy_00383.jpg,7. Healthy leaf,1200,1600,644666,266.49,soft,180.774,39.53,True,ok,True
7. Healthy leaf/healthy_00384.jpg,7. Healthy leaf,1200,1600,357161,43.41,blurry,189.705,31.632,True,ok,True
7. Healthy leaf/healthy_00385.jpg,7. Healthy leaf,1200,900,360814,222.13,soft,177.693,34.262,True,ok,True
7. Healthy leaf/healthy_00386.jpg,7. Healthy leaf,1200,1600,315558,56.583,blurry,184.793,48.545,True,ok,True
7. Healthy leaf/healthy_00387.jpg,7. Healthy leaf,1200,900,357690,214.096,soft,178.216,30.842,True,ok,True
7. Healthy leaf/healthy_00388.jpg,7. Healthy leaf,1200,900,342185,183.58,soft,185.674,23.494,True,ok,True
7. Healthy leaf/healthy_00389.jpg,7. Healthy leaf,1200,1600,486435,154.953,soft,185.747,47.522,True,ok,True
7. Healthy leaf/healthy_00390.jpg,7. Healthy leaf,1200,1600,531503,159.425,soft,181.471,43.309,True,ok,True
7. Healthy leaf/healthy_00391.jpg,7. Healthy leaf,1200,1600,490481,173.582,soft,182.939,43.827,True,ok,True
7. Healthy leaf/healthy_00392.jpg,7. Healthy leaf,1200,1600,300565,67.413,blurry,184.84,51.323,True,ok,True
7. Healthy leaf/healthy_00393.jpg,7. Healthy leaf,1200,900,144660,46.776,blurry,178.337,37.42,True,ok,True
7. Healthy leaf/healthy_00394.jpg,7. Healthy leaf,1200,1600,299485,54.371,blurry,174.014,40.913,True,ok,True
7. Healthy leaf/healthy_00395.jpg,7. Healthy leaf,1200,1600,277427,28.338,blurry,178.244,28.798,True,ok,True
7. Healthy leaf/healthy_00396.jpg,7. Healthy leaf,1200,1600,336224,61.53,blurry,183.785,39.568,True,ok,True
7. Healthy leaf/healthy_00397.jpg,7. Healthy leaf,1200,1600,270686,52.365,blurry,181.815,48.704,True,ok,True
7. Healthy leaf/healthy_00398.jpg,7. Healthy leaf,1200,1600,306992,35.233,blurry,177.24,31.562,True,ok,True
7. Healthy leaf/healthy_00399.jpg,7. Healthy leaf,1200,900,131219,49.191,blurry,183.849,38.075,True,ok,True
7. Healthy leaf/healthy_00400.jpg,7. Healthy leaf,1200,1600,289970,71.886,blurry,179.023,49.171,True,ok,True
7. Healthy leaf/healthy_00401.jpg,7. Healthy leaf,1200,1600,300927,46.768,blurry,179.782,35.408,True,ok,True
7. Healthy leaf/healthy_00402.jpg,7. Healthy leaf,1200,1600,306988,106.171,soft,180.478,53.722,True,ok,True
7. Healthy leaf/healthy_00403.jpg,7. Healthy leaf,1200,1600,291188,81.048,blurry,180.559,57.341,True,ok,True
7. Healthy leaf/healthy_00404.jpg,7. Healthy leaf,1200,1600,308266,52.658,blurry,182.156,39.276,True,ok,True
7. Healthy leaf/healthy_00405.jpg,7. Healthy leaf,1200,1600,274233,51.889,blurry,183.228,45.213,True,ok,True
7. Healthy leaf/healthy_00406.jpg,7. Healthy leaf,1200,1600,293859,55.91,blurry,186.203,34.196,True,ok,True
7. Healthy leaf/healthy_00407.jpg,7. Healthy leaf,1200,1600,288007,43.997,blurry,178.539,42.223,True,ok,True
7. Healthy leaf/healthy_00408.jpg,7. Healthy leaf,1200,1600,298285,29.745,blurry,175.037,33.774,True,ok,True
7. Healthy leaf/healthy_00409.jpg,7. Healthy leaf,1200,1600,270672,41.856,blurry,182.885,39.171,True,ok,True
7. Healthy leaf/healthy_00410.jpg,7. Healthy leaf,1200,1600,281826,31.838,blurry,178.683,28.044,True,ok,True
7. Healthy leaf/healthy_00411.jpg,7. Healthy leaf,1200,1600,335696,72.433,blurry,168.536,58.644,True,ok,True
7. Healthy leaf/healthy_00412.jpg,7. Healthy leaf,1200,1600,368018,69.101,blurry,170.528,41.476,True,ok,True
7. Healthy leaf/healthy_00413.jpg,7. Healthy leaf,1200,1600,351358,89.319,blurry,171.678,43.765,True,ok,True
7. Healthy leaf/healthy_00414.jpg,7. Healthy leaf,1200,1600,314963,66.212,blurry,176.881,49.355,True,ok,True
7. Healthy leaf/healthy_00415.jpg,7. Healthy leaf,1200,1600,338342,48.887,blurry,176.433,43.318,True,ok,True
7. Healthy leaf/healthy_00416.jpg,7. Healthy leaf,1200,1600,382749,50.043,blurry,177.824,39.078,True,ok,True
7. Healthy leaf/healthy_00417.jpg,7. Healthy leaf,1200,1600,293129,65.874,blurry,175.519,49.87,True,ok,True
7. Healthy leaf/healthy_00418.jpg,7. Healthy leaf,1200,1600,317489,47.655,blurry,175.837,37.408,True,ok,True
7. Healthy leaf/healthy_00419.jpg,7. Healthy leaf,1200,1600,327938,49.464,blurry,179.845,43.55,True,ok,True
7. Healthy leaf/healthy_00420.jpg,7. Healthy leaf,1200,1600,332600,45.962,blurry,180.856,46.904,True,ok,True
7. Healthy leaf/healthy_00421.jpg,7. Healthy leaf,1200,1600,337161,61.015,blurry,186.16,36.398,True,ok,True
7. Healthy leaf/healthy_00422.jpg,7. Healthy leaf,1200,1600,299309,79.771,blurry,184.73,50.139,True,ok,True
7. Healthy leaf/healthy_00423.jpg,7. Healthy leaf,1200,1600,349860,70.123,blurry,184.456,37.507,True,ok,True
7. Healthy leaf/healthy_00424.jpg,7. Healthy leaf,1200,1600,285666,41.232,blurry,177.896,36.503,True,ok,True
7. Healthy leaf/healthy_00425.jpg,7. Healthy leaf,1200,1600,328264,68.577,blurry,187.368,48.5,True,ok,True
7. Healthy leaf/healthy_00426.jpg,7. Healthy leaf,1200,1600,318024,53.449,blurry,184.837,37.727,True,ok,True
7. Healthy leaf/healthy_00427.jpg,7. Healthy leaf,1200,1600,290886,50.387,blurry,173.755,36.263,True,ok,True
7. Healthy leaf/healthy_00428.jpg,7. Healthy leaf,1200,1600,249535,30.063,blurry,180.77,32.873,True,ok,True
7. Healthy leaf/healthy_00429.jpg,7. Healthy leaf,1200,1600,281087,30.397,blurry,179.003,26.086,True,ok,True
7. Healthy leaf/healthy_00430.jpg,7. Healthy leaf,1200,1600,351754,58.088,blurry,180.291,40.117,True,ok,True
7. Healthy leaf/healthy_00431.jpg,7. Healthy leaf,1200,1600,355289,76.007,blurry,173.435,53.26,True,ok,True
7. Healthy leaf/healthy_00432.jpg,7. Healthy leaf,1200,900,145284,33.794,blurry,180.211,40.432,True,ok,True
7. Healthy leaf/healthy_00433.jpg,7. Healthy leaf,1200,1600,322239,77.688,blurry,171.008,57.828,True,ok,True
7. Healthy leaf/healthy_00434.jpg,7. Healthy leaf,1200,900,158999,26.127,blurry,179.269,25.006,True,ok,True
7. Healthy leaf/healthy_00435.jpg,7. Healthy leaf,1200,1600,291977,70.056,blurry,174.764,59.525,True,ok,True
7. Healthy leaf/healthy_00436.jpg,7. Healthy leaf,1200,1600,277676,93.196,blurry,166.347,60.97,True,ok,True
7. Healthy leaf/healthy_00437.jpg,7. Healthy leaf,1200,1600,368138,62.636,blurry,178.361,44.433,True,ok,True
7. Healthy leaf/healthy_00438.jpg,7. Healthy leaf,1200,1600,324221,85.434,blurry,183.905,53.952,True,ok,True
7. Healthy leaf/healthy_00439.jpg,7. Healthy leaf,1200,1600,333038,80.914,blurry,170.668,55.587,True,ok,True
7. Healthy leaf/healthy_00440.jpg,7. Healthy leaf,1200,1600,375828,56.006,blurry,177.003,40.267,True,ok,True
7. Healthy leaf/healthy_00441.jpg,7. Healthy leaf,1200,1600,275997,46.764,blurry,178.04,45.182,True,ok,True
7. Healthy leaf/healthy_00442.jpg,7. Healthy leaf,1200,1600,286602,35.582,blurry,177.919,34.193,True,ok,True
7. Healthy leaf/healthy_00443.jpg,7. Healthy leaf,1200,1600,306948,38.894,blurry,178.372,32.705,True,ok,True
7. Healthy leaf/healthy_00444.jpg,7. Healthy leaf,1200,1600,287332,43.385,blurry,176.322,53.903,True,ok,True
7. Healthy leaf/healthy_00445.jpg,7. Healthy leaf,1200,1600,279440,47.986,blurry,175.143,49.781,True,ok,True
7. Healthy leaf/healthy_00446.jpg,7. Healthy leaf,1200,1600,304440,42.538,blurry,177.383,37.587,True,ok,True
7. Healthy leaf/healthy_00447.jpg,7. Healthy leaf,1200,1600,291967,33.549,blurry,175.201,32.073,True,ok,True
7. Healthy leaf/healthy_00448.jpg,7. Healthy leaf,1200,1600,293187,47.285,blurry,180.989,49.416,True,ok,True
7. Healthy leaf/healthy_00449.jpg,7. Healthy leaf,1200,1600,331658,47.177,blurry,181.134,39.97,True,ok,True
7. Healthy leaf/healthy_00450.jpg,7. Healthy leaf,1200,1600,314393,49.699,blurry,180.836,49.6,True,ok,True
7. Healthy leaf/healthy_00451.jpg,7. Healthy leaf,1200,1600,241964,50.22,blurry,178.988,55.997,True,ok,True
7. Healthy leaf/healthy_00452.jpg,7. Healthy leaf,1200,1600,311736,35.603,blurry,170.269,40.134,True,ok,True
7. Healthy leaf/healthy_00453.jpg,7. Healthy leaf,1200,1600,344046,56.392,blurry,178.944,49.384,True,ok,True
7. Healthy leaf/healthy_00454.jpg,7. Healthy leaf,1200,1600,363467,50.247,blurry,180.997,41.467,True,ok,True
7. Healthy leaf/healthy_00455.jpg,7. Healthy leaf,1200,1600,347647,56.289,blurry,181.958,39.896,True,ok,True
7. Healthy leaf/healthy_00456.jpg,7. Healthy leaf,1200,1600,276886,35.715,blurry,183.614,39.369,True,ok,True
7. Healthy leaf/healthy_00457.jpg,7. Healthy leaf,1200,1600,264246,26.67,blurry,180.959,32.996,True,ok,True
7. Healthy leaf/healthy_00458.jpg,7. Healthy leaf,1200,1600,292041,54.564,blurry,178.736,53.622,True,ok,True
7. Healthy leaf/healthy_00459.jpg,7. Healthy leaf,1200,1600,294454,25.888,blurry,173.599,36.845,True,ok,True
7. Healthy leaf/healthy_00460.jpg,7. Healthy leaf,1200,1600,281979,37.67,blurry,192.477,36.529,True,ok,True
7. Healthy leaf/healthy_00461.jpg,7. Healthy leaf,1200,1600,323587,39.415,blurry,191.208,30.434,True,ok,True
7. Healthy leaf/healthy_00462.jpg,7. Healthy leaf,1200,1600,341229,40.185,blurry,189.333,34.875,True,ok,True
7. Healthy leaf/healthy_00463.jpg,7. Healthy leaf,1200,1600,311924,48.386,blurry,185.639,42.564,True,ok,True
7. Healthy leaf/healthy_00464.jpg,7. Healthy leaf,1200,1600,323727,66.673,blurry,185.155,45.656,True,ok,True
7. Healthy leaf/healthy_00465.jpg,7. Healthy leaf,1200,1600,348294,52.838,blurry,191.161,38.256,True,ok,True
7. Healthy leaf/healthy_00466.jpg,7. Healthy leaf,1200,1600,273378,51.989,blurry,179.598,51.842,True,ok,True
7. Healthy leaf/healthy_00467.jpg,7. Healthy leaf,1200,1600,307464,58.114,blurry,175.367,49.753,True,ok,True
7. Healthy leaf/healthy_00468.jpg,7. Healthy leaf,1200,1600,321774,48.38,blurry,176.086,35.026,True,ok,True
7. Healthy leaf/healthy_00469.jpg,7. Healthy leaf,1200,1600,294370,78.658,blurry,172.092,56.691,True,ok,True
7. Healthy leaf/healthy_00470.jpg,7. Healthy leaf,1200,1600,351963,45.387,blurry,180.722,39.424,True,ok,True
7. Healthy leaf/healthy_00471.jpg,7. Healthy leaf,1200,1600,354566,60.649,blurry,185.274,39.009,True,ok,True
7. Healthy leaf/healthy_00472.jpg,7. Healthy leaf,1200,1600,348383,60.137,blurry,177.305,44.387,True,ok,True
7. Healthy leaf/healthy_00473.jpg,7. Healthy leaf,1200,1600,331507,73.799,blurry,174.315,53.876,True,ok,True
7. Healthy leaf/healthy_00474.jpg,7. Healthy leaf,1200,1600,330416,73.514,blurry,173.449,55.278,True,ok,True
7. Healthy leaf/healthy_00475.jpg,7. Healthy leaf,1200,1600,282039,50.152,blurry,171.983,53.911,True,ok,True
7. Healthy leaf/healthy_00476.jpg,7. Healthy leaf,1200,1600,317061,63.374,blurry,173.188,36.444,True,ok,True
7. Healthy leaf/healthy_00477.jpg,7. Healthy leaf,1200,1600,304601,47.858,blurry,187.261,43.255,True,ok,True
7. Healthy leaf/healthy_00478.jpg,7. Healthy leaf,1200,1600,305095,30.983,blurry,188.382,33.882,True,ok,True
7. Healthy leaf/healthy_00479.jpg,7. Healthy leaf,1200,1600,255631,58.609,blurry,175.308,47.648,True,ok,True
7. Healthy leaf/healthy_00480.jpg,7. Healthy leaf,1200,1600,309445,43.381,blurry,191.54,39.63,True,ok,True
7. Healthy leaf/healthy_00481.jpg,7. Healthy leaf,1200,1600,288580,36.017,blurry,178.536,30.449,True,ok,True
7. Healthy leaf/healthy_00482.jpg,7. Healthy leaf,1200,1600,262536,82.234,blurry,178.56,53.585,True,ok,True
7. Healthy leaf/healthy_00483.jpg,7. Healthy leaf,1200,1600,327850,62.451,blurry,180.33,39.777,True,ok,True
7. Healthy leaf/healthy_00484.jpg,7. Healthy leaf,1200,1600,260829,43.864,blurry,176.736,42.833,True,ok,True
7. Healthy leaf/healthy_00485.jpg,7. Healthy leaf,1200,1600,300766,63.385,blurry,174.679,53.03,True,ok,True
7. Healthy leaf/healthy_00486.jpg,7. Healthy leaf,1200,1600,272819,28.267,blurry,183.429,29.252,True,ok,True
7. Healthy leaf/healthy_00487.jpg,7. Healthy leaf,1200,1600,303767,59.046,blurry,182.352,47.836,True,ok,True
7. Healthy leaf/healthy_00488.jpg,7. Healthy leaf,1200,1600,348491,53.404,blurry,178.635,39.042,True,ok,True
7. Healthy leaf/healthy_00489.jpg,7. Healthy leaf,1200,1600,307619,60.405,blurry,180.355,53.66,True,ok,True
7. Healthy leaf/healthy_00490.jpg,7. Healthy leaf,1200,1600,257394,46.35,blurry,176.717,37.239,True,ok,True
7. Healthy leaf/healthy_00491.jpg,7. Healthy leaf,1200,1600,254802,24.719,blurry,181.184,26.918,True,ok,True
7. Healthy leaf/healthy_00492.jpg,7. Healthy leaf,1200,1600,309671,32.509,blurry,185.939,35.278,True,ok,True
7. Healthy leaf/healthy_00493.jpg,7. Healthy leaf,1200,1600,256514,58.061,blurry,173.035,51.531,True,ok,True
7. Healthy leaf/healthy_00494.jpg,7. Healthy leaf,1200,1600,324155,46.996,blurry,175.282,36.054,True,ok,True
7. Healthy leaf/healthy_00495.jpg,7. Healthy leaf,1200,1600,268023,49.767,blurry,181.815,44.795,True,ok,True
7. Healthy leaf/healthy_00496.jpg,7. Healthy leaf,1200,1600,336326,40.991,blurry,174.574,32.311,True,ok,True
7. Healthy leaf/healthy_00497.jpg,7. Healthy leaf,1200,1600,264036,45.393,blurry,183.318,45.116,True,ok,True
7. Healthy leaf/healthy_00498.jpg,7. Healthy leaf,1200,1600,277057,39.341,blurry,185.744,44.039,True,ok,True
7. Healthy leaf/healthy_00499.jpg,7. Healthy leaf,1200,1600,287732,46.725,blurry,189.674,42.093,True,ok,True
7. Healthy leaf/healthy_00500.jpg,7. Healthy leaf,1200,1600,313277,61.354,blurry,185.921,46.398,True,ok,True
7. Healthy leaf/healthy_00501.jpg,7. Healthy leaf,1200,1600,318608,63.917,blurry,185.532,48.872,True,ok,True
7. Healthy leaf/healthy_00502.jpg,7. Healthy leaf,1200,900,141705,45.389,blurry,182.437,42.618,True,ok,True
7. Healthy leaf/healthy_00503.jpg,7. Healthy leaf,1200,1600,297043,37.303,blurry,184.831,30.646,True,ok,True
7. Healthy leaf/healthy_00504.jpg,7. Healthy leaf,1200,1600,273015,45.705,blurry,176.069,46.797,True,ok,True
7. Healthy leaf/healthy_00505.jpg,7. Healthy leaf,1200,1600,258548,37.58,blurry,175.741,36.459,True,ok,True
7. Healthy leaf/healthy_00506.jpg,7. Healthy leaf,1200,1600,241536,52.832,blurry,176.322,42.493,True,ok,True
7. Healthy leaf/healthy_00507.jpg,7. Healthy leaf,1200,1600,282613,48.788,blurry,180.021,43.586,True,ok,True
7. Healthy leaf/healthy_00508.jpg,7. Healthy leaf,1200,1600,267823,32.671,blurry,174.229,30.128,True,ok,True
7. Healthy leaf/healthy_00509.jpg,7. Healthy leaf,1200,1600,269330,55.756,blurry,179.124,47.188,True,ok,True
7. Healthy leaf/healthy_00510.jpg,7. Healthy leaf,1200,1600,310307,36.497,blurry,182.495,38.25,True,ok,True
7. Healthy leaf/healthy_00511.jpg,7. Healthy leaf,1200,1600,313590,49.922,blurry,178.971,46.635,True,ok,True
7. Healthy leaf/healthy_00512.jpg,7. Healthy leaf,1200,1600,335858,99.892,blurry,176.831,60.778,True,ok,True
7. Healthy leaf/healthy_00513.jpg,7. Healthy leaf,1200,1600,313415,52.372,blurry,171.891,44.866,True,ok,True
7. Healthy leaf/healthy_00514.jpg,7. Healthy leaf,1200,1600,289193,50.232,blurry,173.519,51.01,True,ok,True
7. Healthy leaf/healthy_00515.jpg,7. Healthy leaf,1200,1600,287884,46.525,blurry,174.126,51.548,True,ok,True
7. Healthy leaf/healthy_00516.jpg,7. Healthy leaf,1200,1600,294528,51.593,blurry,169.73,52.703,True,ok,True
7. Healthy leaf/healthy_00517.jpg,7. Healthy leaf,1200,1600,310959,36.906,blurry,177.795,37.597,True,ok,True
7. Healthy leaf/healthy_00518.jpg,7. Healthy leaf,1200,1600,314755,45.482,blurry,178.316,37.782,True,ok,True
7. Healthy leaf/healthy_00519.jpg,7. Healthy leaf,1200,1600,288266,41.088,blurry,174.95,48.034,True,ok,True
7. Healthy leaf/healthy_00520.jpg,7. Healthy leaf,1200,1600,306209,43.694,blurry,175.593,46.497,True,ok,True
7. Healthy leaf/healthy_00521.jpg,7. Healthy leaf,1200,1600,294001,76.524,blurry,172.218,56.384,True,ok,True
7. Healthy leaf/healthy_00522.jpg,7. Healthy leaf,1200,1600,312538,74.357,blurry,169.496,54.389,True,ok,True
7. Healthy leaf/healthy_00523.jpg,7. Healthy leaf,1200,1600,329131,53.22,blurry,170.285,38.685,True,ok,True
7. Healthy leaf/healthy_00524.jpg,7. Healthy leaf,1200,1600,289977,49.086,blurry,173.371,41.198,True,ok,True
7. Healthy leaf/healthy_00525.jpg,7. Healthy leaf,1200,1600,334662,139.925,soft,156.872,64.958,True,ok,True
7. Healthy leaf/healthy_00526.jpg,7. Healthy leaf,1200,1600,354074,117.511,soft,156.81,56.816,True,ok,True
7. Healthy leaf/healthy_00527.jpg,7. Healthy leaf,1200,1600,261756,32.412,blurry,180.476,35.389,True,ok,True
7. Healthy leaf/healthy_00528.jpg,7. Healthy leaf,1200,1600,278779,29.815,blurry,179.47,29.936,True,ok,True
7. Healthy leaf/healthy_00529.jpg,7. Healthy leaf,1200,1600,284837,26.266,blurry,192.66,30.0,True,ok,True
7. Healthy leaf/healthy_00530.jpg,7. Healthy leaf,1200,1600,283910,39.531,blurry,191.825,35.592,True,ok,True
7. Healthy leaf/healthy_00531.jpg,7. Healthy leaf,1200,1600,290541,35.179,blurry,191.048,35.956,True,ok,True
7. Healthy leaf/healthy_00532.jpg,7. Healthy leaf,1200,1600,302327,53.739,blurry,180.49,38.216,True,ok,True
7. Healthy leaf/healthy_00533.jpg,7. Healthy leaf,1200,1600,246039,58.588,blurry,182.71,45.138,True,ok,True
7. Healthy leaf/healthy_00534.jpg,7. Healthy leaf,1200,1600,266052,23.584,blurry,181.147,33.155,True,ok,True
7. Healthy leaf/healthy_00535.jpg,7. Healthy leaf,1200,1600,272330,33.253,blurry,179.636,32.872,True,ok,True
7. Healthy leaf/healthy_00536.jpg,7. Healthy leaf,1200,1600,291792,25.971,blurry,195.341,28.912,True,ok,True
7. Healthy leaf/healthy_00537.jpg,7. Healthy leaf,1200,1600,259652,25.029,blurry,194.76,27.808,True,ok,True
7. Healthy leaf/healthy_00538.jpg,7. Healthy leaf,1200,1600,312585,24.979,blurry,190.693,33.151,True,ok,True
7. Healthy leaf/healthy_00539.jpg,7. Healthy leaf,1200,1600,341128,88.424,blurry,172.717,52.272,True,ok,True
7. Healthy leaf/healthy_00540.jpg,7. Healthy leaf,1200,900,195118,46.388,blurry,172.225,43.823,True,ok,True
7. Healthy leaf/healthy_00541.jpg,7. Healthy leaf,1200,1600,317358,49.43,blurry,187.071,35.233,True,ok,True
7. Healthy leaf/healthy_00542.jpg,7. Healthy leaf,1200,1600,312818,48.024,blurry,187.096,41.944,True,ok,True
7. Healthy leaf/healthy_00543.jpg,7. Healthy leaf,1200,1600,302744,35.812,blurry,182.707,35.228,True,ok,True
7. Healthy leaf/healthy_00544.jpg,7. Healthy leaf,1200,1600,302109,45.892,blurry,186.745,48.531,True,ok,True
7. Healthy leaf/healthy_00545.jpg,7. Healthy leaf,1200,1600,335801,48.377,blurry,186.439,30.406,True,ok,True
7. Healthy leaf/healthy_00546.jpg,7. Healthy leaf,1200,1600,284766,39.223,blurry,188.697,35.913,True,ok,True
7. Healthy leaf/healthy_00547.jpg,7. Healthy leaf,1200,1600,359926,33.977,blurry,191.441,29.56,True,ok,True
7. Healthy leaf/healthy_00548.jpg,7. Healthy leaf,1200,1600,310478,26.776,blurry,191.301,35.894,True,ok,True
7. Healthy leaf/healthy_00549.jpg,7. Healthy leaf,1200,1600,335460,33.163,blurry,197.579,28.571,True,ok,True
7. Healthy leaf/healthy_00550.jpg,7. Healthy leaf,1200,1600,289787,72.508,blurry,181.816,55.412,True,ok,True
7. Healthy leaf/healthy_00551.jpg,7. Healthy leaf,1200,1600,342381,52.425,blurry,174.669,40.239,True,ok,True
7. Healthy leaf/healthy_00552.jpg,7. Healthy leaf,1200,1600,314476,67.101,blurry,192.193,34.34,True,ok,True
7. Healthy leaf/healthy_00553.jpg,7. Healthy leaf,1200,1600,308653,64.924,blurry,185.59,48.119,True,ok,True
7. Healthy leaf/healthy_00554.jpg,7. Healthy leaf,1200,1600,251953,42.539,blurry,182.338,40.855,True,ok,True
7. Healthy leaf/healthy_00555.jpg,7. Healthy leaf,1200,1600,304357,35.639,blurry,176.917,28.864,True,ok,True
7. Healthy leaf/healthy_00556.jpg,7. Healthy leaf,1200,900,135484,49.047,blurry,185.978,42.782,True,ok,True
7. Healthy leaf/healthy_00557.jpg,7. Healthy leaf,1200,1600,299731,39.928,blurry,176.286,35.676,True,ok,True
7. Healthy leaf/healthy_00558.jpg,7. Healthy leaf,1200,1600,291330,45.75,blurry,175.669,48.157,True,ok,True
7. Healthy leaf/healthy_00559.jpg,7. Healthy leaf,1200,1600,316786,42.704,blurry,180.184,35.395,True,ok,True
7. Healthy leaf/healthy_00560.jpg,7. Healthy leaf,1200,1600,286835,47.342,blurry,177.035,55.195,True,ok,True
7. Healthy leaf/healthy_00561.jpg,7. Healthy leaf,1200,1600,348346,63.066,blurry,176.42,36.207,True,ok,True
7. Healthy leaf/healthy_00562.jpg,7. Healthy leaf,1200,900,192769,99.736,blurry,165.573,61.264,True,ok,True
7. Healthy leaf/healthy_00563.jpg,7. Healthy leaf,1200,900,185954,60.769,blurry,170.972,36.612,True,ok,True
7. Healthy leaf/healthy_00564.jpg,7. Healthy leaf,1200,1600,343790,92.062,blurry,161.733,55.9,True,ok,True
7. Healthy leaf/healthy_00565.jpg,7. Healthy leaf,1200,1600,301699,55.383,blurry,171.993,40.74,True,ok,True
7. Healthy leaf/healthy_00566.jpg,7. Healthy leaf,1200,900,185910,69.334,blurry,180.468,49.604,True,ok,True
7. Healthy leaf/healthy_00567.jpg,7. Healthy leaf,1200,900,199882,45.714,blurry,165.519,36.774,True,ok,True
7. Healthy leaf/healthy_00568.jpg,7. Healthy leaf,1200,1600,281426,52.522,blurry,174.671,55.324,True,ok,True
7. Healthy leaf/healthy_00569.jpg,7. Healthy leaf,1200,1600,320094,49.087,blurry,180.926,40.196,True,ok,True
7. Healthy leaf/healthy_00570.jpg,7. Healthy leaf,1200,1600,333304,86.451,blurry,176.867,44.226,True,ok,True
7. Healthy leaf/healthy_00571.jpg,7. Healthy leaf,1200,1600,277079,65.15,blurry,175.71,57.068,True,ok,True
7. Healthy leaf/healthy_00572.jpg,7. Healthy leaf,1200,1600,332982,60.077,blurry,175.152,43.356,True,ok,True
7. Healthy leaf/healthy_00573.jpg,7. Healthy leaf,1200,1600,344071,39.201,blurry,174.329,35.282,True,ok,True
7. Healthy leaf/healthy_00574.jpg,7. Healthy leaf,1200,900,192618,44.315,blurry,175.577,39.551,True,ok,True
7. Healthy leaf/healthy_00575.jpg,7. Healthy leaf,1200,1600,298450,57.115,blurry,181.717,50.142,True,ok,True
7. Healthy leaf/healthy_00576.jpg,7. Healthy leaf,1200,1600,326585,45.821,blurry,182.338,34.914,True,ok,True
7. Healthy leaf/healthy_00577.jpg,7. Healthy leaf,1200,1600,265675,31.941,blurry,192.971,31.416,True,ok,True
7. Healthy leaf/healthy_00578.jpg,7. Healthy leaf,1200,1600,297472,39.308,blurry,188.323,37.73,True,ok,True
7. Healthy leaf/healthy_00579.jpg,7. Healthy leaf,1200,1600,272596,47.921,blurry,186.626,45.192,True,ok,True
7. Healthy leaf/healthy_00580.jpg,7. Healthy leaf,1200,1600,300475,47.732,blurry,180.857,36.349,True,ok,True
7. Healthy leaf/healthy_00581.jpg,7. Healthy leaf,1200,1600,310578,52.546,blurry,167.553,37.614,True,ok,True
7. Healthy leaf/healthy_00582.jpg,7. Healthy leaf,1200,900,189464,30.435,blurry,171.043,32.005,True,ok,True
7. Healthy leaf/healthy_00583.jpg,7. Healthy leaf,1200,1600,286825,49.192,blurry,186.871,36.686,True,ok,True
7. Healthy leaf/healthy_00584.jpg,7. Healthy leaf,1200,1600,273769,31.804,blurry,173.419,33.44,True,ok,True
7. Healthy leaf/healthy_00585.jpg,7. Healthy leaf,1200,1600,321278,41.034,blurry,180.647,32.564,True,ok,True
7. Healthy leaf/healthy_00586.jpg,7. Healthy leaf,1200,1600,273823,19.311,blurry,181.141,23.756,True,ok,True
7. Healthy leaf/healthy_00587.jpg,7. Healthy leaf,1200,1600,328455,35.199,blurry,188.582,40.198,True,ok,True
7. Healthy leaf/healthy_00588.jpg,7. Healthy leaf,1200,900,137333,26.83,blurry,174.622,32.705,True,ok,True
7. Healthy leaf/healthy_00589.jpg,7. Healthy leaf,1200,900,175713,70.114,blurry,175.593,47.61,True,ok,True
7. Healthy leaf/healthy_00590.jpg,7. Healthy leaf,1200,900,164207,38.405,blurry,173.366,34.406,True,ok,True
7. Healthy leaf/healthy_00591.jpg,7. Healthy leaf,1200,1600,275673,41.778,blurry,178.802,39.118,True,ok,True
7. Healthy leaf/healthy_00592.jpg,7. Healthy leaf,1200,900,137200,27.165,blurry,179.14,35.474,True,ok,True
7. Healthy leaf/healthy_00593.jpg,7. Healthy leaf,1200,900,156655,24.655,blurry,176.495,31.795,True,ok,True
7. Healthy leaf/healthy_00594.jpg,7. Healthy leaf,1200,1600,276878,47.972,blurry,177.806,44.998,True,ok,True
7. Healthy leaf/healthy_00595.jpg,7. Healthy leaf,1200,1600,332967,93.991,blurry,175.161,55.53,True,ok,True
7. Healthy leaf/healthy_00596.jpg,7. Healthy leaf,1200,1600,343540,108.424,soft,167.393,48.032,True,ok,True
7. Healthy leaf/healthy_00597.jpg,7. Healthy leaf,1200,1600,307447,45.081,blurry,181.868,45.725,True,ok,True
7. Healthy leaf/healthy_00598.jpg,7. Healthy leaf,1200,1600,317178,39.013,blurry,178.806,34.178,True,ok,True
7. Healthy leaf/healthy_00599.jpg,7. Healthy leaf,1200,1600,329557,72.331,blurry,179.035,41.654,True,ok,True
7. Healthy leaf/healthy_00600.jpg,7. Healthy leaf,1200,1600,290067,50.882,blurry,178.136,52.331,True,ok,True
7. Healthy leaf/healthy_00601.jpg,7. Healthy leaf,1200,900,169074,53.167,blurry,174.045,32.046,True,ok,True
7. Healthy leaf/healthy_00602.jpg,7. Healthy leaf,1200,900,176212,44.586,blurry,183.328,30.747,True,ok,True
7. Healthy leaf/healthy_00603.jpg,7. Healthy leaf,1200,1600,324934,99.944,blurry,169.769,49.13,True,ok,True
7. Healthy leaf/healthy_00604.jpg,7. Healthy leaf,1200,900,201821,65.205,blurry,178.294,39.834,True,ok,True
7. Healthy leaf/healthy_00605.jpg,7. Healthy leaf,1200,900,209706,87.313,blurry,172.327,39.876,True,ok,True
7. Healthy leaf/healthy_00606.jpg,7. Healthy leaf,1200,900,172667,54.897,blurry,176.891,41.061,True,ok,True
7. Healthy leaf/healthy_00607.jpg,7. Healthy leaf,1200,900,186108,38.721,blurry,175.43,35.593,True,ok,True
7. Healthy leaf/healthy_00608.jpg,7. Healthy leaf,1200,900,196754,115.989,soft,175.532,50.206,True,ok,True
7. Healthy leaf/healthy_00609.jpg,7. Healthy leaf,1200,900,199436,79.736,blurry,177.824,44.222,True,ok,True
7. Healthy leaf/healthy_00610.jpg,7. Healthy leaf,1200,900,165840,58.343,blurry,179.153,39.927,True,ok,True
7. Healthy leaf/healthy_00611.jpg,7. Healthy leaf,1200,1600,271114,54.385,blurry,174.14,50.356,True,ok,True
7. Healthy leaf/healthy_00612.jpg,7. Healthy leaf,1200,1600,311460,47.058,blurry,169.408,37.166,True,ok,True
7. Healthy leaf/healthy_00613.jpg,7. Healthy leaf,1200,1600,297696,28.642,blurry,189.453,38.704,True,ok,True
7. Healthy leaf/healthy_00614.jpg,7. Healthy leaf,1200,1600,300462,27.425,blurry,192.232,30.676,True,ok,True
7. Healthy leaf/healthy_00615.jpg,7. Healthy leaf,1200,1600,320474,51.659,blurry,177.105,47.261,True,ok,True
7. Healthy leaf/healthy_00616.jpg,7. Healthy leaf,1200,1600,344121,48.162,blurry,176.89,37.35,True,ok,True
7. Healthy leaf/healthy_00617.jpg,7. Healthy leaf,1200,900,204833,103.587,soft,179.162,43.119,True,ok,True
7. Healthy leaf/healthy_00618.jpg,7. Healthy leaf,1200,900,200048,63.453,blurry,178.68,37.853,True,ok,True
7. Healthy leaf/healthy_00619.jpg,7. Healthy leaf,1200,1600,336518,45.692,blurry,180.334,32.806,True,ok,True
7. Healthy leaf/healthy_00620.jpg,7. Healthy leaf,1200,1600,352523,38.369,blurry,181.268,29.418,True,ok,True
7. Healthy leaf/healthy_00621.jpg,7. Healthy leaf,1200,1600,287995,41.193,blurry,179.01,35.786,True,ok,True
7. Healthy leaf/healthy_00622.jpg,7. Healthy leaf,1200,1600,322901,33.04,blurry,191.681,34.33,True,ok,True
7. Healthy leaf/healthy_00623.jpg,7. Healthy leaf,1200,1600,271479,31.445,blurry,194.326,32.397,True,ok,True
7. Healthy leaf/healthy_00624.jpg,7. Healthy leaf,1200,1600,280781,22.872,blurry,195.045,29.067,True,ok,True
7. Healthy leaf/healthy_00625.jpg,7. Healthy leaf,1200,1600,305947,18.009,blurry,195.624,24.099,True,ok,True
7. Healthy leaf/healthy_00626.jpg,7. Healthy leaf,1200,1600,280866,37.062,blurry,166.748,37.89,True,ok,True
7. Healthy leaf/healthy_00627.jpg,7. Healthy leaf,1200,900,134783,34.227,blurry,180.114,47.602,True,ok,True
7. Healthy leaf/healthy_00628.jpg,7. Healthy leaf,1200,900,194903,32.764,blurry,170.584,33.923,True,ok,True
7. Healthy leaf/healthy_00629.jpg,7. Healthy leaf,1200,900,161641,57.968,blurry,160.921,50.359,True,ok,True
7. Healthy leaf/healthy_00630.jpg,7. Healthy leaf,1200,900,158143,32.674,blurry,168.172,36.558,True,ok,True
7. Healthy leaf/healthy_00631.jpg,7. Healthy leaf,1200,900,138622,35.2,blurry,175.936,44.78,True,ok,True
7. Healthy leaf/healthy_00632.jpg,7. Healthy leaf,1200,1600,280199,22.288,blurry,172.313,36.049,True,ok,True
7. Healthy leaf/healthy_00633.jpg,7. Healthy leaf,1200,1600,321433,91.261,blurry,183.26,54.459,True,ok,True
7. Healthy leaf/healthy_00634.jpg,7. Healthy leaf,1200,1600,289122,52.138,blurry,170.382,42.671,True,ok,True
7. Healthy leaf/healthy_00635.jpg,7. Healthy leaf,1200,900,181336,70.668,blurry,178.3,55.194,True,ok,True
7. Healthy leaf/healthy_00636.jpg,7. Healthy leaf,1200,900,194060,40.368,blurry,173.46,44.81,True,ok,True
7. Healthy leaf/healthy_00637.jpg,7. Healthy leaf,1200,1600,277195,53.04,blurry,171.223,45.116,True,ok,True
7. Healthy leaf/healthy_00638.jpg,7. Healthy leaf,1200,1600,292446,47.927,blurry,169.642,37.923,True,ok,True
7. Healthy leaf/healthy_00639.jpg,7. Healthy leaf,1200,1600,344443,31.667,blurry,168.974,39.594,True,ok,True
7. Healthy leaf/healthy_00640.jpg,7. Healthy leaf,1200,1600,289559,30.277,blurry,171.746,37.726,True,ok,True
7. Healthy leaf/healthy_00641.jpg,7. Healthy leaf,1200,1600,314361,47.192,blurry,170.153,48.794,True,ok,True
7. Healthy leaf/healthy_00642.jpg,7. Healthy leaf,1200,1600,307027,64.285,blurry,164.113,58.044,True,ok,True
7. Healthy leaf/healthy_00643.jpg,7. Healthy leaf,1200,1600,287450,36.947,blurry,168.519,43.116,True,ok,True
7. Healthy leaf/healthy_00644.jpg,7. Healthy leaf,1200,1600,274620,54.127,blurry,166.313,49.236,True,ok,True
7. Healthy leaf/healthy_00645.jpg,7. Healthy leaf,1200,1600,349756,51.01,blurry,164.735,34.948,True,ok,True
7. Healthy leaf/healthy_00646.jpg,7. Healthy leaf,1200,1600,262585,70.382,blurry,169.836,47.624,True,ok,True
7. Healthy leaf/healthy_00647.jpg,7. Healthy leaf,1200,1600,387956,37.508,blurry,167.43,37.001,True,ok,True
7. Healthy leaf/healthy_00648.jpg,7. Healthy leaf,1200,1600,288403,48.103,blurry,173.007,35.469,True,ok,True
7. Healthy leaf/healthy_00649.jpg,7. Healthy leaf,1200,1600,266734,65.677,blurry,173.545,48.545,True,ok,True
7. Healthy leaf/healthy_00650.jpg,7. Healthy leaf,1200,1600,252028,49.837,blurry,178.104,39.541,True,ok,True
7. Healthy leaf/healthy_00651.jpg,7. Healthy leaf,1200,1600,278994,36.247,blurry,173.988,30.329,True,ok,True
7. Healthy leaf/healthy_00652.jpg,7. Healthy leaf,1200,1600,300149,35.588,blurry,169.258,37.354,True,ok,True
7. Healthy leaf/healthy_00653.jpg,7. Healthy leaf,1200,1600,288130,29.456,blurry,168.492,27.308,True,ok,True
7. Healthy leaf/healthy_00654.jpg,7. Healthy leaf,1200,1600,345084,62.952,blurry,163.623,47.932,True,ok,True
7. Healthy leaf/healthy_00655.jpg,7. Healthy leaf,1200,1600,348630,72.872,blurry,168.227,32.873,True,ok,True
7. Healthy leaf/healthy_00656.jpg,7. Healthy leaf,1200,1600,263099,35.844,blurry,165.29,47.446,True,ok,True
7. Healthy leaf/healthy_00657.jpg,7. Healthy leaf,1200,1600,270577,25.532,blurry,171.489,30.701,True,ok,True
7. Healthy leaf/healthy_00658.jpg,7. Healthy leaf,1200,1600,235729,28.92,blurry,168.266,44.064,True,ok,True
7. Healthy leaf/healthy_00659.jpg,7. Healthy leaf,1200,1600,259927,30.302,blurry,170.877,37.702,True,ok,True
7. Healthy leaf/healthy_00660.jpg,7. Healthy leaf,1200,1600,245254,53.695,blurry,173.247,46.566,True,ok,True
7. Healthy leaf/healthy_00661.jpg,7. Healthy leaf,1200,1600,252651,36.479,blurry,171.832,35.0,True,ok,True
7. Healthy leaf/healthy_00662.jpg,7. Healthy leaf,1200,1600,378675,82.844,blurry,167.07,43.44,True,ok,True
7. Healthy leaf/healthy_00663.jpg,7. Healthy leaf,1200,1600,396031,54.838,blurry,166.836,32.565,True,ok,True
7. Healthy leaf/healthy_00664.jpg,7. Healthy leaf,1200,1600,257992,53.382,blurry,188.587,43.16,True,ok,True
7. Healthy leaf/healthy_00665.jpg,7. Healthy leaf,1200,900,140518,40.986,blurry,175.42,44.192,True,ok,True
7. Healthy leaf/healthy_00666.jpg,7. Healthy leaf,1200,1600,415395,55.068,blurry,170.461,31.777,True,ok,True
7. Healthy leaf/healthy_00667.jpg,7. Healthy leaf,1200,900,143171,37.956,blurry,174.269,46.848,True,ok,True
7. Healthy leaf/healthy_00668.jpg,7. Healthy leaf,1200,1600,285118,47.951,blurry,184.301,45.828,True,ok,True
7. Healthy leaf/healthy_00669.jpg,7. Healthy leaf,1200,1600,409837,37.532,blurry,168.428,28.768,True,ok,True
7. Healthy leaf/healthy_00670.jpg,7. Healthy leaf,1200,1600,246593,22.067,blurry,172.26,28.438,True,ok,True
7. Healthy leaf/healthy_00671.jpg,7. Healthy leaf,1200,1600,241306,18.104,blurry,178.639,24.785,True,ok,True
7. Healthy leaf/healthy_00672.jpg,7. Healthy leaf,1200,1600,246287,86.233,blurry,169.559,42.574,True,ok,True
7. Healthy leaf/healthy_00673.jpg,7. Healthy leaf,1200,900,125745,46.088,blurry,163.951,49.172,True,ok,True
7. Healthy leaf/healthy_00674.jpg,7. Healthy leaf,1200,1600,310889,46.612,blurry,165.512,36.251,True,ok,True
7. Healthy leaf/healthy_00675.jpg,7. Healthy leaf,1200,1600,296320,51.799,blurry,186.76,43.262,True,ok,True
7. Healthy leaf/healthy_00676.jpg,7. Healthy leaf,1200,1600,344910,71.06,blurry,192.517,29.266,True,ok,True
7. Healthy leaf/healthy_00677.jpg,7. Healthy leaf,1200,1600,277855,48.347,blurry,166.554,43.832,True,ok,True
7. Healthy leaf/healthy_00678.jpg,7. Healthy leaf,1200,1600,266554,41.013,blurry,170.443,39.583,True,ok,True
7. Healthy leaf/healthy_00679.jpg,7. Healthy leaf,1200,1600,299605,67.33,blurry,166.821,45.283,True,ok,True
7. Healthy leaf/healthy_00680.jpg,7. Healthy leaf,1200,900,145748,45.572,blurry,176.15,42.064,True,ok,True
7. Healthy leaf/healthy_00681.jpg,7. Healthy leaf,1200,900,152623,31.829,blurry,174.195,31.107,True,ok,True
7. Healthy leaf/healthy_00682.jpg,7. Healthy leaf,1200,1600,270688,52.085,blurry,158.607,47.505,True,ok,True
7. Healthy leaf/healthy_00683.jpg,7. Healthy leaf,1200,1600,289446,38.849,blurry,164.853,28.924,True,ok,True
7. Healthy leaf/healthy_00684.jpg,7. Healthy leaf,1200,900,127965,41.897,blurry,179.31,44.485,True,ok,True
7. Healthy leaf/healthy_00685.jpg,7. Healthy leaf,1200,900,142389,46.343,blurry,176.211,31.155,True,ok,True
7. Healthy leaf/healthy_00686.jpg,7. Healthy leaf,1200,1600,289592,52.275,blurry,176.434,37.305,True,ok,True
7. Healthy leaf/healthy_00687.jpg,7. Healthy leaf,1200,1600,320445,71.546,blurry,155.795,51.414,True,ok,True
7. Healthy leaf/healthy_00688.jpg,7. Healthy leaf,1200,1600,215987,40.246,blurry,181.234,46.613,True,ok,True
7. Healthy leaf/healthy_00689.jpg,7. Healthy leaf,1200,1600,312102,27.469,blurry,163.65,23.935,True,ok,True
7. Healthy leaf/healthy_00690.jpg,7. Healthy leaf,1200,1600,292460,51.273,blurry,170.371,38.766,True,ok,True
7. Healthy leaf/healthy_00691.jpg,7. Healthy leaf,1200,1600,265366,44.865,blurry,167.334,51.589,True,ok,True
7. Healthy leaf/healthy_00692.jpg,7. Healthy leaf,1200,1600,289376,51.478,blurry,170.581,48.004,True,ok,True
7. Healthy leaf/healthy_00693.jpg,7. Healthy leaf,1200,1600,308790,31.145,blurry,171.268,38.971,True,ok,True
7. Healthy leaf/healthy_00694.jpg,7. Healthy leaf,1200,1600,283986,43.517,blurry,184.176,35.191,True,ok,True
7. Healthy leaf/healthy_00695.jpg,7. Healthy leaf,1200,1600,272028,42.357,blurry,170.674,42.388,True,ok,True
7. Healthy leaf/healthy_00696.jpg,7. Healthy leaf,1200,1600,297955,53.701,blurry,173.562,43.322,True,ok,True
7. Healthy leaf/healthy_00697.jpg,7. Healthy leaf,1200,1600,308495,36.604,blurry,168.275,35.37,True,ok,True
7. Healthy leaf/healthy_00698.jpg,7. Healthy leaf,1200,1600,286443,37.138,blurry,183.332,41.957,True,ok,True
7. Healthy leaf/healthy_00699.jpg,7. Healthy leaf,1200,1600,279971,43.385,blurry,168.012,40.242,True,ok,True
7. Healthy leaf/healthy_00700.jpg,7. Healthy leaf,1200,1600,305609,39.565,blurry,174.188,31.408,True,ok,True
7. Healthy leaf/healthy_00701.jpg,7. Healthy leaf,1200,1600,307473,66.989,blurry,164.683,58.198,True,ok,True
7. Healthy leaf/healthy_00702.jpg,7. Healthy leaf,1200,1600,249861,45.954,blurry,174.591,47.927,True,ok,True
7. Healthy leaf/healthy_00703.jpg,7. Healthy leaf,1200,1600,304700,42.102,blurry,169.707,40.12,True,ok,True
7. Healthy leaf/healthy_00704.jpg,7. Healthy leaf,1200,1600,295624,71.834,blurry,169.943,51.577,True,ok,True
7. Healthy leaf/healthy_00705.jpg,7. Healthy leaf,1200,1600,272331,50.2,blurry,176.971,58.402,True,ok,True
7. Healthy leaf/healthy_00706.jpg,7. Healthy leaf,1200,1600,287657,32.933,blurry,173.952,41.82,True,ok,True
7. Healthy leaf/healthy_00707.jpg,7. Healthy leaf,1200,1600,279440,40.02,blurry,174.852,48.202,True,ok,True
7. Healthy leaf/healthy_00708.jpg,7. Healthy leaf,1200,1600,302195,32.192,blurry,173.483,35.983,True,ok,True
7. Healthy leaf/healthy_00709.jpg,7. Healthy leaf,1200,1600,316837,25.87,blurry,190.272,30.143,True,ok,True
7. Healthy leaf/healthy_00710.jpg,7. Healthy leaf,1200,1600,265909,30.408,blurry,192.347,26.821,True,ok,True
7. Healthy leaf/healthy_00711.jpg,7. Healthy leaf,1200,1600,279502,29.926,blurry,172.703,28.458,True,ok,True
7. Healthy leaf/healthy_00712.jpg,7. Healthy leaf,1200,900,168270,60.237,blurry,183.226,41.345,True,ok,True
7. Healthy leaf/healthy_00713.jpg,7. Healthy leaf,1200,1600,285565,57.194,blurry,174.322,43.464,True,ok,True
7. Healthy leaf/healthy_00714.jpg,7. Healthy leaf,1200,1600,288073,42.038,blurry,171.612,33.799,True,ok,True
7. Healthy leaf/healthy_00715.jpg,7. Healthy leaf,1200,1600,297716,33.524,blurry,163.537,43.349,True,ok,True
7. Healthy leaf/healthy_00716.jpg,7. Healthy leaf,1200,1600,293832,39.49,blurry,170.45,37.793,True,ok,True
7. Healthy leaf/healthy_00717.jpg,7. Healthy leaf,1200,1600,307401,30.987,blurry,171.687,27.582,True,ok,True
7. Healthy leaf/healthy_00718.jpg,7. Healthy leaf,1200,1600,293797,34.121,blurry,177.24,35.929,True,ok,True
7. Healthy leaf/healthy_00719.jpg,7. Healthy leaf,1200,1600,331238,30.904,blurry,177.081,30.408,True,ok,True
7. Healthy leaf/healthy_00720.jpg,7. Healthy leaf,1200,1600,301431,62.896,blurry,169.857,42.008,True,ok,True
7. Healthy leaf/healthy_00721.jpg,7. Healthy leaf,1200,900,165840,30.643,blurry,170.851,32.013,True,ok,True
7. Healthy leaf/healthy_00722.jpg,7. Healthy leaf,1200,1600,350316,42.345,blurry,189.885,30.669,True,ok,True
7. Healthy leaf/healthy_00723.jpg,7. Healthy leaf,1200,1600,310110,55.987,blurry,182.03,29.946,True,ok,True
7. Healthy leaf/healthy_00724.jpg,7. Healthy leaf,1200,1600,196481,20.745,blurry,183.354,22.558,True,ok,True
7. Healthy leaf/healthy_00725.jpg,7. Healthy leaf,1200,1600,321252,44.588,blurry,181.162,37.708,True,ok,True
7. Healthy leaf/healthy_00726.jpg,7. Healthy leaf,1200,1600,315552,35.6,blurry,163.467,42.129,True,ok,True
7. Healthy leaf/healthy_00727.jpg,7. Healthy leaf,1200,1600,299908,36.265,blurry,165.688,41.3,True,ok,True
7. Healthy leaf/healthy_00728.jpg,7. Healthy leaf,1200,1600,290765,65.827,blurry,168.018,44.446,True,ok,True
7. Healthy leaf/healthy_00729.jpg,7. Healthy leaf,1200,1600,300628,61.294,blurry,170.868,39.233,True,ok,True
7. Healthy leaf/healthy_00730.jpg,7. Healthy leaf,1200,900,161180,48.95,blurry,169.841,34.894,True,ok,True
7. Healthy leaf/healthy_00731.jpg,7. Healthy leaf,1200,1600,254648,97.421,blurry,137.748,46.107,True,ok,True
7. Healthy leaf/healthy_00732.jpg,7. Healthy leaf,1200,1600,232878,91.368,blurry,139.835,50.136,True,ok,True
7. Healthy leaf/healthy_00733.jpg,7. Healthy leaf,1200,1600,261475,78.191,blurry,144.778,40.017,True,ok,True
7. Healthy leaf/healthy_00734.jpg,7. Healthy leaf,1200,1600,266646,62.469,blurry,149.222,38.331,True,ok,True
7. Healthy leaf/healthy_00735.jpg,7. Healthy leaf,1200,1600,244215,57.515,blurry,145.2,43.934,True,ok,True
7. Healthy leaf/healthy_00736.jpg,7. Healthy leaf,1200,1600,181019,51.44,blurry,145.194,49.647,True,ok,True
7. Healthy leaf/healthy_00737.jpg,7. Healthy leaf,1200,1600,217480,54.746,blurry,187.817,39.19,True,ok,True
7. Healthy leaf/healthy_00738.jpg,7. Healthy leaf,1200,1600,264757,44.993,blurry,154.767,29.363,True,ok,True
7. Healthy leaf/healthy_00739.jpg,7. Healthy leaf,1200,1600,282542,61.249,blurry,186.325,42.236,True,ok,True
7. Healthy leaf/healthy_00740.jpg,7. Healthy leaf,1200,1600,257109,54.158,blurry,140.153,39.042,True,ok,True
7. Healthy leaf/healthy_00741.jpg,7. Healthy leaf,1200,1600,293141,85.24,blurry,180.17,46.192,True,ok,True
7. Healthy leaf/healthy_00742.jpg,7. Healthy leaf,1200,1600,281742,110.663,soft,165.709,54.085,True,ok,True
7. Healthy leaf/healthy_00743.jpg,7. Healthy leaf,1200,1600,231193,67.32,blurry,170.117,42.064,True,ok,True
7. Healthy leaf/healthy_00744.jpg,7. Healthy leaf,1200,1600,262416,81.119,blurry,169.059,48.975,True,ok,True
7. Healthy leaf/healthy_00745.jpg,7. Healthy leaf,1200,1600,257118,53.583,blurry,174.06,33.102,True,ok,True
7. Healthy leaf/healthy_00746.jpg,7. Healthy leaf,1200,1600,248967,44.107,blurry,170.419,34.036,True,ok,True
7. Healthy leaf/healthy_00747.jpg,7. Healthy leaf,1200,900,142909,66.855,blurry,172.544,38.087,True,ok,True
7. Healthy leaf/healthy_00748.jpg,7. Healthy leaf,1200,900,139990,71.69,blurry,176.714,43.509,True,ok,True
7. Healthy leaf/healthy_00749.jpg,7. Healthy leaf,1200,1600,282350,106.287,soft,177.327,41.764,True,ok,True
7. Healthy leaf/healthy_00750.jpg,7. Healthy leaf,1200,1600,286707,100.505,soft,174.462,42.611,True,ok,True
7. Healthy leaf/healthy_00751.jpg,7. Healthy leaf,1200,1600,263729,47.172,blurry,173.402,32.974,True,ok,True
7. Healthy leaf/healthy_00752.jpg,7. Healthy leaf,1200,1600,264651,54.719,blurry,170.46,34.571,True,ok,True
7. Healthy leaf/healthy_00753.jpg,7. Healthy leaf,1200,1600,385275,199.303,soft,159.914,61.921,True,ok,True
7. Healthy leaf/healthy_00754.jpg,7. Healthy leaf,1200,1600,347573,257.523,soft,149.239,65.848,True,ok,True
7. Healthy leaf/healthy_00755.jpg,7. Healthy leaf,1200,1600,258678,90.963,blurry,144.249,41.858,True,ok,True
7. Healthy leaf/healthy_00756.jpg,7. Healthy leaf,1200,1600,252111,64.614,blurry,191.68,38.973,True,ok,True
7. Healthy leaf/healthy_00757.jpg,7. Healthy leaf,1200,1600,280223,90.874,blurry,186.446,43.051,True,ok,True
7. Healthy leaf/healthy_00758.jpg,7. Healthy leaf,1200,1600,264538,55.395,blurry,150.2,29.651,True,ok,True
7. Healthy leaf/healthy_00759.jpg,7. Healthy leaf,1200,1600,252289,72.243,blurry,176.777,41.31,True,ok,True
7. Healthy leaf/healthy_00760.jpg,7. Healthy leaf,1200,1600,258603,71.012,blurry,174.225,44.068,True,ok,True
7. Healthy leaf/healthy_00761.jpg,7. Healthy leaf,1200,900,157462,69.808,blurry,167.882,41.126,True,ok,True
7. Healthy leaf/healthy_00762.jpg,7. Healthy leaf,1200,900,150548,63.974,blurry,169.598,39.575,True,ok,True
7. Healthy leaf/healthy_00763.jpg,7. Healthy leaf,1200,1600,217415,37.168,blurry,146.35,39.194,True,ok,True
7. Healthy leaf/healthy_00764.jpg,7. Healthy leaf,1200,900,144977,81.538,blurry,174.338,46.662,True,ok,True
7. Healthy leaf/healthy_00765.jpg,7. Healthy leaf,1200,900,155241,89.524,blurry,169.319,50.44,True,ok,True
7. Healthy leaf/healthy_00766.jpg,7. Healthy leaf,1200,1600,254747,61.162,blurry,173.526,39.55,True,ok,True
7. Healthy leaf/healthy_00767.jpg,7. Healthy leaf,1200,1600,268977,65.853,blurry,169.256,40.744,True,ok,True
7. Healthy leaf/healthy_00768.jpg,7. Healthy leaf,1200,1600,265388,138.662,soft,181.307,50.954,True,ok,True
7. Healthy leaf/healthy_00769.jpg,7. Healthy leaf,1200,1600,248861,73.609,blurry,147.417,40.044,True,ok,True
7. Healthy leaf/healthy_00770.jpg,7. Healthy leaf,1200,1600,256343,99.466,blurry,185.433,43.532,True,ok,True
7. Healthy leaf/healthy_00771.jpg,7. Healthy leaf,1200,1600,296890,193.895,soft,178.303,49.38,True,ok,True
7. Healthy leaf/healthy_00772.jpg,7. Healthy leaf,1200,1600,333097,83.776,blurry,178.966,35.794,True,ok,True
7. Healthy leaf/healthy_00773.jpg,7. Healthy leaf,1200,1600,226997,60.602,blurry,174.448,35.226,True,ok,True
7. Healthy leaf/healthy_00774.jpg,7. Healthy leaf,1200,1600,235857,66.708,blurry,176.164,38.962,True,ok,True
7. Healthy leaf/healthy_00775.jpg,7. Healthy leaf,1200,900,127996,48.782,blurry,175.94,30.109,True,ok,True
7. Healthy leaf/healthy_00776.jpg,7. Healthy leaf,1200,900,138747,56.505,blurry,174.501,33.669,True,ok,True
7. Healthy leaf/healthy_00777.jpg,7. Healthy leaf,1200,1600,309956,135.424,soft,178.668,47.172,True,ok,True
7. Healthy leaf/healthy_00778.jpg,7. Healthy leaf,1200,1600,272297,107.17,soft,183.148,43.086,True,ok,True
7. Healthy leaf/healthy_00779.jpg,7. Healthy leaf,1200,1600,270268,69.163,blurry,179.642,39.66,True,ok,True
7. Healthy leaf/healthy_00780.jpg,7. Healthy leaf,1200,1600,244235,50.445,blurry,174.247,35.979,True,ok,True
7. Healthy leaf/healthy_00781.jpg,7. Healthy leaf,1200,1600,236819,48.608,blurry,188.136,28.287,True,ok,True
7. Healthy leaf/healthy_00782.jpg,7. Healthy leaf,1200,1600,239950,51.226,blurry,172.635,36.458,True,ok,True
7. Healthy leaf/healthy_00783.jpg,7. Healthy leaf,1200,900,132420,39.182,blurry,172.421,30.932,True,ok,True
7. Healthy leaf/healthy_00784.jpg,7. Healthy leaf,1200,900,136238,39.236,blurry,175.205,30.17,True,ok,True
7. Healthy leaf/healthy_00785.jpg,7. Healthy leaf,1200,1600,276623,79.054,blurry,193.786,30.165,True,ok,True
7. Healthy leaf/healthy_00786.jpg,7. Healthy leaf,1200,1600,253659,76.709,blurry,175.078,41.747,True,ok,True
7. Healthy leaf/healthy_00787.jpg,7. Healthy leaf,1200,1600,248312,64.333,blurry,172.566,40.2,True,ok,True
7. Healthy leaf/healthy_00788.jpg,7. Healthy leaf,1200,1600,247242,45.036,blurry,175.951,33.487,True,ok,True
7. Healthy leaf/healthy_00789.jpg,7. Healthy leaf,1200,1600,249038,50.228,blurry,169.23,37.748,True,ok,True
7. Healthy leaf/healthy_00790.jpg,7. Healthy leaf,1200,1600,251656,64.313,blurry,173.421,33.499,True,ok,True
7. Healthy leaf/healthy_00791.jpg,7. Healthy leaf,1200,1600,254547,56.804,blurry,172.864,33.491,True,ok,True
7. Healthy leaf/healthy_00792.jpg,7. Healthy leaf,1200,1600,262077,51.967,blurry,172.023,36.273,True,ok,True
7. Healthy leaf/healthy_00793.jpg,7. Healthy leaf,1200,1600,244587,49.644,blurry,175.058,33.328,True,ok,True
7. Healthy leaf/healthy_00794.jpg,7. Healthy leaf,1200,1600,284838,85.407,blurry,173.453,44.371,True,ok,True
7. Healthy leaf/healthy_00795.jpg,7. Healthy leaf,1200,1600,293208,89.135,blurry,173.287,44.638,True,ok,True
7. Healthy leaf/healthy_00796.jpg,7. Healthy leaf,1200,1600,308501,62.703,blurry,171.665,38.29,True,ok,True
7. Healthy leaf/healthy_00797.jpg,7. Healthy leaf,1200,1600,295919,60.028,blurry,177.025,37.447,True,ok,True
7. Healthy leaf/healthy_00798.jpg,7. Healthy leaf,1200,1600,234071,30.267,blurry,172.387,28.007,True,ok,True
7. Healthy leaf/healthy_00799.jpg,7. Healthy leaf,1200,1600,251372,36.306,blurry,170.577,32.594,True,ok,True
7. Healthy leaf/healthy_00800.jpg,7. Healthy leaf,1200,900,139317,35.927,blurry,177.078,31.854,True,ok,True
7. Healthy leaf/healthy_00801.jpg,7. Healthy leaf,1200,900,135721,33.923,blurry,177.367,31.451,True,ok,True
7. Healthy leaf/healthy_00802.jpg,7. Healthy leaf,1200,1600,255269,33.044,blurry,181.031,27.827,True,ok,True
7. Healthy leaf/healthy_00803.jpg,7. Healthy leaf,1200,1600,267502,37.295,blurry,177.502,30.355,True,ok,True
7. Healthy leaf/healthy_00804.jpg,7. Healthy leaf,1200,1600,309139,119.901,soft,165.009,47.54,True,ok,True
7. Healthy leaf/healthy_00805.jpg,7. Healthy leaf,1200,1600,323906,116.743,soft,165.603,39.81,True,ok,True
7. Healthy leaf/healthy_00806.jpg,7. Healthy leaf,1200,1600,286850,90.928,blurry,163.05,42.17,True,ok,True
7. Healthy leaf/healthy_00807.jpg,7. Healthy leaf,1200,1600,293502,126.961,soft,184.678,48.719,True,ok,True
7. Healthy leaf/healthy_00808.jpg,7. Healthy leaf,1200,1600,345474,139.725,soft,177.2,46.443,True,ok,True
7. Healthy leaf/healthy_00809.jpg,7. Healthy leaf,1200,1600,268983,55.596,blurry,170.221,46.933,True,ok,True
7. Healthy leaf/healthy_00810.jpg,7. Healthy leaf,1200,900,151110,64.304,blurry,170.102,52.617,True,ok,True
7. Healthy leaf/healthy_00811.jpg,7. Healthy leaf,1200,900,140827,39.542,blurry,177.236,34.266,True,ok,True
7. Healthy leaf/healthy_00812.jpg,7. Healthy leaf,1200,900,144856,37.531,blurry,173.869,34.813,True,ok,True
7. Healthy leaf/healthy_00813.jpg,7. Healthy leaf,1200,900,154874,63.463,blurry,170.89,40.984,True,ok,True
7. Healthy leaf/healthy_00814.jpg,7. Healthy leaf,1200,900,153882,64.176,blurry,171.25,45.494,True,ok,True
7. Healthy leaf/healthy_00815.jpg,7. Healthy leaf,1200,1600,284580,44.776,blurry,169.862,37.391,True,ok,True
7. Healthy leaf/healthy_00816.jpg,7. Healthy leaf,1200,1600,291367,47.012,blurry,167.375,43.805,True,ok,True
7. Healthy leaf/healthy_00817.jpg,7. Healthy leaf,1200,900,172598,123.427,soft,173.297,50.211,True,ok,True
7. Healthy leaf/healthy_00818.jpg,7. Healthy leaf,1200,900,176671,132.219,soft,173.678,52.122,True,ok,True
7. Healthy leaf/healthy_00819.jpg,7. Healthy leaf,1200,900,171116,100.867,soft,175.034,40.333,True,ok,True
7. Healthy leaf/healthy_00820.jpg,7. Healthy leaf,1200,900,182024,99.496,blurry,175.099,41.229,True,ok,True
7. Healthy leaf/healthy_00821.jpg,7. Healthy leaf,1200,1600,257897,48.241,blurry,174.371,40.719,True,ok,True
7. Healthy leaf/healthy_00822.jpg,7. Healthy leaf,1200,900,132765,47.459,blurry,178.625,45.839,True,ok,True
7. Healthy leaf/healthy_00823.jpg,7. Healthy leaf,1200,900,135880,37.831,blurry,179.02,27.112,True,ok,True
7. Healthy leaf/healthy_00824.jpg,7. Healthy leaf,1200,900,145141,40.369,blurry,177.553,26.896,True,ok,True
7. Healthy leaf/healthy_00825.jpg,7. Healthy leaf,1200,1600,238794,121.564,soft,175.61,54.416,True,ok,True
7. Healthy leaf/healthy_00826.jpg,7. Healthy leaf,1200,1600,250653,86.315,blurry,182.59,40.39,True,ok,True
7. Healthy leaf/healthy_00827.jpg,7. Healthy leaf,1200,1600,252833,82.918,blurry,173.983,51.916,True,ok,True
7. Healthy leaf/healthy_00828.jpg,7. Healthy leaf,1200,1600,286153,51.913,blurry,189.13,32.584,True,ok,True
7. Healthy leaf/healthy_00829.jpg,7. Healthy leaf,1200,1600,260714,58.125,blurry,177.646,39.918,True,ok,True
7. Healthy leaf/healthy_00830.jpg,7. Healthy leaf,1200,900,151195,65.057,blurry,168.837,48.2,True,ok,True
7. Healthy leaf/healthy_00831.jpg,7. Healthy leaf,1200,900,162057,61.424,blurry,172.721,41.294,True,ok,True
7. Healthy leaf/healthy_00832.jpg,7. Healthy leaf,1200,900,154725,60.073,blurry,170.413,41.518,True,ok,True
7. Healthy leaf/healthy_00833.jpg,7. Healthy leaf,1200,900,160754,62.084,blurry,173.2,47.651,True,ok,True
7. Healthy leaf/healthy_00834.jpg,7. Healthy leaf,1200,900,172344,76.268,blurry,169.42,50.96,True,ok,True
7. Healthy leaf/healthy_00835.jpg,7. Healthy leaf,1200,900,157172,43.873,blurry,172.393,35.355,True,ok,True
7. Healthy leaf/healthy_00836.jpg,7. Healthy leaf,1200,900,156863,44.973,blurry,175.821,34.927,True,ok,True
7. Healthy leaf/healthy_00837.jpg,7. Healthy leaf,1200,1600,269271,60.226,blurry,174.958,37.715,True,ok,True
7. Healthy leaf/healthy_00838.jpg,7. Healthy leaf,1200,1600,271383,64.082,blurry,172.462,38.857,True,ok,True
7. Healthy leaf/healthy_00839.jpg,7. Healthy leaf,1200,900,150184,43.247,blurry,174.26,29.526,True,ok,True
7. Healthy leaf/healthy_00840.jpg,7. Healthy leaf,1200,900,151957,40.843,blurry,173.818,28.453,True,ok,True
7. Healthy leaf/healthy_00841.jpg,7. Healthy leaf,1200,1600,242028,46.722,blurry,170.826,42.039,True,ok,True
7. Healthy leaf/healthy_00842.jpg,7. Healthy leaf,1200,900,146062,60.016,blurry,176.39,42.485,True,ok,True
7. Healthy leaf/healthy_00843.jpg,7. Healthy leaf,1200,900,143871,42.646,blurry,179.467,30.837,True,ok,True
7. Healthy leaf/healthy_00844.jpg,7. Healthy leaf,1200,900,138542,40.887,blurry,179.66,29.513,True,ok,True
7. Healthy leaf/healthy_00845.jpg,7. Healthy leaf,1200,900,164338,85.556,blurry,175.563,46.758,True,ok,True
7. Healthy leaf/healthy_00846.jpg,7. Healthy leaf,1200,900,154460,84.174,blurry,176.424,45.333,True,ok,True
7. Healthy leaf/healthy_00847.jpg,7. Healthy leaf,1200,900,160216,87.602,blurry,175.728,41.218,True,ok,True
7. Healthy leaf/healthy_00848.jpg,7. Healthy leaf,1200,900,149002,71.108,blurry,178.741,38.49,True,ok,True
7. Healthy leaf/healthy_00849.jpg,7. Healthy leaf,1200,1600,262535,66.965,blurry,183.245,41.969,True,ok,True
7. Healthy leaf/healthy_00850.jpg,7. Healthy leaf,1200,1600,326200,124.295,soft,168.495,59.303,True,ok,True
7. Healthy leaf/healthy_00851.jpg,7. Healthy leaf,1200,1600,383845,177.781,soft,159.337,54.875,True,ok,True
7. Healthy leaf/healthy_00852.jpg,7. Healthy leaf,1200,1600,346014,94.495,blurry,139.974,42.764,True,ok,True
7. Healthy leaf/healthy_00853.jpg,7. Healthy leaf,1200,1600,273297,90.387,blurry,174.775,51.33,True,ok,True
7. Healthy leaf/healthy_00854.jpg,7. Healthy leaf,1200,1600,278571,61.439,blurry,182.633,43.395,True,ok,True
7. Healthy leaf/healthy_00855.jpg,7. Healthy leaf,1200,1600,284050,75.809,blurry,179.484,46.323,True,ok,True
7. Healthy leaf/healthy_00856.jpg,7. Healthy leaf,1200,1600,272014,70.937,blurry,187.104,41.501,True,ok,True
7. Healthy leaf/healthy_00857.jpg,7. Healthy leaf,1200,1600,262619,67.089,blurry,170.642,44.255,True,ok,True
7. Healthy leaf/healthy_00858.jpg,7. Healthy leaf,1200,1600,289798,62.099,blurry,169.303,42.841,True,ok,True
7. Healthy leaf/healthy_00859.jpg,7. Healthy leaf,1200,1600,262234,87.456,blurry,186.808,45.356,True,ok,True
7. Healthy leaf/healthy_00860.jpg,7. Healthy leaf,1200,1600,252984,54.705,blurry,151.77,35.153,True,ok,True
7. Healthy leaf/healthy_00861.jpg,7. Healthy leaf,1200,1600,242584,82.443,blurry,190.714,43.031,True,ok,True
7. Healthy leaf/healthy_00862.jpg,7. Healthy leaf,1200,1600,232724,58.573,blurry,163.839,34.839,True,ok,True
7. Healthy leaf/healthy_00863.jpg,7. Healthy leaf,1200,1600,249839,65.117,blurry,195.017,36.896,True,ok,True
7. Healthy leaf/healthy_00864.jpg,7. Healthy leaf,1200,1600,259567,82.474,blurry,176.015,36.01,True,ok,True
7. Healthy leaf/healthy_00865.jpg,7. Healthy leaf,1200,900,135669,43.493,blurry,176.832,32.075,True,ok,True
7. Healthy leaf/healthy_00866.jpg,7. Healthy leaf,1200,1600,302689,86.786,blurry,164.111,55.104,True,ok,True
7. Healthy leaf/healthy_00867.jpg,7. Healthy leaf,1200,1600,268035,54.169,blurry,169.22,44.244,True,ok,True
7. Healthy leaf/healthy_00868.jpg,7. Healthy leaf,1200,900,152822,60.139,blurry,170.992,42.115,True,ok,True
7. Healthy leaf/healthy_00869.jpg,7. Healthy leaf,1200,900,167147,86.972,blurry,169.592,57.813,True,ok,True
7. Healthy leaf/healthy_00870.jpg,7. Healthy leaf,1200,900,161703,63.77,blurry,168.241,43.15,True,ok,True
7. Healthy leaf/healthy_00871.jpg,7. Healthy leaf,1200,900,145109,77.458,blurry,171.178,45.427,True,ok,True
7. Healthy leaf/healthy_00872.jpg,7. Healthy leaf,1200,900,157470,60.673,blurry,169.888,35.722,True,ok,True
7. Healthy leaf/healthy_00873.jpg,7. Healthy leaf,1200,1600,256817,81.907,blurry,189.91,40.261,True,ok,True
7. Healthy leaf/healthy_00874.jpg,7. Healthy leaf,1200,1600,225546,96.366,blurry,177.45,54.485,True,ok,True
7. Healthy leaf/healthy_00875.jpg,7. Healthy leaf,1200,900,150786,100.18,soft,167.41,56.475,True,ok,True
7. Healthy leaf/healthy_00876.jpg,7. Healthy leaf,1200,900,143126,69.534,blurry,174.18,45.043,True,ok,True
7. Healthy leaf/healthy_00877.jpg,7. Healthy leaf,1200,1600,272213,48.293,blurry,173.973,37.38,True,ok,True
7. Healthy leaf/healthy_00878.jpg,7. Healthy leaf,1200,900,138133,55.293,blurry,171.144,40.42,True,ok,True
7. Healthy leaf/healthy_00879.jpg,7. Healthy leaf,1200,900,151596,41.614,blurry,174.093,32.986,True,ok,True
7. Healthy leaf/healthy_00880.jpg,7. Healthy leaf,1200,1600,279929,79.029,blurry,163.307,57.622,True,ok,True
7. Healthy leaf/healthy_00881.jpg,7. Healthy leaf,1200,900,171428,78.866,blurry,163.885,45.379,True,ok,True
7. Healthy leaf/healthy_00882.jpg,7. Healthy leaf,1200,1600,337093,168.208,soft,180.577,53.239,True,ok,True
7. Healthy leaf/healthy_00883.jpg,7. Healthy leaf,1200,1600,371218,113.73,soft,178.916,43.108,True,ok,True
7. Healthy leaf/healthy_00884.jpg,7. Healthy leaf,1200,1600,379500,307.879,sharp,160.578,62.245,True,ok,True
7. Healthy leaf/healthy_00885.jpg,7. Healthy leaf,1200,1600,400144,157.967,soft,162.059,43.739,True,ok,True
7. Healthy leaf/healthy_00886.jpg,7. Healthy leaf,1200,1600,188684,122.279,soft,167.954,70.962,True,ok,True
7. Healthy leaf/healthy_00887.jpg,7. Healthy leaf,1200,1600,397153,221.553,soft,183.719,47.083,True,ok,True
7. Healthy leaf/healthy_00888.jpg,7. Healthy leaf,1200,1600,303039,84.578,blurry,159.237,45.537,True,ok,True
7. Healthy leaf/healthy_00889.jpg,7. Healthy leaf,1200,900,194391,146.581,soft,170.503,58.542,True,ok,True
7. Healthy leaf/healthy_00890.jpg,7. Healthy leaf,1200,900,165768,68.433,blurry,168.077,42.183,True,ok,True
7. Healthy leaf/healthy_00891.jpg,7. Healthy leaf,1200,1600,261924,157.875,soft,172.435,56.264,True,ok,True
7. Healthy leaf/healthy_00892.jpg,7. Healthy leaf,1200,900,149968,62.934,blurry,171.52,45.224,True,ok,True
7. Healthy leaf/healthy_00893.jpg,7. Healthy leaf,1200,1600,324749,110.206,soft,175.775,44.443,True,ok,True
7. Healthy leaf/healthy_00894.jpg,7. Healthy leaf,1200,900,154517,46.417,blurry,173.599,29.717,True,ok,True
7. Healthy leaf/healthy_00895.jpg,7. Healthy leaf,1200,900,143554,50.506,blurry,173.324,35.126,True,ok,True
7. Healthy leaf/healthy_00896.jpg,7. Healthy leaf,1200,900,145817,38.179,blurry,173.186,29.439,True,ok,True
7. Healthy leaf/healthy_00897.jpg,7. Healthy leaf,1200,900,162213,76.807,blurry,174.373,42.15,True,ok,True
7. Healthy leaf/healthy_00898.jpg,7. Healthy leaf,1200,900,165500,53.011,blurry,175.969,34.512,True,ok,True
7. Healthy leaf/healthy_00899.jpg,7. Healthy leaf,1200,1600,252064,140.117,soft,181.816,49.444,True,ok,True
7. Healthy leaf/healthy_00900.jpg,7. Healthy leaf,1200,1600,271896,135.704,soft,170.073,51.543,True,ok,True
7. Healthy leaf/healthy_00901.jpg,7. Healthy leaf,1200,900,207544,144.804,soft,164.094,51.799,True,ok,True
7. Healthy leaf/healthy_00902.jpg,7. Healthy leaf,1200,1600,340048,64.768,blurry,163.783,44.055,True,ok,True
7. Healthy leaf/healthy_00903.jpg,7. Healthy leaf,1200,1600,280164,197.391,soft,175.35,57.624,True,ok,True
7. Healthy leaf/healthy_00904.jpg,7. Healthy leaf,1200,900,199858,130.991,soft,162.449,44.372,True,ok,True
7. Healthy leaf/healthy_00905.jpg,7. Healthy leaf,1200,1600,325538,105.699,soft,170.771,39.865,True,ok,True
7. Healthy leaf/healthy_00906.jpg,7. Healthy leaf,1200,1600,190327,56.945,blurry,181.055,45.622,True,ok,True
7. Healthy leaf/healthy_00907.jpg,7. Healthy leaf,1200,1600,223795,48.717,blurry,188.307,42.853,True,ok,True
7. Healthy leaf/healthy_00908.jpg,7. Healthy leaf,1200,1600,268072,61.917,blurry,196.925,29.874,True,ok,True
7. Healthy leaf/healthy_00909.jpg,7. Healthy leaf,1200,1600,310651,104.051,soft,165.15,55.334,True,ok,True
7. Healthy leaf/healthy_00910.jpg,7. Healthy leaf,1200,1600,327925,101.658,soft,165.327,49.931,True,ok,True
7. Healthy leaf/healthy_00911.jpg,7. Healthy leaf,1200,1600,285450,61.455,blurry,197.079,34.428,True,ok,True
7. Healthy leaf/healthy_00912.jpg,7. Healthy leaf,1200,1600,282595,56.642,blurry,188.483,37.246,True,ok,True
7. Healthy leaf/healthy_00913.jpg,7. Healthy leaf,1200,1600,263983,65.506,blurry,187.974,33.202,True,ok,True
7. Healthy leaf/healthy_00914.jpg,7. Healthy leaf,1200,1600,277635,44.645,blurry,191.308,32.445,True,ok,True
7. Healthy leaf/healthy_00915.jpg,7. Healthy leaf,1200,1600,255955,53.353,blurry,168.359,28.523,True,ok,True
7. Healthy leaf/healthy_00916.jpg,7. Healthy leaf,1200,1600,267595,48.021,blurry,189.698,32.633,True,ok,True
7. Healthy leaf/healthy_00917.jpg,7. Healthy leaf,1200,1600,233763,31.102,blurry,168.933,28.59,True,ok,True
7. Healthy leaf/healthy_00918.jpg,7. Healthy leaf,1200,1600,303707,51.074,blurry,195.616,30.382,True,ok,True
7. Healthy leaf/healthy_00919.jpg,7. Healthy leaf,1200,1600,273543,43.324,blurry,192.081,25.169,True,ok,True
7. Healthy leaf/healthy_00920.jpg,7. Healthy leaf,1200,1600,268118,59.974,blurry,187.931,38.618,True,ok,True
7. Healthy leaf/healthy_00921.jpg,7. Healthy leaf,1200,1600,238342,50.793,blurry,189.861,31.355,True,ok,True
7. Healthy leaf/healthy_00922.jpg,7. Healthy leaf,1200,1600,275237,57.252,blurry,167.186,37.13,True,ok,True
7. Healthy leaf/healthy_00923.jpg,7. Healthy leaf,1200,1600,267018,40.146,blurry,170.068,29.701,True,ok,True
7. Healthy leaf/healthy_00924.jpg,7. Healthy leaf,1200,1600,250368,58.187,blurry,194.087,32.936,True,ok,True
7. Healthy leaf/healthy_00925.jpg,7. Healthy leaf,1200,1600,268373,66.29,blurry,194.594,33.055,True,ok,True
7. Healthy leaf/healthy_00926.jpg,7. Healthy leaf,1200,1600,288232,41.448,blurry,197.369,25.003,True,ok,True
7. Healthy leaf/healthy_00927.jpg,7. Healthy leaf,1200,1600,283169,46.225,blurry,194.538,25.865,True,ok,True
7. Healthy leaf/healthy_00928.jpg,7. Healthy leaf,1200,1600,268042,40.88,blurry,173.309,30.891,True,ok,True
7. Healthy leaf/healthy_00929.jpg,7. Healthy leaf,1200,900,145011,44.638,blurry,176.451,36.105,True,ok,True
7. Healthy leaf/healthy_00930.jpg,7. Healthy leaf,1200,1600,250878,49.447,blurry,174.937,37.576,True,ok,True
7. Healthy leaf/healthy_00931.jpg,7. Healthy leaf,1200,1600,289076,77.855,blurry,171.318,49.195,True,ok,True
7. Healthy leaf/healthy_00932.jpg,7. Healthy leaf,1200,1600,302857,52.261,blurry,168.087,41.318,True,ok,True
7. Healthy leaf/healthy_00933.jpg,7. Healthy leaf,1200,1600,273413,57.577,blurry,171.046,38.395,True,ok,True
7. Healthy leaf/healthy_00934.jpg,7. Healthy leaf,1200,1600,246802,31.499,blurry,198.716,22.639,True,ok,True
7. Healthy leaf/healthy_00935.jpg,7. Healthy leaf,1200,1600,272785,55.342,blurry,176.896,31.71,True,ok,True
