path_a,path_b,label_a,label_b,cross_label,phash_hamming,dhash_hamming,ssim,exact_sha_match,passes_pixel_confirmation,is_duplicate_for_grouping
1. Tea algal leaf spot/tea_algal_leaf_spot_00002.jpg,3. Gray Blight/gray_blight_00424.jpg,1. Tea algal leaf spot,3. Gray Blight,True,62,99,0.68975,False,False,False
1. Tea algal leaf spot/tea_algal_leaf_spot_00005.jpg,1. Tea algal leaf spot/tea_algal_leaf_spot_00024.jpg,1. Tea algal leaf spot,1. Tea algal leaf spot,False,64,81,0.73432,False,False,False
1. Tea algal leaf spot/tea_algal_leaf_spot_00005.jpg,2. Brown Blight/brown_blight_00125.jpg,1. Tea algal leaf spot,2. Brown Blight,True,60,96,0.72736,False,False,False
1. Tea algal leaf spot/tea_algal_leaf_spot_00009.jpg,5. Red spider/red_spider_00127.jpg,1. Tea algal leaf spot,5. Red spider,True,60,115,0.81695,False,False,False
1. Tea algal leaf spot/tea_algal_leaf_spot_00009.jpg,6. Green mirid bug/green_mirid_bug_00190.jpg,1. Tea algal leaf spot,6. Green mirid bug,True,62,85,0.8265,False,False,False
1. Tea algal leaf spot/tea_algal_leaf_spot_00010.jpg,2. Brown Blight/brown_blight_00214.jpg,1. Tea algal leaf spot,2. Brown Blight,True,62,99,0.77759,False,False,False
1. Tea algal leaf spot/tea_algal_leaf_spot_00010.jpg,3. Gray Blight/gray_blight_00079.jpg,1. Tea algal leaf spot,3. Gray Blight,True,64,84,0.82907,False,False,False
1. Tea algal leaf spot/tea_algal_leaf_spot_00010.jpg,3. Gray Blight/gray_blight_00107.jpg,1. Tea algal leaf spot,3. Gray Blight,True,60,92,0.81413,False,False,False
1. Tea algal leaf spot/tea_algal_leaf_spot_00010.jpg,3. Gray Blight/gray_blight_00126.jpg,1. Tea algal leaf spot,3. Gray Blight,True,64,73,0.79206,False,False,False
1. Tea algal leaf spot/tea_algal_leaf_spot_00010.jpg,6. Green mirid bug/green_mirid_bug_01262.jpg,1. Tea algal leaf spot,6. Green mirid bug,True,52,107,0.78812,False,False,False
1. Tea algal leaf spot/tea_algal_leaf_spot_00010.jpg,7. Healthy leaf/healthy_00022.jpg,1. Tea algal leaf spot,7. Healthy leaf,True,60,95,0.80436,False,False,False
1. Tea algal leaf spot/tea_algal_leaf_spot_00011.jpg,5. Red spider/red_spider_00298.jpg,1. Tea algal leaf spot,5. Red spider,True,58,100,0.83123,False,False,False
1. Tea algal leaf spot/tea_algal_leaf_spot_00011.jpg,6. Green mirid bug/green_mirid_bug_00892.jpg,1. Tea algal leaf spot,6. Green mirid bug,True,64,118,0.8259,False,False,False
1. Tea algal leaf spot/tea_algal_leaf_spot_00011.jpg,7. Healthy leaf/healthy_00334.jpg,1. Tea algal leaf spot,7. Healthy leaf,True,60,109,0.82044,False,False,False
1. Tea algal leaf spot/tea_algal_leaf_spot_00013.jpg,1. Tea algal leaf spot/tea_algal_leaf_spot_00274.jpg,1. Tea algal leaf spot,1. Tea algal leaf spot,False,62,85,0.8595,False,False,False
1. Tea algal leaf spot/tea_algal_leaf_spot_00013.jpg,3. Gray Blight/gray_blight_00028.jpg,1. Tea algal leaf spot,3. Gray Blight,True,60,92,0.86795,False,False,False
1. Tea algal leaf spot/tea_algal_leaf_spot_00013.jpg,7. Healthy leaf/healthy_00077.jpg,1. Tea algal leaf spot,7. Healthy leaf,True,62,91,0.86912,False,False,False
1. Tea algal leaf spot/tea_algal_leaf_spot_00016.jpg,2. Brown Blight/brown_blight_00218.jpg,1. Tea algal leaf spot,2. Brown Blight,True,64,88,0.74697,False,False,False
1. Tea algal leaf spot/tea_algal_leaf_spot_00017.jpg,1. Tea algal leaf spot/tea_algal_leaf_spot_00034.jpg,1. Tea algal leaf spot,1. Tea algal leaf spot,False,46,55,0.86908,False,False,False
1. Tea algal leaf spot/tea_algal_leaf_spot_00022.jpg,5. Red spider/red_spider_00020.jpg,1. Tea algal leaf spot,5. Red spider,True,62,94,0.83769,False,False,False
1. Tea algal leaf spot/tea_algal_leaf_spot_00023.jpg,2. Brown Blight/brown_blight_00260.jpg,1. Tea algal leaf spot,2. Brown Blight,True,62,107,0.85023,False,False,False
1. Tea algal leaf spot/tea_algal_leaf_spot_00026.jpg,7. Healthy leaf/healthy_00237.jpg,1. Tea algal leaf spot,7. Healthy leaf,True,58,66,0.84867,False,False,False
1. Tea algal leaf spot/tea_algal_leaf_spot_00033.jpg,1. Tea algal leaf spot/tea_algal_leaf_spot_00195.jpg,1. Tea algal leaf spot,1. Tea algal leaf spot,False,62,115,0.61321,False,False,False
1. Tea algal leaf spot/tea_algal_leaf_spot_00033.jpg,2. Brown Blight/brown_blight_00487.jpg,1. Tea algal leaf spot,2. Brown Blight,True,64,105,0.79393,False,False,False
1. Tea algal leaf spot/tea_algal_leaf_spot_00033.jpg,3. Gray Blight/gray_blight_00975.jpg,1. Tea algal leaf spot,3. Gray Blight,True,54,101,0.80059,False,False,False
1. Tea algal leaf spot/tea_algal_leaf_spot_00033.jpg,5. Red spider/red_spider_00469.jpg,1. Tea algal leaf spot,5. Red spider,True,64,117,0.79491,False,False,False
1. Tea algal leaf spot/tea_algal_leaf_spot_00033.jpg,7. Healthy leaf/healthy_00070.jpg,1. Tea algal leaf spot,7. Healthy leaf,True,62,106,0.81233,False,False,False
1. Tea algal leaf spot/tea_algal_leaf_spot_00033.jpg,7. Healthy leaf/healthy_00121.jpg,1. Tea algal leaf spot,7. Healthy leaf,True,58,84,0.81767,False,False,False
1. Tea algal leaf spot/tea_algal_leaf_spot_00036.jpg,4. Helopeltis/helopeltis_00247.jpg,1. Tea algal leaf spot,4. Helopeltis,True,64,100,0.86339,False,False,False
1. Tea algal leaf spot/tea_algal_leaf_spot_00036.jpg,5. Red spider/red_spider_00179.jpg,1. Tea algal leaf spot,5. Red spider,True,60,122,0.85763,False,False,False
1. Tea algal leaf spot/tea_algal_leaf_spot_00038.jpg,2. Brown Blight/brown_blight_00187.jpg,1. Tea algal leaf spot,2. Brown Blight,True,64,105,0.77851,False,False,False
1. Tea algal leaf spot/tea_algal_leaf_spot_00039.jpg,2. Brown Blight/brown_blight_00370.jpg,1. Tea algal leaf spot,2. Brown Blight,True,62,79,0.63601,False,False,False
1. Tea algal leaf spot/tea_algal_leaf_spot_00042.jpg,4. Helopeltis/helopeltis_00342.jpg,1. Tea algal leaf spot,4. Helopeltis,True,64,92,0.79485,False,False,False
1. Tea algal leaf spot/tea_algal_leaf_spot_00042.jpg,5. Red spider/red_spider_00454.jpg,1. Tea algal leaf spot,5. Red spider,True,62,94,0.79404,False,False,False
1. Tea algal leaf spot/tea_algal_leaf_spot_00054.jpg,3. Gray Blight/gray_blight_00704.jpg,1. Tea algal leaf spot,3. Gray Blight,True,62,62,0.78417,False,False,False
1. Tea algal leaf spot/tea_algal_leaf_spot_00055.jpg,2. Brown Blight/brown_blight_00028.jpg,1. Tea algal leaf spot,2. Brown Blight,True,60,68,0.74724,False,False,False
1. Tea algal leaf spot/tea_algal_leaf_spot_00055.jpg,2. Brown Blight/brown_blight_00108.jpg,1. Tea algal leaf spot,2. Brown Blight,True,56,97,0.75506,False,False,False
1. Tea algal leaf spot/tea_algal_leaf_spot_00055.jpg,2. Brown Blight/brown_blight_00109.jpg,1. Tea algal leaf spot,2. Brown Blight,True,58,92,0.75734,False,False,False
1. Tea algal leaf spot/tea_algal_leaf_spot_00055.jpg,7. Healthy leaf/healthy_00234.jpg,1. Tea algal leaf spot,7. Healthy leaf,True,58,70,0.80062,False,False,False
1. Tea algal leaf spot/tea_algal_leaf_spot_00055.jpg,7. Healthy leaf/healthy_00642.jpg,1. Tea algal leaf spot,7. Healthy leaf,True,62,77,0.7603,False,False,False
1. Tea algal leaf spot/tea_algal_leaf_spot_00056.jpg,7. Healthy leaf/healthy_00239.jpg,1. Tea algal leaf spot,7. Healthy leaf,True,62,81,0.82978,False,False,False
1. Tea algal leaf spot/tea_algal_leaf_spot_00057.jpg,1. Tea algal leaf spot/tea_algal_leaf_spot_00183.jpg,1. Tea algal leaf spot,1. Tea algal leaf spot,False,58,115,0.81471,False,False,False
1. Tea algal leaf spot/tea_algal_leaf_spot_00057.jpg,3. Gray Blight/gray_blight_00079.jpg,1. Tea algal leaf spot,3. Gray Blight,True,62,85,0.82239,False,False,False
1. Tea algal leaf spot/tea_algal_leaf_spot_00057.jpg,3. Gray Blight/gray_blight_00098.jpg,1. Tea algal leaf spot,3. Gray Blight,True,62,77,0.81467,False,False,False
1. Tea algal leaf spot/tea_algal_leaf_spot_00057.jpg,3. Gray Blight/gray_blight_00542.jpg,1. Tea algal leaf spot,3. Gray Blight,True,64,97,0.84723,False,False,False
1. Tea algal leaf spot/tea_algal_leaf_spot_00057.jpg,4. Helopeltis/helopeltis_00343.jpg,1. Tea algal leaf spot,4. Helopeltis,True,50,89,0.8338,False,False,False
1. Tea algal leaf spot/tea_algal_leaf_spot_00057.jpg,4. Helopeltis/helopeltis_00411.jpg,1. Tea algal leaf spot,4. Helopeltis,True,58,113,0.82981,False,False,False
1. Tea algal leaf spot/tea_algal_leaf_spot_00057.jpg,5. Red spider/red_spider_00192.jpg,1. Tea algal leaf spot,5. Red spider,True,64,99,0.80927,False,False,False
1. Tea algal leaf spot/tea_algal_leaf_spot_00057.jpg,6. Green mirid bug/green_mirid_bug_00190.jpg,1. Tea algal leaf spot,6. Green mirid bug,True,62,92,0.82937,False,False,False
1. Tea algal leaf spot/tea_algal_leaf_spot_00057.jpg,6. Green mirid bug/green_mirid_bug_00311.jpg,1. Tea algal leaf spot,6. Green mirid bug,True,50,88,0.8384,False,False,False
1. Tea algal leaf spot/tea_algal_leaf_spot_00057.jpg,7. Healthy leaf/healthy_00022.jpg,1. Tea algal leaf spot,7. Healthy leaf,True,50,68,0.83719,False,False,False
1. Tea algal leaf spot/tea_algal_leaf_spot_00057.jpg,7. Healthy leaf/healthy_00121.jpg,1. Tea algal leaf spot,7. Healthy leaf,True,58,56,0.85,False,False,False
1. Tea algal leaf spot/tea_algal_leaf_spot_00057.jpg,7. Healthy leaf/healthy_00133.jpg,1. Tea algal leaf spot,7. Healthy leaf,True,62,77,0.84084,False,False,False
1. Tea algal leaf spot/tea_algal_leaf_spot_00057.jpg,7. Healthy leaf/healthy_00164.jpg,1. Tea algal leaf spot,7. Healthy leaf,True,52,96,0.85248,False,False,False
1. Tea algal leaf spot/tea_algal_leaf_spot_00057.jpg,7. Healthy leaf/healthy_00389.jpg,1. Tea algal leaf spot,7. Healthy leaf,True,48,100,0.74825,False,False,False
1. Tea algal leaf spot/tea_algal_leaf_spot_00061.jpg,4. Helopeltis/helopeltis_00280.jpg,1. Tea algal leaf spot,4. Helopeltis,True,64,98,0.77173,False,False,False
1. Tea algal leaf spot/tea_algal_leaf_spot_00061.jpg,7. Healthy leaf/healthy_00880.jpg,1. Tea algal leaf spot,7. Healthy leaf,True,64,98,0.78485,False,False,False
1. Tea algal leaf spot/tea_algal_leaf_spot_00065.jpg,5. Red spider/red_spider_00333.jpg,1. Tea algal leaf spot,5. Red spider,True,62,82,0.76699,False,False,False
1. Tea algal leaf spot/tea_algal_leaf_spot_00070.jpg,6. Green mirid bug/green_mirid_bug_00332.jpg,1. Tea algal leaf spot,6. Green mirid bug,True,58,59,0.88993,False,False,False
1. Tea algal leaf spot/tea_algal_leaf_spot_00070.jpg,7. Healthy leaf/healthy_00271.jpg,1. Tea algal leaf spot,7. Healthy leaf,True,52,60,0.90347,False,False,False
1. Tea algal leaf spot/tea_algal_leaf_spot_00071.jpg,5. Red spider/red_spider_00064.jpg,1. Tea algal leaf spot,5. Red spider,True,64,57,0.90054,False,False,False
1. Tea algal leaf spot/tea_algal_leaf_spot_00072.jpg,3. Gray Blight/gray_blight_00060.jpg,1. Tea algal leaf spot,3. Gray Blight,True,64,95,0.88925,False,False,False
1. Tea algal leaf spot/tea_algal_leaf_spot_00072.jpg,3. Gray Blight/gray_blight_00179.jpg,1. Tea algal leaf spot,3. Gray Blight,True,50,62,0.89199,False,False,False
1. Tea algal leaf spot/tea_algal_leaf_spot_00072.jpg,4. Helopeltis/helopeltis_00360.jpg,1. Tea algal leaf spot,4. Helopeltis,True,64,96,0.87451,False,False,False
1. Tea algal leaf spot/tea_algal_leaf_spot_00072.jpg,5. Red spider/red_spider_00068.jpg,1. Tea algal leaf spot,5. Red spider,True,58,64,0.90352,False,False,False
1. Tea algal leaf spot/tea_algal_leaf_spot_00072.jpg,5. Red spider/red_spider_00071.jpg,1. Tea algal leaf spot,5. Red spider,True,60,59,0.90003,False,False,False
1. Tea algal leaf spot/tea_algal_leaf_spot_00072.jpg,5. Red spider/red_spider_00221.jpg,1. Tea algal leaf spot,5. Red spider,True,64,114,0.86366,False,False,False
1. Tea algal leaf spot/tea_algal_leaf_spot_00072.jpg,6. Green mirid bug/green_mirid_bug_00603.jpg,1. Tea algal leaf spot,6. Green mirid bug,True,64,117,0.84896,False,False,False
1. Tea algal leaf spot/tea_algal_leaf_spot_00072.jpg,7. Healthy leaf/healthy_00219.jpg,1. Tea algal leaf spot,7. Healthy leaf,True,64,67,0.90956,False,False,False
1. Tea algal leaf spot/tea_algal_leaf_spot_00072.jpg,7. Healthy leaf/healthy_00933.jpg,1. Tea algal leaf spot,7. Healthy leaf,True,54,122,0.8768,False,False,False
1. Tea algal leaf spot/tea_algal_leaf_spot_00076.jpg,4. Helopeltis/helopeltis_00359.jpg,1. Tea algal leaf spot,4. Helopeltis,True,64,88,0.87627,False,False,False
1. Tea algal leaf spot/tea_algal_leaf_spot_00076.jpg,6. Green mirid bug/green_mirid_bug_01138.jpg,1. Tea algal leaf spot,6. Green mirid bug,True,58,97,0.88084,False,False,False
1. Tea algal leaf spot/tea_algal_leaf_spot_00080.jpg,3. Gray Blight/gray_blight_01000.jpg,1. Tea algal leaf spot,3. Gray Blight,True,60,83,0.80022,False,False,False
1. Tea algal leaf spot/tea_algal_leaf_spot_00082.jpg,6. Green mirid bug/green_mirid_bug_00281.jpg,1. Tea algal leaf spot,6. Green mirid bug,True,52,51,0.93182,False,False,False
1. Tea algal leaf spot/tea_algal_leaf_spot_00082.jpg,6. Green mirid bug/green_mirid_bug_00449.jpg,1. Tea algal leaf spot,6. Green mirid bug,True,58,69,0.92742,False,False,False
1. Tea algal leaf spot/tea_algal_leaf_spot_00083.jpg,2. Brown Blight/brown_blight_00284.jpg,1. Tea algal leaf spot,2. Brown Blight,True,64,88,0.87115,False,False,False
1. Tea algal leaf spot/tea_algal_leaf_spot_00083.jpg,2. Brown Blight/brown_blight_00285.jpg,1. Tea algal leaf spot,2. Brown Blight,True,64,94,0.87344,False,False,False
1. Tea algal leaf spot/tea_algal_leaf_spot_00083.jpg,3. Gray Blight/gray_blight_00139.jpg,1. Tea algal leaf spot,3. Gray Blight,True,54,93,0.88016,False,False,False
1. Tea algal leaf spot/tea_algal_leaf_spot_00083.jpg,3. Gray Blight/gray_blight_00549.jpg,1. Tea algal leaf spot,3. Gray Blight,True,56,90,0.8701,False,False,False
1. Tea algal leaf spot/tea_algal_leaf_spot_00083.jpg,4. Helopeltis/helopeltis_00199.jpg,1. Tea algal leaf spot,4. Helopeltis,True,64,118,0.87027,False,False,False
1. Tea algal leaf spot/tea_algal_leaf_spot_00083.jpg,4. Helopeltis/helopeltis_00388.jpg,1. Tea algal leaf spot,4. Helopeltis,True,52,103,0.87959,False,False,False
1. Tea algal leaf spot/tea_algal_leaf_spot_00083.jpg,4. Helopeltis/helopeltis_00399.jpg,1. Tea algal leaf spot,4. Helopeltis,True,58,95,0.88811,False,False,False
1. Tea algal leaf spot/tea_algal_leaf_spot_00083.jpg,4. Helopeltis/helopeltis_00451.jpg,1. Tea algal leaf spot,4. Helopeltis,True,56,112,0.88081,False,False,False
1. Tea algal leaf spot/tea_algal_leaf_spot_00083.jpg,4. Helopeltis/helopeltis_00488.jpg,1. Tea algal leaf spot,4. Helopeltis,True,64,105,0.87268,False,False,False
1. Tea algal leaf spot/tea_algal_leaf_spot_00083.jpg,5. Red spider/red_spider_00050.jpg,1. Tea algal leaf spot,5. Red spider,True,48,111,0.86443,False,False,False
1. Tea algal leaf spot/tea_algal_leaf_spot_00083.jpg,6. Green mirid bug/green_mirid_bug_00138.jpg,1. Tea algal leaf spot,6. Green mirid bug,True,60,61,0.88839,False,False,False
1. Tea algal leaf spot/tea_algal_leaf_spot_00083.jpg,6. Green mirid bug/green_mirid_bug_00232.jpg,1. Tea algal leaf spot,6. Green mirid bug,True,54,65,0.8956,False,False,False
1. Tea algal leaf spot/tea_algal_leaf_spot_00083.jpg,6. Green mirid bug/green_mirid_bug_00425.jpg,1. Tea algal leaf spot,6. Green mirid bug,True,52,79,0.89324,False,False,False
1. Tea algal leaf spot/tea_algal_leaf_spot_00083.jpg,6. Green mirid bug/green_mirid_bug_00446.jpg,1. Tea algal leaf spot,6. Green mirid bug,True,60,66,0.89543,False,False,False
1. Tea algal leaf spot/tea_algal_leaf_spot_00083.jpg,6. Green mirid bug/green_mirid_bug_00593.jpg,1. Tea algal leaf spot,6. Green mirid bug,True,62,112,0.88251,False,False,False
1. Tea algal leaf spot/tea_algal_leaf_spot_00083.jpg,7. Healthy leaf/healthy_00127.jpg,1. Tea algal leaf spot,7. Healthy leaf,True,64,118,0.86073,False,False,False
1. Tea algal leaf spot/tea_algal_leaf_spot_00083.jpg,7. Healthy leaf/healthy_00780.jpg,1. Tea algal leaf spot,7. Healthy leaf,True,62,100,0.89251,False,False,False
1. Tea algal leaf spot/tea_algal_leaf_spot_00083.jpg,7. Healthy leaf/healthy_00930.jpg,1. Tea algal leaf spot,7. Healthy leaf,True,42,119,0.8956,False,False,False
1. Tea algal leaf spot/tea_algal_leaf_spot_00084.jpg,3. Gray Blight/gray_blight_00944.jpg,1. Tea algal leaf spot,3. Gray Blight,True,64,94,0.8848,False,False,False
1. Tea algal leaf spot/tea_algal_leaf_spot_00084.jpg,4. Helopeltis/helopeltis_00382.jpg,1. Tea algal leaf spot,4. Helopeltis,True,62,105,0.88144,False,False,False
1. Tea algal leaf spot/tea_algal_leaf_spot_00084.jpg,4. Helopeltis/helopeltis_00397.jpg,1. Tea algal leaf spot,4. Helopeltis,True,62,105,0.89228,False,False,False
1. Tea algal leaf spot/tea_algal_leaf_spot_00084.jpg,4. Helopeltis/helopeltis_00547.jpg,1. Tea algal leaf spot,4. Helopeltis,True,64,96,0.89139,False,False,False
1. Tea algal leaf spot/tea_algal_leaf_spot_00084.jpg,5. Red spider/red_spider_00034.jpg,1. Tea algal leaf spot,5. Red spider,True,58,106,0.88045,False,False,False
1. Tea algal leaf spot/tea_algal_leaf_spot_00084.jpg,6. Green mirid bug/green_mirid_bug_00162.jpg,1. Tea algal leaf spot,6. Green mirid bug,True,58,71,0.90205,False,False,False
1. Tea algal leaf spot/tea_algal_leaf_spot_00084.jpg,6. Green mirid bug/green_mirid_bug_00234.jpg,1. Tea algal leaf spot,6. Green mirid bug,True,64,77,0.88721,False,False,False
1. Tea algal leaf spot/tea_algal_leaf_spot_00084.jpg,7. Healthy leaf/healthy_00247.jpg,1. Tea algal leaf spot,7. Healthy leaf,True,60,66,0.92459,False,False,False
1. Tea algal leaf spot/tea_algal_leaf_spot_00084.jpg,7. Healthy leaf/healthy_00280.jpg,1. Tea algal leaf spot,7. Healthy leaf,True,58,70,0.91209,False,False,False
1. Tea algal leaf spot/tea_algal_leaf_spot_00084.jpg,7. Healthy leaf/healthy_00283.jpg,1. Tea algal leaf spot,7. Healthy leaf,True,62,44,0.9181,False,True,False
1. Tea algal leaf spot/tea_algal_leaf_spot_00084.jpg,7. Healthy leaf/healthy_00930.jpg,1. Tea algal leaf spot,7. Healthy leaf,True,64,118,0.89382,False,False,False
1. Tea algal leaf spot/tea_algal_leaf_spot_00099.jpg,1. Tea algal leaf spot/tea_algal_leaf_spot_00100.jpg,1. Tea algal leaf spot,1. Tea algal leaf spot,False,54,51,0.82891,False,False,False
1. Tea algal leaf spot/tea_algal_leaf_spot_00101.jpg,1. Tea algal leaf spot/tea_algal_leaf_spot_00102.jpg,1. Tea algal leaf spot,1. Tea algal leaf spot,False,36,39,0.80351,False,False,False
1. Tea algal leaf spot/tea_algal_leaf_spot_00106.jpg,4. Helopeltis/helopeltis_00480.jpg,1. Tea algal leaf spot,4. Helopeltis,True,64,56,0.83338,False,False,False
1. Tea algal leaf spot/tea_algal_leaf_spot_00106.jpg,6. Green mirid bug/green_mirid_bug_01055.jpg,1. Tea algal leaf spot,6. Green mirid bug,True,64,60,0.79979,False,False,False
1. Tea algal leaf spot/tea_algal_leaf_spot_00106.jpg,7. Healthy leaf/healthy_00845.jpg,1. Tea algal leaf spot,7. Healthy leaf,True,52,65,0.82806,False,False,False
1. Tea algal leaf spot/tea_algal_leaf_spot_00109.jpg,1. Tea algal leaf spot/tea_algal_leaf_spot_00111.jpg,1. Tea algal leaf spot,1. Tea algal leaf spot,False,62,46,0.84363,False,False,False
1. Tea algal leaf spot/tea_algal_leaf_spot_00111.jpg,1. Tea algal leaf spot/tea_algal_leaf_spot_00114.jpg,1. Tea algal leaf spot,1. Tea algal leaf spot,False,48,80,0.83344,False,False,False
1. Tea algal leaf spot/tea_algal_leaf_spot_00114.jpg,1. Tea algal leaf spot/tea_algal_leaf_spot_00115.jpg,1. Tea algal leaf spot,1. Tea algal leaf spot,False,40,43,0.83357,False,False,False
1. Tea algal leaf spot/tea_algal_leaf_spot_00127.jpg,1. Tea algal leaf spot/tea_algal_leaf_spot_00128.jpg,1. Tea algal leaf spot,1. Tea algal leaf spot,False,46,43,0.76832,False,False,False
1. Tea algal leaf spot/tea_algal_leaf_spot_00133.jpg,1. Tea algal leaf spot/tea_algal_leaf_spot_00134.jpg,1. Tea algal leaf spot,1. Tea algal leaf spot,False,24,22,0.66778,False,False,False
1. Tea algal leaf spot/tea_algal_leaf_spot_00135.jpg,1. Tea algal leaf spot/tea_algal_leaf_spot_00136.jpg,1. Tea algal leaf spot,1. Tea algal leaf spot,False,24,26,0.78964,False,False,False
1. Tea algal leaf spot/tea_algal_leaf_spot_00135.jpg,1. Tea algal leaf spot/tea_algal_leaf_spot_00137.jpg,1. Tea algal leaf spot,1. Tea algal leaf spot,False,34,32,0.77798,False,False,False
1. Tea algal leaf spot/tea_algal_leaf_spot_00136.jpg,1. Tea algal leaf spot/tea_algal_leaf_spot_00137.jpg,1. Tea algal leaf spot,1. Tea algal leaf spot,False,10,14,0.94571,False,True,True
1. Tea algal leaf spot/tea_algal_leaf_spot_00138.jpg,1. Tea algal leaf spot/tea_algal_leaf_spot_00139.jpg,1. Tea algal leaf spot,1. Tea algal leaf spot,False,44,42,0.83765,False,False,False
1. Tea algal leaf spot/tea_algal_leaf_spot_00141.jpg,7. Healthy leaf/healthy_00808.jpg,1. Tea algal leaf spot,7. Healthy leaf,True,62,113,0.73383,False,False,False
1. Tea algal leaf spot/tea_algal_leaf_spot_00143.jpg,3. Gray Blight/gray_blight_00649.jpg,1. Tea algal leaf spot,3. Gray Blight,True,64,79,0.71961,False,False,False
1. Tea algal leaf spot/tea_algal_leaf_spot_00144.jpg,1. Tea algal leaf spot/tea_algal_leaf_spot_00145.jpg,1. Tea algal leaf spot,1. Tea algal leaf spot,False,4,9,0.96216,False,True,True
1. Tea algal leaf spot/tea_algal_leaf_spot_00150.jpg,6. Green mirid bug/green_mirid_bug_01164.jpg,1. Tea algal leaf spot,6. Green mirid bug,True,62,92,0.73778,False,False,False
1. Tea algal leaf spot/tea_algal_leaf_spot_00156.jpg,1. Tea algal leaf spot/tea_algal_leaf_spot_00177.jpg,1. Tea algal leaf spot,1. Tea algal leaf spot,False,64,77,0.83754,False,False,False
1. Tea algal leaf spot/tea_algal_leaf_spot_00156.jpg,4. Helopeltis/helopeltis_00236.jpg,1. Tea algal leaf spot,4. Helopeltis,True,56,79,0.85326,False,False,False
1. Tea algal leaf spot/tea_algal_leaf_spot_00156.jpg,4. Helopeltis/helopeltis_00368.jpg,1. Tea algal leaf spot,4. Helopeltis,True,62,66,0.85772,False,False,False
1. Tea algal leaf spot/tea_algal_leaf_spot_00156.jpg,6. Green mirid bug/green_mirid_bug_00477.jpg,1. Tea algal leaf spot,6. Green mirid bug,True,64,82,0.83663,False,False,False
1. Tea algal leaf spot/tea_algal_leaf_spot_00156.jpg,7. Healthy leaf/healthy_00837.jpg,1. Tea algal leaf spot,7. Healthy leaf,True,44,70,0.8613,False,False,False
1. Tea algal leaf spot/tea_algal_leaf_spot_00156.jpg,7. Healthy leaf/healthy_00841.jpg,1. Tea algal leaf spot,7. Healthy leaf,True,62,83,0.83393,False,False,False
1. Tea algal leaf spot/tea_algal_leaf_spot_00162.jpg,6. Green mirid bug/green_mirid_bug_00529.jpg,1. Tea algal leaf spot,6. Green mirid bug,True,60,78,0.84116,False,False,False
1. Tea algal leaf spot/tea_algal_leaf_spot_00163.jpg,3. Gray Blight/gray_blight_00466.jpg,1. Tea algal leaf spot,3. Gray Blight,True,60,103,0.86212,False,False,False
1. Tea algal leaf spot/tea_algal_leaf_spot_00163.jpg,6. Green mirid bug/green_mirid_bug_00770.jpg,1. Tea algal leaf spot,6. Green mirid bug,True,62,120,0.85502,False,False,False
1. Tea algal leaf spot/tea_algal_leaf_spot_00164.jpg,4. Helopeltis/helopeltis_00105.jpg,1. Tea algal leaf spot,4. Helopeltis,True,64,100,0.86807,False,False,False
1. Tea algal leaf spot/tea_algal_leaf_spot_00165.jpg,3. Gray Blight/gray_blight_00434.jpg,1. Tea algal leaf spot,3. Gray Blight,True,64,103,0.84205,False,False,False
1. Tea algal leaf spot/tea_algal_leaf_spot_00165.jpg,5. Red spider/red_spider_00284.jpg,1. Tea algal leaf spot,5. Red spider,True,62,97,0.86535,False,False,False
1. Tea algal leaf spot/tea_algal_leaf_spot_00165.jpg,6. Green mirid bug/green_mirid_bug_00532.jpg,1. Tea algal leaf spot,6. Green mirid bug,True,64,71,0.86296,False,False,False
1. Tea algal leaf spot/tea_algal_leaf_spot_00165.jpg,6. Green mirid bug/green_mirid_bug_00977.jpg,1. Tea algal leaf spot,6. Green mirid bug,True,64,115,0.86291,False,False,False
1. Tea algal leaf spot/tea_algal_leaf_spot_00166.jpg,3. Gray Blight/gray_blight_00588.jpg,1. Tea algal leaf spot,3. Gray Blight,True,60,107,0.7927,False,False,False
1. Tea algal leaf spot/tea_algal_leaf_spot_00168.jpg,2. Brown Blight/brown_blight_00036.jpg,1. Tea algal leaf spot,2. Brown Blight,True,60,89,0.78548,False,False,False
1. Tea algal leaf spot/tea_algal_leaf_spot_00169.jpg,3. Gray Blight/gray_blight_00194.jpg,1. Tea algal leaf spot,3. Gray Blight,True,64,107,0.83565,False,False,False
1. Tea algal leaf spot/tea_algal_leaf_spot_00169.jpg,4. Helopeltis/helopeltis_00228.jpg,1. Tea algal leaf spot,4. Helopeltis,True,52,82,0.84194,False,False,False
1. Tea algal leaf spot/tea_algal_leaf_spot_00171.jpg,7. Healthy leaf/healthy_00376.jpg,1. Tea algal leaf spot,7. Healthy leaf,True,62,119,0.67079,False,False,False
1. Tea algal leaf spot/tea_algal_leaf_spot_00173.jpg,7. Healthy leaf/healthy_00749.jpg,1. Tea algal leaf spot,7. Healthy leaf,True,60,70,0.84436,False,False,False
1. Tea algal leaf spot/tea_algal_leaf_spot_00174.jpg,2. Brown Blight/brown_blight_00286.jpg,1. Tea algal leaf spot,2. Brown Blight,True,44,74,0.84462,False,False,False
1. Tea algal leaf spot/tea_algal_leaf_spot_00174.jpg,3. Gray Blight/gray_blight_00148.jpg,1. Tea algal leaf spot,3. Gray Blight,True,62,110,0.86339,False,False,False
1. Tea algal leaf spot/tea_algal_leaf_spot_00174.jpg,3. Gray Blight/gray_blight_00946.jpg,1. Tea algal leaf spot,3. Gray Blight,True,56,86,0.84469,False,False,False
1. Tea algal leaf spot/tea_algal_leaf_spot_00174.jpg,4. Helopeltis/helopeltis_00181.jpg,1. Tea algal leaf spot,4. Helopeltis,True,64,108,0.84312,False,False,False
1. Tea algal leaf spot/tea_algal_leaf_spot_00174.jpg,5. Red spider/red_spider_00249.jpg,1. Tea algal leaf spot,5. Red spider,True,64,126,0.84661,False,False,False
1. Tea algal leaf spot/tea_algal_leaf_spot_00174.jpg,7. Healthy leaf/healthy_00782.jpg,1. Tea algal leaf spot,7. Healthy leaf,True,62,90,0.85476,False,False,False
1. Tea algal leaf spot/tea_algal_leaf_spot_00177.jpg,2. Brown Blight/brown_blight_00181.jpg,1. Tea algal leaf spot,2. Brown Blight,True,54,77,0.78583,False,False,False
1. Tea algal leaf spot/tea_algal_leaf_spot_00177.jpg,4. Helopeltis/helopeltis_00199.jpg,1. Tea algal leaf spot,4. Helopeltis,True,60,76,0.84051,False,False,False
1. Tea algal leaf spot/tea_algal_leaf_spot_00177.jpg,5. Red spider/red_spider_00248.jpg,1. Tea algal leaf spot,5. Red spider,True,60,97,0.84348,False,False,False
1. Tea algal leaf spot/tea_algal_leaf_spot_00179.jpg,7. Healthy leaf/healthy_00660.jpg,1. Tea algal leaf spot,7. Healthy leaf,True,62,108,0.80766,False,False,False
1. Tea algal leaf spot/tea_algal_leaf_spot_00181.jpg,6. Green mirid bug/green_mirid_bug_00510.jpg,1. Tea algal leaf spot,6. Green mirid bug,True,62,49,0.88767,False,False,False
1. Tea algal leaf spot/tea_algal_leaf_spot_00183.jpg,2. Brown Blight/brown_blight_00318.jpg,1. Tea algal leaf spot,2. Brown Blight,True,58,97,0.71853,False,False,False
1. Tea algal leaf spot/tea_algal_leaf_spot_00183.jpg,4. Helopeltis/helopeltis_00343.jpg,1. Tea algal leaf spot,4. Helopeltis,True,56,108,0.82135,False,False,False
1. Tea algal leaf spot/tea_algal_leaf_spot_00183.jpg,5. Red spider/red_spider_00190.jpg,1. Tea algal leaf spot,5. Red spider,True,56,94,0.8278,False,False,False
1. Tea algal leaf spot/tea_algal_leaf_spot_00183.jpg,5. Red spider/red_spider_00192.jpg,1. Tea algal leaf spot,5. Red spider,True,60,94,0.84351,False,False,False
1. Tea algal leaf spot/tea_algal_leaf_spot_00183.jpg,5. Red spider/red_spider_00510.jpg,1. Tea algal leaf spot,5. Red spider,True,64,110,0.85091,False,False,False
1. Tea algal leaf spot/tea_algal_leaf_spot_00183.jpg,6. Green mirid bug/green_mirid_bug_00311.jpg,1. Tea algal leaf spot,6. Green mirid bug,True,54,111,0.84092,False,False,False
1. Tea algal leaf spot/tea_algal_leaf_spot_00183.jpg,6. Green mirid bug/green_mirid_bug_00537.jpg,1. Tea algal leaf spot,6. Green mirid bug,True,64,70,0.85195,False,False,False
1. Tea algal leaf spot/tea_algal_leaf_spot_00183.jpg,6. Green mirid bug/green_mirid_bug_01136.jpg,1. Tea algal leaf spot,6. Green mirid bug,True,54,95,0.85284,False,False,False
1. Tea algal leaf spot/tea_algal_leaf_spot_00183.jpg,7. Healthy leaf/healthy_00133.jpg,1. Tea algal leaf spot,7. Healthy leaf,True,62,116,0.83557,False,False,False
1. Tea algal leaf spot/tea_algal_leaf_spot_00183.jpg,7. Healthy leaf/healthy_00729.jpg,1. Tea algal leaf spot,7. Healthy leaf,True,60,105,0.83737,False,False,False
1. Tea algal leaf spot/tea_algal_leaf_spot_00183.jpg,7. Healthy leaf/healthy_00841.jpg,1. Tea algal leaf spot,7. Healthy leaf,True,64,103,0.84939,False,False,False
1. Tea algal leaf spot/tea_algal_leaf_spot_00183.jpg,7. Healthy leaf/healthy_00913.jpg,1. Tea algal leaf spot,7. Healthy leaf,True,62,119,0.84788,False,False,False
1. Tea algal leaf spot/tea_algal_leaf_spot_00185.jpg,6. Green mirid bug/green_mirid_bug_00535.jpg,1. Tea algal leaf spot,6. Green mirid bug,True,52,91,0.84024,False,False,False
1. Tea algal leaf spot/tea_algal_leaf_spot_00191.jpg,5. Red spider/red_spider_00502.jpg,1. Tea algal leaf spot,5. Red spider,True,64,52,0.82272,False,False,False
1. Tea algal leaf spot/tea_algal_leaf_spot_00195.jpg,3. Gray Blight/gray_blight_00714.jpg,1. Tea algal leaf spot,3. Gray Blight,True,58,79,0.64086,False,False,False
1. Tea algal leaf spot/tea_algal_leaf_spot_00195.jpg,5. Red spider/red_spider_00298.jpg,1. Tea algal leaf spot,5. Red spider,True,64,92,0.63277,False,False,False
1. Tea algal leaf spot/tea_algal_leaf_spot_00195.jpg,5. Red spider/red_spider_00469.jpg,1. Tea algal leaf spot,5. Red spider,True,58,120,0.62425,False,False,False
1. Tea algal leaf spot/tea_algal_leaf_spot_00195.jpg,6. Green mirid bug/green_mirid_bug_00748.jpg,1. Tea algal leaf spot,6. Green mirid bug,True,62,117,0.62964,False,False,False
1. Tea algal leaf spot/tea_algal_leaf_spot_00199.jpg,6. Green mirid bug/green_mirid_bug_00987.jpg,1. Tea algal leaf spot,6. Green mirid bug,True,62,72,0.60776,False,False,False
1. Tea algal leaf spot/tea_algal_leaf_spot_00201.jpg,1. Tea algal leaf spot/tea_algal_leaf_spot_00246.jpg,1. Tea algal leaf spot,1. Tea algal leaf spot,False,62,96,0.74572,False,False,False
1. Tea algal leaf spot/tea_algal_leaf_spot_00201.jpg,4. Helopeltis/helopeltis_00350.jpg,1. Tea algal leaf spot,4. Helopeltis,True,62,95,0.73135,False,False,False
1. Tea algal leaf spot/tea_algal_leaf_spot_00201.jpg,6. Green mirid bug/green_mirid_bug_00777.jpg,1. Tea algal leaf spot,6. Green mirid bug,True,64,97,0.73552,False,False,False
1. Tea algal leaf spot/tea_algal_leaf_spot_00203.jpg,1. Tea algal leaf spot/tea_algal_leaf_spot_00204.jpg,1. Tea algal leaf spot,1. Tea algal leaf spot,False,60,47,0.77707,False,False,False
1. Tea algal leaf spot/tea_algal_leaf_spot_00206.jpg,7. Healthy leaf/healthy_00493.jpg,1. Tea algal leaf spot,7. Healthy leaf,True,64,82,0.73392,False,False,False
1. Tea algal leaf spot/tea_algal_leaf_spot_00207.jpg,1. Tea algal leaf spot/tea_algal_leaf_spot_00244.jpg,1. Tea algal leaf spot,1. Tea algal leaf spot,False,54,99,0.72855,False,False,False
1. Tea algal leaf spot/tea_algal_leaf_spot_00214.jpg,3. Gray Blight/gray_blight_00616.jpg,1. Tea algal leaf spot,3. Gray Blight,True,60,68,0.79436,False,False,False
1. Tea algal leaf spot/tea_algal_leaf_spot_00220.jpg,2. Brown Blight/brown_blight_00444.jpg,1. Tea algal leaf spot,2. Brown Blight,True,64,83,0.72075,False,False,False
1. Tea algal leaf spot/tea_algal_leaf_spot_00220.jpg,7. Healthy leaf/healthy_00448.jpg,1. Tea algal leaf spot,7. Healthy leaf,True,60,67,0.7777,False,False,False
1. Tea algal leaf spot/tea_algal_leaf_spot_00225.jpg,7. Healthy leaf/healthy_00439.jpg,1. Tea algal leaf spot,7. Healthy leaf,True,64,85,0.70505,False,False,False
1. Tea algal leaf spot/tea_algal_leaf_spot_00231.jpg,2. Brown Blight/brown_blight_00356.jpg,1. Tea algal leaf spot,2. Brown Blight,True,60,77,0.75723,False,False,False
1. Tea algal leaf spot/tea_algal_leaf_spot_00231.jpg,3. Gray Blight/gray_blight_00819.jpg,1. Tea algal leaf spot,3. Gray Blight,True,64,85,0.75496,False,False,False
1. Tea algal leaf spot/tea_algal_leaf_spot_00231.jpg,3. Gray Blight/gray_blight_00820.jpg,1. Tea algal leaf spot,3. Gray Blight,True,62,89,0.77338,False,False,False
1. Tea algal leaf spot/tea_algal_leaf_spot_00231.jpg,3. Gray Blight/gray_blight_01004.jpg,1. Tea algal leaf spot,3. Gray Blight,True,58,106,0.77722,False,False,False
1. Tea algal leaf spot/tea_algal_leaf_spot_00231.jpg,7. Healthy leaf/healthy_00763.jpg,1. Tea algal leaf spot,7. Healthy leaf,True,54,120,0.77244,False,False,False
1. Tea algal leaf spot/tea_algal_leaf_spot_00237.jpg,5. Red spider/red_spider_00494.jpg,1. Tea algal leaf spot,5. Red spider,True,62,103,0.80125,False,False,False
1. Tea algal leaf spot/tea_algal_leaf_spot_00242.jpg,4. Helopeltis/helopeltis_00365.jpg,1. Tea algal leaf spot,4. Helopeltis,True,60,58,0.86611,False,False,False
1. Tea algal leaf spot/tea_algal_leaf_spot_00242.jpg,5. Red spider/red_spider_00083.jpg,1. Tea algal leaf spot,5. Red spider,True,62,63,0.85777,False,False,False
1. Tea algal leaf spot/tea_algal_leaf_spot_00242.jpg,5. Red spider/red_spider_00500.jpg,1. Tea algal leaf spot,5. Red spider,True,58,51,0.86014,False,False,False
1. Tea algal leaf spot/tea_algal_leaf_spot_00242.jpg,6. Green mirid bug/green_mirid_bug_00895.jpg,1. Tea algal leaf spot,6. Green mirid bug,True,60,65,0.83987,False,False,False
1. Tea algal leaf spot/tea_algal_leaf_spot_00245.jpg,1. Tea algal leaf spot/tea_algal_leaf_spot_00277.jpg,1. Tea algal leaf spot,1. Tea algal leaf spot,False,52,79,0.68608,False,False,False
1. Tea algal leaf spot/tea_algal_leaf_spot_00245.jpg,6. Green mirid bug/green_mirid_bug_00662.jpg,1. Tea algal leaf spot,6. Green mirid bug,True,50,74,0.70175,False,False,False
1. Tea algal leaf spot/tea_algal_leaf_spot_00246.jpg,3. Gray Blight/gray_blight_00575.jpg,1. Tea algal leaf spot,3. Gray Blight,True,60,61,0.86053,False,False,False
1. Tea algal leaf spot/tea_algal_leaf_spot_00246.jpg,3. Gray Blight/gray_blight_00760.jpg,1. Tea algal leaf spot,3. Gray Blight,True,62,107,0.8453,False,False,False
1. Tea algal leaf spot/tea_algal_leaf_spot_00246.jpg,7. Healthy leaf/healthy_00720.jpg,1. Tea algal leaf spot,7. Healthy leaf,True,54,85,0.85388,False,False,False
1. Tea algal leaf spot/tea_algal_leaf_spot_00247.jpg,6. Green mirid bug/green_mirid_bug_01269.jpg,1. Tea algal leaf spot,6. Green mirid bug,True,64,110,0.84255,False,False,False
1. Tea algal leaf spot/tea_algal_leaf_spot_00248.jpg,3. Gray Blight/gray_blight_00600.jpg,1. Tea algal leaf spot,3. Gray Blight,True,42,77,0.83675,False,False,False
1. Tea algal leaf spot/tea_algal_leaf_spot_00248.jpg,4. Helopeltis/helopeltis_00330.jpg,1. Tea algal leaf spot,4. Helopeltis,True,42,64,0.86136,False,False,False
1. Tea algal leaf spot/tea_algal_leaf_spot_00248.jpg,5. Red spider/red_spider_00385.jpg,1. Tea algal leaf spot,5. Red spider,True,50,71,0.83276,False,False,False
1. Tea algal leaf spot/tea_algal_leaf_spot_00250.jpg,2. Brown Blight/brown_blight_00250.jpg,1. Tea algal leaf spot,2. Brown Blight,True,44,117,0.84388,False,False,False
1. Tea algal leaf spot/tea_algal_leaf_spot_00250.jpg,4. Helopeltis/helopeltis_00387.jpg,1. Tea algal leaf spot,4. Helopeltis,True,64,120,0.85035,False,False,False
1. Tea algal leaf spot/tea_algal_leaf_spot_00252.jpg,3. Gray Blight/gray_blight_00736.jpg,1. Tea algal leaf spot,3. Gray Blight,True,62,93,0.75071,False,False,False
1. Tea algal leaf spot/tea_algal_leaf_spot_00253.jpg,1. Tea algal leaf spot/tea_algal_leaf_spot_00260.jpg,1. Tea algal leaf spot,1. Tea algal leaf spot,False,64,79,0.74741,False,False,False
1. Tea algal leaf spot/tea_algal_leaf_spot_00253.jpg,7. Healthy leaf/healthy_00768.jpg,1. Tea algal leaf spot,7. Healthy leaf,True,62,97,0.76226,False,False,False
1. Tea algal leaf spot/tea_algal_leaf_spot_00254.jpg,6. Green mirid bug/green_mirid_bug_01230.jpg,1. Tea algal leaf spot,6. Green mirid bug,True,62,103,0.78934,False,False,False
1. Tea algal leaf spot/tea_algal_leaf_spot_00255.jpg,3. Gray Blight/gray_blight_00466.jpg,1. Tea algal leaf spot,3. Gray Blight,True,58,77,0.871,False,False,False
1. Tea algal leaf spot/tea_algal_leaf_spot_00255.jpg,3. Gray Blight/gray_blight_00478.jpg,1. Tea algal leaf spot,3. Gray Blight,True,64,84,0.86967,False,False,False
1. Tea algal leaf spot/tea_algal_leaf_spot_00259.jpg,3. Gray Blight/gray_blight_00810.jpg,1. Tea algal leaf spot,3. Gray Blight,True,56,78,0.82109,False,False,False
1. Tea algal leaf spot/tea_algal_leaf_spot_00259.jpg,7. Healthy leaf/healthy_00688.jpg,1. Tea algal leaf spot,7. Healthy leaf,True,52,76,0.82759,False,False,False
1. Tea algal leaf spot/tea_algal_leaf_spot_00261.jpg,3. Gray Blight/gray_blight_00722.jpg,1. Tea algal leaf spot,3. Gray Blight,True,64,82,0.79513,False,False,False
1. Tea algal leaf spot/tea_algal_leaf_spot_00262.jpg,5. Red spider/red_spider_00423.jpg,1. Tea algal leaf spot,5. Red spider,True,50,80,0.78943,False,False,False
1. Tea algal leaf spot/tea_algal_leaf_spot_00263.jpg,2. Brown Blight/brown_blight_00469.jpg,1. Tea algal leaf spot,2. Brown Blight,True,64,103,0.73288,False,False,False
1. Tea algal leaf spot/tea_algal_leaf_spot_00264.jpg,3. Gray Blight/gray_blight_00534.jpg,1. Tea algal leaf spot,3. Gray Blight,True,62,57,0.89228,False,False,False
1. Tea algal leaf spot/tea_algal_leaf_spot_00265.jpg,7. Healthy leaf/healthy_00410.jpg,1. Tea algal leaf spot,7. Healthy leaf,True,60,64,0.88298,False,False,False
1. Tea algal leaf spot/tea_algal_leaf_spot_00270.jpg,5. Red spider/red_spider_00252.jpg,1. Tea algal leaf spot,5. Red spider,True,62,89,0.77419,False,False,False
1. Tea algal leaf spot/tea_algal_leaf_spot_00272.jpg,7. Healthy leaf/healthy_00479.jpg,1. Tea algal leaf spot,7. Healthy leaf,True,62,62,0.78993,False,False,False
1. Tea algal leaf spot/tea_algal_leaf_spot_00277.jpg,6. Green mirid bug/green_mirid_bug_00662.jpg,1. Tea algal leaf spot,6. Green mirid bug,True,64,81,0.69291,False,False,False
1. Tea algal leaf spot/tea_algal_leaf_spot_00278.jpg,4. Helopeltis/helopeltis_00584.jpg,1. Tea algal leaf spot,4. Helopeltis,True,64,107,0.8523,False,False,False
1. Tea algal leaf spot/tea_algal_leaf_spot_00278.jpg,5. Red spider/red_spider_00282.jpg,1. Tea algal leaf spot,5. Red spider,True,64,62,0.85913,False,False,False
1. Tea algal leaf spot/tea_algal_leaf_spot_00278.jpg,6. Green mirid bug/green_mirid_bug_00107.jpg,1. Tea algal leaf spot,6. Green mirid bug,True,64,82,0.85415,False,False,False
1. Tea algal leaf spot/tea_algal_leaf_spot_00280.jpg,4. Helopeltis/helopeltis_00299.jpg,1. Tea algal leaf spot,4. Helopeltis,True,60,123,0.8464,False,False,False
1. Tea algal leaf spot/tea_algal_leaf_spot_00282.jpg,2. Brown Blight/brown_blight_00008.jpg,1. Tea algal leaf spot,2. Brown Blight,True,62,103,0.80143,False,False,False
1. Tea algal leaf spot/tea_algal_leaf_spot_00282.jpg,3. Gray Blight/gray_blight_00542.jpg,1. Tea algal leaf spot,3. Gray Blight,True,64,107,0.84524,False,False,False
1. Tea algal leaf spot/tea_algal_leaf_spot_00282.jpg,5. Red spider/red_spider_00510.jpg,1. Tea algal leaf spot,5. Red spider,True,62,111,0.84358,False,False,False
1. Tea algal leaf spot/tea_algal_leaf_spot_00284.jpg,3. Gray Blight/gray_blight_00565.jpg,1. Tea algal leaf spot,3. Gray Blight,True,58,109,0.77395,False,False,False
1. Tea algal leaf spot/tea_algal_leaf_spot_00287.jpg,2. Brown Blight/brown_blight_00323.jpg,1. Tea algal leaf spot,2. Brown Blight,True,64,75,0.82794,False,False,False
1. Tea algal leaf spot/tea_algal_leaf_spot_00288.jpg,3. Gray Blight/gray_blight_00686.jpg,1. Tea algal leaf spot,3. Gray Blight,True,60,58,0.77215,False,False,False
1. Tea algal leaf spot/tea_algal_leaf_spot_00289.jpg,7. Healthy leaf/healthy_00512.jpg,1. Tea algal leaf spot,7. Healthy leaf,True,64,74,0.78422,False,False,False
1. Tea algal leaf spot/tea_algal_leaf_spot_00300.jpg,1. Tea algal leaf spot/tea_algal_leaf_spot_00301.jpg,1. Tea algal leaf spot,1. Tea algal leaf spot,False,58,56,0.78168,False,False,False
1. Tea algal leaf spot/tea_algal_leaf_spot_00300.jpg,5. Red spider/red_spider_00349.jpg,1. Tea algal leaf spot,5. Red spider,True,64,105,0.76014,False,False,False
1. Tea algal leaf spot/tea_algal_leaf_spot_00300.jpg,5. Red spider/red_spider_00368.jpg,1. Tea algal leaf spot,5. Red spider,True,58,78,0.79183,False,False,False
1. Tea algal leaf spot/tea_algal_leaf_spot_00301.jpg,3. Gray Blight/gray_blight_00712.jpg,1. Tea algal leaf spot,3. Gray Blight,True,60,77,0.82174,False,False,False
1. Tea algal leaf spot/tea_algal_leaf_spot_00301.jpg,5. Red spider/red_spider_00349.jpg,1. Tea algal leaf spot,5. Red spider,True,54,101,0.79581,False,False,False
1. Tea algal leaf spot/tea_algal_leaf_spot_00301.jpg,5. Red spider/red_spider_00368.jpg,1. Tea algal leaf spot,5. Red spider,True,52,86,0.84759,False,False,False
1. Tea algal leaf spot/tea_algal_leaf_spot_00302.jpg,6. Green mirid bug/green_mirid_bug_00749.jpg,1. Tea algal leaf spot,6. Green mirid bug,True,64,113,0.7728,False,False,False
1. Tea algal leaf spot/tea_algal_leaf_spot_00303.jpg,3. Gray Blight/gray_blight_00704.jpg,1. Tea algal leaf spot,3. Gray Blight,True,62,55,0.78405,False,False,False
1. Tea algal leaf spot/tea_algal_leaf_spot_00311.jpg,5. Red spider/red_spider_00274.jpg,1. Tea algal leaf spot,5. Red spider,True,64,82,0.78848,False,False,False
1. Tea algal leaf spot/tea_algal_leaf_spot_00313.jpg,3. Gray Blight/gray_blight_00112.jpg,1. Tea algal leaf spot,3. Gray Blight,True,62,103,0.84382,False,False,False
1. Tea algal leaf spot/tea_algal_leaf_spot_00313.jpg,3. Gray Blight/gray_blight_00473.jpg,1. Tea algal leaf spot,3. Gray Blight,True,60,60,0.86686,False,False,False
1. Tea algal leaf spot/tea_algal_leaf_spot_00313.jpg,5. Red spider/red_spider_00450.jpg,1. Tea algal leaf spot,5. Red spider,True,52,114,0.86864,False,False,False
1. Tea algal leaf spot/tea_algal_leaf_spot_00315.jpg,1. Tea algal leaf spot/tea_algal_leaf_spot_00316.jpg,1. Tea algal leaf spot,1. Tea algal leaf spot,False,62,59,0.84498,False,False,False
1. Tea algal leaf spot/tea_algal_leaf_spot_00316.jpg,2. Brown Blight/brown_blight_00198.jpg,1. Tea algal leaf spot,2. Brown Blight,True,62,94,0.76956,False,False,False
1. Tea algal leaf spot/tea_algal_leaf_spot_00316.jpg,5. Red spider/red_spider_00303.jpg,1. Tea algal leaf spot,5. Red spider,True,60,77,0.85475,False,False,False
1. Tea algal leaf spot/tea_algal_leaf_spot_00318.jpg,3. Gray Blight/gray_blight_00408.jpg,1. Tea algal leaf spot,3. Gray Blight,True,62,111,0.77915,False,False,False
1. Tea algal leaf spot/tea_algal_leaf_spot_00320.jpg,2. Brown Blight/brown_blight_00383.jpg,1. Tea algal leaf spot,2. Brown Blight,True,62,70,0.76597,False,False,False
1. Tea algal leaf spot/tea_algal_leaf_spot_00335.jpg,5. Red spider/red_spider_00380.jpg,1. Tea algal leaf spot,5. Red spider,True,46,43,0.86321,False,False,False
1. Tea algal leaf spot/tea_algal_leaf_spot_00341.jpg,6. Green mirid bug/green_mirid_bug_00932.jpg,1. Tea algal leaf spot,6. Green mirid bug,True,58,103,0.82282,False,False,False
1. Tea algal leaf spot/tea_algal_leaf_spot_00341.jpg,7. Healthy leaf/healthy_00614.jpg,1. Tea algal leaf spot,7. Healthy leaf,True,64,83,0.81012,False,False,False
1. Tea algal leaf spot/tea_algal_leaf_spot_00347.jpg,6. Green mirid bug/green_mirid_bug_01203.jpg,1. Tea algal leaf spot,6. Green mirid bug,True,64,93,0.77988,False,False,False
1. Tea algal leaf spot/tea_algal_leaf_spot_00348.jpg,1. Tea algal leaf spot/tea_algal_leaf_spot_00349.jpg,1. Tea algal leaf spot,1. Tea algal leaf spot,False,64,90,0.80162,False,False,False
1. Tea algal leaf spot/tea_algal_leaf_spot_00350.jpg,3. Gray Blight/gray_blight_00819.jpg,1. Tea algal leaf spot,3. Gray Blight,True,64,100,0.77589,False,False,False
1. Tea algal leaf spot/tea_algal_leaf_spot_00350.jpg,7. Healthy leaf/healthy_00575.jpg,1. Tea algal leaf spot,7. Healthy leaf,True,64,99,0.77249,False,False,False
1. Tea algal leaf spot/tea_algal_leaf_spot_00353.jpg,3. Gray Blight/gray_blight_00820.jpg,1. Tea algal leaf spot,3. Gray Blight,True,50,104,0.76172,False,False,False
1. Tea algal leaf spot/tea_algal_leaf_spot_00354.jpg,1. Tea algal leaf spot/tea_algal_leaf_spot_00418.jpg,1. Tea algal leaf spot,1. Tea algal leaf spot,False,64,116,0.77108,False,False,False
1. Tea algal leaf spot/tea_algal_leaf_spot_00354.jpg,7. Healthy leaf/healthy_00668.jpg,1. Tea algal leaf spot,7. Healthy leaf,True,60,98,0.75572,False,False,False
1. Tea algal leaf spot/tea_algal_leaf_spot_00358.jpg,5. Red spider/red_spider_00440.jpg,1. Tea algal leaf spot,5. Red spider,True,60,109,0.85853,False,False,False
1. Tea algal leaf spot/tea_algal_leaf_spot_00358.jpg,5. Red spider/red_spider_00450.jpg,1. Tea algal leaf spot,5. Red spider,True,62,111,0.86758,False,False,False
1. Tea algal leaf spot/tea_algal_leaf_spot_00360.jpg,7. Healthy leaf/healthy_00038.jpg,1. Tea algal leaf spot,7. Healthy leaf,True,62,61,0.80439,False,False,False
1. Tea algal leaf spot/tea_algal_leaf_spot_00365.jpg,3. Gray Blight/gray_blight_00766.jpg,1. Tea algal leaf spot,3. Gray Blight,True,64,99,0.74519,False,False,False
1. Tea algal leaf spot/tea_algal_leaf_spot_00365.jpg,7. Healthy leaf/healthy_00682.jpg,1. Tea algal leaf spot,7. Healthy leaf,True,64,96,0.74151,False,False,False
1. Tea algal leaf spot/tea_algal_leaf_spot_00367.jpg,6. Green mirid bug/green_mirid_bug_00183.jpg,1. Tea algal leaf spot,6. Green mirid bug,True,62,119,0.82384,False,False,False
1. Tea algal leaf spot/tea_algal_leaf_spot_00372.jpg,4. Helopeltis/helopeltis_00409.jpg,1. Tea algal leaf spot,4. Helopeltis,True,56,91,0.85565,False,False,False
1. Tea algal leaf spot/tea_algal_leaf_spot_00372.jpg,5. Red spider/red_spider_00316.jpg,1. Tea algal leaf spot,5. Red spider,True,54,133,0.85181,False,False,False
1. Tea algal leaf spot/tea_algal_leaf_spot_00372.jpg,6. Green mirid bug/green_mirid_bug_00473.jpg,1. Tea algal leaf spot,6. Green mirid bug,True,62,99,0.85885,False,False,False
1. Tea algal leaf spot/tea_algal_leaf_spot_00372.jpg,7. Healthy leaf/healthy_00606.jpg,1. Tea algal leaf spot,7. Healthy leaf,True,60,100,0.86222,False,False,False
1. Tea algal leaf spot/tea_algal_leaf_spot_00372.jpg,7. Healthy leaf/healthy_00895.jpg,1. Tea algal leaf spot,7. Healthy leaf,True,60,94,0.85553,False,False,False
1. Tea algal leaf spot/tea_algal_leaf_spot_00374.jpg,5. Red spider/red_spider_00268.jpg,1. Tea algal leaf spot,5. Red spider,True,64,85,0.7794,False,False,False
1. Tea algal leaf spot/tea_algal_leaf_spot_00378.jpg,7. Healthy leaf/healthy_00393.jpg,1. Tea algal leaf spot,7. Healthy leaf,True,64,72,0.84934,False,False,False
1. Tea algal leaf spot/tea_algal_leaf_spot_00389.jpg,2. Brown Blight/brown_blight_00268.jpg,1. Tea algal leaf spot,2. Brown Blight,True,64,137,0.87988,False,False,False
1. Tea algal leaf spot/tea_algal_leaf_spot_00389.jpg,3. Gray Blight/gray_blight_00545.jpg,1. Tea algal leaf spot,3. Gray Blight,True,64,103,0.91094,False,False,False
1. Tea algal leaf spot/tea_algal_leaf_spot_00400.jpg,3. Gray Blight/gray_blight_00972.jpg,1. Tea algal leaf spot,3. Gray Blight,True,58,108,0.81233,False,False,False
1. Tea algal leaf spot/tea_algal_leaf_spot_00400.jpg,7. Healthy leaf/healthy_00758.jpg,1. Tea algal leaf spot,7. Healthy leaf,True,64,96,0.81697,False,False,False
1. Tea algal leaf spot/tea_algal_leaf_spot_00401.jpg,2. Brown Blight/brown_blight_00286.jpg,1. Tea algal leaf spot,2. Brown Blight,True,50,96,0.86314,False,False,False
1. Tea algal leaf spot/tea_algal_leaf_spot_00401.jpg,3. Gray Blight/gray_blight_00946.jpg,1. Tea algal leaf spot,3. Gray Blight,True,64,76,0.86509,False,False,False
1. Tea algal leaf spot/tea_algal_leaf_spot_00401.jpg,4. Helopeltis/helopeltis_00190.jpg,1. Tea algal leaf spot,4. Helopeltis,True,62,124,0.85088,False,False,False
1. Tea algal leaf spot/tea_algal_leaf_spot_00401.jpg,6. Green mirid bug/green_mirid_bug_00550.jpg,1. Tea algal leaf spot,6. Green mirid bug,True,60,94,0.85346,False,False,False
1. Tea algal leaf spot/tea_algal_leaf_spot_00401.jpg,7. Healthy leaf/healthy_00577.jpg,1. Tea algal leaf spot,7. Healthy leaf,True,64,111,0.82491,False,False,False
1. Tea algal leaf spot/tea_algal_leaf_spot_00402.jpg,7. Healthy leaf/healthy_00865.jpg,1. Tea algal leaf spot,7. Healthy leaf,True,54,150,0.85062,False,False,False
1. Tea algal leaf spot/tea_algal_leaf_spot_00403.jpg,3. Gray Blight/gray_blight_00975.jpg,1. Tea algal leaf spot,3. Gray Blight,True,64,94,0.77792,False,False,False
1. Tea algal leaf spot/tea_algal_leaf_spot_00405.jpg,6. Green mirid bug/green_mirid_bug_00643.jpg,1. Tea algal leaf spot,6. Green mirid bug,True,50,58,0.86289,False,False,False
1. Tea algal leaf spot/tea_algal_leaf_spot_00405.jpg,7. Healthy leaf/healthy_00896.jpg,1. Tea algal leaf spot,7. Healthy leaf,True,60,64,0.86361,False,False,False
1. Tea algal leaf spot/tea_algal_leaf_spot_00406.jpg,4. Helopeltis/helopeltis_00534.jpg,1. Tea algal leaf spot,4. Helopeltis,True,58,42,0.88319,False,False,False
1. Tea algal leaf spot/tea_algal_leaf_spot_00406.jpg,5. Red spider/red_spider_00214.jpg,1. Tea algal leaf spot,5. Red spider,True,64,74,0.85795,False,False,False
1. Tea algal leaf spot/tea_algal_leaf_spot_00406.jpg,6. Green mirid bug/green_mirid_bug_00876.jpg,1. Tea algal leaf spot,6. Green mirid bug,True,62,38,0.87828,False,False,False
1. Tea algal leaf spot/tea_algal_leaf_spot_00406.jpg,6. Green mirid bug/green_mirid_bug_00887.jpg,1. Tea algal leaf spot,6. Green mirid bug,True,54,47,0.86313,False,False,False
1. Tea algal leaf spot/tea_algal_leaf_spot_00406.jpg,7. Healthy leaf/healthy_00929.jpg,1. Tea algal leaf spot,7. Healthy leaf,True,56,54,0.88311,False,False,False
1. Tea algal leaf spot/tea_algal_leaf_spot_00407.jpg,4. Helopeltis/helopeltis_00352.jpg,1. Tea algal leaf spot,4. Helopeltis,True,62,68,0.86134,False,False,False
1. Tea algal leaf spot/tea_algal_leaf_spot_00407.jpg,7. Healthy leaf/healthy_00759.jpg,1. Tea algal leaf spot,7. Healthy leaf,True,56,60,0.8574,False,False,False
1. Tea algal leaf spot/tea_algal_leaf_spot_00407.jpg,7. Healthy leaf/healthy_00786.jpg,1. Tea algal leaf spot,7. Healthy leaf,True,64,69,0.85489,False,False,False
1. Tea algal leaf spot/tea_algal_leaf_spot_00407.jpg,7. Healthy leaf/healthy_00809.jpg,1. Tea algal leaf spot,7. Healthy leaf,True,54,59,0.85926,False,False,False
1. Tea algal leaf spot/tea_algal_leaf_spot_00407.jpg,7. Healthy leaf/healthy_00829.jpg,1. Tea algal leaf spot,7. Healthy leaf,True,60,61,0.84848,False,False,False
1. Tea algal leaf spot/tea_algal_leaf_spot_00409.jpg,3. Gray Blight/gray_blight_00953.jpg,1. Tea algal leaf spot,3. Gray Blight,True,62,57,0.81682,False,False,False
1. Tea algal leaf spot/tea_algal_leaf_spot_00409.jpg,4. Helopeltis/helopeltis_00520.jpg,1. Tea algal leaf spot,4. Helopeltis,True,64,65,0.8235,False,False,False
1. Tea algal leaf spot/tea_algal_leaf_spot_00409.jpg,7. Healthy leaf/healthy_00789.jpg,1. Tea algal leaf spot,7. Healthy leaf,True,58,53,0.83679,False,False,False
1. Tea algal leaf spot/tea_algal_leaf_spot_00410.jpg,4. Helopeltis/helopeltis_00600.jpg,1. Tea algal leaf spot,4. Helopeltis,True,60,77,0.83809,False,False,False
1. Tea algal leaf spot/tea_algal_leaf_spot_00411.jpg,7. Healthy leaf/healthy_00813.jpg,1. Tea algal leaf spot,7. Healthy leaf,True,56,64,0.83351,False,False,False
1. Tea algal leaf spot/tea_algal_leaf_spot_00412.jpg,3. Gray Blight/gray_blight_00342.jpg,1. Tea algal leaf spot,3. Gray Blight,True,56,99,0.80865,False,False,False
1. Tea algal leaf spot/tea_algal_leaf_spot_00412.jpg,6. Green mirid bug/green_mirid_bug_00928.jpg,1. Tea algal leaf spot,6. Green mirid bug,True,58,63,0.80382,False,False,False
1. Tea algal leaf spot/tea_algal_leaf_spot_00413.jpg,6. Green mirid bug/green_mirid_bug_00921.jpg,1. Tea algal leaf spot,6. Green mirid bug,True,64,61,0.82758,False,False,False
1. Tea algal leaf spot/tea_algal_leaf_spot_00418.jpg,5. Red spider/red_spider_00323.jpg,1. Tea algal leaf spot,5. Red spider,True,62,113,0.8135,False,False,False
1. Tea algal leaf spot/tea_algal_leaf_spot_00418.jpg,7. Healthy leaf/healthy_00668.jpg,1. Tea algal leaf spot,7. Healthy leaf,True,58,106,0.78507,False,False,False
2. Brown Blight/brown_blight_00001.jpg,6. Green mirid bug/green_mirid_bug_00680.jpg,2. Brown Blight,6. Green mirid bug,True,62,105,0.7728,False,False,False
2. Brown Blight/brown_blight_00008.jpg,5. Red spider/red_spider_00266.jpg,2. Brown Blight,5. Red spider,True,64,107,0.81586,False,False,False
2. Brown Blight/brown_blight_00008.jpg,6. Green mirid bug/green_mirid_bug_00573.jpg,2. Brown Blight,6. Green mirid bug,True,64,114,0.80034,False,False,False
2. Brown Blight/brown_blight_00008.jpg,7. Healthy leaf/healthy_00121.jpg,2. Brown Blight,7. Healthy leaf,True,62,119,0.81443,False,False,False
2. Brown Blight/brown_blight_00008.jpg,7. Healthy leaf/healthy_00389.jpg,2. Brown Blight,7. Healthy leaf,True,64,107,0.72365,False,False,False
2. Brown Blight/brown_blight_00013.jpg,3. Gray Blight/gray_blight_00349.jpg,2. Brown Blight,3. Gray Blight,True,58,104,0.79177,False,False,False
2. Brown Blight/brown_blight_00016.jpg,6. Green mirid bug/green_mirid_bug_00472.jpg,2. Brown Blight,6. Green mirid bug,True,60,76,0.87319,False,False,False
2. Brown Blight/brown_blight_00016.jpg,6. Green mirid bug/green_mirid_bug_00623.jpg,2. Brown Blight,6. Green mirid bug,True,64,108,0.81159,False,False,False
2. Brown Blight/brown_blight_00017.jpg,3. Gray Blight/gray_blight_00365.jpg,2. Brown Blight,3. Gray Blight,True,62,107,0.86202,False,False,False
2. Brown Blight/brown_blight_00017.jpg,5. Red spider/red_spider_00111.jpg,2. Brown Blight,5. Red spider,True,58,102,0.85674,False,False,False
2. Brown Blight/brown_blight_00020.jpg,2. Brown Blight/brown_blight_00124.jpg,2. Brown Blight,2. Brown Blight,False,60,98,0.71143,False,False,False
2. Brown Blight/brown_blight_00020.jpg,2. Brown Blight/brown_blight_00125.jpg,2. Brown Blight,2. Brown Blight,False,62,101,0.72011,False,False,False
2. Brown Blight/brown_blight_00020.jpg,2. Brown Blight/brown_blight_00222.jpg,2. Brown Blight,2. Brown Blight,False,64,116,0.73667,False,False,False
2. Brown Blight/brown_blight_00028.jpg,7. Healthy leaf/healthy_00642.jpg,2. Brown Blight,7. Healthy leaf,True,58,85,0.73222,False,False,False
2. Brown Blight/brown_blight_00030.jpg,3. Gray Blight/gray_blight_00069.jpg,2. Brown Blight,3. Gray Blight,True,56,83,0.80222,False,False,False
2. Brown Blight/brown_blight_00032.jpg,4. Helopeltis/helopeltis_00368.jpg,2. Brown Blight,4. Helopeltis,True,62,124,0.83294,False,False,False
2. Brown Blight/brown_blight_00032.jpg,5. Red spider/red_spider_00035.jpg,2. Brown Blight,5. Red spider,True,62,74,0.84507,False,False,False
2. Brown Blight/brown_blight_00032.jpg,7. Healthy leaf/healthy_00054.jpg,2. Brown Blight,7. Healthy leaf,True,60,101,0.84209,False,False,False
2. Brown Blight/brown_blight_00032.jpg,7. Healthy leaf/healthy_00125.jpg,2. Brown Blight,7. Healthy leaf,True,62,82,0.84038,False,False,False
2. Brown Blight/brown_blight_00033.jpg,3. Gray Blight/gray_blight_00107.jpg,2. Brown Blight,3. Gray Blight,True,64,98,0.79223,False,False,False
2. Brown Blight/brown_blight_00034.jpg,7. Healthy leaf/healthy_00141.jpg,2. Brown Blight,7. Healthy leaf,True,64,103,0.8234,False,False,False
2. Brown Blight/brown_blight_00036.jpg,7. Healthy leaf/healthy_00136.jpg,2. Brown Blight,7. Healthy leaf,True,60,92,0.80217,False,False,False
2. Brown Blight/brown_blight_00037.jpg,6. Green mirid bug/green_mirid_bug_00959.jpg,2. Brown Blight,6. Green mirid bug,True,62,101,0.8022,False,False,False
2. Brown Blight/brown_blight_00039.jpg,2. Brown Blight/brown_blight_00049.jpg,2. Brown Blight,2. Brown Blight,False,62,97,0.8116,False,False,False
2. Brown Blight/brown_blight_00039.jpg,3. Gray Blight/gray_blight_00086.jpg,2. Brown Blight,3. Gray Blight,True,58,80,0.79162,False,False,False
2. Brown Blight/brown_blight_00039.jpg,3. Gray Blight/gray_blight_00685.jpg,2. Brown Blight,3. Gray Blight,True,64,96,0.78581,False,False,False
2. Brown Blight/brown_blight_00039.jpg,5. Red spider/red_spider_00007.jpg,2. Brown Blight,5. Red spider,True,54,61,0.81267,False,False,False
2. Brown Blight/brown_blight_00039.jpg,6. Green mirid bug/green_mirid_bug_00354.jpg,2. Brown Blight,6. Green mirid bug,True,64,81,0.78726,False,False,False
2. Brown Blight/brown_blight_00039.jpg,6. Green mirid bug/green_mirid_bug_00926.jpg,2. Brown Blight,6. Green mirid bug,True,64,127,0.79435,False,False,False
2. Brown Blight/brown_blight_00039.jpg,7. Healthy leaf/healthy_00319.jpg,2. Brown Blight,7. Healthy leaf,True,62,111,0.78384,False,False,False
2. Brown Blight/brown_blight_00043.jpg,3. Gray Blight/gray_blight_00013.jpg,2. Brown Blight,3. Gray Blight,True,62,96,0.78092,False,False,False
2. Brown Blight/brown_blight_00046.jpg,3. Gray Blight/gray_blight_00112.jpg,2. Brown Blight,3. Gray Blight,True,62,69,0.82648,False,False,False
2. Brown Blight/brown_blight_00046.jpg,3. Gray Blight/gray_blight_00451.jpg,2. Brown Blight,3. Gray Blight,True,62,104,0.70635,False,False,False
2. Brown Blight/brown_blight_00046.jpg,5. Red spider/red_spider_00181.jpg,2. Brown Blight,5. Red spider,True,54,103,0.8224,False,False,False
2. Brown Blight/brown_blight_00046.jpg,5. Red spider/red_spider_00251.jpg,2. Brown Blight,5. Red spider,True,64,79,0.83412,False,False,False
2. Brown Blight/brown_blight_00046.jpg,5. Red spider/red_spider_00314.jpg,2. Brown Blight,5. Red spider,True,54,96,0.83756,False,False,False
2. Brown Blight/brown_blight_00047.jpg,3. Gray Blight/gray_blight_00307.jpg,2. Brown Blight,3. Gray Blight,True,52,94,0.82744,False,False,False
2. Brown Blight/brown_blight_00047.jpg,4. Helopeltis/helopeltis_00440.jpg,2. Brown Blight,4. Helopeltis,True,64,98,0.78663,False,False,False
2. Brown Blight/brown_blight_00049.jpg,5. Red spider/red_spider_00007.jpg,2. Brown Blight,5. Red spider,True,64,108,0.81486,False,False,False
2. Brown Blight/brown_blight_00049.jpg,7. Healthy leaf/healthy_00114.jpg,2. Brown Blight,7. Healthy leaf,True,64,90,0.81629,False,False,False
2. Brown Blight/brown_blight_00051.jpg,4. Helopeltis/helopeltis_00525.jpg,2. Brown Blight,4. Helopeltis,True,52,79,0.86354,False,False,False
2. Brown Blight/brown_blight_00051.jpg,7. Healthy leaf/healthy_00151.jpg,2. Brown Blight,7. Healthy leaf,True,62,111,0.83138,False,False,False
2. Brown Blight/brown_blight_00052.jpg,2. Brown Blight/brown_blight_00054.jpg,2. Brown Blight,2. Brown Blight,False,64,66,0.88997,False,False,False
2. Brown Blight/brown_blight_00052.jpg,2. Brown Blight/brown_blight_00056.jpg,2. Brown Blight,2. Brown Blight,False,64,72,0.87436,False,False,False
2. Brown Blight/brown_blight_00052.jpg,6. Green mirid bug/green_mirid_bug_00217.jpg,2. Brown Blight,6. Green mirid bug,True,64,64,0.89831,False,False,False
2. Brown Blight/brown_blight_00053.jpg,3. Gray Blight/gray_blight_00188.jpg,2. Brown Blight,3. Gray Blight,True,62,54,0.89566,False,False,False
2. Brown Blight/brown_blight_00054.jpg,6. Green mirid bug/green_mirid_bug_00217.jpg,2. Brown Blight,6. Green mirid bug,True,64,58,0.8949,False,False,False
2. Brown Blight/brown_blight_00055.jpg,5. Red spider/red_spider_00162.jpg,2. Brown Blight,5. Red spider,True,58,114,0.86353,False,False,False
2. Brown Blight/brown_blight_00056.jpg,3. Gray Blight/gray_blight_00442.jpg,2. Brown Blight,3. Gray Blight,True,52,108,0.8241,False,False,False
2. Brown Blight/brown_blight_00056.jpg,4. Helopeltis/helopeltis_00386.jpg,2. Brown Blight,4. Helopeltis,True,64,94,0.86363,False,False,False
2. Brown Blight/brown_blight_00056.jpg,6. Green mirid bug/green_mirid_bug_00215.jpg,2. Brown Blight,6. Green mirid bug,True,56,72,0.86676,False,False,False
2. Brown Blight/brown_blight_00056.jpg,6. Green mirid bug/green_mirid_bug_00292.jpg,2. Brown Blight,6. Green mirid bug,True,58,47,0.87314,False,False,False
2. Brown Blight/brown_blight_00056.jpg,6. Green mirid bug/green_mirid_bug_00315.jpg,2. Brown Blight,6. Green mirid bug,True,62,51,0.87875,False,False,False
2. Brown Blight/brown_blight_00058.jpg,6. Green mirid bug/green_mirid_bug_00100.jpg,2. Brown Blight,6. Green mirid bug,True,62,51,0.91725,False,False,False
2. Brown Blight/brown_blight_00063.jpg,2. Brown Blight/brown_blight_00064.jpg,2. Brown Blight,2. Brown Blight,False,24,26,0.89933,False,False,False
2. Brown Blight/brown_blight_00063.jpg,6. Green mirid bug/green_mirid_bug_00494.jpg,2. Brown Blight,6. Green mirid bug,True,64,86,0.79819,False,False,False
2. Brown Blight/brown_blight_00067.jpg,2. Brown Blight/brown_blight_00068.jpg,2. Brown Blight,2. Brown Blight,False,24,21,0.86765,False,False,False
2. Brown Blight/brown_blight_00069.jpg,2. Brown Blight/brown_blight_00070.jpg,2. Brown Blight,2. Brown Blight,False,40,46,0.77315,False,False,False
2. Brown Blight/brown_blight_00073.jpg,2. Brown Blight/brown_blight_00074.jpg,2. Brown Blight,2. Brown Blight,False,60,59,0.63525,False,False,False
2. Brown Blight/brown_blight_00075.jpg,2. Brown Blight/brown_blight_00076.jpg,2. Brown Blight,2. Brown Blight,False,52,65,0.67479,False,False,False
2. Brown Blight/brown_blight_00077.jpg,2. Brown Blight/brown_blight_00078.jpg,2. Brown Blight,2. Brown Blight,False,60,58,0.67553,False,False,False
2. Brown Blight/brown_blight_00077.jpg,2. Brown Blight/brown_blight_00079.jpg,2. Brown Blight,2. Brown Blight,False,46,51,0.71571,False,False,False
2. Brown Blight/brown_blight_00078.jpg,2. Brown Blight/brown_blight_00079.jpg,2. Brown Blight,2. Brown Blight,False,18,17,0.8146,False,False,False
2. Brown Blight/brown_blight_00082.jpg,4. Helopeltis/helopeltis_00034.jpg,2. Brown Blight,4. Helopeltis,True,54,119,0.88723,False,False,False
2. Brown Blight/brown_blight_00082.jpg,6. Green mirid bug/green_mirid_bug_00193.jpg,2. Brown Blight,6. Green mirid bug,True,60,89,0.88163,False,False,False
2. Brown Blight/brown_blight_00082.jpg,6. Green mirid bug/green_mirid_bug_00361.jpg,2. Brown Blight,6. Green mirid bug,True,64,90,0.90241,False,False,False
2. Brown Blight/brown_blight_00087.jpg,3. Gray Blight/gray_blight_00699.jpg,2. Brown Blight,3. Gray Blight,True,64,43,0.85619,False,False,False
2. Brown Blight/brown_blight_00087.jpg,7. Healthy leaf/healthy_00093.jpg,2. Brown Blight,7. Healthy leaf,True,64,76,0.86391,False,False,False
2. Brown Blight/brown_blight_00088.jpg,2. Brown Blight/brown_blight_00089.jpg,2. Brown Blight,2. Brown Blight,False,52,44,0.71939,False,False,False
2. Brown Blight/brown_blight_00091.jpg,2. Brown Blight/brown_blight_00092.jpg,2. Brown Blight,2. Brown Blight,False,32,12,0.86021,False,False,False
2. Brown Blight/brown_blight_00094.jpg,2. Brown Blight/brown_blight_00095.jpg,2. Brown Blight,2. Brown Blight,False,6,11,0.98877,False,True,True
2. Brown Blight/brown_blight_00096.jpg,2. Brown Blight/brown_blight_00097.jpg,2. Brown Blight,2. Brown Blight,False,14,17,0.94327,False,True,True
2. Brown Blight/brown_blight_00098.jpg,2. Brown Blight/brown_blight_00099.jpg,2. Brown Blight,2. Brown Blight,False,8,10,0.84905,False,False,False
2. Brown Blight/brown_blight_00101.jpg,2. Brown Blight/brown_blight_00102.jpg,2. Brown Blight,2. Brown Blight,False,44,46,0.75134,False,False,False
2. Brown Blight/brown_blight_00103.jpg,2. Brown Blight/brown_blight_00104.jpg,2. Brown Blight,2. Brown Blight,False,34,28,0.81679,False,False,False
2. Brown Blight/brown_blight_00108.jpg,2. Brown Blight/brown_blight_00109.jpg,2. Brown Blight,2. Brown Blight,False,12,19,0.95793,False,True,True
2. Brown Blight/brown_blight_00108.jpg,3. Gray Blight/gray_blight_00153.jpg,2. Brown Blight,3. Gray Blight,True,64,89,0.72015,False,False,False
2. Brown Blight/brown_blight_00108.jpg,7. Healthy leaf/healthy_00234.jpg,2. Brown Blight,7. Healthy leaf,True,64,91,0.75648,False,False,False
2. Brown Blight/brown_blight_00109.jpg,7. Healthy leaf/healthy_00234.jpg,2. Brown Blight,7. Healthy leaf,True,60,84,0.75456,False,False,False
2. Brown Blight/brown_blight_00117.jpg,2. Brown Blight/brown_blight_00118.jpg,2. Brown Blight,2. Brown Blight,False,64,47,0.65038,False,False,False
2. Brown Blight/brown_blight_00117.jpg,2. Brown Blight/brown_blight_00119.jpg,2. Brown Blight,2. Brown Blight,False,60,41,0.65426,False,False,False
2. Brown Blight/brown_blight_00118.jpg,2. Brown Blight/brown_blight_00119.jpg,2. Brown Blight,2. Brown Blight,False,8,10,0.91312,False,True,True
2. Brown Blight/brown_blight_00121.jpg,2. Brown Blight/brown_blight_00122.jpg,2. Brown Blight,2. Brown Blight,False,14,21,0.91337,False,True,True
2. Brown Blight/brown_blight_00124.jpg,2. Brown Blight/brown_blight_00125.jpg,2. Brown Blight,2. Brown Blight,False,58,55,0.75636,False,False,False
2. Brown Blight/brown_blight_00127.jpg,2. Brown Blight/brown_blight_00131.jpg,2. Brown Blight,2. Brown Blight,False,64,80,0.77269,False,False,False
2. Brown Blight/brown_blight_00128.jpg,2. Brown Blight/brown_blight_00221.jpg,2. Brown Blight,2. Brown Blight,False,58,86,0.80927,False,False,False
2. Brown Blight/brown_blight_00156.jpg,2. Brown Blight/brown_blight_00158.jpg,2. Brown Blight,2. Brown Blight,False,64,68,0.81266,False,False,False
2. Brown Blight/brown_blight_00164.jpg,2. Brown Blight/brown_blight_00165.jpg,2. Brown Blight,2. Brown Blight,False,38,43,0.84919,False,False,False
2. Brown Blight/brown_blight_00164.jpg,6. Green mirid bug/green_mirid_bug_00832.jpg,2. Brown Blight,6. Green mirid bug,True,62,97,0.83508,False,False,False
2. Brown Blight/brown_blight_00165.jpg,6. Green mirid bug/green_mirid_bug_00832.jpg,2. Brown Blight,6. Green mirid bug,True,64,96,0.843,False,False,False
2. Brown Blight/brown_blight_00168.jpg,2. Brown Blight/brown_blight_00170.jpg,2. Brown Blight,2. Brown Blight,False,16,32,0.94251,False,True,True
2. Brown Blight/brown_blight_00168.jpg,6. Green mirid bug/green_mirid_bug_00935.jpg,2. Brown Blight,6. Green mirid bug,True,64,111,0.82518,False,False,False
2. Brown Blight/brown_blight_00168.jpg,7. Healthy leaf/healthy_00457.jpg,2. Brown Blight,7. Healthy leaf,True,62,103,0.85507,False,False,False
2. Brown Blight/brown_blight_00174.jpg,7. Healthy leaf/healthy_00766.jpg,2. Brown Blight,7. Healthy leaf,True,62,90,0.68838,False,False,False
2. Brown Blight/brown_blight_00176.jpg,2. Brown Blight/brown_blight_00177.jpg,2. Brown Blight,2. Brown Blight,False,56,73,0.65681,False,False,False
2. Brown Blight/brown_blight_00178.jpg,3. Gray Blight/gray_blight_00187.jpg,2. Brown Blight,3. Gray Blight,True,64,96,0.78914,False,False,False
2. Brown Blight/brown_blight_00178.jpg,4. Helopeltis/helopeltis_00324.jpg,2. Brown Blight,4. Helopeltis,True,64,118,0.80275,False,False,False
2. Brown Blight/brown_blight_00178.jpg,4. Helopeltis/helopeltis_00488.jpg,2. Brown Blight,4. Helopeltis,True,64,102,0.78226,False,False,False
2. Brown Blight/brown_blight_00178.jpg,4. Helopeltis/helopeltis_00547.jpg,2. Brown Blight,4. Helopeltis,True,60,100,0.79685,False,False,False
2. Brown Blight/brown_blight_00178.jpg,4. Helopeltis/helopeltis_00548.jpg,2. Brown Blight,4. Helopeltis,True,60,100,0.79828,False,False,False
2. Brown Blight/brown_blight_00178.jpg,4. Helopeltis/helopeltis_00558.jpg,2. Brown Blight,4. Helopeltis,True,64,98,0.79578,False,False,False
2. Brown Blight/brown_blight_00178.jpg,5. Red spider/red_spider_00476.jpg,2. Brown Blight,5. Red spider,True,60,86,0.7983,False,False,False
2. Brown Blight/brown_blight_00178.jpg,6. Green mirid bug/green_mirid_bug_00162.jpg,2. Brown Blight,6. Green mirid bug,True,56,89,0.78625,False,False,False
2. Brown Blight/brown_blight_00178.jpg,6. Green mirid bug/green_mirid_bug_00593.jpg,2. Brown Blight,6. Green mirid bug,True,58,109,0.78585,False,False,False
2. Brown Blight/brown_blight_00178.jpg,7. Healthy leaf/healthy_00283.jpg,2. Brown Blight,7. Healthy leaf,True,58,96,0.79298,False,False,False
2. Brown Blight/brown_blight_00178.jpg,7. Healthy leaf/healthy_00930.jpg,2. Brown Blight,7. Healthy leaf,True,54,104,0.7958,False,False,False
2. Brown Blight/brown_blight_00180.jpg,2. Brown Blight/brown_blight_00181.jpg,2. Brown Blight,2. Brown Blight,False,54,69,0.81015,False,False,False
2. Brown Blight/brown_blight_00180.jpg,4. Helopeltis/helopeltis_00029.jpg,2. Brown Blight,4. Helopeltis,True,64,110,0.81053,False,False,False
2. Brown Blight/brown_blight_00180.jpg,5. Red spider/red_spider_00273.jpg,2. Brown Blight,5. Red spider,True,64,123,0.82192,False,False,False
2. Brown Blight/brown_blight_00180.jpg,5. Red spider/red_spider_00315.jpg,2. Brown Blight,5. Red spider,True,60,111,0.76603,False,False,False
2. Brown Blight/brown_blight_00180.jpg,6. Green mirid bug/green_mirid_bug_00019.jpg,2. Brown Blight,6. Green mirid bug,True,54,115,0.82721,False,False,False
2. Brown Blight/brown_blight_00180.jpg,6. Green mirid bug/green_mirid_bug_00234.jpg,2. Brown Blight,6. Green mirid bug,True,64,90,0.82301,False,False,False
2. Brown Blight/brown_blight_00181.jpg,7. Healthy leaf/healthy_00456.jpg,2. Brown Blight,7. Healthy leaf,True,60,102,0.8116,False,False,False
2. Brown Blight/brown_blight_00187.jpg,3. Gray Blight/gray_blight_00404.jpg,2. Brown Blight,3. Gray Blight,True,50,104,0.76875,False,False,False
2. Brown Blight/brown_blight_00195.jpg,7. Healthy leaf/healthy_00752.jpg,2. Brown Blight,7. Healthy leaf,True,58,95,0.78391,False,False,False
2. Brown Blight/brown_blight_00196.jpg,2. Brown Blight/brown_blight_00197.jpg,2. Brown Blight,2. Brown Blight,False,14,28,0.84231,False,False,False
2. Brown Blight/brown_blight_00196.jpg,2. Brown Blight/brown_blight_00267.jpg,2. Brown Blight,2. Brown Blight,False,62,65,0.79604,False,False,False
2. Brown Blight/brown_blight_00196.jpg,3. Gray Blight/gray_blight_00335.jpg,2. Brown Blight,3. Gray Blight,True,60,79,0.79464,False,False,False
2. Brown Blight/brown_blight_00196.jpg,3. Gray Blight/gray_blight_00353.jpg,2. Brown Blight,3. Gray Blight,True,62,71,0.77887,False,False,False
2. Brown Blight/brown_blight_00197.jpg,2. Brown Blight/brown_blight_00267.jpg,2. Brown Blight,2. Brown Blight,False,60,61,0.80365,False,False,False
2. Brown Blight/brown_blight_00197.jpg,3. Gray Blight/gray_blight_00335.jpg,2. Brown Blight,3. Gray Blight,True,64,89,0.78116,False,False,False
2. Brown Blight/brown_blight_00197.jpg,3. Gray Blight/gray_blight_00353.jpg,2. Brown Blight,3. Gray Blight,True,62,81,0.7676,False,False,False
2. Brown Blight/brown_blight_00199.jpg,5. Red spider/red_spider_00041.jpg,2. Brown Blight,5. Red spider,True,60,117,0.74111,False,False,False
2. Brown Blight/brown_blight_00201.jpg,2. Brown Blight/brown_blight_00202.jpg,2. Brown Blight,2. Brown Blight,False,18,19,0.89062,False,False,False
2. Brown Blight/brown_blight_00202.jpg,6. Green mirid bug/green_mirid_bug_00881.jpg,2. Brown Blight,6. Green mirid bug,True,64,98,0.77337,False,False,False
2. Brown Blight/brown_blight_00210.jpg,4. Helopeltis/helopeltis_00382.jpg,2. Brown Blight,4. Helopeltis,True,60,81,0.83668,False,False,False
2. Brown Blight/brown_blight_00211.jpg,3. Gray Blight/gray_blight_00466.jpg,2. Brown Blight,3. Gray Blight,True,60,121,0.80756,False,False,False
2. Brown Blight/brown_blight_00211.jpg,3. Gray Blight/gray_blight_00478.jpg,2. Brown Blight,3. Gray Blight,True,64,112,0.79923,False,False,False
2. Brown Blight/brown_blight_00211.jpg,7. Healthy leaf/healthy_00718.jpg,2. Brown Blight,7. Healthy leaf,True,64,106,0.79639,False,False,False
2. Brown Blight/brown_blight_00212.jpg,2. Brown Blight/brown_blight_00213.jpg,2. Brown Blight,2. Brown Blight,False,44,45,0.84363,False,False,False
2. Brown Blight/brown_blight_00212.jpg,2. Brown Blight/brown_blight_00274.jpg,2. Brown Blight,2. Brown Blight,False,58,94,0.79358,False,False,False
2. Brown Blight/brown_blight_00212.jpg,7. Healthy leaf/healthy_00362.jpg,2. Brown Blight,7. Healthy leaf,True,54,101,0.8335,False,False,False
2. Brown Blight/brown_blight_00212.jpg,7. Healthy leaf/healthy_00457.jpg,2. Brown Blight,7. Healthy leaf,True,64,101,0.82949,False,False,False
2. Brown Blight/brown_blight_00213.jpg,3. Gray Blight/gray_blight_00465.jpg,2. Brown Blight,3. Gray Blight,True,62,110,0.83112,False,False,False
2. Brown Blight/brown_blight_00213.jpg,6. Green mirid bug/green_mirid_bug_01243.jpg,2. Brown Blight,6. Green mirid bug,True,60,99,0.81158,False,False,False
2. Brown Blight/brown_blight_00213.jpg,7. Healthy leaf/healthy_00362.jpg,2. Brown Blight,7. Healthy leaf,True,64,100,0.81941,False,False,False
2. Brown Blight/brown_blight_00214.jpg,7. Healthy leaf/healthy_00022.jpg,2. Brown Blight,7. Healthy leaf,True,60,94,0.77694,False,False,False
2. Brown Blight/brown_blight_00215.jpg,3. Gray Blight/gray_blight_00366.jpg,2. Brown Blight,3. Gray Blight,True,64,88,0.80994,False,False,False
2. Brown Blight/brown_blight_00215.jpg,7. Healthy leaf/healthy_00108.jpg,2. Brown Blight,7. Healthy leaf,True,62,96,0.78652,False,False,False
2. Brown Blight/brown_blight_00220.jpg,7. Healthy leaf/healthy_00241.jpg,2. Brown Blight,7. Healthy leaf,True,56,91,0.79614,False,False,False
2. Brown Blight/brown_blight_00222.jpg,6. Green mirid bug/green_mirid_bug_00347.jpg,2. Brown Blight,6. Green mirid bug,True,64,108,0.79843,False,False,False
2. Brown Blight/brown_blight_00223.jpg,3. Gray Blight/gray_blight_00528.jpg,2. Brown Blight,3. Gray Blight,True,58,99,0.80568,False,False,False
2. Brown Blight/brown_blight_00223.jpg,3. Gray Blight/gray_blight_00827.jpg,2. Brown Blight,3. Gray Blight,True,62,97,0.81992,False,False,False
2. Brown Blight/brown_blight_00227.jpg,3. Gray Blight/gray_blight_00474.jpg,2. Brown Blight,3. Gray Blight,True,64,110,0.84967,False,False,False
2. Brown Blight/brown_blight_00228.jpg,2. Brown Blight/brown_blight_00229.jpg,2. Brown Blight,2. Brown Blight,False,62,68,0.80203,False,False,False
2. Brown Blight/brown_blight_00234.jpg,3. Gray Blight/gray_blight_00076.jpg,2. Brown Blight,3. Gray Blight,True,64,86,0.82044,False,False,False
2. Brown Blight/brown_blight_00238.jpg,2. Brown Blight/brown_blight_00317.jpg,2. Brown Blight,2. Brown Blight,False,62,116,0.72342,False,False,False
2. Brown Blight/brown_blight_00238.jpg,3. Gray Blight/gray_blight_00873.jpg,2. Brown Blight,3. Gray Blight,True,58,86,0.86543,False,False,False
2. Brown Blight/brown_blight_00238.jpg,5. Red spider/red_spider_00250.jpg,2. Brown Blight,5. Red spider,True,64,100,0.83516,False,False,False
2. Brown Blight/brown_blight_00238.jpg,7. Healthy leaf/healthy_00637.jpg,2. Brown Blight,7. Healthy leaf,True,58,99,0.82611,False,False,False
2. Brown Blight/brown_blight_00243.jpg,6. Green mirid bug/green_mirid_bug_00809.jpg,2. Brown Blight,6. Green mirid bug,True,54,99,0.75979,False,False,False
2. Brown Blight/brown_blight_00245.jpg,5. Red spider/red_spider_00003.jpg,2. Brown Blight,5. Red spider,True,64,118,0.76809,False,False,False
2. Brown Blight/brown_blight_00248.jpg,2. Brown Blight/brown_blight_00260.jpg,2. Brown Blight,2. Brown Blight,False,50,75,0.86173,False,False,False
2. Brown Blight/brown_blight_00248.jpg,4. Helopeltis/helopeltis_00169.jpg,2. Brown Blight,4. Helopeltis,True,56,72,0.86025,False,False,False
2. Brown Blight/brown_blight_00248.jpg,7. Healthy leaf/healthy_00337.jpg,2. Brown Blight,7. Healthy leaf,True,44,91,0.85653,False,False,False
2. Brown Blight/brown_blight_00249.jpg,2. Brown Blight/brown_blight_00302.jpg,2. Brown Blight,2. Brown Blight,False,54,83,0.8711,False,False,False
2. Brown Blight/brown_blight_00249.jpg,4. Helopeltis/helopeltis_00211.jpg,2. Brown Blight,4. Helopeltis,True,60,72,0.86827,False,False,False
2. Brown Blight/brown_blight_00250.jpg,4. Helopeltis/helopeltis_00387.jpg,2. Brown Blight,4. Helopeltis,True,50,129,0.86408,False,False,False
2. Brown Blight/brown_blight_00250.jpg,4. Helopeltis/helopeltis_00432.jpg,2. Brown Blight,4. Helopeltis,True,58,120,0.84966,False,False,False
2. Brown Blight/brown_blight_00253.jpg,2. Brown Blight/brown_blight_00254.jpg,2. Brown Blight,2. Brown Blight,False,24,17,0.93989,False,True,True
2. Brown Blight/brown_blight_00253.jpg,3. Gray Blight/gray_blight_00558.jpg,2. Brown Blight,3. Gray Blight,True,64,55,0.88013,False,False,False
2. Brown Blight/brown_blight_00253.jpg,4. Helopeltis/helopeltis_00065.jpg,2. Brown Blight,4. Helopeltis,True,60,99,0.87459,False,False,False
2. Brown Blight/brown_blight_00253.jpg,4. Helopeltis/helopeltis_00487.jpg,2. Brown Blight,4. Helopeltis,True,60,63,0.88103,False,False,False
2. Brown Blight/brown_blight_00253.jpg,6. Green mirid bug/green_mirid_bug_01016.jpg,2. Brown Blight,6. Green mirid bug,True,64,73,0.87328,False,False,False
2. Brown Blight/brown_blight_00254.jpg,3. Gray Blight/gray_blight_00558.jpg,2. Brown Blight,3. Gray Blight,True,62,54,0.877,False,False,False
2. Brown Blight/brown_blight_00254.jpg,4. Helopeltis/helopeltis_00065.jpg,2. Brown Blight,4. Helopeltis,True,62,100,0.86622,False,False,False
2. Brown Blight/brown_blight_00254.jpg,4. Helopeltis/helopeltis_00487.jpg,2. Brown Blight,4. Helopeltis,True,56,62,0.87853,False,False,False
2. Brown Blight/brown_blight_00254.jpg,4. Helopeltis/helopeltis_00490.jpg,2. Brown Blight,4. Helopeltis,True,54,65,0.87211,False,False,False
2. Brown Blight/brown_blight_00254.jpg,4. Helopeltis/helopeltis_00559.jpg,2. Brown Blight,4. Helopeltis,True,60,54,0.87992,False,False,False
2. Brown Blight/brown_blight_00254.jpg,6. Green mirid bug/green_mirid_bug_01016.jpg,2. Brown Blight,6. Green mirid bug,True,54,70,0.87748,False,False,False
2. Brown Blight/brown_blight_00255.jpg,7. Healthy leaf/healthy_00751.jpg,2. Brown Blight,7. Healthy leaf,True,64,60,0.85419,False,False,False
2. Brown Blight/brown_blight_00258.jpg,5. Red spider/red_spider_00069.jpg,2. Brown Blight,5. Red spider,True,64,106,0.90234,False,False,False
2. Brown Blight/brown_blight_00258.jpg,6. Green mirid bug/green_mirid_bug_00543.jpg,2. Brown Blight,6. Green mirid bug,True,56,47,0.9103,False,True,False
2. Brown Blight/brown_blight_00260.jpg,4. Helopeltis/helopeltis_00169.jpg,2. Brown Blight,4. Helopeltis,True,48,59,0.87622,False,False,False
2. Brown Blight/brown_blight_00260.jpg,5. Red spider/red_spider_00195.jpg,2. Brown Blight,5. Red spider,True,56,114,0.86194,False,False,False
2. Brown Blight/brown_blight_00260.jpg,5. Red spider/red_spider_00239.jpg,2. Brown Blight,5. Red spider,True,62,97,0.83096,False,False,False
2. Brown Blight/brown_blight_00260.jpg,7. Healthy leaf/healthy_00337.jpg,2. Brown Blight,7. Healthy leaf,True,54,76,0.87065,False,False,False
2. Brown Blight/brown_blight_00262.jpg,3. Gray Blight/gray_blight_00064.jpg,2. Brown Blight,3. Gray Blight,True,64,95,0.83511,False,False,False
2. Brown Blight/brown_blight_00267.jpg,3. Gray Blight/gray_blight_00335.jpg,2. Brown Blight,3. Gray Blight,True,54,74,0.79878,False,False,False
2. Brown Blight/brown_blight_00268.jpg,3. Gray Blight/gray_blight_00535.jpg,2. Brown Blight,3. Gray Blight,True,62,108,0.87353,False,False,False
2. Brown Blight/brown_blight_00268.jpg,6. Green mirid bug/green_mirid_bug_00018.jpg,2. Brown Blight,6. Green mirid bug,True,58,118,0.86677,False,False,False
2. Brown Blight/brown_blight_00268.jpg,6. Green mirid bug/green_mirid_bug_00901.jpg,2. Brown Blight,6. Green mirid bug,True,56,59,0.87228,False,False,False
2. Brown Blight/brown_blight_00268.jpg,7. Healthy leaf/healthy_00361.jpg,2. Brown Blight,7. Healthy leaf,True,60,89,0.86356,False,False,False
2. Brown Blight/brown_blight_00270.jpg,2. Brown Blight/brown_blight_00271.jpg,2. Brown Blight,2. Brown Blight,False,20,34,0.93154,False,True,True
2. Brown Blight/brown_blight_00270.jpg,5. Red spider/red_spider_00183.jpg,2. Brown Blight,5. Red spider,True,56,65,0.87169,False,False,False
2. Brown Blight/brown_blight_00270.jpg,5. Red spider/red_spider_00449.jpg,2. Brown Blight,5. Red spider,True,60,111,0.85989,False,False,False
2. Brown Blight/brown_blight_00271.jpg,6. Green mirid bug/green_mirid_bug_00898.jpg,2. Brown Blight,6. Green mirid bug,True,62,72,0.88998,False,False,False
2. Brown Blight/brown_blight_00273.jpg,6. Green mirid bug/green_mirid_bug_00594.jpg,2. Brown Blight,6. Green mirid bug,True,58,88,0.85068,False,False,False
2. Brown Blight/brown_blight_00274.jpg,4. Helopeltis/helopeltis_00183.jpg,2. Brown Blight,4. Helopeltis,True,62,114,0.8255,False,False,False
2. Brown Blight/brown_blight_00274.jpg,4. Helopeltis/helopeltis_00557.jpg,2. Brown Blight,4. Helopeltis,True,56,72,0.84502,False,False,False
2. Brown Blight/brown_blight_00278.jpg,3. Gray Blight/gray_blight_00066.jpg,2. Brown Blight,3. Gray Blight,True,58,104,0.81414,False,False,False
2. Brown Blight/brown_blight_00282.jpg,4. Helopeltis/helopeltis_00075.jpg,2. Brown Blight,4. Helopeltis,True,62,96,0.91355,False,False,False
2. Brown Blight/brown_blight_00282.jpg,4. Helopeltis/helopeltis_00270.jpg,2. Brown Blight,4. Helopeltis,True,60,131,0.80318,False,False,False
2. Brown Blight/brown_blight_00282.jpg,4. Helopeltis/helopeltis_00377.jpg,2. Brown Blight,4. Helopeltis,True,60,63,0.89985,False,False,False
2. Brown Blight/brown_blight_00282.jpg,6. Green mirid bug/green_mirid_bug_00402.jpg,2. Brown Blight,6. Green mirid bug,True,56,103,0.90846,False,False,False
2. Brown Blight/brown_blight_00282.jpg,6. Green mirid bug/green_mirid_bug_00441.jpg,2. Brown Blight,6. Green mirid bug,True,64,104,0.90299,False,False,False
2. Brown Blight/brown_blight_00282.jpg,6. Green mirid bug/green_mirid_bug_00462.jpg,2. Brown Blight,6. Green mirid bug,True,64,101,0.88968,False,False,False
2. Brown Blight/brown_blight_00282.jpg,7. Healthy leaf/healthy_00205.jpg,2. Brown Blight,7. Healthy leaf,True,64,89,0.91487,False,False,False
2. Brown Blight/brown_blight_00282.jpg,7. Healthy leaf/healthy_00215.jpg,2. Brown Blight,7. Healthy leaf,True,58,97,0.9057,False,False,False
2. Brown Blight/brown_blight_00283.jpg,6. Green mirid bug/green_mirid_bug_00116.jpg,2. Brown Blight,6. Green mirid bug,True,54,112,0.90962,False,False,False
2. Brown Blight/brown_blight_00284.jpg,2. Brown Blight/brown_blight_00285.jpg,2. Brown Blight,2. Brown Blight,False,10,20,0.92608,False,True,True
2. Brown Blight/brown_blight_00284.jpg,3. Gray Blight/gray_blight_01010.jpg,2. Brown Blight,3. Gray Blight,True,54,98,0.85072,False,False,False
2. Brown Blight/brown_blight_00284.jpg,4. Helopeltis/helopeltis_00199.jpg,2. Brown Blight,4. Helopeltis,True,54,78,0.84871,False,False,False
2. Brown Blight/brown_blight_00284.jpg,4. Helopeltis/helopeltis_00236.jpg,2. Brown Blight,4. Helopeltis,True,62,86,0.85834,False,False,False
2. Brown Blight/brown_blight_00284.jpg,4. Helopeltis/helopeltis_00368.jpg,2. Brown Blight,4. Helopeltis,True,48,75,0.88029,False,False,False
2. Brown Blight/brown_blight_00284.jpg,4. Helopeltis/helopeltis_00388.jpg,2. Brown Blight,4. Helopeltis,True,48,89,0.86916,False,False,False
2. Brown Blight/brown_blight_00284.jpg,4. Helopeltis/helopeltis_00399.jpg,2. Brown Blight,4. Helopeltis,True,58,73,0.87072,False,False,False
2. Brown Blight/brown_blight_00284.jpg,4. Helopeltis/helopeltis_00451.jpg,2. Brown Blight,4. Helopeltis,True,58,76,0.87076,False,False,False
2. Brown Blight/brown_blight_00284.jpg,4. Helopeltis/helopeltis_00455.jpg,2. Brown Blight,4. Helopeltis,True,64,86,0.87144,False,False,False
2. Brown Blight/brown_blight_00284.jpg,4. Helopeltis/helopeltis_00545.jpg,2. Brown Blight,4. Helopeltis,True,62,80,0.85763,False,False,False
2. Brown Blight/brown_blight_00284.jpg,5. Red spider/red_spider_00337.jpg,2. Brown Blight,5. Red spider,True,60,98,0.86736,False,False,False
2. Brown Blight/brown_blight_00284.jpg,6. Green mirid bug/green_mirid_bug_00138.jpg,2. Brown Blight,6. Green mirid bug,True,62,89,0.87191,False,False,False
2. Brown Blight/brown_blight_00284.jpg,6. Green mirid bug/green_mirid_bug_00216.jpg,2. Brown Blight,6. Green mirid bug,True,62,79,0.86087,False,False,False
2. Brown Blight/brown_blight_00284.jpg,6. Green mirid bug/green_mirid_bug_00425.jpg,2. Brown Blight,6. Green mirid bug,True,52,97,0.87307,False,False,False
2. Brown Blight/brown_blight_00284.jpg,6. Green mirid bug/green_mirid_bug_00790.jpg,2. Brown Blight,6. Green mirid bug,True,56,74,0.85855,False,False,False
2. Brown Blight/brown_blight_00284.jpg,7. Healthy leaf/healthy_00930.jpg,2. Brown Blight,7. Healthy leaf,True,48,93,0.88596,False,False,False
2. Brown Blight/brown_blight_00284.jpg,7. Healthy leaf/healthy_00935.jpg,2. Brown Blight,7. Healthy leaf,True,60,90,0.86891,False,False,False
2. Brown Blight/brown_blight_00285.jpg,3. Gray Blight/gray_blight_01010.jpg,2. Brown Blight,3. Gray Blight,True,54,100,0.84746,False,False,False
2. Brown Blight/brown_blight_00285.jpg,4. Helopeltis/helopeltis_00199.jpg,2. Brown Blight,4. Helopeltis,True,56,72,0.85553,False,False,False
2. Brown Blight/brown_blight_00285.jpg,4. Helopeltis/helopeltis_00236.jpg,2. Brown Blight,4. Helopeltis,True,64,78,0.85587,False,False,False
2. Brown Blight/brown_blight_00285.jpg,4. Helopeltis/helopeltis_00368.jpg,2. Brown Blight,4. Helopeltis,True,58,73,0.87552,False,False,False
2. Brown Blight/brown_blight_00285.jpg,4. Helopeltis/helopeltis_00388.jpg,2. Brown Blight,4. Helopeltis,True,48,91,0.87078,False,False,False
2. Brown Blight/brown_blight_00285.jpg,4. Helopeltis/helopeltis_00399.jpg,2. Brown Blight,4. Helopeltis,True,60,75,0.86924,False,False,False
2. Brown Blight/brown_blight_00285.jpg,4. Helopeltis/helopeltis_00451.jpg,2. Brown Blight,4. Helopeltis,True,62,76,0.86878,False,False,False
2. Brown Blight/brown_blight_00285.jpg,4. Helopeltis/helopeltis_00545.jpg,2. Brown Blight,4. Helopeltis,True,62,80,0.8554,False,False,False
2. Brown Blight/brown_blight_00285.jpg,5. Red spider/red_spider_00337.jpg,2. Brown Blight,5. Red spider,True,62,106,0.86596,False,False,False
2. Brown Blight/brown_blight_00285.jpg,6. Green mirid bug/green_mirid_bug_00138.jpg,2. Brown Blight,6. Green mirid bug,True,64,95,0.87229,False,False,False
2. Brown Blight/brown_blight_00285.jpg,6. Green mirid bug/green_mirid_bug_00216.jpg,2. Brown Blight,6. Green mirid bug,True,64,91,0.85984,False,False,False
2. Brown Blight/brown_blight_00285.jpg,6. Green mirid bug/green_mirid_bug_00382.jpg,2. Brown Blight,6. Green mirid bug,True,64,96,0.87304,False,False,False
2. Brown Blight/brown_blight_00285.jpg,6. Green mirid bug/green_mirid_bug_00419.jpg,2. Brown Blight,6. Green mirid bug,True,62,98,0.86399,False,False,False
2. Brown Blight/brown_blight_00285.jpg,6. Green mirid bug/green_mirid_bug_00425.jpg,2. Brown Blight,6. Green mirid bug,True,50,91,0.87536,False,False,False
2. Brown Blight/brown_blight_00285.jpg,6. Green mirid bug/green_mirid_bug_00790.jpg,2. Brown Blight,6. Green mirid bug,True,64,76,0.85442,False,False,False
2. Brown Blight/brown_blight_00285.jpg,7. Healthy leaf/healthy_00930.jpg,2. Brown Blight,7. Healthy leaf,True,50,93,0.88862,False,False,False
2. Brown Blight/brown_blight_00285.jpg,7. Healthy leaf/healthy_00935.jpg,2. Brown Blight,7. Healthy leaf,True,52,92,0.87004,False,False,False
2. Brown Blight/brown_blight_00286.jpg,3. Gray Blight/gray_blight_00080.jpg,2. Brown Blight,3. Gray Blight,True,62,110,0.8282,False,False,False
2. Brown Blight/brown_blight_00286.jpg,3. Gray Blight/gray_blight_00148.jpg,2. Brown Blight,3. Gray Blight,True,50,94,0.87779,False,False,False
2. Brown Blight/brown_blight_00286.jpg,3. Gray Blight/gray_blight_00946.jpg,2. Brown Blight,3. Gray Blight,True,44,80,0.876,False,False,False
2. Brown Blight/brown_blight_00286.jpg,4. Helopeltis/helopeltis_00190.jpg,2. Brown Blight,4. Helopeltis,True,54,98,0.86068,False,False,False
2. Brown Blight/brown_blight_00286.jpg,6. Green mirid bug/green_mirid_bug_00124.jpg,2. Brown Blight,6. Green mirid bug,True,64,92,0.87369,False,False,False
2. Brown Blight/brown_blight_00286.jpg,6. Green mirid bug/green_mirid_bug_00147.jpg,2. Brown Blight,6. Green mirid bug,True,64,90,0.8632,False,False,False
2. Brown Blight/brown_blight_00286.jpg,6. Green mirid bug/green_mirid_bug_00158.jpg,2. Brown Blight,6. Green mirid bug,True,58,91,0.88091,False,False,False
2. Brown Blight/brown_blight_00286.jpg,6. Green mirid bug/green_mirid_bug_00252.jpg,2. Brown Blight,6. Green mirid bug,True,64,93,0.85798,False,False,False
2. Brown Blight/brown_blight_00286.jpg,6. Green mirid bug/green_mirid_bug_00368.jpg,2. Brown Blight,6. Green mirid bug,True,50,91,0.88604,False,False,False
2. Brown Blight/brown_blight_00287.jpg,3. Gray Blight/gray_blight_00179.jpg,2. Brown Blight,3. Gray Blight,True,48,97,0.87867,False,False,False
2. Brown Blight/brown_blight_00287.jpg,3. Gray Blight/gray_blight_00723.jpg,2. Brown Blight,3. Gray Blight,True,60,102,0.79977,False,False,False
2. Brown Blight/brown_blight_00287.jpg,4. Helopeltis/helopeltis_00360.jpg,2. Brown Blight,4. Helopeltis,True,62,73,0.85889,False,False,False
2. Brown Blight/brown_blight_00287.jpg,5. Red spider/red_spider_00071.jpg,2. Brown Blight,5. Red spider,True,54,94,0.8659,False,False,False
2. Brown Blight/brown_blight_00287.jpg,5. Red spider/red_spider_00249.jpg,2. Brown Blight,5. Red spider,True,56,113,0.84945,False,False,False
2. Brown Blight/brown_blight_00287.jpg,6. Green mirid bug/green_mirid_bug_00260.jpg,2. Brown Blight,6. Green mirid bug,True,62,94,0.87224,False,False,False
2. Brown Blight/brown_blight_00287.jpg,6. Green mirid bug/green_mirid_bug_00822.jpg,2. Brown Blight,6. Green mirid bug,True,56,78,0.83633,False,False,False
2. Brown Blight/brown_blight_00287.jpg,7. Healthy leaf/healthy_00056.jpg,2. Brown Blight,7. Healthy leaf,True,64,96,0.85707,False,False,False
2. Brown Blight/brown_blight_00287.jpg,7. Healthy leaf/healthy_00219.jpg,2. Brown Blight,7. Healthy leaf,True,62,96,0.86976,False,False,False
2. Brown Blight/brown_blight_00288.jpg,2. Brown Blight/brown_blight_00289.jpg,2. Brown Blight,2. Brown Blight,False,48,33,0.86882,False,False,False
2. Brown Blight/brown_blight_00289.jpg,5. Red spider/red_spider_00200.jpg,2. Brown Blight,5. Red spider,True,64,79,0.79187,False,False,False
2. Brown Blight/brown_blight_00289.jpg,6. Green mirid bug/green_mirid_bug_00030.jpg,2. Brown Blight,6. Green mirid bug,True,52,79,0.84764,False,False,False
2. Brown Blight/brown_blight_00290.jpg,7. Healthy leaf/healthy_00368.jpg,2. Brown Blight,7. Healthy leaf,True,62,57,0.79737,False,False,False
2. Brown Blight/brown_blight_00293.jpg,4. Helopeltis/helopeltis_00365.jpg,2. Brown Blight,4. Helopeltis,True,58,102,0.83957,False,False,False
2. Brown Blight/brown_blight_00293.jpg,5. Red spider/red_spider_00464.jpg,2. Brown Blight,5. Red spider,True,64,103,0.84891,False,False,False
2. Brown Blight/brown_blight_00293.jpg,5. Red spider/red_spider_00479.jpg,2. Brown Blight,5. Red spider,True,62,101,0.84447,False,False,False
2. Brown Blight/brown_blight_00293.jpg,6. Green mirid bug/green_mirid_bug_00933.jpg,2. Brown Blight,6. Green mirid bug,True,64,98,0.82947,False,False,False
2. Brown Blight/brown_blight_00295.jpg,3. Gray Blight/gray_blight_00355.jpg,2. Brown Blight,3. Gray Blight,True,44,77,0.8331,False,False,False
2. Brown Blight/brown_blight_00295.jpg,5. Red spider/red_spider_00148.jpg,2. Brown Blight,5. Red spider,True,58,70,0.84258,False,False,False
2. Brown Blight/brown_blight_00301.jpg,6. Green mirid bug/green_mirid_bug_00164.jpg,2. Brown Blight,6. Green mirid bug,True,62,101,0.86488,False,False,False
2. Brown Blight/brown_blight_00302.jpg,4. Helopeltis/helopeltis_00210.jpg,2. Brown Blight,4. Helopeltis,True,48,98,0.86746,False,False,False
2. Brown Blight/brown_blight_00302.jpg,4. Helopeltis/helopeltis_00211.jpg,2. Brown Blight,4. Helopeltis,True,44,95,0.86696,False,False,False
2. Brown Blight/brown_blight_00302.jpg,4. Helopeltis/helopeltis_00251.jpg,2. Brown Blight,4. Helopeltis,True,56,96,0.87868,False,False,False
2. Brown Blight/brown_blight_00302.jpg,6. Green mirid bug/green_mirid_bug_00650.jpg,2. Brown Blight,6. Green mirid bug,True,60,87,0.8691,False,False,False
2. Brown Blight/brown_blight_00302.jpg,6. Green mirid bug/green_mirid_bug_00651.jpg,2. Brown Blight,6. Green mirid bug,True,64,86,0.8678,False,False,False
2. Brown Blight/brown_blight_00303.jpg,5. Red spider/red_spider_00111.jpg,2. Brown Blight,5. Red spider,True,50,77,0.852,False,False,False
2. Brown Blight/brown_blight_00309.jpg,2. Brown Blight/brown_blight_00310.jpg,2. Brown Blight,2. Brown Blight,False,46,46,0.91234,False,True,False
2. Brown Blight/brown_blight_00309.jpg,6. Green mirid bug/green_mirid_bug_00400.jpg,2. Brown Blight,6. Green mirid bug,True,62,122,0.886,False,False,False
2. Brown Blight/brown_blight_00309.jpg,6. Green mirid bug/green_mirid_bug_00580.jpg,2. Brown Blight,6. Green mirid bug,True,58,90,0.82907,False,False,False
2. Brown Blight/brown_blight_00309.jpg,6. Green mirid bug/green_mirid_bug_00581.jpg,2. Brown Blight,6. Green mirid bug,True,60,89,0.83504,False,False,False
2. Brown Blight/brown_blight_00309.jpg,7. Healthy leaf/healthy_00207.jpg,2. Brown Blight,7. Healthy leaf,True,52,127,0.8782,False,False,False
2. Brown Blight/brown_blight_00310.jpg,5. Red spider/red_spider_00225.jpg,2. Brown Blight,5. Red spider,True,60,78,0.87743,False,False,False
2. Brown Blight/brown_blight_00310.jpg,7. Healthy leaf/healthy_00207.jpg,2. Brown Blight,7. Healthy leaf,True,56,117,0.88434,False,False,False
2. Brown Blight/brown_blight_00311.jpg,5. Red spider/red_spider_00247.jpg,2. Brown Blight,5. Red spider,True,60,89,0.71369,False,False,False
2. Brown Blight/brown_blight_00311.jpg,5. Red spider/red_spider_00280.jpg,2. Brown Blight,5. Red spider,True,64,88,0.69491,False,False,False
2. Brown Blight/brown_blight_00311.jpg,5. Red spider/red_spider_00294.jpg,2. Brown Blight,5. Red spider,True,50,101,0.70515,False,False,False
2. Brown Blight/brown_blight_00317.jpg,3. Gray Blight/gray_blight_00478.jpg,2. Brown Blight,3. Gray Blight,True,58,89,0.74365,False,False,False
2. Brown Blight/brown_blight_00317.jpg,3. Gray Blight/gray_blight_00601.jpg,2. Brown Blight,3. Gray Blight,True,62,93,0.7381,False,False,False
2. Brown Blight/brown_blight_00317.jpg,3. Gray Blight/gray_blight_00701.jpg,2. Brown Blight,3. Gray Blight,True,60,107,0.73263,False,False,False
2. Brown Blight/brown_blight_00317.jpg,3. Gray Blight/gray_blight_00957.jpg,2. Brown Blight,3. Gray Blight,True,48,96,0.74185,False,False,False
2. Brown Blight/brown_blight_00317.jpg,3. Gray Blight/gray_blight_00958.jpg,2. Brown Blight,3. Gray Blight,True,54,91,0.73656,False,False,False
2. Brown Blight/brown_blight_00317.jpg,5. Red spider/red_spider_00452.jpg,2. Brown Blight,5. Red spider,True,60,101,0.7244,False,False,False
2. Brown Blight/brown_blight_00317.jpg,7. Healthy leaf/healthy_00637.jpg,2. Brown Blight,7. Healthy leaf,True,64,85,0.73659,False,False,False
2. Brown Blight/brown_blight_00317.jpg,7. Healthy leaf/healthy_00720.jpg,2. Brown Blight,7. Healthy leaf,True,60,107,0.72916,False,False,False
2. Brown Blight/brown_blight_00318.jpg,3. Gray Blight/gray_blight_00131.jpg,2. Brown Blight,3. Gray Blight,True,64,96,0.69991,False,False,False
2. Brown Blight/brown_blight_00318.jpg,6. Green mirid bug/green_mirid_bug_00311.jpg,2. Brown Blight,6. Green mirid bug,True,62,122,0.72339,False,False,False
2. Brown Blight/brown_blight_00318.jpg,6. Green mirid bug/green_mirid_bug_00537.jpg,2. Brown Blight,6. Green mirid bug,True,64,113,0.71606,False,False,False
2. Brown Blight/brown_blight_00318.jpg,6. Green mirid bug/green_mirid_bug_00782.jpg,2. Brown Blight,6. Green mirid bug,True,58,85,0.72303,False,False,False
2. Brown Blight/brown_blight_00318.jpg,7. Healthy leaf/healthy_00146.jpg,2. Brown Blight,7. Healthy leaf,True,64,123,0.73757,False,False,False
2. Brown Blight/brown_blight_00319.jpg,7. Healthy leaf/healthy_00777.jpg,2. Brown Blight,7. Healthy leaf,True,58,101,0.63485,False,False,False
2. Brown Blight/brown_blight_00320.jpg,3. Gray Blight/gray_blight_00538.jpg,2. Brown Blight,3. Gray Blight,True,62,85,0.7132,False,False,False
2. Brown Blight/brown_blight_00320.jpg,5. Red spider/red_spider_00448.jpg,2. Brown Blight,5. Red spider,True,64,124,0.70585,False,False,False
2. Brown Blight/brown_blight_00323.jpg,2. Brown Blight/brown_blight_00367.jpg,2. Brown Blight,2. Brown Blight,False,62,81,0.8213,False,False,False
2. Brown Blight/brown_blight_00325.jpg,7. Healthy leaf/healthy_00825.jpg,2. Brown Blight,7. Healthy leaf,True,52,102,0.74388,False,False,False
2. Brown Blight/brown_blight_00326.jpg,7. Healthy leaf/healthy_00435.jpg,2. Brown Blight,7. Healthy leaf,True,60,60,0.7425,False,False,False
2. Brown Blight/brown_blight_00326.jpg,7. Healthy leaf/healthy_00485.jpg,2. Brown Blight,7. Healthy leaf,True,64,83,0.73815,False,False,False
2. Brown Blight/brown_blight_00334.jpg,2. Brown Blight/brown_blight_00337.jpg,2. Brown Blight,2. Brown Blight,False,62,52,0.64002,False,False,False
2. Brown Blight/brown_blight_00340.jpg,3. Gray Blight/gray_blight_00417.jpg,2. Brown Blight,3. Gray Blight,True,62,105,0.76961,False,False,False
2. Brown Blight/brown_blight_00348.jpg,7. Healthy leaf/healthy_00853.jpg,2. Brown Blight,7. Healthy leaf,True,64,102,0.72221,False,False,False
2. Brown Blight/brown_blight_00352.jpg,3. Gray Blight/gray_blight_00562.jpg,2. Brown Blight,3. Gray Blight,True,60,78,0.80149,False,False,False
2. Brown Blight/brown_blight_00356.jpg,6. Green mirid bug/green_mirid_bug_00625.jpg,2. Brown Blight,6. Green mirid bug,True,64,91,0.76306,False,False,False
2. Brown Blight/brown_blight_00359.jpg,3. Gray Blight/gray_blight_00605.jpg,2. Brown Blight,3. Gray Blight,True,64,78,0.7219,False,False,False
2. Brown Blight/brown_blight_00359.jpg,5. Red spider/red_spider_00407.jpg,2. Brown Blight,5. Red spider,True,62,109,0.74805,False,False,False
2. Brown Blight/brown_blight_00361.jpg,7. Healthy leaf/healthy_00020.jpg,2. Brown Blight,7. Healthy leaf,True,46,96,0.81915,False,False,False
2. Brown Blight/brown_blight_00362.jpg,3. Gray Blight/gray_blight_00823.jpg,2. Brown Blight,3. Gray Blight,True,64,91,0.76585,False,False,False
2. Brown Blight/brown_blight_00372.jpg,3. Gray Blight/gray_blight_00715.jpg,2. Brown Blight,3. Gray Blight,True,54,56,0.85197,False,False,False
2. Brown Blight/brown_blight_00373.jpg,3. Gray Blight/gray_blight_00529.jpg,2. Brown Blight,3. Gray Blight,True,64,62,0.8398,False,False,False
2. Brown Blight/brown_blight_00373.jpg,3. Gray Blight/gray_blight_00625.jpg,2. Brown Blight,3. Gray Blight,True,56,71,0.82558,False,False,False
2. Brown Blight/brown_blight_00373.jpg,7. Healthy leaf/healthy_00381.jpg,2. Brown Blight,7. Healthy leaf,True,58,88,0.64858,False,False,False
2. Brown Blight/brown_blight_00374.jpg,5. Red spider/red_spider_00456.jpg,2. Brown Blight,5. Red spider,True,60,102,0.78735,False,False,False
2. Brown Blight/brown_blight_00385.jpg,6. Green mirid bug/green_mirid_bug_00243.jpg,2. Brown Blight,6. Green mirid bug,True,64,82,0.74326,False,False,False
2. Brown Blight/brown_blight_00388.jpg,3. Gray Blight/gray_blight_00053.jpg,2. Brown Blight,3. Gray Blight,True,62,112,0.81328,False,False,False
2. Brown Blight/brown_blight_00388.jpg,7. Healthy leaf/healthy_00661.jpg,2. Brown Blight,7. Healthy leaf,True,64,79,0.829,False,False,False
2. Brown Blight/brown_blight_00391.jpg,7. Healthy leaf/healthy_00905.jpg,2. Brown Blight,7. Healthy leaf,True,56,87,0.78191,False,False,False
2. Brown Blight/brown_blight_00396.jpg,2. Brown Blight/brown_blight_00411.jpg,2. Brown Blight,2. Brown Blight,False,64,72,0.7637,False,False,False
2. Brown Blight/brown_blight_00398.jpg,3. Gray Blight/gray_blight_00982.jpg,2. Brown Blight,3. Gray Blight,True,50,114,0.81813,False,False,False
2. Brown Blight/brown_blight_00398.jpg,5. Red spider/red_spider_00298.jpg,2. Brown Blight,5. Red spider,True,60,78,0.83783,False,False,False
2. Brown Blight/brown_blight_00398.jpg,6. Green mirid bug/green_mirid_bug_00846.jpg,2. Brown Blight,6. Green mirid bug,True,50,120,0.80766,False,False,False
2. Brown Blight/brown_blight_00398.jpg,7. Healthy leaf/healthy_00333.jpg,2. Brown Blight,7. Healthy leaf,True,56,111,0.82147,False,False,False
2. Brown Blight/brown_blight_00398.jpg,7. Healthy leaf/healthy_00467.jpg,2. Brown Blight,7. Healthy leaf,True,64,85,0.79477,False,False,False
2. Brown Blight/brown_blight_00398.jpg,7. Healthy leaf/healthy_00797.jpg,2. Brown Blight,7. Healthy leaf,True,64,88,0.8399,False,False,False
2. Brown Blight/brown_blight_00399.jpg,3. Gray Blight/gray_blight_00096.jpg,2. Brown Blight,3. Gray Blight,True,64,99,0.81144,False,False,False
2. Brown Blight/brown_blight_00400.jpg,7. Healthy leaf/healthy_00788.jpg,2. Brown Blight,7. Healthy leaf,True,62,92,0.83563,False,False,False
2. Brown Blight/brown_blight_00409.jpg,5. Red spider/red_spider_00405.jpg,2. Brown Blight,5. Red spider,True,60,60,0.79957,False,False,False
2. Brown Blight/brown_blight_00411.jpg,7. Healthy leaf/healthy_00636.jpg,2. Brown Blight,7. Healthy leaf,True,64,61,0.79773,False,False,False
2. Brown Blight/brown_blight_00421.jpg,6. Green mirid bug/green_mirid_bug_00831.jpg,2. Brown Blight,6. Green mirid bug,True,64,80,0.81595,False,False,False
2. Brown Blight/brown_blight_00429.jpg,7. Healthy leaf/healthy_00846.jpg,2. Brown Blight,7. Healthy leaf,True,60,64,0.8181,False,False,False
2. Brown Blight/brown_blight_00431.jpg,6. Green mirid bug/green_mirid_bug_01142.jpg,2. Brown Blight,6. Green mirid bug,True,62,105,0.82199,False,False,False
2. Brown Blight/brown_blight_00432.jpg,5. Red spider/red_spider_00461.jpg,2. Brown Blight,5. Red spider,True,54,62,0.81111,False,False,False
2. Brown Blight/brown_blight_00435.jpg,4. Helopeltis/helopeltis_00365.jpg,2. Brown Blight,4. Helopeltis,True,64,52,0.86365,False,False,False
2. Brown Blight/brown_blight_00435.jpg,4. Helopeltis/helopeltis_00366.jpg,2. Brown Blight,4. Helopeltis,True,60,43,0.86263,False,False,False
2. Brown Blight/brown_blight_00444.jpg,7. Healthy leaf/healthy_00448.jpg,2. Brown Blight,7. Healthy leaf,True,56,102,0.74678,False,False,False
2. Brown Blight/brown_blight_00448.jpg,5. Red spider/red_spider_00202.jpg,2. Brown Blight,5. Red spider,True,62,95,0.76546,False,False,False
2. Brown Blight/brown_blight_00453.jpg,5. Red spider/red_spider_00246.jpg,2. Brown Blight,5. Red spider,True,56,68,0.81128,False,False,False
2. Brown Blight/brown_blight_00469.jpg,7. Healthy leaf/healthy_00286.jpg,2. Brown Blight,7. Healthy leaf,True,52,91,0.78138,False,False,False
2. Brown Blight/brown_blight_00472.jpg,2. Brown Blight/brown_blight_00473.jpg,2. Brown Blight,2. Brown Blight,False,14,13,0.91285,False,True,True
2. Brown Blight/brown_blight_00478.jpg,7. Healthy leaf/healthy_00312.jpg,2. Brown Blight,7. Healthy leaf,True,60,99,0.72492,False,False,False
2. Brown Blight/brown_blight_00485.jpg,5. Red spider/red_spider_00230.jpg,2. Brown Blight,5. Red spider,True,62,101,0.62096,False,False,False
2. Brown Blight/brown_blight_00485.jpg,6. Green mirid bug/green_mirid_bug_00748.jpg,2. Brown Blight,6. Green mirid bug,True,52,52,0.83108,False,False,False
2. Brown Blight/brown_blight_00485.jpg,7. Healthy leaf/healthy_00445.jpg,2. Brown Blight,7. Healthy leaf,True,62,102,0.81487,False,False,False
2. Brown Blight/brown_blight_00486.jpg,7. Healthy leaf/healthy_00866.jpg,2. Brown Blight,7. Healthy leaf,True,60,67,0.77975,False,False,False
2. Brown Blight/brown_blight_00487.jpg,5. Red spider/red_spider_00422.jpg,2. Brown Blight,5. Red spider,True,44,106,0.81279,False,False,False
2. Brown Blight/brown_blight_00487.jpg,5. Red spider/red_spider_00469.jpg,2. Brown Blight,5. Red spider,True,58,48,0.82227,False,False,False
2. Brown Blight/brown_blight_00488.jpg,5. Red spider/red_spider_00246.jpg,2. Brown Blight,5. Red spider,True,64,106,0.7966,False,False,False
2. Brown Blight/brown_blight_00492.jpg,5. Red spider/red_spider_00119.jpg,2. Brown Blight,5. Red spider,True,64,123,0.82873,False,False,False
2. Brown Blight/brown_blight_00492.jpg,7. Healthy leaf/healthy_00929.jpg,2. Brown Blight,7. Healthy leaf,True,56,38,0.88578,False,False,False
2. Brown Blight/brown_blight_00495.jpg,7. Healthy leaf/healthy_00256.jpg,2. Brown Blight,7. Healthy leaf,True,56,105,0.85389,False,False,False
2. Brown Blight/brown_blight_00495.jpg,7. Healthy leaf/healthy_00269.jpg,2. Brown Blight,7. Healthy leaf,True,62,103,0.84249,False,False,False
2. Brown Blight/brown_blight_00496.jpg,3. Gray Blight/gray_blight_00159.jpg,2. Brown Blight,3. Gray Blight,True,62,105,0.80437,False,False,False
2. Brown Blight/brown_blight_00496.jpg,5. Red spider/red_spider_00043.jpg,2. Brown Blight,5. Red spider,True,64,124,0.78811,False,False,False
2. Brown Blight/brown_blight_00501.jpg,2. Brown Blight/brown_blight_00502.jpg,2. Brown Blight,2. Brown Blight,False,26,41,0.87942,False,False,False
2. Brown Blight/brown_blight_00501.jpg,4. Helopeltis/helopeltis_00299.jpg,2. Brown Blight,4. Helopeltis,True,64,95,0.83364,False,False,False
2. Brown Blight/brown_blight_00501.jpg,5. Red spider/red_spider_00297.jpg,2. Brown Blight,5. Red spider,True,62,96,0.85213,False,False,False
2. Brown Blight/brown_blight_00502.jpg,4. Helopeltis/helopeltis_00103.jpg,2. Brown Blight,4. Helopeltis,True,64,121,0.8544,False,False,False
2. Brown Blight/brown_blight_00502.jpg,4. Helopeltis/helopeltis_00201.jpg,2. Brown Blight,4. Helopeltis,True,54,76,0.84419,False,False,False
2. Brown Blight/brown_blight_00502.jpg,4. Helopeltis/helopeltis_00299.jpg,2. Brown Blight,4. Helopeltis,True,60,92,0.83813,False,False,False
2. Brown Blight/brown_blight_00502.jpg,5. Red spider/red_spider_00297.jpg,2. Brown Blight,5. Red spider,True,60,117,0.84919,False,False,False
2. Brown Blight/brown_blight_00503.jpg,3. Gray Blight/gray_blight_00955.jpg,2. Brown Blight,3. Gray Blight,True,64,73,0.8617,False,False,False
2. Brown Blight/brown_blight_00503.jpg,4. Helopeltis/helopeltis_00369.jpg,2. Brown Blight,4. Helopeltis,True,58,63,0.85118,False,False,False
2. Brown Blight/brown_blight_00503.jpg,5. Red spider/red_spider_00190.jpg,2. Brown Blight,5. Red spider,True,64,75,0.83709,False,False,False
2. Brown Blight/brown_blight_00503.jpg,7. Healthy leaf/healthy_00752.jpg,2. Brown Blight,7. Healthy leaf,True,54,51,0.86839,False,False,False
2. Brown Blight/brown_blight_00503.jpg,7. Healthy leaf/healthy_00795.jpg,2. Brown Blight,7. Healthy leaf,True,54,55,0.85316,False,False,False
2. Brown Blight/brown_blight_00503.jpg,7. Healthy leaf/healthy_00797.jpg,2. Brown Blight,7. Healthy leaf,True,44,59,0.86708,False,False,False
2. Brown Blight/brown_blight_00505.jpg,3. Gray Blight/gray_blight_00079.jpg,2. Brown Blight,3. Gray Blight,True,64,128,0.81321,False,False,False
2. Brown Blight/brown_blight_00505.jpg,7. Healthy leaf/healthy_00321.jpg,2. Brown Blight,7. Healthy leaf,True,62,78,0.77536,False,False,False
2. Brown Blight/brown_blight_00505.jpg,7. Healthy leaf/healthy_00389.jpg,2. Brown Blight,7. Healthy leaf,True,58,101,0.73303,False,False,False
2. Brown Blight/brown_blight_00506.jpg,3. Gray Blight/gray_blight_00573.jpg,2. Brown Blight,3. Gray Blight,True,64,117,0.80136,False,False,False
2. Brown Blight/brown_blight_00506.jpg,4. Helopeltis/helopeltis_00436.jpg,2. Brown Blight,4. Helopeltis,True,62,58,0.82883,False,False,False
2. Brown Blight/brown_blight_00506.jpg,4. Helopeltis/helopeltis_00437.jpg,2. Brown Blight,4. Helopeltis,True,44,40,0.86145,False,False,False
2. Brown Blight/brown_blight_00506.jpg,6. Green mirid bug/green_mirid_bug_00742.jpg,2. Brown Blight,6. Green mirid bug,True,60,72,0.84288,False,False,False
2. Brown Blight/brown_blight_00506.jpg,6. Green mirid bug/green_mirid_bug_00942.jpg,2. Brown Blight,6. Green mirid bug,True,60,70,0.81992,False,False,False
2. Brown Blight/brown_blight_00506.jpg,6. Green mirid bug/green_mirid_bug_01269.jpg,2. Brown Blight,6. Green mirid bug,True,60,84,0.83044,False,False,False
3. Gray Blight/gray_blight_00006.jpg,3. Gray Blight/gray_blight_00066.jpg,3. Gray Blight,3. Gray Blight,False,64,105,0.812,False,False,False
3. Gray Blight/gray_blight_00006.jpg,7. Healthy leaf/healthy_00239.jpg,3. Gray Blight,7. Healthy leaf,True,62,71,0.8349,False,False,False
3. Gray Blight/gray_blight_00010.jpg,7. Healthy leaf/healthy_00922.jpg,3. Gray Blight,7. Healthy leaf,True,62,125,0.81584,False,False,False
3. Gray Blight/gray_blight_00013.jpg,4. Helopeltis/helopeltis_00200.jpg,3. Gray Blight,4. Helopeltis,True,64,122,0.8022,False,False,False
3. Gray Blight/gray_blight_00013.jpg,6. Green mirid bug/green_mirid_bug_00336.jpg,3. Gray Blight,6. Green mirid bug,True,64,106,0.82015,False,False,False
3. Gray Blight/gray_blight_00014.jpg,3. Gray Blight/gray_blight_00192.jpg,3. Gray Blight,3. Gray Blight,False,34,91,0.8719,False,False,False
3. Gray Blight/gray_blight_00014.jpg,4. Helopeltis/helopeltis_00305.jpg,3. Gray Blight,4. Helopeltis,True,64,107,0.8413,False,False,False
3. Gray Blight/gray_blight_00014.jpg,6. Green mirid bug/green_mirid_bug_00513.jpg,3. Gray Blight,6. Green mirid bug,True,56,123,0.84593,False,False,False
3. Gray Blight/gray_blight_00014.jpg,7. Healthy leaf/healthy_00065.jpg,3. Gray Blight,7. Healthy leaf,True,64,109,0.86866,False,False,False
3. Gray Blight/gray_blight_00020.jpg,7. Healthy leaf/healthy_00094.jpg,3. Gray Blight,7. Healthy leaf,True,62,52,0.87316,False,False,False
3. Gray Blight/gray_blight_00025.jpg,4. Helopeltis/helopeltis_00034.jpg,3. Gray Blight,4. Helopeltis,True,64,110,0.86338,False,False,False
3. Gray Blight/gray_blight_00025.jpg,6. Green mirid bug/green_mirid_bug_00827.jpg,3. Gray Blight,6. Green mirid bug,True,46,115,0.85638,False,False,False
3. Gray Blight/gray_blight_00026.jpg,4. Helopeltis/helopeltis_00279.jpg,3. Gray Blight,4. Helopeltis,True,62,132,0.78436,False,False,False
3. Gray Blight/gray_blight_00027.jpg,7. Healthy leaf/healthy_00141.jpg,3. Gray Blight,7. Healthy leaf,True,64,113,0.83198,False,False,False
3. Gray Blight/gray_blight_00028.jpg,3. Gray Blight/gray_blight_00175.jpg,3. Gray Blight,3. Gray Blight,False,54,95,0.8661,False,False,False
3. Gray Blight/gray_blight_00028.jpg,6. Green mirid bug/green_mirid_bug_00939.jpg,3. Gray Blight,6. Green mirid bug,True,62,120,0.83828,False,False,False
3. Gray Blight/gray_blight_00029.jpg,7. Healthy leaf/healthy_00099.jpg,3. Gray Blight,7. Healthy leaf,True,64,65,0.77489,False,False,False
3. Gray Blight/gray_blight_00031.jpg,7. Healthy leaf/healthy_00319.jpg,3. Gray Blight,7. Healthy leaf,True,64,111,0.83197,False,False,False
3. Gray Blight/gray_blight_00035.jpg,6. Green mirid bug/green_mirid_bug_00338.jpg,3. Gray Blight,6. Green mirid bug,True,62,92,0.85519,False,False,False
3. Gray Blight/gray_blight_00037.jpg,3. Gray Blight/gray_blight_00968.jpg,3. Gray Blight,3. Gray Blight,False,64,79,0.82127,False,False,False
3. Gray Blight/gray_blight_00039.jpg,5. Red spider/red_spider_00318.jpg,3. Gray Blight,5. Red spider,True,58,83,0.83747,False,False,False
3. Gray Blight/gray_blight_00039.jpg,5. Red spider/red_spider_00424.jpg,3. Gray Blight,5. Red spider,True,64,97,0.82862,False,False,False
3. Gray Blight/gray_blight_00047.jpg,5. Red spider/red_spider_00027.jpg,3. Gray Blight,5. Red spider,True,62,97,0.8556,False,False,False
3. Gray Blight/gray_blight_00047.jpg,6. Green mirid bug/green_mirid_bug_00255.jpg,3. Gray Blight,6. Green mirid bug,True,64,106,0.84563,False,False,False
3. Gray Blight/gray_blight_00047.jpg,6. Green mirid bug/green_mirid_bug_00740.jpg,3. Gray Blight,6. Green mirid bug,True,58,126,0.83921,False,False,False
3. Gray Blight/gray_blight_00053.jpg,3. Gray Blight/gray_blight_00528.jpg,3. Gray Blight,3. Gray Blight,False,52,96,0.83092,False,False,False
3. Gray Blight/gray_blight_00053.jpg,3. Gray Blight/gray_blight_00827.jpg,3. Gray Blight,3. Gray Blight,False,64,102,0.85988,False,False,False
3. Gray Blight/gray_blight_00053.jpg,5. Red spider/red_spider_00306.jpg,3. Gray Blight,5. Red spider,True,54,101,0.82896,False,False,False
3. Gray Blight/gray_blight_00053.jpg,6. Green mirid bug/green_mirid_bug_00797.jpg,3. Gray Blight,6. Green mirid bug,True,64,122,0.8193,False,False,False
3. Gray Blight/gray_blight_00059.jpg,3. Gray Blight/gray_blight_00823.jpg,3. Gray Blight,3. Gray Blight,False,64,111,0.78054,False,False,False
3. Gray Blight/gray_blight_00059.jpg,7. Healthy leaf/healthy_00051.jpg,3. Gray Blight,7. Healthy leaf,True,62,105,0.83132,False,False,False
3. Gray Blight/gray_blight_00060.jpg,3. Gray Blight/gray_blight_00723.jpg,3. Gray Blight,3. Gray Blight,False,62,114,0.81802,False,False,False
3. Gray Blight/gray_blight_00060.jpg,4. Helopeltis/helopeltis_00032.jpg,3. Gray Blight,4. Helopeltis,True,64,120,0.85894,False,False,False
3. Gray Blight/gray_blight_00060.jpg,5. Red spider/red_spider_00071.jpg,3. Gray Blight,5. Red spider,True,64,84,0.87651,False,False,False
3. Gray Blight/gray_blight_00060.jpg,6. Green mirid bug/green_mirid_bug_00034.jpg,3. Gray Blight,6. Green mirid bug,True,44,77,0.88559,False,False,False
3. Gray Blight/gray_blight_00060.jpg,6. Green mirid bug/green_mirid_bug_00249.jpg,3. Gray Blight,6. Green mirid bug,True,64,98,0.87633,False,False,False
3. Gray Blight/gray_blight_00060.jpg,6. Green mirid bug/green_mirid_bug_00260.jpg,3. Gray Blight,6. Green mirid bug,True,64,84,0.86947,False,False,False
3. Gray Blight/gray_blight_00060.jpg,6. Green mirid bug/green_mirid_bug_00370.jpg,3. Gray Blight,6. Green mirid bug,True,44,95,0.88729,False,False,False
3. Gray Blight/gray_blight_00060.jpg,6. Green mirid bug/green_mirid_bug_00371.jpg,3. Gray Blight,6. Green mirid bug,True,62,95,0.88564,False,False,False
3. Gray Blight/gray_blight_00060.jpg,6. Green mirid bug/green_mirid_bug_00376.jpg,3. Gray Blight,6. Green mirid bug,True,62,90,0.88975,False,False,False
3. Gray Blight/gray_blight_00060.jpg,7. Healthy leaf/healthy_00219.jpg,3. Gray Blight,7. Healthy leaf,True,40,78,0.90059,False,False,False
3. Gray Blight/gray_blight_00062.jpg,7. Healthy leaf/healthy_00707.jpg,3. Gray Blight,7. Healthy leaf,True,62,121,0.80649,False,False,False
3. Gray Blight/gray_blight_00064.jpg,4. Helopeltis/helopeltis_00381.jpg,3. Gray Blight,4. Helopeltis,True,60,86,0.86365,False,False,False
3. Gray Blight/gray_blight_00064.jpg,6. Green mirid bug/green_mirid_bug_01015.jpg,3. Gray Blight,6. Green mirid bug,True,58,94,0.8451,False,False,False
3. Gray Blight/gray_blight_00066.jpg,3. Gray Blight/gray_blight_00283.jpg,3. Gray Blight,3. Gray Blight,False,58,112,0.80502,False,False,False
3. Gray Blight/gray_blight_00066.jpg,3. Gray Blight/gray_blight_00719.jpg,3. Gray Blight,3. Gray Blight,False,46,97,0.83808,False,False,False
3. Gray Blight/gray_blight_00071.jpg,7. Healthy leaf/healthy_00136.jpg,3. Gray Blight,7. Healthy leaf,True,60,85,0.80689,False,False,False
3. Gray Blight/gray_blight_00078.jpg,5. Red spider/red_spider_00144.jpg,3. Gray Blight,5. Red spider,True,62,101,0.80538,False,False,False
3. Gray Blight/gray_blight_00078.jpg,6. Green mirid bug/green_mirid_bug_00414.jpg,3. Gray Blight,6. Green mirid bug,True,60,77,0.825,False,False,False
3. Gray Blight/gray_blight_00079.jpg,4. Helopeltis/helopeltis_00343.jpg,3. Gray Blight,4. Helopeltis,True,60,88,0.81462,False,False,False
3. Gray Blight/gray_blight_00079.jpg,5. Red spider/red_spider_00192.jpg,3. Gray Blight,5. Red spider,True,64,118,0.79398,False,False,False
3. Gray Blight/gray_blight_00079.jpg,7. Healthy leaf/healthy_00389.jpg,3. Gray Blight,7. Healthy leaf,True,60,103,0.71943,False,False,False
3. Gray Blight/gray_blight_00080.jpg,3. Gray Blight/gray_blight_00946.jpg,3. Gray Blight,3. Gray Blight,False,56,124,0.82302,False,False,False
3. Gray Blight/gray_blight_00080.jpg,5. Red spider/red_spider_00249.jpg,3. Gray Blight,5. Red spider,True,64,102,0.83968,False,False,False
3. Gray Blight/gray_blight_00080.jpg,6. Green mirid bug/green_mirid_bug_00252.jpg,3. Gray Blight,6. Green mirid bug,True,60,87,0.81164,False,False,False
3. Gray Blight/gray_blight_00086.jpg,7. Healthy leaf/healthy_00116.jpg,3. Gray Blight,7. Healthy leaf,True,64,98,0.79093,False,False,False
3. Gray Blight/gray_blight_00087.jpg,7. Healthy leaf/healthy_00064.jpg,3. Gray Blight,7. Healthy leaf,True,58,90,0.85215,False,False,False
3. Gray Blight/gray_blight_00088.jpg,6. Green mirid bug/green_mirid_bug_00126.jpg,3. Gray Blight,6. Green mirid bug,True,60,91,0.84217,False,False,False
3. Gray Blight/gray_blight_00095.jpg,4. Helopeltis/helopeltis_00600.jpg,3. Gray Blight,4. Helopeltis,True,64,120,0.80406,False,False,False
3. Gray Blight/gray_blight_00097.jpg,7. Healthy leaf/healthy_00182.jpg,3. Gray Blight,7. Healthy leaf,True,62,124,0.82687,False,False,False
3. Gray Blight/gray_blight_00105.jpg,6. Green mirid bug/green_mirid_bug_01148.jpg,3. Gray Blight,6. Green mirid bug,True,58,110,0.80765,False,False,False
3. Gray Blight/gray_blight_00106.jpg,3. Gray Blight/gray_blight_00588.jpg,3. Gray Blight,3. Gray Blight,False,62,99,0.79767,False,False,False
3. Gray Blight/gray_blight_00107.jpg,3. Gray Blight/gray_blight_00114.jpg,3. Gray Blight,3. Gray Blight,False,64,53,0.83044,False,False,False
3. Gray Blight/gray_blight_00107.jpg,6. Green mirid bug/green_mirid_bug_00919.jpg,3. Gray Blight,6. Green mirid bug,True,62,127,0.80855,False,False,False
3. Gray Blight/gray_blight_00107.jpg,7. Healthy leaf/healthy_00070.jpg,3. Gray Blight,7. Healthy leaf,True,56,91,0.82906,False,False,False
3. Gray Blight/gray_blight_00107.jpg,7. Healthy leaf/healthy_00121.jpg,3. Gray Blight,7. Healthy leaf,True,60,93,0.81353,False,False,False
3. Gray Blight/gray_blight_00110.jpg,7. Healthy leaf/healthy_00139.jpg,3. Gray Blight,7. Healthy leaf,True,62,90,0.78915,False,False,False
3. Gray Blight/gray_blight_00112.jpg,5. Red spider/red_spider_00314.jpg,3. Gray Blight,5. Red spider,True,60,111,0.84777,False,False,False
3. Gray Blight/gray_blight_00112.jpg,5. Red spider/red_spider_00450.jpg,3. Gray Blight,5. Red spider,True,56,131,0.8554,False,False,False
3. Gray Blight/gray_blight_00113.jpg,6. Green mirid bug/green_mirid_bug_01149.jpg,3. Gray Blight,6. Green mirid bug,True,60,123,0.76091,False,False,False
3. Gray Blight/gray_blight_00115.jpg,7. Healthy leaf/healthy_00286.jpg,3. Gray Blight,7. Healthy leaf,True,56,115,0.79625,False,False,False
3. Gray Blight/gray_blight_00117.jpg,7. Healthy leaf/healthy_00234.jpg,3. Gray Blight,7. Healthy leaf,True,58,98,0.78639,False,False,False
3. Gray Blight/gray_blight_00118.jpg,3. Gray Blight/gray_blight_00366.jpg,3. Gray Blight,3. Gray Blight,False,64,109,0.78962,False,False,False
3. Gray Blight/gray_blight_00121.jpg,4. Helopeltis/helopeltis_00200.jpg,3. Gray Blight,4. Helopeltis,True,60,119,0.797,False,False,False
3. Gray Blight/gray_blight_00121.jpg,5. Red spider/red_spider_00230.jpg,3. Gray Blight,5. Red spider,True,46,117,0.64855,False,False,False
3. Gray Blight/gray_blight_00121.jpg,6. Green mirid bug/green_mirid_bug_00414.jpg,3. Gray Blight,6. Green mirid bug,True,64,82,0.83588,False,False,False
3. Gray Blight/gray_blight_00121.jpg,7. Healthy leaf/healthy_00134.jpg,3. Gray Blight,7. Healthy leaf,True,62,94,0.81918,False,False,False
3. Gray Blight/gray_blight_00121.jpg,7. Healthy leaf/healthy_00390.jpg,3. Gray Blight,7. Healthy leaf,True,62,123,0.70029,False,False,False
3. Gray Blight/gray_blight_00121.jpg,7. Healthy leaf/healthy_00858.jpg,3. Gray Blight,7. Healthy leaf,True,54,127,0.81646,False,False,False
3. Gray Blight/gray_blight_00124.jpg,6. Green mirid bug/green_mirid_bug_01262.jpg,3. Gray Blight,6. Green mirid bug,True,62,130,0.76216,False,False,False
3. Gray Blight/gray_blight_00126.jpg,6. Green mirid bug/green_mirid_bug_00923.jpg,3. Gray Blight,6. Green mirid bug,True,54,102,0.79451,False,False,False
3. Gray Blight/gray_blight_00128.jpg,5. Red spider/red_spider_00433.jpg,3. Gray Blight,5. Red spider,True,64,100,0.77719,False,False,False
3. Gray Blight/gray_blight_00131.jpg,6. Green mirid bug/green_mirid_bug_00510.jpg,3. Gray Blight,6. Green mirid bug,True,64,103,0.82567,False,False,False
3. Gray Blight/gray_blight_00132.jpg,3. Gray Blight/gray_blight_00958.jpg,3. Gray Blight,3. Gray Blight,False,58,122,0.82989,False,False,False
3. Gray Blight/gray_blight_00132.jpg,5. Red spider/red_spider_00117.jpg,3. Gray Blight,5. Red spider,True,58,113,0.77926,False,False,False
3. Gray Blight/gray_blight_00132.jpg,7. Healthy leaf/healthy_00506.jpg,3. Gray Blight,7. Healthy leaf,True,64,96,0.83399,False,False,False
3. Gray Blight/gray_blight_00134.jpg,6. Green mirid bug/green_mirid_bug_00100.jpg,3. Gray Blight,6. Green mirid bug,True,64,108,0.84575,False,False,False
3. Gray Blight/gray_blight_00134.jpg,7. Healthy leaf/healthy_00127.jpg,3. Gray Blight,7. Healthy leaf,True,64,109,0.84282,False,False,False
3. Gray Blight/gray_blight_00134.jpg,7. Healthy leaf/healthy_00129.jpg,3. Gray Blight,7. Healthy leaf,True,58,79,0.85745,False,False,False
3. Gray Blight/gray_blight_00139.jpg,3. Gray Blight/gray_blight_00187.jpg,3. Gray Blight,3. Gray Blight,False,62,90,0.87095,False,False,False
3. Gray Blight/gray_blight_00139.jpg,3. Gray Blight/gray_blight_00944.jpg,3. Gray Blight,3. Gray Blight,False,64,126,0.86322,False,False,False
3. Gray Blight/gray_blight_00139.jpg,4. Helopeltis/helopeltis_00199.jpg,3. Gray Blight,4. Helopeltis,True,62,131,0.84826,False,False,False
3. Gray Blight/gray_blight_00139.jpg,4. Helopeltis/helopeltis_00388.jpg,3. Gray Blight,4. Helopeltis,True,60,138,0.86195,False,False,False
3. Gray Blight/gray_blight_00139.jpg,4. Helopeltis/helopeltis_00399.jpg,3. Gray Blight,4. Helopeltis,True,62,124,0.86672,False,False,False
3. Gray Blight/gray_blight_00139.jpg,4. Helopeltis/helopeltis_00407.jpg,3. Gray Blight,4. Helopeltis,True,64,130,0.86602,False,False,False
3. Gray Blight/gray_blight_00139.jpg,4. Helopeltis/helopeltis_00488.jpg,3. Gray Blight,4. Helopeltis,True,62,122,0.84729,False,False,False
3. Gray Blight/gray_blight_00139.jpg,4. Helopeltis/helopeltis_00547.jpg,3. Gray Blight,4. Helopeltis,True,62,126,0.85963,False,False,False
3. Gray Blight/gray_blight_00139.jpg,4. Helopeltis/helopeltis_00548.jpg,3. Gray Blight,4. Helopeltis,True,62,130,0.85951,False,False,False
3. Gray Blight/gray_blight_00139.jpg,4. Helopeltis/helopeltis_00558.jpg,3. Gray Blight,4. Helopeltis,True,58,124,0.86484,False,False,False
3. Gray Blight/gray_blight_00139.jpg,5. Red spider/red_spider_00034.jpg,3. Gray Blight,5. Red spider,True,62,96,0.87498,False,False,False
3. Gray Blight/gray_blight_00139.jpg,5. Red spider/red_spider_00050.jpg,3. Gray Blight,5. Red spider,True,58,102,0.85108,False,False,False
3. Gray Blight/gray_blight_00139.jpg,5. Red spider/red_spider_00476.jpg,3. Gray Blight,5. Red spider,True,60,130,0.86847,False,False,False
3. Gray Blight/gray_blight_00139.jpg,5. Red spider/red_spider_00490.jpg,3. Gray Blight,5. Red spider,True,64,124,0.84859,False,False,False
3. Gray Blight/gray_blight_00139.jpg,6. Green mirid bug/green_mirid_bug_00162.jpg,3. Gray Blight,6. Green mirid bug,True,62,91,0.873,False,False,False
3. Gray Blight/gray_blight_00139.jpg,6. Green mirid bug/green_mirid_bug_00446.jpg,3. Gray Blight,6. Green mirid bug,True,62,85,0.87397,False,False,False
3. Gray Blight/gray_blight_00139.jpg,6. Green mirid bug/green_mirid_bug_00593.jpg,3. Gray Blight,6. Green mirid bug,True,62,129,0.86727,False,False,False
3. Gray Blight/gray_blight_00139.jpg,7. Healthy leaf/healthy_00930.jpg,3. Gray Blight,7. Healthy leaf,True,46,120,0.88052,False,False,False
3. Gray Blight/gray_blight_00140.jpg,4. Helopeltis/helopeltis_00397.jpg,3. Gray Blight,4. Helopeltis,True,62,130,0.87766,False,False,False
3. Gray Blight/gray_blight_00140.jpg,5. Red spider/red_spider_00463.jpg,3. Gray Blight,5. Red spider,True,64,129,0.86945,False,False,False
3. Gray Blight/gray_blight_00140.jpg,7. Healthy leaf/healthy_00247.jpg,3. Gray Blight,7. Healthy leaf,True,58,105,0.88163,False,False,False
3. Gray Blight/gray_blight_00140.jpg,7. Healthy leaf/healthy_00280.jpg,3. Gray Blight,7. Healthy leaf,True,56,101,0.88177,False,False,False
3. Gray Blight/gray_blight_00143.jpg,5. Red spider/red_spider_00045.jpg,3. Gray Blight,5. Red spider,True,60,96,0.76873,False,False,False
3. Gray Blight/gray_blight_00147.jpg,3. Gray Blight/gray_blight_00148.jpg,3. Gray Blight,3. Gray Blight,False,56,57,0.90994,False,False,False
3. Gray Blight/gray_blight_00147.jpg,3. Gray Blight/gray_blight_00946.jpg,3. Gray Blight,3. Gray Blight,False,58,115,0.88728,False,False,False
3. Gray Blight/gray_blight_00147.jpg,6. Green mirid bug/green_mirid_bug_00368.jpg,3. Gray Blight,6. Green mirid bug,True,64,84,0.89352,False,False,False
3. Gray Blight/gray_blight_00148.jpg,3. Gray Blight/gray_blight_00739.jpg,3. Gray Blight,3. Gray Blight,False,64,94,0.87351,False,False,False
3. Gray Blight/gray_blight_00148.jpg,3. Gray Blight/gray_blight_00946.jpg,3. Gray Blight,3. Gray Blight,False,42,122,0.89627,False,False,False
3. Gray Blight/gray_blight_00148.jpg,4. Helopeltis/helopeltis_00024.jpg,3. Gray Blight,4. Helopeltis,True,62,57,0.88963,False,False,False
3. Gray Blight/gray_blight_00148.jpg,4. Helopeltis/helopeltis_00131.jpg,3. Gray Blight,4. Helopeltis,True,64,122,0.90202,False,False,False
3. Gray Blight/gray_blight_00148.jpg,4. Helopeltis/helopeltis_00360.jpg,3. Gray Blight,4. Helopeltis,True,56,100,0.89862,False,False,False
3. Gray Blight/gray_blight_00148.jpg,4. Helopeltis/helopeltis_00605.jpg,3. Gray Blight,4. Helopeltis,True,64,113,0.88987,False,False,False
3. Gray Blight/gray_blight_00148.jpg,5. Red spider/red_spider_00065.jpg,3. Gray Blight,5. Red spider,True,56,93,0.89291,False,False,False
3. Gray Blight/gray_blight_00148.jpg,5. Red spider/red_spider_00249.jpg,3. Gray Blight,5. Red spider,True,60,114,0.8841,False,False,False
3. Gray Blight/gray_blight_00148.jpg,6. Green mirid bug/green_mirid_bug_00147.jpg,3. Gray Blight,6. Green mirid bug,True,64,88,0.89273,False,False,False
3. Gray Blight/gray_blight_00148.jpg,6. Green mirid bug/green_mirid_bug_00218.jpg,3. Gray Blight,6. Green mirid bug,True,58,97,0.90517,False,False,False
3. Gray Blight/gray_blight_00148.jpg,6. Green mirid bug/green_mirid_bug_00368.jpg,3. Gray Blight,6. Green mirid bug,True,56,95,0.89265,False,False,False
3. Gray Blight/gray_blight_00148.jpg,7. Healthy leaf/healthy_00219.jpg,3. Gray Blight,7. Healthy leaf,True,60,101,0.90038,False,False,False
3. Gray Blight/gray_blight_00148.jpg,7. Healthy leaf/healthy_00782.jpg,3. Gray Blight,7. Healthy leaf,True,62,128,0.89111,False,False,False
3. Gray Blight/gray_blight_00148.jpg,7. Healthy leaf/healthy_00933.jpg,3. Gray Blight,7. Healthy leaf,True,60,96,0.88746,False,False,False
3. Gray Blight/gray_blight_00150.jpg,7. Healthy leaf/healthy_00326.jpg,3. Gray Blight,7. Healthy leaf,True,54,109,0.86711,False,False,False
3. Gray Blight/gray_blight_00153.jpg,3. Gray Blight/gray_blight_00550.jpg,3. Gray Blight,3. Gray Blight,False,60,83,0.72918,False,False,False
3. Gray Blight/gray_blight_00157.jpg,5. Red spider/red_spider_00293.jpg,3. Gray Blight,5. Red spider,True,64,101,0.85218,False,False,False
3. Gray Blight/gray_blight_00157.jpg,6. Green mirid bug/green_mirid_bug_00245.jpg,3. Gray Blight,6. Green mirid bug,True,58,72,0.85292,False,False,False
3. Gray Blight/gray_blight_00159.jpg,3. Gray Blight/gray_blight_00166.jpg,3. Gray Blight,3. Gray Blight,False,54,112,0.80191,False,False,False
3. Gray Blight/gray_blight_00159.jpg,5. Red spider/red_spider_00043.jpg,3. Gray Blight,5. Red spider,True,50,95,0.80702,False,False,False
3. Gray Blight/gray_blight_00160.jpg,5. Red spider/red_spider_00143.jpg,3. Gray Blight,5. Red spider,True,60,114,0.74227,False,False,False
3. Gray Blight/gray_blight_00160.jpg,6. Green mirid bug/green_mirid_bug_00307.jpg,3. Gray Blight,6. Green mirid bug,True,56,65,0.80742,False,False,False
3. Gray Blight/gray_blight_00160.jpg,7. Healthy leaf/healthy_00341.jpg,3. Gray Blight,7. Healthy leaf,True,56,68,0.79383,False,False,False
3. Gray Blight/gray_blight_00163.jpg,6. Green mirid bug/green_mirid_bug_00306.jpg,3. Gray Blight,6. Green mirid bug,True,64,78,0.77728,False,False,False
3. Gray Blight/gray_blight_00165.jpg,7. Healthy leaf/healthy_00244.jpg,3. Gray Blight,7. Healthy leaf,True,60,78,0.80161,False,False,False
3. Gray Blight/gray_blight_00166.jpg,5. Red spider/red_spider_00043.jpg,3. Gray Blight,5. Red spider,True,64,93,0.78745,False,False,False
3. Gray Blight/gray_blight_00169.jpg,6. Green mirid bug/green_mirid_bug_00232.jpg,3. Gray Blight,6. Green mirid bug,True,64,75,0.89461,False,False,False
3. Gray Blight/gray_blight_00169.jpg,6. Green mirid bug/green_mirid_bug_00344.jpg,3. Gray Blight,6. Green mirid bug,True,46,63,0.90737,False,False,False
3. Gray Blight/gray_blight_00170.jpg,7. Healthy leaf/healthy_00212.jpg,3. Gray Blight,7. Healthy leaf,True,58,142,0.89976,False,False,False
3. Gray Blight/gray_blight_00171.jpg,4. Helopeltis/helopeltis_00298.jpg,3. Gray Blight,4. Helopeltis,True,62,115,0.86642,False,False,False
3. Gray Blight/gray_blight_00171.jpg,5. Red spider/red_spider_00457.jpg,3. Gray Blight,5. Red spider,True,60,85,0.83882,False,False,False
3. Gray Blight/gray_blight_00171.jpg,6. Green mirid bug/green_mirid_bug_00319.jpg,3. Gray Blight,6. Green mirid bug,True,62,55,0.91214,False,False,False
3. Gray Blight/gray_blight_00172.jpg,6. Green mirid bug/green_mirid_bug_00192.jpg,3. Gray Blight,6. Green mirid bug,True,64,128,0.87782,False,False,False
3. Gray Blight/gray_blight_00172.jpg,6. Green mirid bug/green_mirid_bug_00310.jpg,3. Gray Blight,6. Green mirid bug,True,52,62,0.85826,False,False,False
3. Gray Blight/gray_blight_00175.jpg,6. Green mirid bug/green_mirid_bug_00216.jpg,3. Gray Blight,6. Green mirid bug,True,56,47,0.89227,False,False,False
3. Gray Blight/gray_blight_00175.jpg,6. Green mirid bug/green_mirid_bug_00314.jpg,3. Gray Blight,6. Green mirid bug,True,60,56,0.87483,False,False,False
3. Gray Blight/gray_blight_00175.jpg,6. Green mirid bug/green_mirid_bug_00416.jpg,3. Gray Blight,6. Green mirid bug,True,64,58,0.86763,False,False,False
3. Gray Blight/gray_blight_00176.jpg,6. Green mirid bug/green_mirid_bug_00137.jpg,3. Gray Blight,6. Green mirid bug,True,64,49,0.88354,False,False,False
3. Gray Blight/gray_blight_00176.jpg,6. Green mirid bug/green_mirid_bug_00286.jpg,3. Gray Blight,6. Green mirid bug,True,54,57,0.87301,False,False,False
3. Gray Blight/gray_blight_00176.jpg,7. Healthy leaf/healthy_00627.jpg,3. Gray Blight,7. Healthy leaf,True,64,80,0.85957,False,False,False
3. Gray Blight/gray_blight_00179.jpg,3. Gray Blight/gray_blight_00385.jpg,3. Gray Blight,3. Gray Blight,False,60,110,0.86522,False,False,False
3. Gray Blight/gray_blight_00179.jpg,3. Gray Blight/gray_blight_00433.jpg,3. Gray Blight,3. Gray Blight,False,64,115,0.85476,False,False,False
3. Gray Blight/gray_blight_00179.jpg,5. Red spider/red_spider_00068.jpg,3. Gray Blight,5. Red spider,True,56,62,0.89819,False,False,False
3. Gray Blight/gray_blight_00179.jpg,5. Red spider/red_spider_00069.jpg,3. Gray Blight,5. Red spider,True,58,80,0.89047,False,False,False
3. Gray Blight/gray_blight_00179.jpg,6. Green mirid bug/green_mirid_bug_00128.jpg,3. Gray Blight,6. Green mirid bug,True,62,46,0.87879,False,False,False
3. Gray Blight/gray_blight_00179.jpg,6. Green mirid bug/green_mirid_bug_00273.jpg,3. Gray Blight,6. Green mirid bug,True,50,43,0.89296,False,False,False
3. Gray Blight/gray_blight_00179.jpg,6. Green mirid bug/green_mirid_bug_00297.jpg,3. Gray Blight,6. Green mirid bug,True,64,49,0.88376,False,False,False
3. Gray Blight/gray_blight_00179.jpg,7. Healthy leaf/healthy_00213.jpg,3. Gray Blight,7. Healthy leaf,True,50,46,0.89642,False,False,False
3. Gray Blight/gray_blight_00179.jpg,7. Healthy leaf/healthy_00260.jpg,3. Gray Blight,7. Healthy leaf,True,64,66,0.86723,False,False,False
3. Gray Blight/gray_blight_00179.jpg,7. Healthy leaf/healthy_00933.jpg,3. Gray Blight,7. Healthy leaf,True,56,130,0.87724,False,False,False
3. Gray Blight/gray_blight_00180.jpg,6. Green mirid bug/green_mirid_bug_00031.jpg,3. Gray Blight,6. Green mirid bug,True,62,67,0.896,False,False,False
3. Gray Blight/gray_blight_00180.jpg,6. Green mirid bug/green_mirid_bug_00286.jpg,3. Gray Blight,6. Green mirid bug,True,64,68,0.8988,False,False,False
3. Gray Blight/gray_blight_00181.jpg,4. Helopeltis/helopeltis_00172.jpg,3. Gray Blight,4. Helopeltis,True,58,90,0.87673,False,False,False
3. Gray Blight/gray_blight_00183.jpg,3. Gray Blight/gray_blight_00199.jpg,3. Gray Blight,3. Gray Blight,False,52,54,0.94037,False,False,False
3. Gray Blight/gray_blight_00183.jpg,4. Helopeltis/helopeltis_00064.jpg,3. Gray Blight,4. Helopeltis,True,44,58,0.93513,False,False,False
3. Gray Blight/gray_blight_00183.jpg,4. Helopeltis/helopeltis_00070.jpg,3. Gray Blight,4. Helopeltis,True,62,62,0.92156,False,False,False
3. Gray Blight/gray_blight_00183.jpg,4. Helopeltis/helopeltis_00107.jpg,3. Gray Blight,4. Helopeltis,True,54,59,0.94004,False,False,False
3. Gray Blight/gray_blight_00183.jpg,6. Green mirid bug/green_mirid_bug_00069.jpg,3. Gray Blight,6. Green mirid bug,True,50,68,0.9348,False,False,False
3. Gray Blight/gray_blight_00183.jpg,6. Green mirid bug/green_mirid_bug_00323.jpg,3. Gray Blight,6. Green mirid bug,True,56,54,0.92838,False,False,False
3. Gray Blight/gray_blight_00183.jpg,6. Green mirid bug/green_mirid_bug_00456.jpg,3. Gray Blight,6. Green mirid bug,True,64,69,0.93547,False,False,False
3. Gray Blight/gray_blight_00183.jpg,6. Green mirid bug/green_mirid_bug_00463.jpg,3. Gray Blight,6. Green mirid bug,True,48,63,0.93155,False,False,False
3. Gray Blight/gray_blight_00183.jpg,7. Healthy leaf/healthy_00284.jpg,3. Gray Blight,7. Healthy leaf,True,60,53,0.94103,False,False,False
3. Gray Blight/gray_blight_00184.jpg,6. Green mirid bug/green_mirid_bug_00087.jpg,3. Gray Blight,6. Green mirid bug,True,62,88,0.927,False,False,False
3. Gray Blight/gray_blight_00185.jpg,4. Helopeltis/helopeltis_00035.jpg,3. Gray Blight,4. Helopeltis,True,64,82,0.89312,False,False,False
3. Gray Blight/gray_blight_00185.jpg,4. Helopeltis/helopeltis_00112.jpg,3. Gray Blight,4. Helopeltis,True,58,50,0.91087,False,False,False
3. Gray Blight/gray_blight_00185.jpg,4. Helopeltis/helopeltis_00389.jpg,3. Gray Blight,4. Helopeltis,True,54,108,0.91179,False,False,False
3. Gray Blight/gray_blight_00185.jpg,4. Helopeltis/helopeltis_00450.jpg,3. Gray Blight,4. Helopeltis,True,52,100,0.89844,False,False,False
3. Gray Blight/gray_blight_00185.jpg,6. Green mirid bug/green_mirid_bug_00136.jpg,3. Gray Blight,6. Green mirid bug,True,52,46,0.90511,False,True,False
3. Gray Blight/gray_blight_00185.jpg,6. Green mirid bug/green_mirid_bug_00250.jpg,3. Gray Blight,6. Green mirid bug,True,56,53,0.90645,False,False,False
3. Gray Blight/gray_blight_00185.jpg,6. Green mirid bug/green_mirid_bug_00409.jpg,3. Gray Blight,6. Green mirid bug,True,64,58,0.90753,False,False,False
3. Gray Blight/gray_blight_00185.jpg,6. Green mirid bug/green_mirid_bug_00447.jpg,3. Gray Blight,6. Green mirid bug,True,48,46,0.91678,False,True,False
3. Gray Blight/gray_blight_00186.jpg,4. Helopeltis/helopeltis_00050.jpg,3. Gray Blight,4. Helopeltis,True,60,68,0.91695,False,False,False
3. Gray Blight/gray_blight_00186.jpg,6. Green mirid bug/green_mirid_bug_00093.jpg,3. Gray Blight,6. Green mirid bug,True,62,72,0.90208,False,False,False
3. Gray Blight/gray_blight_00187.jpg,4. Helopeltis/helopeltis_00075.jpg,3. Gray Blight,4. Helopeltis,True,64,52,0.92233,False,False,False
3. Gray Blight/gray_blight_00187.jpg,4. Helopeltis/helopeltis_00488.jpg,3. Gray Blight,4. Helopeltis,True,56,94,0.87937,False,False,False
3. Gray Blight/gray_blight_00187.jpg,5. Red spider/red_spider_00072.jpg,3. Gray Blight,5. Red spider,True,62,68,0.92308,False,False,False
3. Gray Blight/gray_blight_00187.jpg,6. Green mirid bug/green_mirid_bug_00162.jpg,3. Gray Blight,6. Green mirid bug,True,54,59,0.91699,False,False,False
3. Gray Blight/gray_blight_00187.jpg,6. Green mirid bug/green_mirid_bug_00450.jpg,3. Gray Blight,6. Green mirid bug,True,62,53,0.91197,False,False,False
3. Gray Blight/gray_blight_00187.jpg,6. Green mirid bug/green_mirid_bug_00452.jpg,3. Gray Blight,6. Green mirid bug,True,60,53,0.9149,False,False,False
3. Gray Blight/gray_blight_00187.jpg,7. Healthy leaf/healthy_00283.jpg,3. Gray Blight,7. Healthy leaf,True,64,62,0.92071,False,False,False
3. Gray Blight/gray_blight_00188.jpg,5. Red spider/red_spider_00513.jpg,3. Gray Blight,5. Red spider,True,60,124,0.89341,False,False,False
3. Gray Blight/gray_blight_00188.jpg,6. Green mirid bug/green_mirid_bug_00068.jpg,3. Gray Blight,6. Green mirid bug,True,64,65,0.88744,False,False,False
3. Gray Blight/gray_blight_00188.jpg,6. Green mirid bug/green_mirid_bug_00216.jpg,3. Gray Blight,6. Green mirid bug,True,60,64,0.89946,False,False,False
3. Gray Blight/gray_blight_00188.jpg,6. Green mirid bug/green_mirid_bug_00363.jpg,3. Gray Blight,6. Green mirid bug,True,64,58,0.89799,False,False,False
3. Gray Blight/gray_blight_00188.jpg,6. Green mirid bug/green_mirid_bug_01217.jpg,3. Gray Blight,6. Green mirid bug,True,62,121,0.87512,False,False,False
3. Gray Blight/gray_blight_00188.jpg,7. Healthy leaf/healthy_00251.jpg,3. Gray Blight,7. Healthy leaf,True,62,54,0.93005,False,False,False
3. Gray Blight/gray_blight_00191.jpg,4. Helopeltis/helopeltis_00417.jpg,3. Gray Blight,4. Helopeltis,True,62,119,0.89131,False,False,False
3. Gray Blight/gray_blight_00191.jpg,5. Red spider/red_spider_00071.jpg,3. Gray Blight,5. Red spider,True,62,58,0.89662,False,False,False
3. Gray Blight/gray_blight_00191.jpg,6. Green mirid bug/green_mirid_bug_00261.jpg,3. Gray Blight,6. Green mirid bug,True,60,65,0.90315,False,False,False
3. Gray Blight/gray_blight_00191.jpg,7. Healthy leaf/healthy_00045.jpg,3. Gray Blight,7. Healthy leaf,True,62,87,0.88714,False,False,False
3. Gray Blight/gray_blight_00191.jpg,7. Healthy leaf/healthy_00129.jpg,3. Gray Blight,7. Healthy leaf,True,64,94,0.87546,False,False,False
3. Gray Blight/gray_blight_00191.jpg,7. Healthy leaf/healthy_00163.jpg,3. Gray Blight,7. Healthy leaf,True,64,91,0.86055,False,False,False
3. Gray Blight/gray_blight_00191.jpg,7. Healthy leaf/healthy_00211.jpg,3. Gray Blight,7. Healthy leaf,True,54,56,0.90578,False,False,False
3. Gray Blight/gray_blight_00191.jpg,7. Healthy leaf/healthy_00258.jpg,3. Gray Blight,7. Healthy leaf,True,52,58,0.91497,False,False,False
3. Gray Blight/gray_blight_00192.jpg,5. Red spider/red_spider_00506.jpg,3. Gray Blight,5. Red spider,True,60,89,0.86551,False,False,False
3. Gray Blight/gray_blight_00192.jpg,6. Green mirid bug/green_mirid_bug_00314.jpg,3. Gray Blight,6. Green mirid bug,True,64,66,0.88081,False,False,False
3. Gray Blight/gray_blight_00192.jpg,6. Green mirid bug/green_mirid_bug_00513.jpg,3. Gray Blight,6. Green mirid bug,True,64,88,0.85647,False,False,False
3. Gray Blight/gray_blight_00192.jpg,6. Green mirid bug/green_mirid_bug_00518.jpg,3. Gray Blight,6. Green mirid bug,True,62,88,0.85825,False,False,False
3. Gray Blight/gray_blight_00192.jpg,6. Green mirid bug/green_mirid_bug_00779.jpg,3. Gray Blight,6. Green mirid bug,True,62,106,0.86798,False,False,False
3. Gray Blight/gray_blight_00192.jpg,7. Healthy leaf/healthy_00065.jpg,3. Gray Blight,7. Healthy leaf,True,58,90,0.87483,False,False,False
3. Gray Blight/gray_blight_00194.jpg,5. Red spider/red_spider_00058.jpg,3. Gray Blight,5. Red spider,True,60,71,0.85946,False,False,False
3. Gray Blight/gray_blight_00194.jpg,6. Green mirid bug/green_mirid_bug_00531.jpg,3. Gray Blight,6. Green mirid bug,True,64,85,0.86971,False,False,False
3. Gray Blight/gray_blight_00195.jpg,4. Helopeltis/helopeltis_00196.jpg,3. Gray Blight,4. Helopeltis,True,62,116,0.85096,False,False,False
3. Gray Blight/gray_blight_00195.jpg,6. Green mirid bug/green_mirid_bug_00271.jpg,3. Gray Blight,6. Green mirid bug,True,62,49,0.90229,False,False,False
3. Gray Blight/gray_blight_00196.jpg,6. Green mirid bug/green_mirid_bug_00164.jpg,3. Gray Blight,6. Green mirid bug,True,62,50,0.91249,False,False,False
3. Gray Blight/gray_blight_00196.jpg,7. Healthy leaf/healthy_00199.jpg,3. Gray Blight,7. Healthy leaf,True,44,57,0.93281,False,False,False
3. Gray Blight/gray_blight_00196.jpg,7. Healthy leaf/healthy_00201.jpg,3. Gray Blight,7. Healthy leaf,True,64,72,0.91915,False,False,False
3. Gray Blight/gray_blight_00196.jpg,7. Healthy leaf/healthy_00266.jpg,3. Gray Blight,7. Healthy leaf,True,50,59,0.93258,False,False,False
3. Gray Blight/gray_blight_00197.jpg,4. Helopeltis/helopeltis_00043.jpg,3. Gray Blight,4. Helopeltis,True,56,55,0.92671,False,False,False
3. Gray Blight/gray_blight_00197.jpg,6. Green mirid bug/green_mirid_bug_00392.jpg,3. Gray Blight,6. Green mirid bug,True,48,59,0.93527,False,False,False
3. Gray Blight/gray_blight_00198.jpg,3. Gray Blight/gray_blight_00433.jpg,3. Gray Blight,3. Gray Blight,False,64,99,0.85481,False,False,False
3. Gray Blight/gray_blight_00198.jpg,5. Red spider/red_spider_00071.jpg,3. Gray Blight,5. Red spider,True,62,65,0.90061,False,False,False
3. Gray Blight/gray_blight_00198.jpg,6. Green mirid bug/green_mirid_bug_00032.jpg,3. Gray Blight,6. Green mirid bug,True,46,56,0.88576,False,False,False
3. Gray Blight/gray_blight_00198.jpg,6. Green mirid bug/green_mirid_bug_00077.jpg,3. Gray Blight,6. Green mirid bug,True,58,54,0.89839,False,False,False
3. Gray Blight/gray_blight_00198.jpg,6. Green mirid bug/green_mirid_bug_00079.jpg,3. Gray Blight,6. Green mirid bug,True,64,54,0.90998,False,False,False
3. Gray Blight/gray_blight_00198.jpg,6. Green mirid bug/green_mirid_bug_00376.jpg,3. Gray Blight,6. Green mirid bug,True,62,57,0.90573,False,False,False
3. Gray Blight/gray_blight_00198.jpg,6. Green mirid bug/green_mirid_bug_00407.jpg,3. Gray Blight,6. Green mirid bug,True,46,47,0.92487,False,True,False
3. Gray Blight/gray_blight_00198.jpg,6. Green mirid bug/green_mirid_bug_00421.jpg,3. Gray Blight,6. Green mirid bug,True,60,67,0.9012,False,False,False
3. Gray Blight/gray_blight_00199.jpg,3. Gray Blight/gray_blight_00200.jpg,3. Gray Blight,3. Gray Blight,False,64,44,0.92488,False,True,False
3. Gray Blight/gray_blight_00199.jpg,4. Helopeltis/helopeltis_00064.jpg,3. Gray Blight,4. Helopeltis,True,64,62,0.92949,False,False,False
3. Gray Blight/gray_blight_00199.jpg,4. Helopeltis/helopeltis_00101.jpg,3. Gray Blight,4. Helopeltis,True,52,55,0.93455,False,False,False
3. Gray Blight/gray_blight_00199.jpg,4. Helopeltis/helopeltis_00107.jpg,3. Gray Blight,4. Helopeltis,True,58,61,0.93735,False,False,False
3. Gray Blight/gray_blight_00199.jpg,6. Green mirid bug/green_mirid_bug_00069.jpg,3. Gray Blight,6. Green mirid bug,True,60,60,0.93198,False,False,False
3. Gray Blight/gray_blight_00199.jpg,6. Green mirid bug/green_mirid_bug_00436.jpg,3. Gray Blight,6. Green mirid bug,True,48,79,0.94047,False,False,False
3. Gray Blight/gray_blight_00199.jpg,6. Green mirid bug/green_mirid_bug_00437.jpg,3. Gray Blight,6. Green mirid bug,True,64,88,0.93309,False,False,False
3. Gray Blight/gray_blight_00199.jpg,6. Green mirid bug/green_mirid_bug_00456.jpg,3. Gray Blight,6. Green mirid bug,True,64,61,0.93883,False,False,False
3. Gray Blight/gray_blight_00199.jpg,6. Green mirid bug/green_mirid_bug_00459.jpg,3. Gray Blight,6. Green mirid bug,True,62,56,0.92744,False,False,False
3. Gray Blight/gray_blight_00199.jpg,7. Healthy leaf/healthy_00198.jpg,3. Gray Blight,7. Healthy leaf,True,58,67,0.93889,False,False,False
3. Gray Blight/gray_blight_00200.jpg,4. Helopeltis/helopeltis_00061.jpg,3. Gray Blight,4. Helopeltis,True,64,58,0.9169,False,False,False
3. Gray Blight/gray_blight_00200.jpg,4. Helopeltis/helopeltis_00104.jpg,3. Gray Blight,4. Helopeltis,True,64,67,0.92631,False,False,False
3. Gray Blight/gray_blight_00200.jpg,6. Green mirid bug/green_mirid_bug_00381.jpg,3. Gray Blight,6. Green mirid bug,True,62,64,0.9294,False,False,False
3. Gray Blight/gray_blight_00200.jpg,6. Green mirid bug/green_mirid_bug_00410.jpg,3. Gray Blight,6. Green mirid bug,True,64,83,0.91496,False,False,False
3. Gray Blight/gray_blight_00200.jpg,6. Green mirid bug/green_mirid_bug_00438.jpg,3. Gray Blight,6. Green mirid bug,True,56,66,0.94217,False,False,False
3. Gray Blight/gray_blight_00200.jpg,6. Green mirid bug/green_mirid_bug_00454.jpg,3. Gray Blight,6. Green mirid bug,True,52,39,0.93437,False,True,False
3. Gray Blight/gray_blight_00200.jpg,6. Green mirid bug/green_mirid_bug_00460.jpg,3. Gray Blight,6. Green mirid bug,True,52,61,0.92516,False,False,False
3. Gray Blight/gray_blight_00200.jpg,6. Green mirid bug/green_mirid_bug_00464.jpg,3. Gray Blight,6. Green mirid bug,True,54,59,0.9299,False,False,False
3. Gray Blight/gray_blight_00200.jpg,6. Green mirid bug/green_mirid_bug_01184.jpg,3. Gray Blight,6. Green mirid bug,True,60,130,0.89563,False,False,False
3. Gray Blight/gray_blight_00214.jpg,3. Gray Blight/gray_blight_00215.jpg,3. Gray Blight,3. Gray Blight,False,34,29,0.87284,False,False,False
3. Gray Blight/gray_blight_00240.jpg,3. Gray Blight/gray_blight_00241.jpg,3. Gray Blight,3. Gray Blight,False,46,49,0.78186,False,False,False
3. Gray Blight/gray_blight_00242.jpg,3. Gray Blight/gray_blight_00243.jpg,3. Gray Blight,3. Gray Blight,False,58,45,0.63707,False,False,False
3. Gray Blight/gray_blight_00246.jpg,3. Gray Blight/gray_blight_00247.jpg,3. Gray Blight,3. Gray Blight,False,12,17,0.86368,False,False,False
3. Gray Blight/gray_blight_00255.jpg,3. Gray Blight/gray_blight_00257.jpg,3. Gray Blight,3. Gray Blight,False,26,22,0.67953,False,False,False
3. Gray Blight/gray_blight_00255.jpg,3. Gray Blight/gray_blight_00259.jpg,3. Gray Blight,3. Gray Blight,False,56,72,0.52629,False,False,False
3. Gray Blight/gray_blight_00261.jpg,6. Green mirid bug/green_mirid_bug_01215.jpg,3. Gray Blight,6. Green mirid bug,True,54,38,0.89145,False,False,False
3. Gray Blight/gray_blight_00269.jpg,3. Gray Blight/gray_blight_00270.jpg,3. Gray Blight,3. Gray Blight,False,58,46,0.82931,False,False,False
3. Gray Blight/gray_blight_00271.jpg,3. Gray Blight/gray_blight_00284.jpg,3. Gray Blight,3. Gray Blight,False,64,119,0.80017,False,False,False
3. Gray Blight/gray_blight_00272.jpg,3. Gray Blight/gray_blight_00273.jpg,3. Gray Blight,3. Gray Blight,False,44,46,0.86824,False,False,False
3. Gray Blight/gray_blight_00274.jpg,3. Gray Blight/gray_blight_00275.jpg,3. Gray Blight,3. Gray Blight,False,36,33,0.83532,False,False,False
3. Gray Blight/gray_blight_00276.jpg,3. Gray Blight/gray_blight_00277.jpg,3. Gray Blight,3. Gray Blight,False,44,31,0.85439,False,False,False
3. Gray Blight/gray_blight_00278.jpg,3. Gray Blight/gray_blight_00279.jpg,3. Gray Blight,3. Gray Blight,False,54,54,0.75211,False,False,False
3. Gray Blight/gray_blight_00280.jpg,3. Gray Blight/gray_blight_00281.jpg,3. Gray Blight,3. Gray Blight,False,30,32,0.85022,False,False,False
3. Gray Blight/gray_blight_00291.jpg,3. Gray Blight/gray_blight_00292.jpg,3. Gray Blight,3. Gray Blight,False,58,50,0.74502,False,False,False
3. Gray Blight/gray_blight_00293.jpg,3. Gray Blight/gray_blight_00294.jpg,3. Gray Blight,3. Gray Blight,False,18,19,0.94293,False,True,True
3. Gray Blight/gray_blight_00295.jpg,3. Gray Blight/gray_blight_00296.jpg,3. Gray Blight,3. Gray Blight,False,16,14,0.90936,False,True,True
3. Gray Blight/gray_blight_00297.jpg,3. Gray Blight/gray_blight_00298.jpg,3. Gray Blight,3. Gray Blight,False,22,14,0.89233,False,False,False
3. Gray Blight/gray_blight_00303.jpg,3. Gray Blight/gray_blight_00304.jpg,3. Gray Blight,3. Gray Blight,False,50,49,0.78147,False,False,False
3. Gray Blight/gray_blight_00307.jpg,3. Gray Blight/gray_blight_00680.jpg,3. Gray Blight,3. Gray Blight,False,60,88,0.81505,False,False,False
3. Gray Blight/gray_blight_00310.jpg,7. Healthy leaf/healthy_00818.jpg,3. Gray Blight,7. Healthy leaf,True,62,58,0.82337,False,False,False
3. Gray Blight/gray_blight_00311.jpg,3. Gray Blight/gray_blight_00313.jpg,3. Gray Blight,3. Gray Blight,False,34,30,0.81209,False,False,False
3. Gray Blight/gray_blight_00314.jpg,3. Gray Blight/gray_blight_00315.jpg,3. Gray Blight,3. Gray Blight,False,38,40,0.7469,False,False,False
3. Gray Blight/gray_blight_00318.jpg,3. Gray Blight/gray_blight_00319.jpg,3. Gray Blight,3. Gray Blight,False,28,33,0.73075,False,False,False
3. Gray Blight/gray_blight_00320.jpg,3. Gray Blight/gray_blight_00724.jpg,3. Gray Blight,3. Gray Blight,False,50,109,0.78512,False,False,False
3. Gray Blight/gray_blight_00321.jpg,3. Gray Blight/gray_blight_00322.jpg,3. Gray Blight,3. Gray Blight,False,54,47,0.84162,False,False,False
3. Gray Blight/gray_blight_00322.jpg,5. Red spider/red_spider_00456.jpg,3. Gray Blight,5. Red spider,True,58,105,0.8114,False,False,False
3. Gray Blight/gray_blight_00332.jpg,4. Helopeltis/helopeltis_00382.jpg,3. Gray Blight,4. Helopeltis,True,64,88,0.78703,False,False,False
3. Gray Blight/gray_blight_00337.jpg,7. Healthy leaf/healthy_00108.jpg,3. Gray Blight,7. Healthy leaf,True,56,110,0.78388,False,False,False
3. Gray Blight/gray_blight_00338.jpg,3. Gray Blight/gray_blight_00951.jpg,3. Gray Blight,3. Gray Blight,False,60,94,0.7989,False,False,False
3. Gray Blight/gray_blight_00338.jpg,4. Helopeltis/helopeltis_00520.jpg,3. Gray Blight,4. Helopeltis,True,64,98,0.78666,False,False,False
3. Gray Blight/gray_blight_00338.jpg,5. Red spider/red_spider_00505.jpg,3. Gray Blight,5. Red spider,True,56,90,0.81291,False,False,False
3. Gray Blight/gray_blight_00338.jpg,6. Green mirid bug/green_mirid_bug_00797.jpg,3. Gray Blight,6. Green mirid bug,True,64,107,0.7765,False,False,False
3. Gray Blight/gray_blight_00340.jpg,7. Healthy leaf/healthy_00746.jpg,3. Gray Blight,7. Healthy leaf,True,60,114,0.80735,False,False,False
3. Gray Blight/gray_blight_00342.jpg,6. Green mirid bug/green_mirid_bug_00928.jpg,3. Gray Blight,6. Green mirid bug,True,62,106,0.7892,False,False,False
3. Gray Blight/gray_blight_00342.jpg,6. Green mirid bug/green_mirid_bug_00955.jpg,3. Gray Blight,6. Green mirid bug,True,64,102,0.81279,False,False,False
3. Gray Blight/gray_blight_00346.jpg,7. Healthy leaf/healthy_00103.jpg,3. Gray Blight,7. Healthy leaf,True,64,98,0.79075,False,False,False
3. Gray Blight/gray_blight_00354.jpg,5. Red spider/red_spider_00379.jpg,3. Gray Blight,5. Red spider,True,64,122,0.78341,False,False,False
3. Gray Blight/gray_blight_00354.jpg,7. Healthy leaf/healthy_00848.jpg,3. Gray Blight,7. Healthy leaf,True,64,96,0.82651,False,False,False
3. Gray Blight/gray_blight_00355.jpg,5. Red spider/red_spider_00148.jpg,3. Gray Blight,5. Red spider,True,42,87,0.82866,False,False,False
3. Gray Blight/gray_blight_00355.jpg,7. Healthy leaf/healthy_00847.jpg,3. Gray Blight,7. Healthy leaf,True,64,95,0.80393,False,False,False
3. Gray Blight/gray_blight_00356.jpg,4. Helopeltis/helopeltis_00181.jpg,3. Gray Blight,4. Helopeltis,True,64,83,0.82655,False,False,False
3. Gray Blight/gray_blight_00356.jpg,6. Green mirid bug/green_mirid_bug_00601.jpg,3. Gray Blight,6. Green mirid bug,True,64,92,0.80966,False,False,False
3. Gray Blight/gray_blight_00360.jpg,3. Gray Blight/gray_blight_00361.jpg,3. Gray Blight,3. Gray Blight,False,22,36,0.91914,False,True,True
3. Gray Blight/gray_blight_00360.jpg,3. Gray Blight/gray_blight_00535.jpg,3. Gray Blight,3. Gray Blight,False,56,116,0.85942,False,False,False
3. Gray Blight/gray_blight_00360.jpg,4. Helopeltis/helopeltis_00321.jpg,3. Gray Blight,4. Helopeltis,True,54,104,0.86358,False,False,False
3. Gray Blight/gray_blight_00360.jpg,6. Green mirid bug/green_mirid_bug_00901.jpg,3. Gray Blight,6. Green mirid bug,True,58,81,0.8435,False,False,False
3. Gray Blight/gray_blight_00361.jpg,3. Gray Blight/gray_blight_00594.jpg,3. Gray Blight,3. Gray Blight,False,64,130,0.83917,False,False,False
3. Gray Blight/gray_blight_00361.jpg,4. Helopeltis/helopeltis_00321.jpg,3. Gray Blight,4. Helopeltis,True,60,110,0.85481,False,False,False
3. Gray Blight/gray_blight_00363.jpg,3. Gray Blight/gray_blight_00364.jpg,3. Gray Blight,3. Gray Blight,False,10,6,0.96183,False,True,True
3. Gray Blight/gray_blight_00365.jpg,7. Healthy leaf/healthy_00348.jpg,3. Gray Blight,7. Healthy leaf,True,64,98,0.83414,False,False,False
3. Gray Blight/gray_blight_00365.jpg,7. Healthy leaf/healthy_00370.jpg,3. Gray Blight,7. Healthy leaf,True,60,107,0.82781,False,False,False
3. Gray Blight/gray_blight_00366.jpg,5. Red spider/red_spider_00025.jpg,3. Gray Blight,5. Red spider,True,62,115,0.83904,False,False,False
3. Gray Blight/gray_blight_00366.jpg,7. Healthy leaf/healthy_00360.jpg,3. Gray Blight,7. Healthy leaf,True,60,70,0.87116,False,False,False
3. Gray Blight/gray_blight_00367.jpg,7. Healthy leaf/healthy_00371.jpg,3. Gray Blight,7. Healthy leaf,True,60,105,0.79964,False,False,False
3. Gray Blight/gray_blight_00368.jpg,4. Helopeltis/helopeltis_00240.jpg,3. Gray Blight,4. Helopeltis,True,58,95,0.87019,False,False,False
3. Gray Blight/gray_blight_00368.jpg,4. Helopeltis/helopeltis_00268.jpg,3. Gray Blight,4. Helopeltis,True,50,97,0.87802,False,False,False
3. Gray Blight/gray_blight_00368.jpg,5. Red spider/red_spider_00110.jpg,3. Gray Blight,5. Red spider,True,62,112,0.87637,False,False,False
3. Gray Blight/gray_blight_00368.jpg,6. Green mirid bug/green_mirid_bug_00495.jpg,3. Gray Blight,6. Green mirid bug,True,64,100,0.86771,False,False,False
3. Gray Blight/gray_blight_00368.jpg,6. Green mirid bug/green_mirid_bug_00556.jpg,3. Gray Blight,6. Green mirid bug,True,58,68,0.88973,False,False,False
3. Gray Blight/gray_blight_00368.jpg,6. Green mirid bug/green_mirid_bug_00623.jpg,3. Gray Blight,6. Green mirid bug,True,64,104,0.83536,False,False,False
3. Gray Blight/gray_blight_00368.jpg,6. Green mirid bug/green_mirid_bug_00647.jpg,3. Gray Blight,6. Green mirid bug,True,58,102,0.86826,False,False,False
3. Gray Blight/gray_blight_00368.jpg,6. Green mirid bug/green_mirid_bug_00648.jpg,3. Gray Blight,6. Green mirid bug,True,58,102,0.86503,False,False,False
3. Gray Blight/gray_blight_00368.jpg,6. Green mirid bug/green_mirid_bug_00865.jpg,3. Gray Blight,6. Green mirid bug,True,64,121,0.87203,False,False,False
3. Gray Blight/gray_blight_00372.jpg,7. Healthy leaf/healthy_00286.jpg,3. Gray Blight,7. Healthy leaf,True,50,81,0.80057,False,False,False
3. Gray Blight/gray_blight_00373.jpg,3. Gray Blight/gray_blight_00374.jpg,3. Gray Blight,3. Gray Blight,False,40,35,0.78856,False,False,False
3. Gray Blight/gray_blight_00374.jpg,7. Healthy leaf/healthy_00808.jpg,3. Gray Blight,7. Healthy leaf,True,62,82,0.76196,False,False,False
3. Gray Blight/gray_blight_00375.jpg,6. Green mirid bug/green_mirid_bug_01111.jpg,3. Gray Blight,6. Green mirid bug,True,64,66,0.82439,False,False,False
3. Gray Blight/gray_blight_00377.jpg,4. Helopeltis/helopeltis_00366.jpg,3. Gray Blight,4. Helopeltis,True,64,59,0.83308,False,False,False
3. Gray Blight/gray_blight_00377.jpg,5. Red spider/red_spider_00004.jpg,3. Gray Blight,5. Red spider,True,62,115,0.80853,False,False,False
3. Gray Blight/gray_blight_00377.jpg,6. Green mirid bug/green_mirid_bug_00780.jpg,3. Gray Blight,6. Green mirid bug,True,58,57,0.81866,False,False,False
3. Gray Blight/gray_blight_00379.jpg,5. Red spider/red_spider_00038.jpg,3. Gray Blight,5. Red spider,True,64,120,0.78331,False,False,False
3. Gray Blight/gray_blight_00380.jpg,6. Green mirid bug/green_mirid_bug_00121.jpg,3. Gray Blight,6. Green mirid bug,True,64,118,0.83877,False,False,False
3. Gray Blight/gray_blight_00384.jpg,6. Green mirid bug/green_mirid_bug_00531.jpg,3. Gray Blight,6. Green mirid bug,True,56,59,0.86143,False,False,False
3. Gray Blight/gray_blight_00385.jpg,4. Helopeltis/helopeltis_00036.jpg,3. Gray Blight,4. Helopeltis,True,58,95,0.86951,False,False,False
3. Gray Blight/gray_blight_00385.jpg,5. Red spider/red_spider_00060.jpg,3. Gray Blight,5. Red spider,True,64,100,0.87994,False,False,False
3. Gray Blight/gray_blight_00385.jpg,6. Green mirid bug/green_mirid_bug_00297.jpg,3. Gray Blight,6. Green mirid bug,True,64,95,0.8453,False,False,False
3. Gray Blight/gray_blight_00385.jpg,6. Green mirid bug/green_mirid_bug_00545.jpg,3. Gray Blight,6. Green mirid bug,True,62,77,0.85864,False,False,False
3. Gray Blight/gray_blight_00387.jpg,3. Gray Blight/gray_blight_00446.jpg,3. Gray Blight,3. Gray Blight,False,64,98,0.77391,False,False,False
3. Gray Blight/gray_blight_00388.jpg,3. Gray Blight/gray_blight_00726.jpg,3. Gray Blight,3. Gray Blight,False,50,109,0.78267,False,False,False
3. Gray Blight/gray_blight_00389.jpg,4. Helopeltis/helopeltis_00557.jpg,3. Gray Blight,4. Helopeltis,True,64,85,0.90083,False,False,False
3. Gray Blight/gray_blight_00389.jpg,6. Green mirid bug/green_mirid_bug_00122.jpg,3. Gray Blight,6. Green mirid bug,True,62,117,0.90062,False,False,False
3. Gray Blight/gray_blight_00389.jpg,6. Green mirid bug/green_mirid_bug_00868.jpg,3. Gray Blight,6. Green mirid bug,True,60,76,0.89535,False,False,False
3. Gray Blight/gray_blight_00389.jpg,7. Healthy leaf/healthy_00924.jpg,3. Gray Blight,7. Healthy leaf,True,60,121,0.87993,False,False,False
3. Gray Blight/gray_blight_00390.jpg,5. Red spider/red_spider_00497.jpg,3. Gray Blight,5. Red spider,True,64,83,0.88326,False,False,False
3. Gray Blight/gray_blight_00390.jpg,6. Green mirid bug/green_mirid_bug_00102.jpg,3. Gray Blight,6. Green mirid bug,True,64,94,0.88773,False,False,False
3. Gray Blight/gray_blight_00390.jpg,6. Green mirid bug/green_mirid_bug_00421.jpg,3. Gray Blight,6. Green mirid bug,True,62,89,0.8965,False,False,False
3. Gray Blight/gray_blight_00398.jpg,5. Red spider/red_spider_00075.jpg,3. Gray Blight,5. Red spider,True,64,120,0.84179,False,False,False
3. Gray Blight/gray_blight_00400.jpg,7. Healthy leaf/healthy_00260.jpg,3. Gray Blight,7. Healthy leaf,True,44,102,0.8475,False,False,False
3. Gray Blight/gray_blight_00401.jpg,5. Red spider/red_spider_00133.jpg,3. Gray Blight,5. Red spider,True,64,80,0.81373,False,False,False
3. Gray Blight/gray_blight_00402.jpg,3. Gray Blight/gray_blight_00404.jpg,3. Gray Blight,3. Gray Blight,False,58,50,0.80481,False,False,False
3. Gray Blight/gray_blight_00402.jpg,5. Red spider/red_spider_00167.jpg,3. Gray Blight,5. Red spider,True,60,78,0.81874,False,False,False
3. Gray Blight/gray_blight_00403.jpg,6. Green mirid bug/green_mirid_bug_01228.jpg,3. Gray Blight,6. Green mirid bug,True,62,78,0.76492,False,False,False
3. Gray Blight/gray_blight_00411.jpg,3. Gray Blight/gray_blight_00412.jpg,3. Gray Blight,3. Gray Blight,False,34,39,0.87457,False,False,False
3. Gray Blight/gray_blight_00411.jpg,4. Helopeltis/helopeltis_00128.jpg,3. Gray Blight,4. Helopeltis,True,64,100,0.82575,False,False,False
3. Gray Blight/gray_blight_00411.jpg,7. Healthy leaf/healthy_00096.jpg,3. Gray Blight,7. Healthy leaf,True,64,108,0.81328,False,False,False
3. Gray Blight/gray_blight_00413.jpg,3. Gray Blight/gray_blight_00414.jpg,3. Gray Blight,3. Gray Blight,False,52,91,0.77174,False,False,False
3. Gray Blight/gray_blight_00413.jpg,3. Gray Blight/gray_blight_00436.jpg,3. Gray Blight,3. Gray Blight,False,62,106,0.80707,False,False,False
3. Gray Blight/gray_blight_00413.jpg,4. Helopeltis/helopeltis_00243.jpg,3. Gray Blight,4. Helopeltis,True,60,82,0.82388,False,False,False
3. Gray Blight/gray_blight_00413.jpg,5. Red spider/red_spider_00060.jpg,3. Gray Blight,5. Red spider,True,64,104,0.8336,False,False,False
3. Gray Blight/gray_blight_00413.jpg,5. Red spider/red_spider_00071.jpg,3. Gray Blight,5. Red spider,True,54,109,0.81806,False,False,False
3. Gray Blight/gray_blight_00413.jpg,5. Red spider/red_spider_00166.jpg,3. Gray Blight,5. Red spider,True,64,75,0.79961,False,False,False
3. Gray Blight/gray_blight_00413.jpg,6. Green mirid bug/green_mirid_bug_00370.jpg,3. Gray Blight,6. Green mirid bug,True,62,114,0.81708,False,False,False
3. Gray Blight/gray_blight_00413.jpg,6. Green mirid bug/green_mirid_bug_00569.jpg,3. Gray Blight,6. Green mirid bug,True,62,61,0.82178,False,False,False
3. Gray Blight/gray_blight_00413.jpg,7. Healthy leaf/healthy_00219.jpg,3. Gray Blight,7. Healthy leaf,True,58,117,0.81608,False,False,False
3. Gray Blight/gray_blight_00414.jpg,3. Gray Blight/gray_blight_00436.jpg,3. Gray Blight,3. Gray Blight,False,64,71,0.80028,False,False,False
3. Gray Blight/gray_blight_00416.jpg,3. Gray Blight/gray_blight_00496.jpg,3. Gray Blight,3. Gray Blight,False,56,96,0.78018,False,False,False
3. Gray Blight/gray_blight_00416.jpg,3. Gray Blight/gray_blight_00524.jpg,3. Gray Blight,3. Gray Blight,False,64,103,0.77496,False,False,False
3. Gray Blight/gray_blight_00416.jpg,3. Gray Blight/gray_blight_00906.jpg,3. Gray Blight,3. Gray Blight,False,64,83,0.77296,False,False,False
3. Gray Blight/gray_blight_00416.jpg,7. Healthy leaf/healthy_00455.jpg,3. Gray Blight,7. Healthy leaf,True,60,111,0.76526,False,False,False
3. Gray Blight/gray_blight_00417.jpg,7. Healthy leaf/healthy_00489.jpg,3. Gray Blight,7. Healthy leaf,True,62,109,0.78497,False,False,False
3. Gray Blight/gray_blight_00431.jpg,6. Green mirid bug/green_mirid_bug_00442.jpg,3. Gray Blight,6. Green mirid bug,True,64,110,0.89135,False,False,False
3. Gray Blight/gray_blight_00432.jpg,4. Helopeltis/helopeltis_00246.jpg,3. Gray Blight,4. Helopeltis,True,62,49,0.88761,False,False,False
3. Gray Blight/gray_blight_00432.jpg,4. Helopeltis/helopeltis_00283.jpg,3. Gray Blight,4. Helopeltis,True,58,102,0.8108,False,False,False
3. Gray Blight/gray_blight_00432.jpg,7. Healthy leaf/healthy_00206.jpg,3. Gray Blight,7. Healthy leaf,True,58,90,0.89593,False,False,False
3. Gray Blight/gray_blight_00433.jpg,5. Red spider/red_spider_00071.jpg,3. Gray Blight,5. Red spider,True,56,106,0.85695,False,False,False
3. Gray Blight/gray_blight_00433.jpg,7. Healthy leaf/healthy_00782.jpg,3. Gray Blight,7. Healthy leaf,True,62,119,0.86283,False,False,False
3. Gray Blight/gray_blight_00434.jpg,3. Gray Blight/gray_blight_00435.jpg,3. Gray Blight,3. Gray Blight,False,32,38,0.86868,False,False,False
3. Gray Blight/gray_blight_00434.jpg,3. Gray Blight/gray_blight_00790.jpg,3. Gray Blight,3. Gray Blight,False,62,95,0.84436,False,False,False
3. Gray Blight/gray_blight_00434.jpg,4. Helopeltis/helopeltis_00261.jpg,3. Gray Blight,4. Helopeltis,True,64,118,0.81549,False,False,False
3. Gray Blight/gray_blight_00434.jpg,6. Green mirid bug/green_mirid_bug_00618.jpg,3. Gray Blight,6. Green mirid bug,True,62,87,0.82143,False,False,False
3. Gray Blight/gray_blight_00435.jpg,6. Green mirid bug/green_mirid_bug_00977.jpg,3. Gray Blight,6. Green mirid bug,True,64,110,0.84328,False,False,False
3. Gray Blight/gray_blight_00436.jpg,4. Helopeltis/helopeltis_00032.jpg,3. Gray Blight,4. Helopeltis,True,62,101,0.84133,False,False,False
3. Gray Blight/gray_blight_00436.jpg,4. Helopeltis/helopeltis_00242.jpg,3. Gray Blight,4. Helopeltis,True,62,71,0.81562,False,False,False
3. Gray Blight/gray_blight_00436.jpg,4. Helopeltis/helopeltis_00243.jpg,3. Gray Blight,4. Helopeltis,True,60,98,0.84683,False,False,False
3. Gray Blight/gray_blight_00436.jpg,4. Helopeltis/helopeltis_00252.jpg,3. Gray Blight,4. Helopeltis,True,62,83,0.85712,False,False,False
3. Gray Blight/gray_blight_00436.jpg,4. Helopeltis/helopeltis_00416.jpg,3. Gray Blight,4. Helopeltis,True,58,122,0.83663,False,False,False
3. Gray Blight/gray_blight_00436.jpg,6. Green mirid bug/green_mirid_bug_00032.jpg,3. Gray Blight,6. Green mirid bug,True,56,116,0.84557,False,False,False
3. Gray Blight/gray_blight_00436.jpg,6. Green mirid bug/green_mirid_bug_00102.jpg,3. Gray Blight,6. Green mirid bug,True,56,116,0.85873,False,False,False
3. Gray Blight/gray_blight_00436.jpg,6. Green mirid bug/green_mirid_bug_00260.jpg,3. Gray Blight,6. Green mirid bug,True,64,101,0.84563,False,False,False
3. Gray Blight/gray_blight_00436.jpg,6. Green mirid bug/green_mirid_bug_00343.jpg,3. Gray Blight,6. Green mirid bug,True,64,106,0.84617,False,False,False
3. Gray Blight/gray_blight_00436.jpg,6. Green mirid bug/green_mirid_bug_00370.jpg,3. Gray Blight,6. Green mirid bug,True,54,100,0.85769,False,False,False
3. Gray Blight/gray_blight_00436.jpg,6. Green mirid bug/green_mirid_bug_00421.jpg,3. Gray Blight,6. Green mirid bug,True,58,103,0.86751,False,False,False
3. Gray Blight/gray_blight_00436.jpg,7. Healthy leaf/healthy_00219.jpg,3. Gray Blight,7. Healthy leaf,True,50,111,0.86095,False,False,False
3. Gray Blight/gray_blight_00436.jpg,7. Healthy leaf/healthy_00236.jpg,3. Gray Blight,7. Healthy leaf,True,62,103,0.85464,False,False,False
3. Gray Blight/gray_blight_00437.jpg,4. Helopeltis/helopeltis_00289.jpg,3. Gray Blight,4. Helopeltis,True,62,52,0.80792,False,False,False
3. Gray Blight/gray_blight_00438.jpg,4. Helopeltis/helopeltis_00181.jpg,3. Gray Blight,4. Helopeltis,True,50,74,0.88983,False,False,False
3. Gray Blight/gray_blight_00438.jpg,6. Green mirid bug/green_mirid_bug_00147.jpg,3. Gray Blight,6. Green mirid bug,True,60,90,0.87054,False,False,False
3. Gray Blight/gray_blight_00442.jpg,6. Green mirid bug/green_mirid_bug_00292.jpg,3. Gray Blight,6. Green mirid bug,True,56,109,0.82529,False,False,False
3. Gray Blight/gray_blight_00443.jpg,5. Red spider/red_spider_00241.jpg,3. Gray Blight,5. Red spider,True,58,96,0.84813,False,False,False
3. Gray Blight/gray_blight_00443.jpg,7. Healthy leaf/healthy_00498.jpg,3. Gray Blight,7. Healthy leaf,True,62,113,0.81257,False,False,False
3. Gray Blight/gray_blight_00443.jpg,7. Healthy leaf/healthy_00613.jpg,3. Gray Blight,7. Healthy leaf,True,64,118,0.82231,False,False,False
3. Gray Blight/gray_blight_00450.jpg,3. Gray Blight/gray_blight_00787.jpg,3. Gray Blight,3. Gray Blight,False,64,107,0.71455,False,False,False
3. Gray Blight/gray_blight_00451.jpg,3. Gray Blight/gray_blight_00957.jpg,3. Gray Blight,3. Gray Blight,False,58,108,0.74301,False,False,False
3. Gray Blight/gray_blight_00451.jpg,5. Red spider/red_spider_00179.jpg,3. Gray Blight,5. Red spider,True,64,99,0.72585,False,False,False
3. Gray Blight/gray_blight_00460.jpg,7. Healthy leaf/healthy_00596.jpg,3. Gray Blight,7. Healthy leaf,True,62,58,0.79822,False,False,False
3. Gray Blight/gray_blight_00462.jpg,4. Helopeltis/helopeltis_00368.jpg,3. Gray Blight,4. Helopeltis,True,64,127,0.83265,False,False,False
3. Gray Blight/gray_blight_00462.jpg,6. Green mirid bug/green_mirid_bug_00040.jpg,3. Gray Blight,6. Green mirid bug,True,62,88,0.83065,False,False,False
3. Gray Blight/gray_blight_00462.jpg,6. Green mirid bug/green_mirid_bug_00345.jpg,3. Gray Blight,6. Green mirid bug,True,60,87,0.82819,False,False,False
3. Gray Blight/gray_blight_00465.jpg,3. Gray Blight/gray_blight_00545.jpg,3. Gray Blight,3. Gray Blight,False,60,88,0.90083,False,False,False
3. Gray Blight/gray_blight_00465.jpg,6. Green mirid bug/green_mirid_bug_01243.jpg,3. Gray Blight,6. Green mirid bug,True,44,107,0.86525,False,False,False
3. Gray Blight/gray_blight_00466.jpg,3. Gray Blight/gray_blight_00478.jpg,3. Gray Blight,3. Gray Blight,False,64,93,0.87821,False,False,False
3. Gray Blight/gray_blight_00466.jpg,6. Green mirid bug/green_mirid_bug_01126.jpg,3. Gray Blight,6. Green mirid bug,True,54,112,0.86662,False,False,False
3. Gray Blight/gray_blight_00466.jpg,7. Healthy leaf/healthy_00718.jpg,3. Gray Blight,7. Healthy leaf,True,60,91,0.88734,False,False,False
3. Gray Blight/gray_blight_00470.jpg,7. Healthy leaf/healthy_00633.jpg,3. Gray Blight,7. Healthy leaf,True,64,83,0.80532,False,False,False
3. Gray Blight/gray_blight_00471.jpg,6. Green mirid bug/green_mirid_bug_01262.jpg,3. Gray Blight,6. Green mirid bug,True,58,100,0.80437,False,False,False
3. Gray Blight/gray_blight_00472.jpg,5. Red spider/red_spider_00158.jpg,3. Gray Blight,5. Red spider,True,60,108,0.81161,False,False,False
3. Gray Blight/gray_blight_00472.jpg,6. Green mirid bug/green_mirid_bug_01023.jpg,3. Gray Blight,6. Green mirid bug,True,58,119,0.81244,False,False,False
3. Gray Blight/gray_blight_00472.jpg,7. Healthy leaf/healthy_00453.jpg,3. Gray Blight,7. Healthy leaf,True,62,78,0.78732,False,False,False
3. Gray Blight/gray_blight_00472.jpg,7. Healthy leaf/healthy_00707.jpg,3. Gray Blight,7. Healthy leaf,True,58,103,0.8369,False,False,False
3. Gray Blight/gray_blight_00478.jpg,3. Gray Blight/gray_blight_00958.jpg,3. Gray Blight,3. Gray Blight,False,54,110,0.87473,False,False,False
3. Gray Blight/gray_blight_00478.jpg,7. Healthy leaf/healthy_00506.jpg,3. Gray Blight,7. Healthy leaf,True,60,60,0.882,False,False,False
3. Gray Blight/gray_blight_00478.jpg,7. Healthy leaf/healthy_00527.jpg,3. Gray Blight,7. Healthy leaf,True,62,80,0.8815,False,False,False
3. Gray Blight/gray_blight_00480.jpg,5. Red spider/red_spider_00144.jpg,3. Gray Blight,5. Red spider,True,64,104,0.75284,False,False,False
3. Gray Blight/gray_blight_00481.jpg,7. Healthy leaf/healthy_00439.jpg,3. Gray Blight,7. Healthy leaf,True,64,82,0.7234,False,False,False
3. Gray Blight/gray_blight_00484.jpg,5. Red spider/red_spider_00422.jpg,3. Gray Blight,5. Red spider,True,64,73,0.81521,False,False,False
3. Gray Blight/gray_blight_00485.jpg,5. Red spider/red_spider_00422.jpg,3. Gray Blight,5. Red spider,True,62,102,0.80023,False,False,False
3. Gray Blight/gray_blight_00485.jpg,7. Healthy leaf/healthy_00375.jpg,3. Gray Blight,7. Healthy leaf,True,58,76,0.74928,False,False,False
3. Gray Blight/gray_blight_00491.jpg,5. Red spider/red_spider_00242.jpg,3. Gray Blight,5. Red spider,True,54,65,0.86001,False,False,False
3. Gray Blight/gray_blight_00491.jpg,5. Red spider/red_spider_00250.jpg,3. Gray Blight,5. Red spider,True,56,69,0.84696,False,False,False
3. Gray Blight/gray_blight_00491.jpg,5. Red spider/red_spider_00306.jpg,3. Gray Blight,5. Red spider,True,60,54,0.85523,False,False,False
3. Gray Blight/gray_blight_00493.jpg,3. Gray Blight/gray_blight_00494.jpg,3. Gray Blight,3. Gray Blight,False,0,0,1.0,True,True,True
3. Gray Blight/gray_blight_00504.jpg,3. Gray Blight/gray_blight_00554.jpg,3. Gray Blight,3. Gray Blight,False,60,66,0.89405,False,False,False
3. Gray Blight/gray_blight_00504.jpg,4. Helopeltis/helopeltis_00404.jpg,3. Gray Blight,4. Helopeltis,True,64,101,0.90436,False,False,False
3. Gray Blight/gray_blight_00504.jpg,4. Helopeltis/helopeltis_00592.jpg,3. Gray Blight,4. Helopeltis,True,54,100,0.90019,False,False,False
3. Gray Blight/gray_blight_00504.jpg,5. Red spider/red_spider_00340.jpg,3. Gray Blight,5. Red spider,True,56,76,0.92078,False,False,False
3. Gray Blight/gray_blight_00504.jpg,6. Green mirid bug/green_mirid_bug_00234.jpg,3. Gray Blight,6. Green mirid bug,True,64,110,0.89875,False,False,False
3. Gray Blight/gray_blight_00504.jpg,7. Healthy leaf/healthy_00177.jpg,3. Gray Blight,7. Healthy leaf,True,64,90,0.89331,False,False,False
3. Gray Blight/gray_blight_00505.jpg,5. Red spider/red_spider_00294.jpg,3. Gray Blight,5. Red spider,True,56,81,0.86164,False,False,False
3. Gray Blight/gray_blight_00506.jpg,6. Green mirid bug/green_mirid_bug_00076.jpg,3. Gray Blight,6. Green mirid bug,True,64,113,0.85253,False,False,False
3. Gray Blight/gray_blight_00506.jpg,6. Green mirid bug/green_mirid_bug_00417.jpg,3. Gray Blight,6. Green mirid bug,True,60,91,0.83512,False,False,False
3. Gray Blight/gray_blight_00508.jpg,4. Helopeltis/helopeltis_00584.jpg,3. Gray Blight,4. Helopeltis,True,64,131,0.8521,False,False,False
3. Gray Blight/gray_blight_00509.jpg,6. Green mirid bug/green_mirid_bug_00768.jpg,3. Gray Blight,6. Green mirid bug,True,58,82,0.89636,False,False,False
3. Gray Blight/gray_blight_00509.jpg,7. Healthy leaf/healthy_00586.jpg,3. Gray Blight,7. Healthy leaf,True,56,73,0.90848,False,False,False
3. Gray Blight/gray_blight_00516.jpg,7. Healthy leaf/healthy_00480.jpg,3. Gray Blight,7. Healthy leaf,True,64,90,0.81199,False,False,False
3. Gray Blight/gray_blight_00521.jpg,7. Healthy leaf/healthy_00557.jpg,3. Gray Blight,7. Healthy leaf,True,60,83,0.84612,False,False,False
3. Gray Blight/gray_blight_00523.jpg,5. Red spider/red_spider_00353.jpg,3. Gray Blight,5. Red spider,True,60,85,0.81323,False,False,False
3. Gray Blight/gray_blight_00524.jpg,6. Green mirid bug/green_mirid_bug_01053.jpg,3. Gray Blight,6. Green mirid bug,True,64,110,0.74964,False,False,False
3. Gray Blight/gray_blight_00526.jpg,7. Healthy leaf/healthy_00455.jpg,3. Gray Blight,7. Healthy leaf,True,62,85,0.76376,False,False,False
3. Gray Blight/gray_blight_00528.jpg,5. Red spider/red_spider_00306.jpg,3. Gray Blight,5. Red spider,True,60,61,0.83335,False,False,False
3. Gray Blight/gray_blight_00528.jpg,6. Green mirid bug/green_mirid_bug_00797.jpg,3. Gray Blight,6. Green mirid bug,True,64,114,0.80938,False,False,False
3. Gray Blight/gray_blight_00529.jpg,7. Healthy leaf/healthy_00417.jpg,3. Gray Blight,7. Healthy leaf,True,60,77,0.85112,False,False,False
3. Gray Blight/gray_blight_00534.jpg,5. Red spider/red_spider_00356.jpg,3. Gray Blight,5. Red spider,True,64,96,0.88685,False,False,False
3. Gray Blight/gray_blight_00534.jpg,5. Red spider/red_spider_00440.jpg,3. Gray Blight,5. Red spider,True,64,105,0.85917,False,False,False
3. Gray Blight/gray_blight_00534.jpg,6. Green mirid bug/green_mirid_bug_00001.jpg,3. Gray Blight,6. Green mirid bug,True,62,104,0.86322,False,False,False
3. Gray Blight/gray_blight_00534.jpg,6. Green mirid bug/green_mirid_bug_00779.jpg,3. Gray Blight,6. Green mirid bug,True,64,97,0.8642,False,False,False
3. Gray Blight/gray_blight_00535.jpg,4. Helopeltis/helopeltis_00321.jpg,3. Gray Blight,4. Helopeltis,True,50,76,0.88931,False,False,False
3. Gray Blight/gray_blight_00535.jpg,6. Green mirid bug/green_mirid_bug_00879.jpg,3. Gray Blight,6. Green mirid bug,True,60,117,0.88017,False,False,False
3. Gray Blight/gray_blight_00535.jpg,6. Green mirid bug/green_mirid_bug_00901.jpg,3. Gray Blight,6. Green mirid bug,True,54,95,0.87146,False,False,False
3. Gray Blight/gray_blight_00535.jpg,6. Green mirid bug/green_mirid_bug_01136.jpg,3. Gray Blight,6. Green mirid bug,True,62,106,0.86769,False,False,False
3. Gray Blight/gray_blight_00536.jpg,3. Gray Blight/gray_blight_00740.jpg,3. Gray Blight,3. Gray Blight,False,62,89,0.81466,False,False,False
3. Gray Blight/gray_blight_00537.jpg,3. Gray Blight/gray_blight_00973.jpg,3. Gray Blight,3. Gray Blight,False,64,124,0.7941,False,False,False
3. Gray Blight/gray_blight_00538.jpg,3. Gray Blight/gray_blight_00569.jpg,3. Gray Blight,3. Gray Blight,False,64,68,0.80148,False,False,False
3. Gray Blight/gray_blight_00538.jpg,3. Gray Blight/gray_blight_00712.jpg,3. Gray Blight,3. Gray Blight,False,56,59,0.83366,False,False,False
3. Gray Blight/gray_blight_00538.jpg,7. Healthy leaf/healthy_00404.jpg,3. Gray Blight,7. Healthy leaf,True,64,82,0.8281,False,False,False
3. Gray Blight/gray_blight_00541.jpg,6. Green mirid bug/green_mirid_bug_00282.jpg,3. Gray Blight,6. Green mirid bug,True,62,101,0.84526,False,False,False
3. Gray Blight/gray_blight_00542.jpg,4. Helopeltis/helopeltis_00410.jpg,3. Gray Blight,4. Helopeltis,True,62,103,0.87143,False,False,False
3. Gray Blight/gray_blight_00542.jpg,4. Helopeltis/helopeltis_00411.jpg,3. Gray Blight,4. Helopeltis,True,56,100,0.86287,False,False,False
3. Gray Blight/gray_blight_00542.jpg,5. Red spider/red_spider_00299.jpg,3. Gray Blight,5. Red spider,True,62,77,0.87165,False,False,False
3. Gray Blight/gray_blight_00542.jpg,5. Red spider/red_spider_00510.jpg,3. Gray Blight,5. Red spider,True,56,90,0.87191,False,False,False
3. Gray Blight/gray_blight_00542.jpg,6. Green mirid bug/green_mirid_bug_00311.jpg,3. Gray Blight,6. Green mirid bug,True,60,111,0.86228,False,False,False
3. Gray Blight/gray_blight_00542.jpg,7. Healthy leaf/healthy_00326.jpg,3. Gray Blight,7. Healthy leaf,True,62,103,0.84528,False,False,False
3. Gray Blight/gray_blight_00543.jpg,7. Healthy leaf/healthy_00503.jpg,3. Gray Blight,7. Healthy leaf,True,58,69,0.88206,False,False,False
3. Gray Blight/gray_blight_00544.jpg,7. Healthy leaf/healthy_00460.jpg,3. Gray Blight,7. Healthy leaf,True,60,85,0.83878,False,False,False
3. Gray Blight/gray_blight_00544.jpg,7. Healthy leaf/healthy_00543.jpg,3. Gray Blight,7. Healthy leaf,True,60,74,0.81731,False,False,False
3. Gray Blight/gray_blight_00545.jpg,4. Helopeltis/helopeltis_00602.jpg,3. Gray Blight,4. Helopeltis,True,52,125,0.88734,False,False,False
3. Gray Blight/gray_blight_00545.jpg,6. Green mirid bug/green_mirid_bug_00122.jpg,3. Gray Blight,6. Green mirid bug,True,42,103,0.9133,False,False,False
3. Gray Blight/gray_blight_00545.jpg,6. Green mirid bug/green_mirid_bug_00653.jpg,3. Gray Blight,6. Green mirid bug,True,62,106,0.90023,False,False,False
3. Gray Blight/gray_blight_00545.jpg,6. Green mirid bug/green_mirid_bug_00898.jpg,3. Gray Blight,6. Green mirid bug,True,62,93,0.90329,False,False,False
3. Gray Blight/gray_blight_00545.jpg,7. Healthy leaf/healthy_00361.jpg,3. Gray Blight,7. Healthy leaf,True,60,105,0.87168,False,False,False
3. Gray Blight/gray_blight_00546.jpg,4. Helopeltis/helopeltis_00382.jpg,3. Gray Blight,4. Helopeltis,True,62,103,0.88838,False,False,False
3. Gray Blight/gray_blight_00546.jpg,5. Red spider/red_spider_00126.jpg,3. Gray Blight,5. Red spider,True,58,122,0.82794,False,False,False
3. Gray Blight/gray_blight_00546.jpg,5. Red spider/red_spider_00506.jpg,3. Gray Blight,5. Red spider,True,60,90,0.87135,False,False,False
3. Gray Blight/gray_blight_00546.jpg,6. Green mirid bug/green_mirid_bug_00022.jpg,3. Gray Blight,6. Green mirid bug,True,64,82,0.86849,False,False,False
3. Gray Blight/gray_blight_00546.jpg,6. Green mirid bug/green_mirid_bug_00068.jpg,3. Gray Blight,6. Green mirid bug,True,56,85,0.88658,False,False,False
3. Gray Blight/gray_blight_00546.jpg,6. Green mirid bug/green_mirid_bug_00426.jpg,3. Gray Blight,6. Green mirid bug,True,60,90,0.88846,False,False,False
3. Gray Blight/gray_blight_00546.jpg,6. Green mirid bug/green_mirid_bug_01070.jpg,3. Gray Blight,6. Green mirid bug,True,58,108,0.83441,False,False,False
3. Gray Blight/gray_blight_00546.jpg,7. Healthy leaf/healthy_00129.jpg,3. Gray Blight,7. Healthy leaf,True,56,99,0.88033,False,False,False
3. Gray Blight/gray_blight_00546.jpg,7. Healthy leaf/healthy_00130.jpg,3. Gray Blight,7. Healthy leaf,True,60,97,0.87416,False,False,False
3. Gray Blight/gray_blight_00546.jpg,7. Healthy leaf/healthy_00211.jpg,3. Gray Blight,7. Healthy leaf,True,56,83,0.89713,False,False,False
3. Gray Blight/gray_blight_00546.jpg,7. Healthy leaf/healthy_00773.jpg,3. Gray Blight,7. Healthy leaf,True,62,107,0.89626,False,False,False
3. Gray Blight/gray_blight_00549.jpg,4. Helopeltis/helopeltis_00388.jpg,3. Gray Blight,4. Helopeltis,True,58,107,0.85814,False,False,False
3. Gray Blight/gray_blight_00549.jpg,7. Healthy leaf/healthy_00930.jpg,3. Gray Blight,7. Healthy leaf,True,60,141,0.8637,False,False,False
3. Gray Blight/gray_blight_00554.jpg,3. Gray Blight/gray_blight_00945.jpg,3. Gray Blight,3. Gray Blight,False,52,118,0.88153,False,False,False
3. Gray Blight/gray_blight_00554.jpg,5. Red spider/red_spider_00289.jpg,3. Gray Blight,5. Red spider,True,52,78,0.87357,False,False,False
3. Gray Blight/gray_blight_00554.jpg,5. Red spider/red_spider_00340.jpg,3. Gray Blight,5. Red spider,True,60,82,0.89105,False,False,False
3. Gray Blight/gray_blight_00554.jpg,6. Green mirid bug/green_mirid_bug_00234.jpg,3. Gray Blight,6. Green mirid bug,True,58,108,0.88151,False,False,False
3. Gray Blight/gray_blight_00555.jpg,6. Green mirid bug/green_mirid_bug_00426.jpg,3. Gray Blight,6. Green mirid bug,True,58,71,0.88899,False,False,False
3. Gray Blight/gray_blight_00555.jpg,7. Healthy leaf/healthy_00247.jpg,3. Gray Blight,7. Healthy leaf,True,60,73,0.89805,False,False,False
3. Gray Blight/gray_blight_00557.jpg,6. Green mirid bug/green_mirid_bug_01274.jpg,3. Gray Blight,6. Green mirid bug,True,60,95,0.8211,False,False,False
3. Gray Blight/gray_blight_00558.jpg,6. Green mirid bug/green_mirid_bug_01016.jpg,3. Gray Blight,6. Green mirid bug,True,58,66,0.87277,False,False,False
3. Gray Blight/gray_blight_00559.jpg,5. Red spider/red_spider_00035.jpg,3. Gray Blight,5. Red spider,True,58,82,0.8466,False,False,False
3. Gray Blight/gray_blight_00559.jpg,6. Green mirid bug/green_mirid_bug_01244.jpg,3. Gray Blight,6. Green mirid bug,True,62,103,0.81512,False,False,False
3. Gray Blight/gray_blight_00559.jpg,7. Healthy leaf/healthy_00707.jpg,3. Gray Blight,7. Healthy leaf,True,62,130,0.84001,False,False,False
3. Gray Blight/gray_blight_00559.jpg,7. Healthy leaf/healthy_00717.jpg,3. Gray Blight,7. Healthy leaf,True,64,76,0.86142,False,False,False
3. Gray Blight/gray_blight_00565.jpg,7. Healthy leaf/healthy_00498.jpg,3. Gray Blight,7. Healthy leaf,True,64,68,0.80328,False,False,False
3. Gray Blight/gray_blight_00566.jpg,5. Red spider/red_spider_00283.jpg,3. Gray Blight,5. Red spider,True,64,77,0.7873,False,False,False
3. Gray Blight/gray_blight_00571.jpg,6. Green mirid bug/green_mirid_bug_00911.jpg,3. Gray Blight,6. Green mirid bug,True,60,100,0.81704,False,False,False
3. Gray Blight/gray_blight_00583.jpg,7. Healthy leaf/healthy_00789.jpg,3. Gray Blight,7. Healthy leaf,True,62,117,0.83994,False,False,False
3. Gray Blight/gray_blight_00587.jpg,6. Green mirid bug/green_mirid_bug_00030.jpg,3. Gray Blight,6. Green mirid bug,True,62,86,0.81244,False,False,False
3. Gray Blight/gray_blight_00587.jpg,6. Green mirid bug/green_mirid_bug_00285.jpg,3. Gray Blight,6. Green mirid bug,True,62,85,0.81118,False,False,False
3. Gray Blight/gray_blight_00594.jpg,3. Gray Blight/gray_blight_00743.jpg,3. Gray Blight,3. Gray Blight,False,60,67,0.84197,False,False,False
3. Gray Blight/gray_blight_00594.jpg,6. Green mirid bug/green_mirid_bug_01266.jpg,3. Gray Blight,6. Green mirid bug,True,60,110,0.84304,False,False,False
3. Gray Blight/gray_blight_00597.jpg,7. Healthy leaf/healthy_00629.jpg,3. Gray Blight,7. Healthy leaf,True,64,64,0.82015,False,False,False
3. Gray Blight/gray_blight_00600.jpg,4. Helopeltis/helopeltis_00330.jpg,3. Gray Blight,4. Helopeltis,True,44,85,0.8359,False,False,False
3. Gray Blight/gray_blight_00600.jpg,4. Helopeltis/helopeltis_00355.jpg,3. Gray Blight,4. Helopeltis,True,64,110,0.83035,False,False,False
3. Gray Blight/gray_blight_00600.jpg,4. Helopeltis/helopeltis_00570.jpg,3. Gray Blight,4. Helopeltis,True,58,106,0.84284,False,False,False
3. Gray Blight/gray_blight_00600.jpg,5. Red spider/red_spider_00385.jpg,3. Gray Blight,5. Red spider,True,54,88,0.82782,False,False,False
3. Gray Blight/gray_blight_00600.jpg,7. Healthy leaf/healthy_00529.jpg,3. Gray Blight,7. Healthy leaf,True,62,86,0.83371,False,False,False
3. Gray Blight/gray_blight_00601.jpg,3. Gray Blight/gray_blight_00701.jpg,3. Gray Blight,3. Gray Blight,False,62,82,0.8479,False,False,False
3. Gray Blight/gray_blight_00601.jpg,3. Gray Blight/gray_blight_00956.jpg,3. Gray Blight,3. Gray Blight,False,60,104,0.8464,False,False,False
3. Gray Blight/gray_blight_00601.jpg,3. Gray Blight/gray_blight_00957.jpg,3. Gray Blight,3. Gray Blight,False,58,95,0.85843,False,False,False
3. Gray Blight/gray_blight_00601.jpg,5. Red spider/red_spider_00452.jpg,3. Gray Blight,5. Red spider,True,60,88,0.84082,False,False,False
3. Gray Blight/gray_blight_00601.jpg,7. Healthy leaf/healthy_00146.jpg,3. Gray Blight,7. Healthy leaf,True,58,104,0.84499,False,False,False
3. Gray Blight/gray_blight_00614.jpg,4. Helopeltis/helopeltis_00569.jpg,3. Gray Blight,4. Helopeltis,True,64,99,0.81483,False,False,False
3. Gray Blight/gray_blight_00619.jpg,5. Red spider/red_spider_00014.jpg,3. Gray Blight,5. Red spider,True,58,88,0.74167,False,False,False
3. Gray Blight/gray_blight_00620.jpg,7. Healthy leaf/healthy_00234.jpg,3. Gray Blight,7. Healthy leaf,True,62,92,0.81372,False,False,False
3. Gray Blight/gray_blight_00626.jpg,6. Green mirid bug/green_mirid_bug_00330.jpg,3. Gray Blight,6. Green mirid bug,True,64,84,0.77275,False,False,False
3. Gray Blight/gray_blight_00631.jpg,7. Healthy leaf/healthy_00741.jpg,3. Gray Blight,7. Healthy leaf,True,64,116,0.73971,False,False,False
3. Gray Blight/gray_blight_00634.jpg,6. Green mirid bug/green_mirid_bug_00971.jpg,3. Gray Blight,6. Green mirid bug,True,60,101,0.84312,False,False,False
3. Gray Blight/gray_blight_00634.jpg,7. Healthy leaf/healthy_00013.jpg,3. Gray Blight,7. Healthy leaf,True,58,93,0.84288,False,False,False
3. Gray Blight/gray_blight_00636.jpg,5. Red spider/red_spider_00494.jpg,3. Gray Blight,5. Red spider,True,62,70,0.7314,False,False,False
3. Gray Blight/gray_blight_00637.jpg,7. Healthy leaf/healthy_00392.jpg,3. Gray Blight,7. Healthy leaf,True,58,88,0.77339,False,False,False
3. Gray Blight/gray_blight_00638.jpg,7. Healthy leaf/healthy_00064.jpg,3. Gray Blight,7. Healthy leaf,True,62,88,0.80949,False,False,False
3. Gray Blight/gray_blight_00646.jpg,3. Gray Blight/gray_blight_00767.jpg,3. Gray Blight,3. Gray Blight,False,62,81,0.7498,False,False,False
3. Gray Blight/gray_blight_00646.jpg,4. Helopeltis/helopeltis_00464.jpg,3. Gray Blight,4. Helopeltis,True,64,102,0.76727,False,False,False
3. Gray Blight/gray_blight_00648.jpg,6. Green mirid bug/green_mirid_bug_00235.jpg,3. Gray Blight,6. Green mirid bug,True,62,100,0.8428,False,False,False
3. Gray Blight/gray_blight_00665.jpg,4. Helopeltis/helopeltis_00229.jpg,3. Gray Blight,4. Helopeltis,True,60,101,0.8389,False,False,False
3. Gray Blight/gray_blight_00667.jpg,5. Red spider/red_spider_00109.jpg,3. Gray Blight,5. Red spider,True,64,89,0.8321,False,False,False
3. Gray Blight/gray_blight_00667.jpg,6. Green mirid bug/green_mirid_bug_00018.jpg,3. Gray Blight,6. Green mirid bug,True,58,86,0.84109,False,False,False
3. Gray Blight/gray_blight_00667.jpg,6. Green mirid bug/green_mirid_bug_00019.jpg,3. Gray Blight,6. Green mirid bug,True,64,87,0.84152,False,False,False
3. Gray Blight/gray_blight_00678.jpg,4. Helopeltis/helopeltis_00569.jpg,3. Gray Blight,4. Helopeltis,True,62,109,0.81895,False,False,False
3. Gray Blight/gray_blight_00678.jpg,6. Green mirid bug/green_mirid_bug_00839.jpg,3. Gray Blight,6. Green mirid bug,True,64,152,0.80595,False,False,False
3. Gray Blight/gray_blight_00689.jpg,5. Red spider/red_spider_00286.jpg,3. Gray Blight,5. Red spider,True,52,96,0.79459,False,False,False
3. Gray Blight/gray_blight_00690.jpg,6. Green mirid bug/green_mirid_bug_01147.jpg,3. Gray Blight,6. Green mirid bug,True,62,120,0.82812,False,False,False
3. Gray Blight/gray_blight_00691.jpg,6. Green mirid bug/green_mirid_bug_00282.jpg,3. Gray Blight,6. Green mirid bug,True,52,87,0.82181,False,False,False
3. Gray Blight/gray_blight_00692.jpg,4. Helopeltis/helopeltis_00443.jpg,3. Gray Blight,4. Helopeltis,True,60,119,0.83844,False,False,False
3. Gray Blight/gray_blight_00693.jpg,6. Green mirid bug/green_mirid_bug_01246.jpg,3. Gray Blight,6. Green mirid bug,True,64,81,0.84104,False,False,False
3. Gray Blight/gray_blight_00699.jpg,7. Healthy leaf/healthy_00876.jpg,3. Gray Blight,7. Healthy leaf,True,60,48,0.84001,False,False,False
3. Gray Blight/gray_blight_00700.jpg,6. Green mirid bug/green_mirid_bug_01194.jpg,3. Gray Blight,6. Green mirid bug,True,64,61,0.7824,False,False,False
3. Gray Blight/gray_blight_00704.jpg,5. Red spider/red_spider_00156.jpg,3. Gray Blight,5. Red spider,True,64,116,0.7846,False,False,False
3. Gray Blight/gray_blight_00704.jpg,5. Red spider/red_spider_00494.jpg,3. Gray Blight,5. Red spider,True,54,125,0.79664,False,False,False
3. Gray Blight/gray_blight_00704.jpg,7. Healthy leaf/healthy_00660.jpg,3. Gray Blight,7. Healthy leaf,True,62,87,0.81072,False,False,False
3. Gray Blight/gray_blight_00714.jpg,6. Green mirid bug/green_mirid_bug_00572.jpg,3. Gray Blight,6. Green mirid bug,True,62,114,0.82233,False,False,False
3. Gray Blight/gray_blight_00714.jpg,7. Healthy leaf/healthy_00009.jpg,3. Gray Blight,7. Healthy leaf,True,52,91,0.84584,False,False,False
3. Gray Blight/gray_blight_00715.jpg,7. Healthy leaf/healthy_00220.jpg,3. Gray Blight,7. Healthy leaf,True,64,113,0.81795,False,False,False
3. Gray Blight/gray_blight_00718.jpg,3. Gray Blight/gray_blight_00719.jpg,3. Gray Blight,3. Gray Blight,False,64,79,0.81262,False,False,False
3. Gray Blight/gray_blight_00719.jpg,7. Healthy leaf/healthy_00728.jpg,3. Gray Blight,7. Healthy leaf,True,56,115,0.85538,False,False,False
3. Gray Blight/gray_blight_00722.jpg,6. Green mirid bug/green_mirid_bug_00311.jpg,3. Gray Blight,6. Green mirid bug,True,64,93,0.79469,False,False,False
3. Gray Blight/gray_blight_00723.jpg,3. Gray Blight/gray_blight_00935.jpg,3. Gray Blight,3. Gray Blight,False,58,99,0.78664,False,False,False
3. Gray Blight/gray_blight_00723.jpg,6. Green mirid bug/green_mirid_bug_00371.jpg,3. Gray Blight,6. Green mirid bug,True,64,85,0.83189,False,False,False
3. Gray Blight/gray_blight_00723.jpg,7. Healthy leaf/healthy_00785.jpg,3. Gray Blight,7. Healthy leaf,True,58,98,0.79974,False,False,False
3. Gray Blight/gray_blight_00724.jpg,5. Red spider/red_spider_00459.jpg,3. Gray Blight,5. Red spider,True,64,115,0.76985,False,False,False
3. Gray Blight/gray_blight_00726.jpg,4. Helopeltis/helopeltis_00439.jpg,3. Gray Blight,4. Helopeltis,True,64,114,0.81349,False,False,False
3. Gray Blight/gray_blight_00726.jpg,5. Red spider/red_spider_00374.jpg,3. Gray Blight,5. Red spider,True,56,89,0.73912,False,False,False
3. Gray Blight/gray_blight_00726.jpg,7. Healthy leaf/healthy_00916.jpg,3. Gray Blight,7. Healthy leaf,True,62,107,0.81564,False,False,False
3. Gray Blight/gray_blight_00731.jpg,3. Gray Blight/gray_blight_00812.jpg,3. Gray Blight,3. Gray Blight,False,64,83,0.7454,False,False,False
3. Gray Blight/gray_blight_00739.jpg,4. Helopeltis/helopeltis_00024.jpg,3. Gray Blight,4. Helopeltis,True,60,85,0.86363,False,False,False
3. Gray Blight/gray_blight_00739.jpg,5. Red spider/red_spider_00065.jpg,3. Gray Blight,5. Red spider,True,58,91,0.86824,False,False,False
3. Gray Blight/gray_blight_00739.jpg,5. Red spider/red_spider_00071.jpg,3. Gray Blight,5. Red spider,True,62,91,0.86858,False,False,False
3. Gray Blight/gray_blight_00739.jpg,5. Red spider/red_spider_00249.jpg,3. Gray Blight,5. Red spider,True,46,90,0.86965,False,False,False
3. Gray Blight/gray_blight_00739.jpg,7. Healthy leaf/healthy_00273.jpg,3. Gray Blight,7. Healthy leaf,True,60,89,0.87584,False,False,False
3. Gray Blight/gray_blight_00740.jpg,5. Red spider/red_spider_00128.jpg,3. Gray Blight,5. Red spider,True,60,99,0.8622,False,False,False
3. Gray Blight/gray_blight_00743.jpg,5. Red spider/red_spider_00430.jpg,3. Gray Blight,5. Red spider,True,48,47,0.88829,False,False,False
3. Gray Blight/gray_blight_00743.jpg,7. Healthy leaf/healthy_00695.jpg,3. Gray Blight,7. Healthy leaf,True,60,83,0.85984,False,False,False
3. Gray Blight/gray_blight_00744.jpg,5. Red spider/red_spider_00509.jpg,3. Gray Blight,5. Red spider,True,62,98,0.82504,False,False,False
3. Gray Blight/gray_blight_00745.jpg,5. Red spider/red_spider_00044.jpg,3. Gray Blight,5. Red spider,True,62,93,0.78064,False,False,False
3. Gray Blight/gray_blight_00747.jpg,4. Helopeltis/helopeltis_00446.jpg,3. Gray Blight,4. Helopeltis,True,60,107,0.81891,False,False,False
3. Gray Blight/gray_blight_00750.jpg,7. Healthy leaf/healthy_00454.jpg,3. Gray Blight,7. Healthy leaf,True,58,85,0.75409,False,False,False
3. Gray Blight/gray_blight_00750.jpg,7. Healthy leaf/healthy_00855.jpg,3. Gray Blight,7. Healthy leaf,True,62,94,0.74949,False,False,False
3. Gray Blight/gray_blight_00752.jpg,4. Helopeltis/helopeltis_00545.jpg,3. Gray Blight,4. Helopeltis,True,60,117,0.79137,False,False,False
3. Gray Blight/gray_blight_00752.jpg,5. Red spider/red_spider_00248.jpg,3. Gray Blight,5. Red spider,True,54,106,0.8193,False,False,False
3. Gray Blight/gray_blight_00752.jpg,6. Green mirid bug/green_mirid_bug_00488.jpg,3. Gray Blight,6. Green mirid bug,True,64,88,0.7967,False,False,False
3. Gray Blight/gray_blight_00756.jpg,7. Healthy leaf/healthy_00660.jpg,3. Gray Blight,7. Healthy leaf,True,62,65,0.84073,False,False,False
3. Gray Blight/gray_blight_00757.jpg,7. Healthy leaf/healthy_00660.jpg,3. Gray Blight,7. Healthy leaf,True,60,85,0.83614,False,False,False
3. Gray Blight/gray_blight_00761.jpg,6. Green mirid bug/green_mirid_bug_00778.jpg,3. Gray Blight,6. Green mirid bug,True,62,115,0.85407,False,False,False
3. Gray Blight/gray_blight_00762.jpg,7. Healthy leaf/healthy_00692.jpg,3. Gray Blight,7. Healthy leaf,True,62,109,0.79221,False,False,False
3. Gray Blight/gray_blight_00770.jpg,6. Green mirid bug/green_mirid_bug_01185.jpg,3. Gray Blight,6. Green mirid bug,True,64,110,0.83589,False,False,False
3. Gray Blight/gray_blight_00770.jpg,6. Green mirid bug/green_mirid_bug_01232.jpg,3. Gray Blight,6. Green mirid bug,True,56,94,0.83619,False,False,False
3. Gray Blight/gray_blight_00770.jpg,7. Healthy leaf/healthy_00710.jpg,3. Gray Blight,7. Healthy leaf,True,58,90,0.81004,False,False,False
3. Gray Blight/gray_blight_00772.jpg,6. Green mirid bug/green_mirid_bug_00846.jpg,3. Gray Blight,6. Green mirid bug,True,64,118,0.79506,False,False,False
3. Gray Blight/gray_blight_00772.jpg,7. Healthy leaf/healthy_00696.jpg,3. Gray Blight,7. Healthy leaf,True,58,85,0.8438,False,False,False
3. Gray Blight/gray_blight_00773.jpg,6. Green mirid bug/green_mirid_bug_00945.jpg,3. Gray Blight,6. Green mirid bug,True,64,109,0.82109,False,False,False
3. Gray Blight/gray_blight_00781.jpg,6. Green mirid bug/green_mirid_bug_00365.jpg,3. Gray Blight,6. Green mirid bug,True,64,103,0.83123,False,False,False
3. Gray Blight/gray_blight_00781.jpg,6. Green mirid bug/green_mirid_bug_01239.jpg,3. Gray Blight,6. Green mirid bug,True,58,91,0.83453,False,False,False
3. Gray Blight/gray_blight_00785.jpg,6. Green mirid bug/green_mirid_bug_01114.jpg,3. Gray Blight,6. Green mirid bug,True,62,118,0.84182,False,False,False
3. Gray Blight/gray_blight_00787.jpg,5. Red spider/red_spider_00408.jpg,3. Gray Blight,5. Red spider,True,64,84,0.71897,False,False,False
3. Gray Blight/gray_blight_00790.jpg,6. Green mirid bug/green_mirid_bug_00647.jpg,3. Gray Blight,6. Green mirid bug,True,52,102,0.85596,False,False,False
3. Gray Blight/gray_blight_00790.jpg,6. Green mirid bug/green_mirid_bug_00648.jpg,3. Gray Blight,6. Green mirid bug,True,60,106,0.86048,False,False,False
3. Gray Blight/gray_blight_00791.jpg,5. Red spider/red_spider_00241.jpg,3. Gray Blight,5. Red spider,True,64,76,0.86835,False,False,False
3. Gray Blight/gray_blight_00793.jpg,7. Healthy leaf/healthy_00448.jpg,3. Gray Blight,7. Healthy leaf,True,62,93,0.77696,False,False,False
3. Gray Blight/gray_blight_00799.jpg,6. Green mirid bug/green_mirid_bug_00967.jpg,3. Gray Blight,6. Green mirid bug,True,62,111,0.79082,False,False,False
3. Gray Blight/gray_blight_00816.jpg,3. Gray Blight/gray_blight_00835.jpg,3. Gray Blight,3. Gray Blight,False,46,70,0.78339,False,False,False
3. Gray Blight/gray_blight_00819.jpg,3. Gray Blight/gray_blight_00820.jpg,3. Gray Blight,3. Gray Blight,False,60,88,0.78623,False,False,False
3. Gray Blight/gray_blight_00820.jpg,3. Gray Blight/gray_blight_01004.jpg,3. Gray Blight,3. Gray Blight,False,60,101,0.80121,False,False,False
3. Gray Blight/gray_blight_00824.jpg,4. Helopeltis/helopeltis_00570.jpg,3. Gray Blight,4. Helopeltis,True,58,73,0.85421,False,False,False
3. Gray Blight/gray_blight_00824.jpg,7. Healthy leaf/healthy_00536.jpg,3. Gray Blight,7. Healthy leaf,True,64,88,0.83117,False,False,False
3. Gray Blight/gray_blight_00827.jpg,5. Red spider/red_spider_00187.jpg,3. Gray Blight,5. Red spider,True,64,82,0.82559,False,False,False
3. Gray Blight/gray_blight_00827.jpg,7. Healthy leaf/healthy_00877.jpg,3. Gray Blight,7. Healthy leaf,True,60,100,0.84221,False,False,False
3. Gray Blight/gray_blight_00837.jpg,4. Helopeltis/helopeltis_00501.jpg,3. Gray Blight,4. Helopeltis,True,50,102,0.86109,False,False,False
3. Gray Blight/gray_blight_00837.jpg,6. Green mirid bug/green_mirid_bug_01239.jpg,3. Gray Blight,6. Green mirid bug,True,62,107,0.84966,False,False,False
3. Gray Blight/gray_blight_00845.jpg,7. Healthy leaf/healthy_00399.jpg,3. Gray Blight,7. Healthy leaf,True,64,132,0.87771,False,False,False
3. Gray Blight/gray_blight_00863.jpg,5. Red spider/red_spider_00464.jpg,3. Gray Blight,5. Red spider,True,56,41,0.8862,False,False,False
3. Gray Blight/gray_blight_00864.jpg,3. Gray Blight/gray_blight_00866.jpg,3. Gray Blight,3. Gray Blight,False,52,51,0.88941,False,False,False
3. Gray Blight/gray_blight_00866.jpg,5. Red spider/red_spider_00492.jpg,3. Gray Blight,5. Red spider,True,54,46,0.89402,False,False,False
3. Gray Blight/gray_blight_00866.jpg,6. Green mirid bug/green_mirid_bug_01009.jpg,3. Gray Blight,6. Green mirid bug,True,62,56,0.8591,False,False,False
3. Gray Blight/gray_blight_00871.jpg,6. Green mirid bug/green_mirid_bug_00879.jpg,3. Gray Blight,6. Green mirid bug,True,62,62,0.88195,False,False,False
3. Gray Blight/gray_blight_00871.jpg,7. Healthy leaf/healthy_00717.jpg,3. Gray Blight,7. Healthy leaf,True,60,108,0.86916,False,False,False
3. Gray Blight/gray_blight_00873.jpg,3. Gray Blight/gray_blight_00874.jpg,3. Gray Blight,3. Gray Blight,False,60,45,0.88809,False,False,False
3. Gray Blight/gray_blight_00874.jpg,4. Helopeltis/helopeltis_00174.jpg,3. Gray Blight,4. Helopeltis,True,64,99,0.87052,False,False,False
3. Gray Blight/gray_blight_00880.jpg,5. Red spider/red_spider_00069.jpg,3. Gray Blight,5. Red spider,True,64,99,0.88318,False,False,False
3. Gray Blight/gray_blight_00880.jpg,5. Red spider/red_spider_00221.jpg,3. Gray Blight,5. Red spider,True,64,71,0.85941,False,False,False
3. Gray Blight/gray_blight_00881.jpg,5. Red spider/red_spider_00510.jpg,3. Gray Blight,5. Red spider,True,58,62,0.86464,False,False,False
3. Gray Blight/gray_blight_00881.jpg,6. Green mirid bug/green_mirid_bug_00486.jpg,3. Gray Blight,6. Green mirid bug,True,64,114,0.84144,False,False,False
3. Gray Blight/gray_blight_00881.jpg,6. Green mirid bug/green_mirid_bug_00487.jpg,3. Gray Blight,6. Green mirid bug,True,54,122,0.84498,False,False,False
3. Gray Blight/gray_blight_00881.jpg,6. Green mirid bug/green_mirid_bug_00488.jpg,3. Gray Blight,6. Green mirid bug,True,48,118,0.848,False,False,False
3. Gray Blight/gray_blight_00889.jpg,3. Gray Blight/gray_blight_00890.jpg,3. Gray Blight,3. Gray Blight,False,46,44,0.70487,False,False,False
3. Gray Blight/gray_blight_00897.jpg,6. Green mirid bug/green_mirid_bug_00984.jpg,3. Gray Blight,6. Green mirid bug,True,62,92,0.78793,False,False,False
3. Gray Blight/gray_blight_00900.jpg,6. Green mirid bug/green_mirid_bug_00779.jpg,3. Gray Blight,6. Green mirid bug,True,64,108,0.82188,False,False,False
3. Gray Blight/gray_blight_00905.jpg,5. Red spider/red_spider_00231.jpg,3. Gray Blight,5. Red spider,True,64,122,0.76581,False,False,False
3. Gray Blight/gray_blight_00905.jpg,5. Red spider/red_spider_00377.jpg,3. Gray Blight,5. Red spider,True,62,103,0.8351,False,False,False
3. Gray Blight/gray_blight_00907.jpg,6. Green mirid bug/green_mirid_bug_00984.jpg,3. Gray Blight,6. Green mirid bug,True,62,64,0.79962,False,False,False
3. Gray Blight/gray_blight_00918.jpg,7. Healthy leaf/healthy_00433.jpg,3. Gray Blight,7. Healthy leaf,True,52,83,0.7217,False,False,False
3. Gray Blight/gray_blight_00930.jpg,3. Gray Blight/gray_blight_01007.jpg,3. Gray Blight,3. Gray Blight,False,58,95,0.80388,False,False,False
3. Gray Blight/gray_blight_00930.jpg,6. Green mirid bug/green_mirid_bug_00500.jpg,3. Gray Blight,6. Green mirid bug,True,58,60,0.80246,False,False,False
3. Gray Blight/gray_blight_00934.jpg,6. Green mirid bug/green_mirid_bug_00958.jpg,3. Gray Blight,6. Green mirid bug,True,52,79,0.83566,False,False,False
3. Gray Blight/gray_blight_00934.jpg,7. Healthy leaf/healthy_00520.jpg,3. Gray Blight,7. Healthy leaf,True,60,113,0.79262,False,False,False
3. Gray Blight/gray_blight_00934.jpg,7. Healthy leaf/healthy_00905.jpg,3. Gray Blight,7. Healthy leaf,True,62,89,0.82482,False,False,False
3. Gray Blight/gray_blight_00943.jpg,4. Helopeltis/helopeltis_00497.jpg,3. Gray Blight,4. Helopeltis,True,60,58,0.87818,False,False,False
3. Gray Blight/gray_blight_00944.jpg,4. Helopeltis/helopeltis_00382.jpg,3. Gray Blight,4. Helopeltis,True,56,65,0.89658,False,False,False
3. Gray Blight/gray_blight_00944.jpg,4. Helopeltis/helopeltis_00488.jpg,3. Gray Blight,4. Helopeltis,True,62,82,0.86976,False,False,False
3. Gray Blight/gray_blight_00944.jpg,4. Helopeltis/helopeltis_00547.jpg,3. Gray Blight,4. Helopeltis,True,60,84,0.88243,False,False,False
3. Gray Blight/gray_blight_00944.jpg,4. Helopeltis/helopeltis_00548.jpg,3. Gray Blight,4. Helopeltis,True,62,80,0.88147,False,False,False
3. Gray Blight/gray_blight_00944.jpg,5. Red spider/red_spider_00034.jpg,3. Gray Blight,5. Red spider,True,64,110,0.8729,False,False,False
3. Gray Blight/gray_blight_00944.jpg,5. Red spider/red_spider_00476.jpg,3. Gray Blight,5. Red spider,True,54,68,0.89187,False,False,False
3. Gray Blight/gray_blight_00944.jpg,5. Red spider/red_spider_00484.jpg,3. Gray Blight,5. Red spider,True,56,60,0.89853,False,False,False
3. Gray Blight/gray_blight_00944.jpg,6. Green mirid bug/green_mirid_bug_00162.jpg,3. Gray Blight,6. Green mirid bug,True,60,87,0.89941,False,False,False
3. Gray Blight/gray_blight_00944.jpg,6. Green mirid bug/green_mirid_bug_00593.jpg,3. Gray Blight,6. Green mirid bug,True,56,83,0.88744,False,False,False
3. Gray Blight/gray_blight_00944.jpg,6. Green mirid bug/green_mirid_bug_00899.jpg,3. Gray Blight,6. Green mirid bug,True,64,70,0.88718,False,False,False
3. Gray Blight/gray_blight_00944.jpg,7. Healthy leaf/healthy_00251.jpg,3. Gray Blight,7. Healthy leaf,True,64,88,0.88231,False,False,False
3. Gray Blight/gray_blight_00944.jpg,7. Healthy leaf/healthy_00283.jpg,3. Gray Blight,7. Healthy leaf,True,64,98,0.89473,False,False,False
3. Gray Blight/gray_blight_00944.jpg,7. Healthy leaf/healthy_00930.jpg,3. Gray Blight,7. Healthy leaf,True,44,90,0.89756,False,False,False
3. Gray Blight/gray_blight_00945.jpg,4. Helopeltis/helopeltis_00149.jpg,3. Gray Blight,4. Helopeltis,True,62,92,0.86004,False,False,False
3. Gray Blight/gray_blight_00945.jpg,4. Helopeltis/helopeltis_00325.jpg,3. Gray Blight,4. Helopeltis,True,62,103,0.91442,False,False,False
3. Gray Blight/gray_blight_00945.jpg,4. Helopeltis/helopeltis_00382.jpg,3. Gray Blight,4. Helopeltis,True,64,56,0.89998,False,False,False
3. Gray Blight/gray_blight_00945.jpg,4. Helopeltis/helopeltis_00397.jpg,3. Gray Blight,4. Helopeltis,True,58,50,0.90611,False,False,False
3. Gray Blight/gray_blight_00945.jpg,4. Helopeltis/helopeltis_00398.jpg,3. Gray Blight,4. Helopeltis,True,60,52,0.90518,False,False,False
3. Gray Blight/gray_blight_00945.jpg,4. Helopeltis/helopeltis_00404.jpg,3. Gray Blight,4. Helopeltis,True,60,41,0.90175,False,True,False
3. Gray Blight/gray_blight_00945.jpg,5. Red spider/red_spider_00124.jpg,3. Gray Blight,5. Red spider,True,58,71,0.88557,False,False,False
3. Gray Blight/gray_blight_00945.jpg,6. Green mirid bug/green_mirid_bug_00107.jpg,3. Gray Blight,6. Green mirid bug,True,60,98,0.90849,False,False,False
3. Gray Blight/gray_blight_00945.jpg,6. Green mirid bug/green_mirid_bug_00162.jpg,3. Gray Blight,6. Green mirid bug,True,54,94,0.89597,False,False,False
3. Gray Blight/gray_blight_00945.jpg,6. Green mirid bug/green_mirid_bug_00234.jpg,3. Gray Blight,6. Green mirid bug,True,54,90,0.89869,False,False,False
3. Gray Blight/gray_blight_00945.jpg,6. Green mirid bug/green_mirid_bug_00365.jpg,3. Gray Blight,6. Green mirid bug,True,56,95,0.91079,False,False,False
3. Gray Blight/gray_blight_00945.jpg,6. Green mirid bug/green_mirid_bug_00593.jpg,3. Gray Blight,6. Green mirid bug,True,60,86,0.88979,False,False,False
3. Gray Blight/gray_blight_00945.jpg,6. Green mirid bug/green_mirid_bug_00807.jpg,3. Gray Blight,6. Green mirid bug,True,58,56,0.89981,False,False,False
3. Gray Blight/gray_blight_00945.jpg,6. Green mirid bug/green_mirid_bug_01070.jpg,3. Gray Blight,6. Green mirid bug,True,62,75,0.86145,False,False,False
3. Gray Blight/gray_blight_00945.jpg,7. Healthy leaf/healthy_00026.jpg,3. Gray Blight,7. Healthy leaf,True,54,120,0.89037,False,False,False
3. Gray Blight/gray_blight_00945.jpg,7. Healthy leaf/healthy_00277.jpg,3. Gray Blight,7. Healthy leaf,True,56,104,0.90535,False,False,False
3. Gray Blight/gray_blight_00946.jpg,4. Helopeltis/helopeltis_00024.jpg,3. Gray Blight,4. Helopeltis,True,52,137,0.88001,False,False,False
3. Gray Blight/gray_blight_00946.jpg,4. Helopeltis/helopeltis_00190.jpg,3. Gray Blight,4. Helopeltis,True,58,120,0.86772,False,False,False
3. Gray Blight/gray_blight_00946.jpg,4. Helopeltis/helopeltis_00360.jpg,3. Gray Blight,4. Helopeltis,True,62,50,0.87966,False,False,False
3. Gray Blight/gray_blight_00946.jpg,5. Red spider/red_spider_00249.jpg,3. Gray Blight,5. Red spider,True,60,110,0.87653,False,False,False
3. Gray Blight/gray_blight_00946.jpg,6. Green mirid bug/green_mirid_bug_00147.jpg,3. Gray Blight,6. Green mirid bug,True,56,118,0.8851,False,False,False
3. Gray Blight/gray_blight_00946.jpg,6. Green mirid bug/green_mirid_bug_00148.jpg,3. Gray Blight,6. Green mirid bug,True,64,115,0.87989,False,False,False
3. Gray Blight/gray_blight_00946.jpg,6. Green mirid bug/green_mirid_bug_00244.jpg,3. Gray Blight,6. Green mirid bug,True,54,109,0.8761,False,False,False
3. Gray Blight/gray_blight_00946.jpg,6. Green mirid bug/green_mirid_bug_00252.jpg,3. Gray Blight,6. Green mirid bug,True,64,127,0.86479,False,False,False
3. Gray Blight/gray_blight_00946.jpg,6. Green mirid bug/green_mirid_bug_00368.jpg,3. Gray Blight,6. Green mirid bug,True,54,125,0.88482,False,False,False
3. Gray Blight/gray_blight_00946.jpg,6. Green mirid bug/green_mirid_bug_00370.jpg,3. Gray Blight,6. Green mirid bug,True,64,114,0.87995,False,False,False
3. Gray Blight/gray_blight_00946.jpg,7. Healthy leaf/healthy_00268.jpg,3. Gray Blight,7. Healthy leaf,True,62,124,0.86599,False,False,False
3. Gray Blight/gray_blight_00946.jpg,7. Healthy leaf/healthy_00933.jpg,3. Gray Blight,7. Healthy leaf,True,54,70,0.88203,False,False,False
3. Gray Blight/gray_blight_00951.jpg,5. Red spider/red_spider_00256.jpg,3. Gray Blight,5. Red spider,True,56,109,0.84024,False,False,False
3. Gray Blight/gray_blight_00951.jpg,5. Red spider/red_spider_00505.jpg,3. Gray Blight,5. Red spider,True,60,60,0.85892,False,False,False
3. Gray Blight/gray_blight_00952.jpg,3. Gray Blight/gray_blight_00954.jpg,3. Gray Blight,3. Gray Blight,False,58,62,0.80875,False,False,False
3. Gray Blight/gray_blight_00953.jpg,6. Green mirid bug/green_mirid_bug_00753.jpg,3. Gray Blight,6. Green mirid bug,True,62,81,0.82685,False,False,False
3. Gray Blight/gray_blight_00955.jpg,4. Helopeltis/helopeltis_00199.jpg,3. Gray Blight,4. Helopeltis,True,48,91,0.8606,False,False,False
3. Gray Blight/gray_blight_00955.jpg,4. Helopeltis/helopeltis_00368.jpg,3. Gray Blight,4. Helopeltis,True,58,48,0.88215,False,False,False
3. Gray Blight/gray_blight_00955.jpg,5. Red spider/red_spider_00248.jpg,3. Gray Blight,5. Red spider,True,62,90,0.87463,False,False,False
3. Gray Blight/gray_blight_00955.jpg,5. Red spider/red_spider_00490.jpg,3. Gray Blight,5. Red spider,True,62,60,0.87234,False,False,False
3. Gray Blight/gray_blight_00956.jpg,3. Gray Blight/gray_blight_00957.jpg,3. Gray Blight,3. Gray Blight,False,60,51,0.86554,False,False,False
3. Gray Blight/gray_blight_00956.jpg,5. Red spider/red_spider_00320.jpg,3. Gray Blight,5. Red spider,True,58,102,0.84896,False,False,False
3. Gray Blight/gray_blight_00956.jpg,5. Red spider/red_spider_00436.jpg,3. Gray Blight,5. Red spider,True,62,117,0.84496,False,False,False
3. Gray Blight/gray_blight_00956.jpg,6. Green mirid bug/green_mirid_bug_00958.jpg,3. Gray Blight,6. Green mirid bug,True,64,96,0.82984,False,False,False
3. Gray Blight/gray_blight_00956.jpg,7. Healthy leaf/healthy_00751.jpg,3. Gray Blight,7. Healthy leaf,True,56,62,0.85712,False,False,False
3. Gray Blight/gray_blight_00957.jpg,3. Gray Blight/gray_blight_00958.jpg,3. Gray Blight,3. Gray Blight,False,36,49,0.8841,False,False,False
3. Gray Blight/gray_blight_00957.jpg,5. Red spider/red_spider_00179.jpg,3. Gray Blight,5. Red spider,True,60,79,0.87196,False,False,False
3. Gray Blight/gray_blight_00957.jpg,5. Red spider/red_spider_00185.jpg,3. Gray Blight,5. Red spider,True,56,77,0.86847,False,False,False
3. Gray Blight/gray_blight_00957.jpg,5. Red spider/red_spider_00452.jpg,3. Gray Blight,5. Red spider,True,60,131,0.85818,False,False,False
3. Gray Blight/gray_blight_00957.jpg,7. Healthy leaf/healthy_00180.jpg,3. Gray Blight,7. Healthy leaf,True,64,124,0.85701,False,False,False
3. Gray Blight/gray_blight_00957.jpg,7. Healthy leaf/healthy_00637.jpg,3. Gray Blight,7. Healthy leaf,True,60,109,0.86644,False,False,False
3. Gray Blight/gray_blight_00958.jpg,5. Red spider/red_spider_00180.jpg,3. Gray Blight,5. Red spider,True,64,86,0.84846,False,False,False
3. Gray Blight/gray_blight_00958.jpg,7. Healthy leaf/healthy_00637.jpg,3. Gray Blight,7. Healthy leaf,True,58,104,0.84244,False,False,False
3. Gray Blight/gray_blight_00963.jpg,6. Green mirid bug/green_mirid_bug_01048.jpg,3. Gray Blight,6. Green mirid bug,True,54,77,0.84713,False,False,False
3. Gray Blight/gray_blight_00963.jpg,6. Green mirid bug/green_mirid_bug_01049.jpg,3. Gray Blight,6. Green mirid bug,True,44,75,0.84944,False,False,False
3. Gray Blight/gray_blight_00967.jpg,4. Helopeltis/helopeltis_00433.jpg,3. Gray Blight,4. Helopeltis,True,60,68,0.81871,False,False,False
3. Gray Blight/gray_blight_00968.jpg,4. Helopeltis/helopeltis_00434.jpg,3. Gray Blight,4. Helopeltis,True,60,59,0.83475,False,False,False
3. Gray Blight/gray_blight_00969.jpg,5. Red spider/red_spider_00479.jpg,3. Gray Blight,5. Red spider,True,60,67,0.84539,False,False,False
3. Gray Blight/gray_blight_00969.jpg,6. Green mirid bug/green_mirid_bug_01170.jpg,3. Gray Blight,6. Green mirid bug,True,64,62,0.84088,False,False,False
3. Gray Blight/gray_blight_00970.jpg,3. Gray Blight/gray_blight_00971.jpg,3. Gray Blight,3. Gray Blight,False,44,18,0.85496,False,False,False
3. Gray Blight/gray_blight_00975.jpg,6. Green mirid bug/green_mirid_bug_00971.jpg,3. Gray Blight,6. Green mirid bug,True,64,95,0.80637,False,False,False
3. Gray Blight/gray_blight_00977.jpg,6. Green mirid bug/green_mirid_bug_00670.jpg,3. Gray Blight,6. Green mirid bug,True,60,113,0.74294,False,False,False
3. Gray Blight/gray_blight_00978.jpg,3. Gray Blight/gray_blight_00979.jpg,3. Gray Blight,3. Gray Blight,False,36,27,0.90187,False,True,False
3. Gray Blight/gray_blight_00978.jpg,6. Green mirid bug/green_mirid_bug_00866.jpg,3. Gray Blight,6. Green mirid bug,True,52,54,0.87504,False,False,False
3. Gray Blight/gray_blight_00978.jpg,6. Green mirid bug/green_mirid_bug_00917.jpg,3. Gray Blight,6. Green mirid bug,True,64,68,0.87396,False,False,False
3. Gray Blight/gray_blight_00978.jpg,6. Green mirid bug/green_mirid_bug_01047.jpg,3. Gray Blight,6. Green mirid bug,True,64,73,0.85849,False,False,False
3. Gray Blight/gray_blight_00981.jpg,5. Red spider/red_spider_00478.jpg,3. Gray Blight,5. Red spider,True,64,58,0.88035,False,False,False
3. Gray Blight/gray_blight_00981.jpg,6. Green mirid bug/green_mirid_bug_00532.jpg,3. Gray Blight,6. Green mirid bug,True,64,116,0.85733,False,False,False
3. Gray Blight/gray_blight_00981.jpg,6. Green mirid bug/green_mirid_bug_00977.jpg,3. Gray Blight,6. Green mirid bug,True,64,42,0.88142,False,False,False
3. Gray Blight/gray_blight_00982.jpg,4. Helopeltis/helopeltis_00200.jpg,3. Gray Blight,4. Helopeltis,True,60,100,0.79211,False,False,False
3. Gray Blight/gray_blight_00982.jpg,5. Red spider/red_spider_00298.jpg,3. Gray Blight,5. Red spider,True,64,114,0.79979,False,False,False
3. Gray Blight/gray_blight_00982.jpg,6. Green mirid bug/green_mirid_bug_00846.jpg,3. Gray Blight,6. Green mirid bug,True,50,94,0.81109,False,False,False
3. Gray Blight/gray_blight_00982.jpg,7. Healthy leaf/healthy_00467.jpg,3. Gray Blight,7. Healthy leaf,True,60,119,0.76783,False,False,False
3. Gray Blight/gray_blight_00987.jpg,4. Helopeltis/helopeltis_00434.jpg,3. Gray Blight,4. Helopeltis,True,64,58,0.81903,False,False,False
3. Gray Blight/gray_blight_00988.jpg,4. Helopeltis/helopeltis_00434.jpg,3. Gray Blight,4. Helopeltis,True,62,50,0.82491,False,False,False
3. Gray Blight/gray_blight_00988.jpg,6. Green mirid bug/green_mirid_bug_01055.jpg,3. Gray Blight,6. Green mirid bug,True,52,59,0.82124,False,False,False
3. Gray Blight/gray_blight_00989.jpg,5. Red spider/red_spider_00126.jpg,3. Gray Blight,5. Red spider,True,52,128,0.81775,False,False,False
3. Gray Blight/gray_blight_00989.jpg,6. Green mirid bug/green_mirid_bug_00311.jpg,3. Gray Blight,6. Green mirid bug,True,56,107,0.84919,False,False,False
3. Gray Blight/gray_blight_00989.jpg,6. Green mirid bug/green_mirid_bug_00541.jpg,3. Gray Blight,6. Green mirid bug,True,64,93,0.84514,False,False,False
3. Gray Blight/gray_blight_00989.jpg,6. Green mirid bug/green_mirid_bug_00932.jpg,3. Gray Blight,6. Green mirid bug,True,62,86,0.83397,False,False,False
3. Gray Blight/gray_blight_00989.jpg,7. Healthy leaf/healthy_00054.jpg,3. Gray Blight,7. Healthy leaf,True,62,125,0.83402,False,False,False
3. Gray Blight/gray_blight_00989.jpg,7. Healthy leaf/healthy_00133.jpg,3. Gray Blight,7. Healthy leaf,True,60,134,0.84231,False,False,False
3. Gray Blight/gray_blight_00989.jpg,7. Healthy leaf/healthy_00614.jpg,3. Gray Blight,7. Healthy leaf,True,58,114,0.81613,False,False,False
3. Gray Blight/gray_blight_00989.jpg,7. Healthy leaf/healthy_00632.jpg,3. Gray Blight,7. Healthy leaf,True,64,106,0.83904,False,False,False
3. Gray Blight/gray_blight_00989.jpg,7. Healthy leaf/healthy_00729.jpg,3. Gray Blight,7. Healthy leaf,True,48,75,0.83547,False,False,False
3. Gray Blight/gray_blight_00989.jpg,7. Healthy leaf/healthy_00759.jpg,3. Gray Blight,7. Healthy leaf,True,56,68,0.85076,False,False,False
3. Gray Blight/gray_blight_00989.jpg,7. Healthy leaf/healthy_00913.jpg,3. Gray Blight,7. Healthy leaf,True,64,61,0.84683,False,False,False
3. Gray Blight/gray_blight_00990.jpg,5. Red spider/red_spider_00202.jpg,3. Gray Blight,5. Red spider,True,64,87,0.82107,False,False,False
3. Gray Blight/gray_blight_00990.jpg,7. Healthy leaf/healthy_00863.jpg,3. Gray Blight,7. Healthy leaf,True,54,87,0.82826,False,False,False
3. Gray Blight/gray_blight_00992.jpg,6. Green mirid bug/green_mirid_bug_01262.jpg,3. Gray Blight,6. Green mirid bug,True,60,80,0.81035,False,False,False
3. Gray Blight/gray_blight_00993.jpg,5. Red spider/red_spider_00049.jpg,3. Gray Blight,5. Red spider,True,60,113,0.86695,False,False,False
3. Gray Blight/gray_blight_00993.jpg,5. Red spider/red_spider_00478.jpg,3. Gray Blight,5. Red spider,True,52,33,0.91673,False,True,False
3. Gray Blight/gray_blight_00993.jpg,6. Green mirid bug/green_mirid_bug_00964.jpg,3. Gray Blight,6. Green mirid bug,True,54,64,0.87998,False,False,False
3. Gray Blight/gray_blight_00993.jpg,6. Green mirid bug/green_mirid_bug_00976.jpg,3. Gray Blight,6. Green mirid bug,True,62,65,0.88705,False,False,False
3. Gray Blight/gray_blight_00993.jpg,6. Green mirid bug/green_mirid_bug_01005.jpg,3. Gray Blight,6. Green mirid bug,True,62,50,0.89549,False,False,False
3. Gray Blight/gray_blight_00994.jpg,7. Healthy leaf/healthy_00388.jpg,3. Gray Blight,7. Healthy leaf,True,58,50,0.68298,False,False,False
3. Gray Blight/gray_blight_00994.jpg,7. Healthy leaf/healthy_00775.jpg,3. Gray Blight,7. Healthy leaf,True,64,37,0.90099,False,True,False
3. Gray Blight/gray_blight_00999.jpg,4. Helopeltis/helopeltis_00464.jpg,3. Gray Blight,4. Helopeltis,True,58,79,0.81817,False,False,False
3. Gray Blight/gray_blight_00999.jpg,6. Green mirid bug/green_mirid_bug_00502.jpg,3. Gray Blight,6. Green mirid bug,True,64,81,0.80101,False,False,False
3. Gray Blight/gray_blight_00999.jpg,6. Green mirid bug/green_mirid_bug_00888.jpg,3. Gray Blight,6. Green mirid bug,True,64,93,0.81608,False,False,False
3. Gray Blight/gray_blight_01004.jpg,7. Healthy leaf/healthy_00763.jpg,3. Gray Blight,7. Healthy leaf,True,62,80,0.81672,False,False,False
3. Gray Blight/gray_blight_01007.jpg,7. Healthy leaf/healthy_00716.jpg,3. Gray Blight,7. Healthy leaf,True,62,122,0.83319,False,False,False
3. Gray Blight/gray_blight_01008.jpg,6. Green mirid bug/green_mirid_bug_00837.jpg,3. Gray Blight,6. Green mirid bug,True,64,86,0.85104,False,False,False
3. Gray Blight/gray_blight_01008.jpg,6. Green mirid bug/green_mirid_bug_00973.jpg,3. Gray Blight,6. Green mirid bug,True,60,78,0.81964,False,False,False
3. Gray Blight/gray_blight_01010.jpg,4. Helopeltis/helopeltis_00199.jpg,3. Gray Blight,4. Helopeltis,True,64,104,0.83949,False,False,False
3. Gray Blight/gray_blight_01010.jpg,5. Red spider/red_spider_00076.jpg,3. Gray Blight,5. Red spider,True,60,106,0.85305,False,False,False
3. Gray Blight/gray_blight_01010.jpg,5. Red spider/red_spider_00077.jpg,3. Gray Blight,5. Red spider,True,64,106,0.85363,False,False,False
3. Gray Blight/gray_blight_01010.jpg,6. Green mirid bug/green_mirid_bug_00345.jpg,3. Gray Blight,6. Green mirid bug,True,64,89,0.85549,False,False,False
3. Gray Blight/gray_blight_01011.jpg,5. Red spider/red_spider_00292.jpg,3. Gray Blight,5. Red spider,True,60,99,0.83269,False,False,False
3. Gray Blight/gray_blight_01011.jpg,5. Red spider/red_spider_00357.jpg,3. Gray Blight,5. Red spider,True,64,99,0.80633,False,False,False
3. Gray Blight/gray_blight_01011.jpg,6. Green mirid bug/green_mirid_bug_00769.jpg,3. Gray Blight,6. Green mirid bug,True,64,113,0.84195,False,False,False
3. Gray Blight/gray_blight_01011.jpg,6. Green mirid bug/green_mirid_bug_00773.jpg,3. Gray Blight,6. Green mirid bug,True,60,98,0.83393,False,False,False
3. Gray Blight/gray_blight_01013.jpg,4. Helopeltis/helopeltis_00539.jpg,3. Gray Blight,4. Helopeltis,True,62,75,0.83349,False,False,False
4. Helopeltis/helopeltis_00001.jpg,6. Green mirid bug/green_mirid_bug_01070.jpg,4. Helopeltis,6. Green mirid bug,True,52,113,0.83609,False,False,False
4. Helopeltis/helopeltis_00001.jpg,6. Green mirid bug/green_mirid_bug_01074.jpg,4. Helopeltis,6. Green mirid bug,True,64,82,0.84449,False,False,False
4. Helopeltis/helopeltis_00004.jpg,4. Helopeltis/helopeltis_00005.jpg,4. Helopeltis,4. Helopeltis,False,32,28,0.896,False,False,False
4. Helopeltis/helopeltis_00005.jpg,4. Helopeltis/helopeltis_00081.jpg,4. Helopeltis,4. Helopeltis,False,60,84,0.8553,False,False,False
4. Helopeltis/helopeltis_00005.jpg,6. Green mirid bug/green_mirid_bug_00213.jpg,4. Helopeltis,6. Green mirid bug,True,64,79,0.87648,False,False,False
4. Helopeltis/helopeltis_00005.jpg,6. Green mirid bug/green_mirid_bug_00464.jpg,4. Helopeltis,6. Green mirid bug,True,62,81,0.8764,False,False,False
4. Helopeltis/helopeltis_00010.jpg,6. Green mirid bug/green_mirid_bug_01249.jpg,4. Helopeltis,6. Green mirid bug,True,62,120,0.87359,False,False,False
4. Helopeltis/helopeltis_00012.jpg,6. Green mirid bug/green_mirid_bug_01170.jpg,4. Helopeltis,6. Green mirid bug,True,60,88,0.84327,False,False,False
4. Helopeltis/helopeltis_00012.jpg,7. Healthy leaf/healthy_00897.jpg,4. Helopeltis,7. Healthy leaf,True,62,90,0.83752,False,False,False
4. Helopeltis/helopeltis_00016.jpg,4. Helopeltis/helopeltis_00325.jpg,4. Helopeltis,4. Helopeltis,False,64,103,0.87607,False,False,False
4. Helopeltis/helopeltis_00016.jpg,4. Helopeltis/helopeltis_00407.jpg,4. Helopeltis,4. Helopeltis,False,64,131,0.85873,False,False,False
4. Helopeltis/helopeltis_00016.jpg,4. Helopeltis/helopeltis_00547.jpg,4. Helopeltis,4. Helopeltis,False,64,135,0.86132,False,False,False
4. Helopeltis/helopeltis_00016.jpg,4. Helopeltis/helopeltis_00548.jpg,4. Helopeltis,4. Helopeltis,False,64,133,0.8607,False,False,False
4. Helopeltis/helopeltis_00017.jpg,6. Green mirid bug/green_mirid_bug_00211.jpg,4. Helopeltis,6. Green mirid bug,True,64,102,0.85492,False,False,False
4. Helopeltis/helopeltis_00017.jpg,6. Green mirid bug/green_mirid_bug_00383.jpg,4. Helopeltis,6. Green mirid bug,True,62,121,0.86913,False,False,False
4. Helopeltis/helopeltis_00018.jpg,5. Red spider/red_spider_00071.jpg,4. Helopeltis,5. Red spider,True,64,80,0.86305,False,False,False
4. Helopeltis/helopeltis_00018.jpg,7. Healthy leaf/healthy_00274.jpg,4. Helopeltis,7. Healthy leaf,True,64,68,0.86651,False,False,False
4. Helopeltis/helopeltis_00019.jpg,5. Red spider/red_spider_00387.jpg,4. Helopeltis,5. Red spider,True,60,107,0.8481,False,False,False
4. Helopeltis/helopeltis_00019.jpg,6. Green mirid bug/green_mirid_bug_00792.jpg,4. Helopeltis,6. Green mirid bug,True,64,125,0.87553,False,False,False
4. Helopeltis/helopeltis_00024.jpg,4. Helopeltis/helopeltis_00032.jpg,4. Helopeltis,4. Helopeltis,False,64,70,0.89386,False,False,False
4. Helopeltis/helopeltis_00024.jpg,4. Helopeltis/helopeltis_00035.jpg,4. Helopeltis,4. Helopeltis,False,62,67,0.88371,False,False,False
4. Helopeltis/helopeltis_00024.jpg,4. Helopeltis/helopeltis_00111.jpg,4. Helopeltis,4. Helopeltis,False,58,94,0.89822,False,False,False
4. Helopeltis/helopeltis_00024.jpg,5. Red spider/red_spider_00065.jpg,4. Helopeltis,5. Red spider,True,60,90,0.8981,False,False,False
4. Helopeltis/helopeltis_00024.jpg,5. Red spider/red_spider_00152.jpg,4. Helopeltis,5. Red spider,True,64,111,0.8749,False,False,False
4. Helopeltis/helopeltis_00024.jpg,6. Green mirid bug/green_mirid_bug_00136.jpg,4. Helopeltis,6. Green mirid bug,True,48,93,0.89095,False,False,False
4. Helopeltis/helopeltis_00024.jpg,6. Green mirid bug/green_mirid_bug_00244.jpg,4. Helopeltis,6. Green mirid bug,True,60,84,0.87356,False,False,False
4. Helopeltis/helopeltis_00024.jpg,7. Healthy leaf/healthy_00928.jpg,4. Helopeltis,7. Healthy leaf,True,56,135,0.8743,False,False,False
4. Helopeltis/helopeltis_00024.jpg,7. Healthy leaf/healthy_00933.jpg,4. Helopeltis,7. Healthy leaf,True,64,117,0.87542,False,False,False
4. Helopeltis/helopeltis_00025.jpg,6. Green mirid bug/green_mirid_bug_00235.jpg,4. Helopeltis,6. Green mirid bug,True,56,110,0.88518,False,False,False
4. Helopeltis/helopeltis_00026.jpg,4. Helopeltis/helopeltis_00382.jpg,4. Helopeltis,4. Helopeltis,False,62,112,0.90163,False,False,False
4. Helopeltis/helopeltis_00026.jpg,4. Helopeltis/helopeltis_00383.jpg,4. Helopeltis,4. Helopeltis,False,62,133,0.88482,False,False,False
4. Helopeltis/helopeltis_00026.jpg,4. Helopeltis/helopeltis_00455.jpg,4. Helopeltis,4. Helopeltis,False,64,108,0.88283,False,False,False
4. Helopeltis/helopeltis_00026.jpg,6. Green mirid bug/green_mirid_bug_01276.jpg,4. Helopeltis,6. Green mirid bug,True,54,108,0.889,False,False,False
4. Helopeltis/helopeltis_00026.jpg,7. Healthy leaf/healthy_00247.jpg,4. Helopeltis,7. Healthy leaf,True,62,99,0.88853,False,False,False
4. Helopeltis/helopeltis_00028.jpg,4. Helopeltis/helopeltis_00111.jpg,4. Helopeltis,4. Helopeltis,False,62,98,0.88157,False,False,False
4. Helopeltis/helopeltis_00028.jpg,6. Green mirid bug/green_mirid_bug_00543.jpg,4. Helopeltis,6. Green mirid bug,True,62,98,0.87436,False,False,False
4. Helopeltis/helopeltis_00028.jpg,7. Healthy leaf/healthy_00798.jpg,4. Helopeltis,7. Healthy leaf,True,62,131,0.89601,False,False,False
4. Helopeltis/helopeltis_00028.jpg,7. Healthy leaf/healthy_00864.jpg,4. Helopeltis,7. Healthy leaf,True,64,147,0.87807,False,False,False
4. Helopeltis/helopeltis_00029.jpg,4. Helopeltis/helopeltis_00398.jpg,4. Helopeltis,4. Helopeltis,False,60,146,0.87632,False,False,False
4. Helopeltis/helopeltis_00029.jpg,4. Helopeltis/helopeltis_00404.jpg,4. Helopeltis,4. Helopeltis,False,46,119,0.87988,False,False,False
4. Helopeltis/helopeltis_00029.jpg,4. Helopeltis/helopeltis_00547.jpg,4. Helopeltis,4. Helopeltis,False,60,115,0.88547,False,False,False
4. Helopeltis/helopeltis_00029.jpg,4. Helopeltis/helopeltis_00548.jpg,4. Helopeltis,4. Helopeltis,False,58,117,0.88443,False,False,False
4. Helopeltis/helopeltis_00029.jpg,4. Helopeltis/helopeltis_00558.jpg,4. Helopeltis,4. Helopeltis,False,56,111,0.89261,False,False,False
4. Helopeltis/helopeltis_00029.jpg,4. Helopeltis/helopeltis_00592.jpg,4. Helopeltis,4. Helopeltis,False,60,120,0.88741,False,False,False
4. Helopeltis/helopeltis_00029.jpg,5. Red spider/red_spider_00273.jpg,4. Helopeltis,5. Red spider,True,58,103,0.86989,False,False,False
4. Helopeltis/helopeltis_00029.jpg,6. Green mirid bug/green_mirid_bug_00162.jpg,4. Helopeltis,6. Green mirid bug,True,62,98,0.90258,False,False,False
4. Helopeltis/helopeltis_00029.jpg,6. Green mirid bug/green_mirid_bug_00234.jpg,4. Helopeltis,6. Green mirid bug,True,64,104,0.87721,False,False,False
4. Helopeltis/helopeltis_00032.jpg,4. Helopeltis/helopeltis_00131.jpg,4. Helopeltis,4. Helopeltis,False,64,113,0.89622,False,False,False
4. Helopeltis/helopeltis_00032.jpg,4. Helopeltis/helopeltis_00416.jpg,4. Helopeltis,4. Helopeltis,False,52,115,0.88748,False,False,False
4. Helopeltis/helopeltis_00032.jpg,6. Green mirid bug/green_mirid_bug_00034.jpg,4. Helopeltis,6. Green mirid bug,True,64,103,0.90629,False,False,False
4. Helopeltis/helopeltis_00032.jpg,6. Green mirid bug/green_mirid_bug_00325.jpg,4. Helopeltis,6. Green mirid bug,True,60,103,0.92193,False,False,False
4. Helopeltis/helopeltis_00032.jpg,6. Green mirid bug/green_mirid_bug_00343.jpg,4. Helopeltis,6. Green mirid bug,True,60,99,0.90274,False,False,False
4. Helopeltis/helopeltis_00032.jpg,6. Green mirid bug/green_mirid_bug_00370.jpg,4. Helopeltis,6. Green mirid bug,True,60,105,0.88838,False,False,False
4. Helopeltis/helopeltis_00032.jpg,6. Green mirid bug/green_mirid_bug_00376.jpg,4. Helopeltis,6. Green mirid bug,True,58,102,0.90086,False,False,False
4. Helopeltis/helopeltis_00032.jpg,7. Healthy leaf/healthy_00219.jpg,4. Helopeltis,7. Healthy leaf,True,56,106,0.9106,False,False,False
4. Helopeltis/helopeltis_00033.jpg,4. Helopeltis/helopeltis_00428.jpg,4. Helopeltis,4. Helopeltis,False,62,146,0.85001,False,False,False
4. Helopeltis/helopeltis_00033.jpg,6. Green mirid bug/green_mirid_bug_00133.jpg,4. Helopeltis,6. Green mirid bug,True,50,106,0.87435,False,False,False
4. Helopeltis/helopeltis_00034.jpg,4. Helopeltis/helopeltis_00301.jpg,4. Helopeltis,4. Helopeltis,False,62,115,0.87485,False,False,False
4. Helopeltis/helopeltis_00034.jpg,4. Helopeltis/helopeltis_00595.jpg,4. Helopeltis,4. Helopeltis,False,52,102,0.89055,False,False,False
4. Helopeltis/helopeltis_00034.jpg,5. Red spider/red_spider_00138.jpg,4. Helopeltis,5. Red spider,True,58,121,0.88335,False,False,False
4. Helopeltis/helopeltis_00034.jpg,6. Green mirid bug/green_mirid_bug_00412.jpg,4. Helopeltis,6. Green mirid bug,True,62,107,0.90726,False,False,False
4. Helopeltis/helopeltis_00034.jpg,6. Green mirid bug/green_mirid_bug_00794.jpg,4. Helopeltis,6. Green mirid bug,True,64,129,0.8809,False,False,False
4. Helopeltis/helopeltis_00035.jpg,4. Helopeltis/helopeltis_00112.jpg,4. Helopeltis,4. Helopeltis,False,60,90,0.89346,False,False,False
4. Helopeltis/helopeltis_00035.jpg,4. Helopeltis/helopeltis_00389.jpg,4. Helopeltis,4. Helopeltis,False,62,120,0.90527,False,False,False
4. Helopeltis/helopeltis_00035.jpg,4. Helopeltis/helopeltis_00394.jpg,4. Helopeltis,4. Helopeltis,False,60,137,0.89273,False,False,False
4. Helopeltis/helopeltis_00035.jpg,4. Helopeltis/helopeltis_00450.jpg,4. Helopeltis,4. Helopeltis,False,62,110,0.88451,False,False,False
4. Helopeltis/helopeltis_00035.jpg,6. Green mirid bug/green_mirid_bug_00136.jpg,4. Helopeltis,6. Green mirid bug,True,60,94,0.89006,False,False,False
4. Helopeltis/helopeltis_00035.jpg,6. Green mirid bug/green_mirid_bug_00160.jpg,4. Helopeltis,6. Green mirid bug,True,64,88,0.90486,False,False,False
4. Helopeltis/helopeltis_00035.jpg,6. Green mirid bug/green_mirid_bug_00368.jpg,4. Helopeltis,6. Green mirid bug,True,64,101,0.88673,False,False,False
4. Helopeltis/helopeltis_00036.jpg,6. Green mirid bug/green_mirid_bug_00032.jpg,4. Helopeltis,6. Green mirid bug,True,54,41,0.89425,False,False,False
4. Helopeltis/helopeltis_00036.jpg,6. Green mirid bug/green_mirid_bug_00135.jpg,4. Helopeltis,6. Green mirid bug,True,64,52,0.89842,False,False,False
4. Helopeltis/helopeltis_00036.jpg,6. Green mirid bug/green_mirid_bug_00332.jpg,4. Helopeltis,6. Green mirid bug,True,64,51,0.89363,False,False,False
4. Helopeltis/helopeltis_00036.jpg,6. Green mirid bug/green_mirid_bug_00360.jpg,4. Helopeltis,6. Green mirid bug,True,64,61,0.90195,False,False,False
4. Helopeltis/helopeltis_00036.jpg,6. Green mirid bug/green_mirid_bug_00370.jpg,4. Helopeltis,6. Green mirid bug,True,64,57,0.89858,False,False,False
4. Helopeltis/helopeltis_00036.jpg,6. Green mirid bug/green_mirid_bug_00407.jpg,4. Helopeltis,6. Green mirid bug,True,54,52,0.88885,False,False,False
4. Helopeltis/helopeltis_00036.jpg,6. Green mirid bug/green_mirid_bug_00411.jpg,4. Helopeltis,6. Green mirid bug,True,54,48,0.90109,False,True,False
4. Helopeltis/helopeltis_00036.jpg,6. Green mirid bug/green_mirid_bug_00421.jpg,4. Helopeltis,6. Green mirid bug,True,62,52,0.89698,False,False,False
4. Helopeltis/helopeltis_00037.jpg,4. Helopeltis/helopeltis_00525.jpg,4. Helopeltis,4. Helopeltis,False,58,95,0.87538,False,False,False
4. Helopeltis/helopeltis_00037.jpg,5. Red spider/red_spider_00124.jpg,4. Helopeltis,5. Red spider,True,58,100,0.86707,False,False,False
4. Helopeltis/helopeltis_00038.jpg,4. Helopeltis/helopeltis_00052.jpg,4. Helopeltis,4. Helopeltis,False,58,53,0.89468,False,False,False
4. Helopeltis/helopeltis_00038.jpg,6. Green mirid bug/green_mirid_bug_00390.jpg,4. Helopeltis,6. Green mirid bug,True,60,66,0.89216,False,False,False
4. Helopeltis/helopeltis_00038.jpg,6. Green mirid bug/green_mirid_bug_00630.jpg,4. Helopeltis,6. Green mirid bug,True,62,115,0.85744,False,False,False
4. Helopeltis/helopeltis_00038.jpg,7. Healthy leaf/healthy_00218.jpg,4. Helopeltis,7. Healthy leaf,True,56,71,0.90106,False,False,False
4. Helopeltis/helopeltis_00039.jpg,4. Helopeltis/helopeltis_00234.jpg,4. Helopeltis,4. Helopeltis,False,62,97,0.83562,False,False,False
4. Helopeltis/helopeltis_00039.jpg,5. Red spider/red_spider_00457.jpg,4. Helopeltis,5. Red spider,True,62,92,0.80178,False,False,False
4. Helopeltis/helopeltis_00040.jpg,4. Helopeltis/helopeltis_00061.jpg,4. Helopeltis,4. Helopeltis,False,62,43,0.92759,False,True,False
4. Helopeltis/helopeltis_00040.jpg,4. Helopeltis/helopeltis_00081.jpg,4. Helopeltis,4. Helopeltis,False,48,65,0.92009,False,False,False
4. Helopeltis/helopeltis_00040.jpg,6. Green mirid bug/green_mirid_bug_00171.jpg,4. Helopeltis,6. Green mirid bug,True,64,60,0.92717,False,False,False
4. Helopeltis/helopeltis_00040.jpg,6. Green mirid bug/green_mirid_bug_00351.jpg,4. Helopeltis,6. Green mirid bug,True,52,58,0.92882,False,False,False
4. Helopeltis/helopeltis_00040.jpg,7. Healthy leaf/healthy_00265.jpg,4. Helopeltis,7. Healthy leaf,True,54,55,0.92203,False,False,False
4. Helopeltis/helopeltis_00041.jpg,6. Green mirid bug/green_mirid_bug_00101.jpg,4. Helopeltis,6. Green mirid bug,True,50,49,0.90837,False,False,False
4. Helopeltis/helopeltis_00041.jpg,6. Green mirid bug/green_mirid_bug_00326.jpg,4. Helopeltis,6. Green mirid bug,True,44,55,0.89768,False,False,False
4. Helopeltis/helopeltis_00043.jpg,6. Green mirid bug/green_mirid_bug_00351.jpg,4. Helopeltis,6. Green mirid bug,True,62,56,0.92011,False,False,False
4. Helopeltis/helopeltis_00044.jpg,6. Green mirid bug/green_mirid_bug_00283.jpg,4. Helopeltis,6. Green mirid bug,True,60,47,0.91302,False,True,False
4. Helopeltis/helopeltis_00045.jpg,7. Healthy leaf/healthy_00785.jpg,4. Helopeltis,7. Healthy leaf,True,60,101,0.8574,False,False,False
4. Helopeltis/helopeltis_00049.jpg,4. Helopeltis/helopeltis_00319.jpg,4. Helopeltis,4. Helopeltis,False,64,87,0.91791,False,False,False
4. Helopeltis/helopeltis_00050.jpg,4. Helopeltis/helopeltis_00052.jpg,4. Helopeltis,4. Helopeltis,False,56,43,0.93259,False,True,False
4. Helopeltis/helopeltis_00050.jpg,6. Green mirid bug/green_mirid_bug_00093.jpg,4. Helopeltis,6. Green mirid bug,True,58,72,0.92489,False,False,False
4. Helopeltis/helopeltis_00050.jpg,6. Green mirid bug/green_mirid_bug_00630.jpg,4. Helopeltis,6. Green mirid bug,True,60,105,0.85415,False,False,False
4. Helopeltis/helopeltis_00051.jpg,4. Helopeltis/helopeltis_00584.jpg,4. Helopeltis,4. Helopeltis,False,64,106,0.90697,False,False,False
4. Helopeltis/helopeltis_00052.jpg,7. Healthy leaf/healthy_00218.jpg,4. Helopeltis,7. Healthy leaf,True,52,62,0.93682,False,False,False
4. Helopeltis/helopeltis_00053.jpg,6. Green mirid bug/green_mirid_bug_01184.jpg,4. Helopeltis,6. Green mirid bug,True,62,126,0.87774,False,False,False
4. Helopeltis/helopeltis_00054.jpg,4. Helopeltis/helopeltis_00055.jpg,4. Helopeltis,4. Helopeltis,False,26,48,0.97053,False,True,True
4. Helopeltis/helopeltis_00054.jpg,4. Helopeltis/helopeltis_00077.jpg,4. Helopeltis,4. Helopeltis,False,64,76,0.94645,False,False,False
4. Helopeltis/helopeltis_00054.jpg,6. Green mirid bug/green_mirid_bug_00069.jpg,4. Helopeltis,6. Green mirid bug,True,64,44,0.94995,False,True,False
4. Helopeltis/helopeltis_00054.jpg,6. Green mirid bug/green_mirid_bug_00418.jpg,4. Helopeltis,6. Green mirid bug,True,60,55,0.94636,False,False,False
4. Helopeltis/helopeltis_00054.jpg,6. Green mirid bug/green_mirid_bug_00437.jpg,4. Helopeltis,6. Green mirid bug,True,60,104,0.93913,False,False,False
4. Helopeltis/helopeltis_00054.jpg,6. Green mirid bug/green_mirid_bug_00462.jpg,4. Helopeltis,6. Green mirid bug,True,58,61,0.9497,False,False,False
4. Helopeltis/helopeltis_00054.jpg,7. Healthy leaf/healthy_00195.jpg,4. Helopeltis,7. Healthy leaf,True,48,54,0.95656,False,False,False
4. Helopeltis/helopeltis_00054.jpg,7. Healthy leaf/healthy_00198.jpg,4. Helopeltis,7. Healthy leaf,True,64,57,0.95269,False,False,False
4. Helopeltis/helopeltis_00056.jpg,4. Helopeltis/helopeltis_00057.jpg,4. Helopeltis,4. Helopeltis,False,62,52,0.96244,False,False,False
4. Helopeltis/helopeltis_00058.jpg,4. Helopeltis/helopeltis_00077.jpg,4. Helopeltis,4. Helopeltis,False,54,62,0.94595,False,False,False
4. Helopeltis/helopeltis_00058.jpg,4. Helopeltis/helopeltis_00083.jpg,4. Helopeltis,4. Helopeltis,False,46,58,0.96005,False,False,False
4. Helopeltis/helopeltis_00058.jpg,4. Helopeltis/helopeltis_00088.jpg,4. Helopeltis,4. Helopeltis,False,60,72,0.92993,False,False,False
4. Helopeltis/helopeltis_00058.jpg,4. Helopeltis/helopeltis_00090.jpg,4. Helopeltis,4. Helopeltis,False,60,58,0.95715,False,False,False
4. Helopeltis/helopeltis_00058.jpg,4. Helopeltis/helopeltis_00091.jpg,4. Helopeltis,4. Helopeltis,False,58,71,0.9476,False,False,False
4. Helopeltis/helopeltis_00058.jpg,4. Helopeltis/helopeltis_00095.jpg,4. Helopeltis,4. Helopeltis,False,56,57,0.9488,False,False,False
4. Helopeltis/helopeltis_00058.jpg,4. Helopeltis/helopeltis_00101.jpg,4. Helopeltis,4. Helopeltis,False,62,49,0.94672,False,False,False
4. Helopeltis/helopeltis_00058.jpg,6. Green mirid bug/green_mirid_bug_00463.jpg,4. Helopeltis,6. Green mirid bug,True,64,71,0.93099,False,False,False
4. Helopeltis/helopeltis_00058.jpg,7. Healthy leaf/healthy_00198.jpg,4. Helopeltis,7. Healthy leaf,True,56,51,0.95541,False,False,False
4. Helopeltis/helopeltis_00061.jpg,4. Helopeltis/helopeltis_00297.jpg,4. Helopeltis,4. Helopeltis,False,40,115,0.87791,False,False,False
4. Helopeltis/helopeltis_00061.jpg,4. Helopeltis/helopeltis_00460.jpg,4. Helopeltis,4. Helopeltis,False,44,115,0.91188,False,False,False
4. Helopeltis/helopeltis_00061.jpg,4. Helopeltis/helopeltis_00467.jpg,4. Helopeltis,4. Helopeltis,False,54,107,0.88391,False,False,False
4. Helopeltis/helopeltis_00061.jpg,6. Green mirid bug/green_mirid_bug_00424.jpg,4. Helopeltis,6. Green mirid bug,True,60,70,0.92442,False,False,False
4. Helopeltis/helopeltis_00061.jpg,7. Healthy leaf/healthy_00265.jpg,4. Helopeltis,7. Healthy leaf,True,48,46,0.93422,False,True,False
4. Helopeltis/helopeltis_00061.jpg,7. Healthy leaf/healthy_00279.jpg,4. Helopeltis,7. Healthy leaf,True,64,64,0.92527,False,False,False
4. Helopeltis/helopeltis_00063.jpg,4. Helopeltis/helopeltis_00301.jpg,4. Helopeltis,4. Helopeltis,False,62,134,0.89163,False,False,False
4. Helopeltis/helopeltis_00063.jpg,4. Helopeltis/helopeltis_00361.jpg,4. Helopeltis,4. Helopeltis,False,62,106,0.88532,False,False,False
4. Helopeltis/helopeltis_00063.jpg,5. Red spider/red_spider_00138.jpg,4. Helopeltis,5. Red spider,True,60,98,0.89833,False,False,False
4. Helopeltis/helopeltis_00063.jpg,6. Green mirid bug/green_mirid_bug_00193.jpg,4. Helopeltis,6. Green mirid bug,True,58,73,0.89282,False,False,False
4. Helopeltis/helopeltis_00063.jpg,6. Green mirid bug/green_mirid_bug_00361.jpg,4. Helopeltis,6. Green mirid bug,True,48,70,0.91599,False,False,False
4. Helopeltis/helopeltis_00063.jpg,6. Green mirid bug/green_mirid_bug_00412.jpg,4. Helopeltis,6. Green mirid bug,True,58,72,0.90067,False,False,False
4. Helopeltis/helopeltis_00063.jpg,7. Healthy leaf/healthy_00709.jpg,4. Helopeltis,7. Healthy leaf,True,58,87,0.86473,False,False,False
4. Helopeltis/helopeltis_00064.jpg,4. Helopeltis/helopeltis_00070.jpg,4. Helopeltis,4. Helopeltis,False,54,42,0.93608,False,True,False
4. Helopeltis/helopeltis_00064.jpg,6. Green mirid bug/green_mirid_bug_00069.jpg,4. Helopeltis,6. Green mirid bug,True,52,44,0.94885,False,True,False
4. Helopeltis/helopeltis_00064.jpg,6. Green mirid bug/green_mirid_bug_00152.jpg,4. Helopeltis,6. Green mirid bug,True,64,46,0.94222,False,True,False
4. Helopeltis/helopeltis_00064.jpg,6. Green mirid bug/green_mirid_bug_00323.jpg,4. Helopeltis,6. Green mirid bug,True,50,62,0.91956,False,False,False
4. Helopeltis/helopeltis_00064.jpg,6. Green mirid bug/green_mirid_bug_00463.jpg,4. Helopeltis,6. Green mirid bug,True,50,55,0.93213,False,False,False
4. Helopeltis/helopeltis_00064.jpg,6. Green mirid bug/green_mirid_bug_00557.jpg,4. Helopeltis,6. Green mirid bug,True,64,102,0.87293,False,False,False
4. Helopeltis/helopeltis_00064.jpg,6. Green mirid bug/green_mirid_bug_00622.jpg,4. Helopeltis,6. Green mirid bug,True,64,119,0.79973,False,False,False
4. Helopeltis/helopeltis_00065.jpg,4. Helopeltis/helopeltis_00487.jpg,4. Helopeltis,4. Helopeltis,False,54,106,0.8753,False,False,False
4. Helopeltis/helopeltis_00066.jpg,6. Green mirid bug/green_mirid_bug_00401.jpg,4. Helopeltis,6. Green mirid bug,True,46,48,0.92466,False,True,False
4. Helopeltis/helopeltis_00070.jpg,4. Helopeltis/helopeltis_00107.jpg,4. Helopeltis,4. Helopeltis,False,56,57,0.92629,False,False,False
4. Helopeltis/helopeltis_00070.jpg,6. Green mirid bug/green_mirid_bug_00069.jpg,4. Helopeltis,6. Green mirid bug,True,42,34,0.94126,False,True,False
4. Helopeltis/helopeltis_00070.jpg,6. Green mirid bug/green_mirid_bug_00463.jpg,4. Helopeltis,6. Green mirid bug,True,62,61,0.92358,False,False,False
4. Helopeltis/helopeltis_00070.jpg,7. Healthy leaf/healthy_00217.jpg,4. Helopeltis,7. Healthy leaf,True,54,41,0.93814,False,True,False
4. Helopeltis/helopeltis_00073.jpg,6. Green mirid bug/green_mirid_bug_00150.jpg,4. Helopeltis,6. Green mirid bug,True,60,53,0.93549,False,False,False
4. Helopeltis/helopeltis_00075.jpg,6. Green mirid bug/green_mirid_bug_00452.jpg,4. Helopeltis,6. Green mirid bug,True,62,63,0.92781,False,False,False
4. Helopeltis/helopeltis_00076.jpg,6. Green mirid bug/green_mirid_bug_00074.jpg,4. Helopeltis,6. Green mirid bug,True,64,51,0.91704,False,False,False
4. Helopeltis/helopeltis_00076.jpg,6. Green mirid bug/green_mirid_bug_00099.jpg,4. Helopeltis,6. Green mirid bug,True,54,53,0.92942,False,False,False
4. Helopeltis/helopeltis_00076.jpg,6. Green mirid bug/green_mirid_bug_00113.jpg,4. Helopeltis,6. Green mirid bug,True,64,66,0.92489,False,False,False
4. Helopeltis/helopeltis_00076.jpg,6. Green mirid bug/green_mirid_bug_00207.jpg,4. Helopeltis,6. Green mirid bug,True,60,80,0.91589,False,False,False
4. Helopeltis/helopeltis_00076.jpg,6. Green mirid bug/green_mirid_bug_00295.jpg,4. Helopeltis,6. Green mirid bug,True,58,69,0.91867,False,False,False
4. Helopeltis/helopeltis_00076.jpg,6. Green mirid bug/green_mirid_bug_00324.jpg,4. Helopeltis,6. Green mirid bug,True,64,43,0.91149,False,True,False
4. Helopeltis/helopeltis_00076.jpg,7. Healthy leaf/healthy_00202.jpg,4. Helopeltis,7. Healthy leaf,True,60,66,0.91787,False,False,False
4. Helopeltis/helopeltis_00077.jpg,4. Helopeltis/helopeltis_00088.jpg,4. Helopeltis,4. Helopeltis,False,60,60,0.92638,False,False,False
4. Helopeltis/helopeltis_00077.jpg,4. Helopeltis/helopeltis_00090.jpg,4. Helopeltis,4. Helopeltis,False,50,56,0.94896,False,False,False
4. Helopeltis/helopeltis_00077.jpg,4. Helopeltis/helopeltis_00095.jpg,4. Helopeltis,4. Helopeltis,False,56,61,0.94369,False,False,False
4. Helopeltis/helopeltis_00077.jpg,4. Helopeltis/helopeltis_00101.jpg,4. Helopeltis,4. Helopeltis,False,56,59,0.94154,False,False,False
4. Helopeltis/helopeltis_00077.jpg,6. Green mirid bug/green_mirid_bug_00418.jpg,4. Helopeltis,6. Green mirid bug,True,60,61,0.94557,False,False,False
4. Helopeltis/helopeltis_00077.jpg,6. Green mirid bug/green_mirid_bug_00449.jpg,4. Helopeltis,6. Green mirid bug,True,64,56,0.94195,False,False,False
4. Helopeltis/helopeltis_00077.jpg,7. Healthy leaf/healthy_00195.jpg,4. Helopeltis,7. Healthy leaf,True,62,52,0.94966,False,False,False
4. Helopeltis/helopeltis_00077.jpg,7. Healthy leaf/healthy_00198.jpg,4. Helopeltis,7. Healthy leaf,True,44,57,0.95064,False,False,False
4. Helopeltis/helopeltis_00079.jpg,4. Helopeltis/helopeltis_00099.jpg,4. Helopeltis,4. Helopeltis,False,64,62,0.9338,False,False,False
4. Helopeltis/helopeltis_00079.jpg,6. Green mirid bug/green_mirid_bug_00081.jpg,4. Helopeltis,6. Green mirid bug,True,62,51,0.93036,False,False,False
4. Helopeltis/helopeltis_00081.jpg,4. Helopeltis/helopeltis_00099.jpg,4. Helopeltis,4. Helopeltis,False,64,59,0.92897,False,False,False
4. Helopeltis/helopeltis_00081.jpg,4. Helopeltis/helopeltis_00376.jpg,4. Helopeltis,4. Helopeltis,False,58,80,0.92062,False,False,False
4. Helopeltis/helopeltis_00081.jpg,4. Helopeltis/helopeltis_00461.jpg,4. Helopeltis,4. Helopeltis,False,64,109,0.89192,False,False,False
4. Helopeltis/helopeltis_00081.jpg,4. Helopeltis/helopeltis_00544.jpg,4. Helopeltis,4. Helopeltis,False,62,91,0.87373,False,False,False
4. Helopeltis/helopeltis_00081.jpg,6. Green mirid bug/green_mirid_bug_00171.jpg,4. Helopeltis,6. Green mirid bug,True,56,61,0.94585,False,False,False
4. Helopeltis/helopeltis_00081.jpg,6. Green mirid bug/green_mirid_bug_00464.jpg,4. Helopeltis,6. Green mirid bug,True,50,61,0.93122,False,False,False
4. Helopeltis/helopeltis_00082.jpg,6. Green mirid bug/green_mirid_bug_00295.jpg,4. Helopeltis,6. Green mirid bug,True,56,68,0.92914,False,False,False
4. Helopeltis/helopeltis_00083.jpg,4. Helopeltis/helopeltis_00090.jpg,4. Helopeltis,4. Helopeltis,False,60,62,0.95578,False,False,False
4. Helopeltis/helopeltis_00083.jpg,4. Helopeltis/helopeltis_00091.jpg,4. Helopeltis,4. Helopeltis,False,54,65,0.94976,False,False,False
4. Helopeltis/helopeltis_00083.jpg,4. Helopeltis/helopeltis_00101.jpg,4. Helopeltis,4. Helopeltis,False,58,53,0.94607,False,False,False
4. Helopeltis/helopeltis_00085.jpg,6. Green mirid bug/green_mirid_bug_00100.jpg,4. Helopeltis,6. Green mirid bug,True,64,62,0.91228,False,False,False
4. Helopeltis/helopeltis_00086.jpg,4. Helopeltis/helopeltis_00605.jpg,4. Helopeltis,4. Helopeltis,False,50,118,0.8965,False,False,False
4. Helopeltis/helopeltis_00086.jpg,5. Red spider/red_spider_00162.jpg,4. Helopeltis,5. Red spider,True,64,112,0.87462,False,False,False
4. Helopeltis/helopeltis_00086.jpg,5. Red spider/red_spider_00477.jpg,4. Helopeltis,5. Red spider,True,62,84,0.88101,False,False,False
4. Helopeltis/helopeltis_00086.jpg,6. Green mirid bug/green_mirid_bug_00214.jpg,4. Helopeltis,6. Green mirid bug,True,58,46,0.89982,False,False,False
4. Helopeltis/helopeltis_00086.jpg,6. Green mirid bug/green_mirid_bug_00360.jpg,4. Helopeltis,6. Green mirid bug,True,64,43,0.91271,False,True,False
4. Helopeltis/helopeltis_00086.jpg,7. Healthy leaf/healthy_00250.jpg,4. Helopeltis,7. Healthy leaf,True,46,48,0.89745,False,False,False
4. Helopeltis/helopeltis_00087.jpg,4. Helopeltis/helopeltis_00094.jpg,4. Helopeltis,4. Helopeltis,False,64,72,0.92339,False,False,False
4. Helopeltis/helopeltis_00087.jpg,4. Helopeltis/helopeltis_00594.jpg,4. Helopeltis,4. Helopeltis,False,60,122,0.91055,False,False,False
4. Helopeltis/helopeltis_00087.jpg,5. Red spider/red_spider_00515.jpg,4. Helopeltis,5. Red spider,True,52,96,0.91704,False,False,False
4. Helopeltis/helopeltis_00087.jpg,6. Green mirid bug/green_mirid_bug_00391.jpg,4. Helopeltis,6. Green mirid bug,True,48,62,0.92887,False,False,False
4. Helopeltis/helopeltis_00087.jpg,6. Green mirid bug/green_mirid_bug_00402.jpg,4. Helopeltis,6. Green mirid bug,True,60,67,0.93672,False,False,False
4. Helopeltis/helopeltis_00087.jpg,7. Healthy leaf/healthy_00205.jpg,4. Helopeltis,7. Healthy leaf,True,58,51,0.94759,False,False,False
4. Helopeltis/helopeltis_00088.jpg,4. Helopeltis/helopeltis_00095.jpg,4. Helopeltis,4. Helopeltis,False,62,61,0.93289,False,False,False
4. Helopeltis/helopeltis_00088.jpg,4. Helopeltis/helopeltis_00101.jpg,4. Helopeltis,4. Helopeltis,False,60,69,0.93274,False,False,False
4. Helopeltis/helopeltis_00088.jpg,7. Healthy leaf/healthy_00198.jpg,4. Helopeltis,7. Healthy leaf,True,62,71,0.93978,False,False,False
4. Helopeltis/helopeltis_00089.jpg,6. Green mirid bug/green_mirid_bug_00417.jpg,4. Helopeltis,6. Green mirid bug,True,64,67,0.94238,False,False,False
4. Helopeltis/helopeltis_00090.jpg,4. Helopeltis/helopeltis_00091.jpg,4. Helopeltis,4. Helopeltis,False,54,65,0.94563,False,False,False
4. Helopeltis/helopeltis_00090.jpg,4. Helopeltis/helopeltis_00095.jpg,4. Helopeltis,4. Helopeltis,False,48,53,0.94673,False,False,False
4. Helopeltis/helopeltis_00090.jpg,4. Helopeltis/helopeltis_00101.jpg,4. Helopeltis,4. Helopeltis,False,44,45,0.94415,False,True,False
4. Helopeltis/helopeltis_00090.jpg,4. Helopeltis/helopeltis_00107.jpg,4. Helopeltis,4. Helopeltis,False,60,55,0.94291,False,False,False
4. Helopeltis/helopeltis_00090.jpg,6. Green mirid bug/green_mirid_bug_00171.jpg,4. Helopeltis,6. Green mirid bug,True,44,63,0.95354,False,False,False
4. Helopeltis/helopeltis_00090.jpg,6. Green mirid bug/green_mirid_bug_00418.jpg,4. Helopeltis,6. Green mirid bug,True,58,49,0.94386,False,False,False
4. Helopeltis/helopeltis_00090.jpg,6. Green mirid bug/green_mirid_bug_00449.jpg,4. Helopeltis,6. Green mirid bug,True,54,58,0.94773,False,False,False
4. Helopeltis/helopeltis_00090.jpg,6. Green mirid bug/green_mirid_bug_00456.jpg,4. Helopeltis,6. Green mirid bug,True,58,59,0.9462,False,False,False
4. Helopeltis/helopeltis_00090.jpg,7. Healthy leaf/healthy_00198.jpg,4. Helopeltis,7. Healthy leaf,True,44,61,0.95629,False,False,False
4. Helopeltis/helopeltis_00091.jpg,4. Helopeltis/helopeltis_00095.jpg,4. Helopeltis,4. Helopeltis,False,56,52,0.94103,False,False,False
4. Helopeltis/helopeltis_00091.jpg,4. Helopeltis/helopeltis_00101.jpg,4. Helopeltis,4. Helopeltis,False,44,66,0.93609,False,False,False
4. Helopeltis/helopeltis_00091.jpg,7. Healthy leaf/healthy_00198.jpg,4. Helopeltis,7. Healthy leaf,True,62,68,0.94784,False,False,False
4. Helopeltis/helopeltis_00092.jpg,4. Helopeltis/helopeltis_00093.jpg,4. Helopeltis,4. Helopeltis,False,60,64,0.9332,False,False,False
4. Helopeltis/helopeltis_00092.jpg,4. Helopeltis/helopeltis_00108.jpg,4. Helopeltis,4. Helopeltis,False,52,79,0.94216,False,False,False
4. Helopeltis/helopeltis_00092.jpg,4. Helopeltis/helopeltis_00378.jpg,4. Helopeltis,4. Helopeltis,False,62,104,0.92829,False,False,False
4. Helopeltis/helopeltis_00092.jpg,6. Green mirid bug/green_mirid_bug_00173.jpg,4. Helopeltis,6. Green mirid bug,True,58,60,0.91899,False,False,False
4. Helopeltis/helopeltis_00092.jpg,7. Healthy leaf/healthy_00287.jpg,4. Helopeltis,7. Healthy leaf,True,48,57,0.92016,False,False,False
4. Helopeltis/helopeltis_00093.jpg,6. Green mirid bug/green_mirid_bug_00173.jpg,4. Helopeltis,6. Green mirid bug,True,60,64,0.94826,False,False,False
4. Helopeltis/helopeltis_00095.jpg,4. Helopeltis/helopeltis_00101.jpg,4. Helopeltis,4. Helopeltis,False,46,50,0.95159,False,False,False
4. Helopeltis/helopeltis_00095.jpg,5. Red spider/red_spider_00480.jpg,4. Helopeltis,5. Red spider,True,64,96,0.88508,False,False,False
4. Helopeltis/helopeltis_00095.jpg,6. Green mirid bug/green_mirid_bug_00171.jpg,4. Helopeltis,6. Green mirid bug,True,60,64,0.94707,False,False,False
4. Helopeltis/helopeltis_00095.jpg,6. Green mirid bug/green_mirid_bug_00402.jpg,4. Helopeltis,6. Green mirid bug,True,64,50,0.9314,False,False,False
4. Helopeltis/helopeltis_00095.jpg,6. Green mirid bug/green_mirid_bug_00418.jpg,4. Helopeltis,6. Green mirid bug,True,62,44,0.94132,False,True,False
4. Helopeltis/helopeltis_00095.jpg,6. Green mirid bug/green_mirid_bug_00449.jpg,4. Helopeltis,6. Green mirid bug,True,64,51,0.93933,False,False,False
4. Helopeltis/helopeltis_00095.jpg,7. Healthy leaf/healthy_00198.jpg,4. Helopeltis,7. Healthy leaf,True,50,50,0.94878,False,False,False
4. Helopeltis/helopeltis_00096.jpg,4. Helopeltis/helopeltis_00102.jpg,4. Helopeltis,4. Helopeltis,False,60,56,0.917,False,False,False
4. Helopeltis/helopeltis_00096.jpg,4. Helopeltis/helopeltis_00113.jpg,4. Helopeltis,4. Helopeltis,False,52,51,0.93704,False,False,False
4. Helopeltis/helopeltis_00096.jpg,4. Helopeltis/helopeltis_00185.jpg,4. Helopeltis,4. Helopeltis,False,60,90,0.90482,False,False,False
4. Helopeltis/helopeltis_00096.jpg,6. Green mirid bug/green_mirid_bug_00202.jpg,4. Helopeltis,6. Green mirid bug,True,56,52,0.92827,False,False,False
4. Helopeltis/helopeltis_00096.jpg,6. Green mirid bug/green_mirid_bug_00461.jpg,4. Helopeltis,6. Green mirid bug,True,64,64,0.92328,False,False,False
4. Helopeltis/helopeltis_00096.jpg,6. Green mirid bug/green_mirid_bug_00462.jpg,4. Helopeltis,6. Green mirid bug,True,62,55,0.93465,False,False,False
4. Helopeltis/helopeltis_00096.jpg,7. Healthy leaf/healthy_00195.jpg,4. Helopeltis,7. Healthy leaf,True,44,50,0.9471,False,False,False
4. Helopeltis/helopeltis_00097.jpg,4. Helopeltis/helopeltis_00100.jpg,4. Helopeltis,4. Helopeltis,False,50,62,0.94732,False,False,False
4. Helopeltis/helopeltis_00097.jpg,4. Helopeltis/helopeltis_00185.jpg,4. Helopeltis,4. Helopeltis,False,58,106,0.90601,False,False,False
4. Helopeltis/helopeltis_00097.jpg,4. Helopeltis/helopeltis_00372.jpg,4. Helopeltis,4. Helopeltis,False,52,122,0.91037,False,False,False
4. Helopeltis/helopeltis_00097.jpg,6. Green mirid bug/green_mirid_bug_00202.jpg,4. Helopeltis,6. Green mirid bug,True,58,62,0.92792,False,False,False
4. Helopeltis/helopeltis_00098.jpg,4. Helopeltis/helopeltis_00100.jpg,4. Helopeltis,4. Helopeltis,False,58,78,0.92675,False,False,False
4. Helopeltis/helopeltis_00098.jpg,4. Helopeltis/helopeltis_00110.jpg,4. Helopeltis,4. Helopeltis,False,38,72,0.95076,False,False,False
4. Helopeltis/helopeltis_00098.jpg,7. Healthy leaf/healthy_00203.jpg,4. Helopeltis,7. Healthy leaf,True,42,66,0.93883,False,False,False
4. Helopeltis/helopeltis_00099.jpg,6. Green mirid bug/green_mirid_bug_00171.jpg,4. Helopeltis,6. Green mirid bug,True,64,68,0.94404,False,False,False
4. Helopeltis/helopeltis_00099.jpg,6. Green mirid bug/green_mirid_bug_00351.jpg,4. Helopeltis,6. Green mirid bug,True,58,66,0.91845,False,False,False
4. Helopeltis/helopeltis_00100.jpg,4. Helopeltis/helopeltis_00110.jpg,4. Helopeltis,4. Helopeltis,False,62,50,0.91727,False,False,False
4. Helopeltis/helopeltis_00101.jpg,4. Helopeltis/helopeltis_00107.jpg,4. Helopeltis,4. Helopeltis,False,56,48,0.94448,False,True,False
4. Helopeltis/helopeltis_00101.jpg,6. Green mirid bug/green_mirid_bug_00171.jpg,4. Helopeltis,6. Green mirid bug,True,62,58,0.94871,False,False,False
4. Helopeltis/helopeltis_00101.jpg,6. Green mirid bug/green_mirid_bug_00449.jpg,4. Helopeltis,6. Green mirid bug,True,60,65,0.93732,False,False,False
4. Helopeltis/helopeltis_00101.jpg,6. Green mirid bug/green_mirid_bug_00456.jpg,4. Helopeltis,6. Green mirid bug,True,64,60,0.94535,False,False,False
4. Helopeltis/helopeltis_00101.jpg,6. Green mirid bug/green_mirid_bug_00463.jpg,4. Helopeltis,6. Green mirid bug,True,64,64,0.93052,False,False,False
4. Helopeltis/helopeltis_00101.jpg,7. Healthy leaf/healthy_00198.jpg,4. Helopeltis,7. Healthy leaf,True,48,52,0.94785,False,False,False
4. Helopeltis/helopeltis_00102.jpg,6. Green mirid bug/green_mirid_bug_00429.jpg,4. Helopeltis,6. Green mirid bug,True,60,63,0.92334,False,False,False
4. Helopeltis/helopeltis_00102.jpg,6. Green mirid bug/green_mirid_bug_00440.jpg,4. Helopeltis,6. Green mirid bug,True,56,67,0.92616,False,False,False
4. Helopeltis/helopeltis_00103.jpg,4. Helopeltis/helopeltis_00270.jpg,4. Helopeltis,4. Helopeltis,False,64,113,0.80411,False,False,False
4. Helopeltis/helopeltis_00103.jpg,6. Green mirid bug/green_mirid_bug_00073.jpg,4. Helopeltis,6. Green mirid bug,True,60,75,0.92273,False,False,False
4. Helopeltis/helopeltis_00103.jpg,6. Green mirid bug/green_mirid_bug_00402.jpg,4. Helopeltis,6. Green mirid bug,True,60,67,0.92455,False,False,False
4. Helopeltis/helopeltis_00104.jpg,4. Helopeltis/helopeltis_00105.jpg,4. Helopeltis,4. Helopeltis,False,62,76,0.91082,False,False,False
4. Helopeltis/helopeltis_00104.jpg,4. Helopeltis/helopeltis_00511.jpg,4. Helopeltis,4. Helopeltis,False,58,98,0.89991,False,False,False
4. Helopeltis/helopeltis_00104.jpg,6. Green mirid bug/green_mirid_bug_00405.jpg,4. Helopeltis,6. Green mirid bug,True,64,66,0.89931,False,False,False
4. Helopeltis/helopeltis_00104.jpg,6. Green mirid bug/green_mirid_bug_00438.jpg,4. Helopeltis,6. Green mirid bug,True,60,63,0.92842,False,False,False
4. Helopeltis/helopeltis_00104.jpg,6. Green mirid bug/green_mirid_bug_00456.jpg,4. Helopeltis,6. Green mirid bug,True,62,54,0.91925,False,False,False
4. Helopeltis/helopeltis_00104.jpg,6. Green mirid bug/green_mirid_bug_00460.jpg,4. Helopeltis,6. Green mirid bug,True,52,46,0.91781,False,True,False
4. Helopeltis/helopeltis_00104.jpg,6. Green mirid bug/green_mirid_bug_00464.jpg,4. Helopeltis,6. Green mirid bug,True,62,56,0.92155,False,False,False
4. Helopeltis/helopeltis_00104.jpg,6. Green mirid bug/green_mirid_bug_01184.jpg,4. Helopeltis,6. Green mirid bug,True,60,121,0.89453,False,False,False
4. Helopeltis/helopeltis_00105.jpg,4. Helopeltis/helopeltis_00106.jpg,4. Helopeltis,4. Helopeltis,False,62,40,0.91724,False,True,False
4. Helopeltis/helopeltis_00105.jpg,4. Helopeltis/helopeltis_00389.jpg,4. Helopeltis,4. Helopeltis,False,64,101,0.9178,False,False,False
4. Helopeltis/helopeltis_00105.jpg,4. Helopeltis/helopeltis_00467.jpg,4. Helopeltis,4. Helopeltis,False,64,110,0.8738,False,False,False
4. Helopeltis/helopeltis_00105.jpg,5. Red spider/red_spider_00215.jpg,4. Helopeltis,5. Red spider,True,52,93,0.89253,False,False,False
4. Helopeltis/helopeltis_00105.jpg,6. Green mirid bug/green_mirid_bug_00381.jpg,4. Helopeltis,6. Green mirid bug,True,64,75,0.93025,False,False,False
4. Helopeltis/helopeltis_00105.jpg,6. Green mirid bug/green_mirid_bug_00424.jpg,4. Helopeltis,6. Green mirid bug,True,56,79,0.91639,False,False,False
4. Helopeltis/helopeltis_00105.jpg,6. Green mirid bug/green_mirid_bug_00459.jpg,4. Helopeltis,6. Green mirid bug,True,60,55,0.91487,False,False,False
4. Helopeltis/helopeltis_00105.jpg,6. Green mirid bug/green_mirid_bug_00460.jpg,4. Helopeltis,6. Green mirid bug,True,52,70,0.9216,False,False,False
4. Helopeltis/helopeltis_00105.jpg,7. Healthy leaf/healthy_00176.jpg,4. Helopeltis,7. Healthy leaf,True,46,121,0.89113,False,False,False
4. Helopeltis/helopeltis_00105.jpg,7. Healthy leaf/healthy_00276.jpg,4. Helopeltis,7. Healthy leaf,True,62,62,0.91975,False,False,False
4. Helopeltis/helopeltis_00105.jpg,7. Healthy leaf/healthy_00280.jpg,4. Helopeltis,7. Healthy leaf,True,58,63,0.91702,False,False,False
4. Helopeltis/helopeltis_00106.jpg,4. Helopeltis/helopeltis_00373.jpg,4. Helopeltis,4. Helopeltis,False,58,116,0.92211,False,False,False
4. Helopeltis/helopeltis_00106.jpg,4. Helopeltis/helopeltis_00397.jpg,4. Helopeltis,4. Helopeltis,False,52,130,0.90673,False,False,False
4. Helopeltis/helopeltis_00106.jpg,4. Helopeltis/helopeltis_00460.jpg,4. Helopeltis,4. Helopeltis,False,64,118,0.899,False,False,False
4. Helopeltis/helopeltis_00106.jpg,4. Helopeltis/helopeltis_00467.jpg,4. Helopeltis,4. Helopeltis,False,58,120,0.90027,False,False,False
4. Helopeltis/helopeltis_00106.jpg,5. Red spider/red_spider_00340.jpg,4. Helopeltis,5. Red spider,True,54,100,0.91581,False,False,False
4. Helopeltis/helopeltis_00106.jpg,6. Green mirid bug/green_mirid_bug_00381.jpg,4. Helopeltis,6. Green mirid bug,True,46,71,0.92453,False,False,False
4. Helopeltis/helopeltis_00106.jpg,6. Green mirid bug/green_mirid_bug_00406.jpg,4. Helopeltis,6. Green mirid bug,True,60,79,0.91397,False,False,False
4. Helopeltis/helopeltis_00106.jpg,6. Green mirid bug/green_mirid_bug_00410.jpg,4. Helopeltis,6. Green mirid bug,True,54,68,0.91737,False,False,False
4. Helopeltis/helopeltis_00106.jpg,6. Green mirid bug/green_mirid_bug_00420.jpg,4. Helopeltis,6. Green mirid bug,True,64,78,0.90217,False,False,False
4. Helopeltis/helopeltis_00106.jpg,6. Green mirid bug/green_mirid_bug_00422.jpg,4. Helopeltis,6. Green mirid bug,True,62,73,0.9151,False,False,False
4. Helopeltis/helopeltis_00106.jpg,6. Green mirid bug/green_mirid_bug_00453.jpg,4. Helopeltis,6. Green mirid bug,True,60,70,0.90917,False,False,False
4. Helopeltis/helopeltis_00106.jpg,6. Green mirid bug/green_mirid_bug_00454.jpg,4. Helopeltis,6. Green mirid bug,True,52,64,0.92643,False,False,False
4. Helopeltis/helopeltis_00106.jpg,6. Green mirid bug/green_mirid_bug_00832.jpg,4. Helopeltis,6. Green mirid bug,True,58,114,0.9104,False,False,False
4. Helopeltis/helopeltis_00106.jpg,7. Healthy leaf/healthy_00276.jpg,4. Helopeltis,7. Healthy leaf,True,48,38,0.91978,False,True,False
4. Helopeltis/helopeltis_00106.jpg,7. Healthy leaf/healthy_00277.jpg,4. Helopeltis,7. Healthy leaf,True,44,42,0.93137,False,True,False
4. Helopeltis/helopeltis_00106.jpg,7. Healthy leaf/healthy_00279.jpg,4. Helopeltis,7. Healthy leaf,True,44,53,0.93183,False,False,False
4. Helopeltis/helopeltis_00106.jpg,7. Healthy leaf/healthy_00280.jpg,4. Helopeltis,7. Healthy leaf,True,50,59,0.92666,False,False,False
4. Helopeltis/helopeltis_00107.jpg,6. Green mirid bug/green_mirid_bug_00069.jpg,4. Helopeltis,6. Green mirid bug,True,52,61,0.93776,False,False,False
4. Helopeltis/helopeltis_00107.jpg,6. Green mirid bug/green_mirid_bug_00449.jpg,4. Helopeltis,6. Green mirid bug,True,58,47,0.93677,False,True,False
4. Helopeltis/helopeltis_00107.jpg,6. Green mirid bug/green_mirid_bug_00456.jpg,4. Helopeltis,6. Green mirid bug,True,50,48,0.942,False,True,False
4. Helopeltis/helopeltis_00107.jpg,6. Green mirid bug/green_mirid_bug_00457.jpg,4. Helopeltis,6. Green mirid bug,True,48,68,0.92888,False,False,False
4. Helopeltis/helopeltis_00107.jpg,6. Green mirid bug/green_mirid_bug_00463.jpg,4. Helopeltis,6. Green mirid bug,True,52,58,0.9301,False,False,False
4. Helopeltis/helopeltis_00107.jpg,7. Healthy leaf/healthy_00195.jpg,4. Helopeltis,7. Healthy leaf,True,54,47,0.94812,False,True,False
4. Helopeltis/helopeltis_00107.jpg,7. Healthy leaf/healthy_00198.jpg,4. Helopeltis,7. Healthy leaf,True,60,46,0.94703,False,True,False
4. Helopeltis/helopeltis_00107.jpg,7. Healthy leaf/healthy_00217.jpg,4. Helopeltis,7. Healthy leaf,True,62,64,0.93035,False,False,False
4. Helopeltis/helopeltis_00108.jpg,4. Helopeltis/helopeltis_00378.jpg,4. Helopeltis,4. Helopeltis,False,60,93,0.93168,False,False,False
4. Helopeltis/helopeltis_00108.jpg,6. Green mirid bug/green_mirid_bug_00083.jpg,4. Helopeltis,6. Green mirid bug,True,62,78,0.91523,False,False,False
4. Helopeltis/helopeltis_00108.jpg,6. Green mirid bug/green_mirid_bug_00428.jpg,4. Helopeltis,6. Green mirid bug,True,64,65,0.90921,False,False,False
4. Helopeltis/helopeltis_00108.jpg,6. Green mirid bug/green_mirid_bug_00441.jpg,4. Helopeltis,6. Green mirid bug,True,64,76,0.91622,False,False,False
4. Helopeltis/helopeltis_00108.jpg,7. Healthy leaf/healthy_00203.jpg,4. Helopeltis,7. Healthy leaf,True,64,80,0.91724,False,False,False
4. Helopeltis/helopeltis_00108.jpg,7. Healthy leaf/healthy_00287.jpg,4. Helopeltis,7. Healthy leaf,True,56,74,0.91479,False,False,False
4. Helopeltis/helopeltis_00109.jpg,6. Green mirid bug/green_mirid_bug_00202.jpg,4. Helopeltis,6. Green mirid bug,True,64,67,0.92177,False,False,False
4. Helopeltis/helopeltis_00110.jpg,6. Green mirid bug/green_mirid_bug_00417.jpg,4. Helopeltis,6. Green mirid bug,True,62,38,0.9171,False,True,False
4. Helopeltis/helopeltis_00110.jpg,6. Green mirid bug/green_mirid_bug_00448.jpg,4. Helopeltis,6. Green mirid bug,True,56,61,0.94316,False,False,False
4. Helopeltis/helopeltis_00110.jpg,7. Healthy leaf/healthy_00203.jpg,4. Helopeltis,7. Healthy leaf,True,46,52,0.93151,False,False,False
4. Helopeltis/helopeltis_00111.jpg,4. Helopeltis/helopeltis_00450.jpg,4. Helopeltis,4. Helopeltis,False,60,83,0.89928,False,False,False
4. Helopeltis/helopeltis_00111.jpg,5. Red spider/red_spider_00069.jpg,4. Helopeltis,5. Red spider,True,56,55,0.90761,False,False,False
4. Helopeltis/helopeltis_00111.jpg,5. Red spider/red_spider_00152.jpg,4. Helopeltis,5. Red spider,True,62,95,0.8907,False,False,False
4. Helopeltis/helopeltis_00111.jpg,5. Red spider/red_spider_00497.jpg,4. Helopeltis,5. Red spider,True,64,98,0.87788,False,False,False
4. Helopeltis/helopeltis_00111.jpg,6. Green mirid bug/green_mirid_bug_00136.jpg,4. Helopeltis,6. Green mirid bug,True,46,55,0.89949,False,False,False
4. Helopeltis/helopeltis_00111.jpg,6. Green mirid bug/green_mirid_bug_00218.jpg,4. Helopeltis,6. Green mirid bug,True,64,50,0.90091,False,False,False
4. Helopeltis/helopeltis_00111.jpg,6. Green mirid bug/green_mirid_bug_00411.jpg,4. Helopeltis,6. Green mirid bug,True,54,42,0.91131,False,True,False
4. Helopeltis/helopeltis_00111.jpg,6. Green mirid bug/green_mirid_bug_00444.jpg,4. Helopeltis,6. Green mirid bug,True,62,42,0.89204,False,False,False
4. Helopeltis/helopeltis_00111.jpg,6. Green mirid bug/green_mirid_bug_00534.jpg,4. Helopeltis,6. Green mirid bug,True,62,88,0.89376,False,False,False
4. Helopeltis/helopeltis_00111.jpg,6. Green mirid bug/green_mirid_bug_00543.jpg,4. Helopeltis,6. Green mirid bug,True,48,104,0.89265,False,False,False
4. Helopeltis/helopeltis_00111.jpg,6. Green mirid bug/green_mirid_bug_00834.jpg,4. Helopeltis,6. Green mirid bug,True,42,85,0.90231,False,False,False
4. Helopeltis/helopeltis_00111.jpg,6. Green mirid bug/green_mirid_bug_00867.jpg,4. Helopeltis,6. Green mirid bug,True,48,78,0.8957,False,False,False
4. Helopeltis/helopeltis_00111.jpg,7. Healthy leaf/healthy_00864.jpg,4. Helopeltis,7. Healthy leaf,True,60,115,0.89001,False,False,False
4. Helopeltis/helopeltis_00112.jpg,4. Helopeltis/helopeltis_00251.jpg,4. Helopeltis,4. Helopeltis,False,58,106,0.88648,False,False,False
4. Helopeltis/helopeltis_00112.jpg,4. Helopeltis/helopeltis_00389.jpg,4. Helopeltis,4. Helopeltis,False,54,90,0.91237,False,False,False
4. Helopeltis/helopeltis_00112.jpg,4. Helopeltis/helopeltis_00450.jpg,4. Helopeltis,4. Helopeltis,False,62,86,0.8798,False,False,False
4. Helopeltis/helopeltis_00112.jpg,4. Helopeltis/helopeltis_00463.jpg,4. Helopeltis,4. Helopeltis,False,58,84,0.896,False,False,False
4. Helopeltis/helopeltis_00112.jpg,6. Green mirid bug/green_mirid_bug_00102.jpg,4. Helopeltis,6. Green mirid bug,True,64,64,0.89842,False,False,False
4. Helopeltis/helopeltis_00112.jpg,6. Green mirid bug/green_mirid_bug_00136.jpg,4. Helopeltis,6. Green mirid bug,True,60,62,0.89968,False,False,False
4. Helopeltis/helopeltis_00112.jpg,6. Green mirid bug/green_mirid_bug_00160.jpg,4. Helopeltis,6. Green mirid bug,True,64,52,0.9164,False,False,False
4. Helopeltis/helopeltis_00112.jpg,6. Green mirid bug/green_mirid_bug_00218.jpg,4. Helopeltis,6. Green mirid bug,True,58,49,0.89724,False,False,False
4. Helopeltis/helopeltis_00112.jpg,6. Green mirid bug/green_mirid_bug_00323.jpg,4. Helopeltis,6. Green mirid bug,True,60,56,0.92512,False,False,False
4. Helopeltis/helopeltis_00112.jpg,6. Green mirid bug/green_mirid_bug_00445.jpg,4. Helopeltis,6. Green mirid bug,True,64,49,0.9057,False,False,False
4. Helopeltis/helopeltis_00112.jpg,6. Green mirid bug/green_mirid_bug_00447.jpg,4. Helopeltis,6. Green mirid bug,True,60,36,0.92215,False,True,False
4. Helopeltis/helopeltis_00112.jpg,6. Green mirid bug/green_mirid_bug_00453.jpg,4. Helopeltis,6. Green mirid bug,True,54,57,0.92229,False,False,False
4. Helopeltis/helopeltis_00113.jpg,6. Green mirid bug/green_mirid_bug_00461.jpg,4. Helopeltis,6. Green mirid bug,True,46,59,0.93345,False,False,False
4. Helopeltis/helopeltis_00113.jpg,7. Healthy leaf/healthy_00195.jpg,4. Helopeltis,7. Healthy leaf,True,62,53,0.94394,False,False,False
4. Helopeltis/helopeltis_00114.jpg,6. Green mirid bug/green_mirid_bug_00438.jpg,4. Helopeltis,6. Green mirid bug,True,62,63,0.91183,False,False,False
4. Helopeltis/helopeltis_00114.jpg,6. Green mirid bug/green_mirid_bug_00456.jpg,4. Helopeltis,6. Green mirid bug,True,58,56,0.94207,False,False,False
4. Helopeltis/helopeltis_00130.jpg,7. Healthy leaf/healthy_00912.jpg,4. Helopeltis,7. Healthy leaf,True,60,119,0.84898,False,False,False
4. Helopeltis/helopeltis_00131.jpg,4. Helopeltis/helopeltis_00251.jpg,4. Helopeltis,4. Helopeltis,False,64,112,0.87888,False,False,False
4. Helopeltis/helopeltis_00131.jpg,4. Helopeltis/helopeltis_00389.jpg,4. Helopeltis,4. Helopeltis,False,64,102,0.90292,False,False,False
4. Helopeltis/helopeltis_00131.jpg,5. Red spider/red_spider_00112.jpg,4. Helopeltis,5. Red spider,True,58,98,0.87195,False,False,False
4. Helopeltis/helopeltis_00131.jpg,5. Red spider/red_spider_00224.jpg,4. Helopeltis,5. Red spider,True,64,114,0.86774,False,False,False
4. Helopeltis/helopeltis_00131.jpg,6. Green mirid bug/green_mirid_bug_00102.jpg,4. Helopeltis,6. Green mirid bug,True,62,148,0.89679,False,False,False
4. Helopeltis/helopeltis_00131.jpg,6. Green mirid bug/green_mirid_bug_00218.jpg,4. Helopeltis,6. Green mirid bug,True,64,131,0.89533,False,False,False
4. Helopeltis/helopeltis_00131.jpg,6. Green mirid bug/green_mirid_bug_00249.jpg,4. Helopeltis,6. Green mirid bug,True,64,145,0.87988,False,False,False
4. Helopeltis/helopeltis_00131.jpg,6. Green mirid bug/green_mirid_bug_00370.jpg,4. Helopeltis,6. Green mirid bug,True,62,142,0.88426,False,False,False
4. Helopeltis/helopeltis_00131.jpg,6. Green mirid bug/green_mirid_bug_00408.jpg,4. Helopeltis,6. Green mirid bug,True,56,139,0.90521,False,False,False
4. Helopeltis/helopeltis_00131.jpg,6. Green mirid bug/green_mirid_bug_00421.jpg,4. Helopeltis,6. Green mirid bug,True,64,121,0.89412,False,False,False
4. Helopeltis/helopeltis_00131.jpg,6. Green mirid bug/green_mirid_bug_00569.jpg,4. Helopeltis,6. Green mirid bug,True,62,99,0.87302,False,False,False
4. Helopeltis/helopeltis_00131.jpg,6. Green mirid bug/green_mirid_bug_00650.jpg,4. Helopeltis,6. Green mirid bug,True,62,105,0.87392,False,False,False
4. Helopeltis/helopeltis_00131.jpg,6. Green mirid bug/green_mirid_bug_00651.jpg,4. Helopeltis,6. Green mirid bug,True,62,108,0.87499,False,False,False
4. Helopeltis/helopeltis_00131.jpg,7. Healthy leaf/healthy_00219.jpg,4. Helopeltis,7. Healthy leaf,True,62,129,0.90037,False,False,False
4. Helopeltis/helopeltis_00135.jpg,4. Helopeltis/helopeltis_00136.jpg,4. Helopeltis,4. Helopeltis,False,30,23,0.86544,False,False,False
4. Helopeltis/helopeltis_00137.jpg,4. Helopeltis/helopeltis_00138.jpg,4. Helopeltis,4. Helopeltis,False,26,22,0.7915,False,False,False
4. Helopeltis/helopeltis_00143.jpg,4. Helopeltis/helopeltis_00144.jpg,4. Helopeltis,4. Helopeltis,False,14,16,0.93236,False,True,True
4. Helopeltis/helopeltis_00146.jpg,6. Green mirid bug/green_mirid_bug_00894.jpg,4. Helopeltis,6. Green mirid bug,True,62,49,0.88214,False,False,False
4. Helopeltis/helopeltis_00147.jpg,4. Helopeltis/helopeltis_00230.jpg,4. Helopeltis,4. Helopeltis,False,62,90,0.84375,False,False,False
4. Helopeltis/helopeltis_00147.jpg,4. Helopeltis/helopeltis_00366.jpg,4. Helopeltis,4. Helopeltis,False,64,42,0.86178,False,False,False
4. Helopeltis/helopeltis_00147.jpg,5. Red spider/red_spider_00379.jpg,4. Helopeltis,5. Red spider,True,56,101,0.83964,False,False,False
4. Helopeltis/helopeltis_00147.jpg,6. Green mirid bug/green_mirid_bug_00638.jpg,4. Helopeltis,6. Green mirid bug,True,60,54,0.86046,False,False,False
4. Helopeltis/helopeltis_00147.jpg,6. Green mirid bug/green_mirid_bug_01170.jpg,4. Helopeltis,6. Green mirid bug,True,60,51,0.85135,False,False,False
4. Helopeltis/helopeltis_00147.jpg,7. Healthy leaf/healthy_00916.jpg,4. Helopeltis,7. Healthy leaf,True,62,110,0.86328,False,False,False
4. Helopeltis/helopeltis_00149.jpg,6. Green mirid bug/green_mirid_bug_01070.jpg,4. Helopeltis,6. Green mirid bug,True,64,105,0.82803,False,False,False
4. Helopeltis/helopeltis_00150.jpg,4. Helopeltis/helopeltis_00151.jpg,4. Helopeltis,4. Helopeltis,False,20,21,0.92028,False,True,True
4. Helopeltis/helopeltis_00150.jpg,5. Red spider/red_spider_00211.jpg,4. Helopeltis,5. Red spider,True,60,111,0.8373,False,False,False
4. Helopeltis/helopeltis_00150.jpg,6. Green mirid bug/green_mirid_bug_00451.jpg,4. Helopeltis,6. Green mirid bug,True,48,92,0.8506,False,False,False
4. Helopeltis/helopeltis_00150.jpg,6. Green mirid bug/green_mirid_bug_01185.jpg,4. Helopeltis,6. Green mirid bug,True,64,88,0.84611,False,False,False
4. Helopeltis/helopeltis_00151.jpg,6. Green mirid bug/green_mirid_bug_00451.jpg,4. Helopeltis,6. Green mirid bug,True,60,87,0.84963,False,False,False
4. Helopeltis/helopeltis_00151.jpg,6. Green mirid bug/green_mirid_bug_01185.jpg,4. Helopeltis,6. Green mirid bug,True,62,89,0.84778,False,False,False
4. Helopeltis/helopeltis_00152.jpg,4. Helopeltis/helopeltis_00251.jpg,4. Helopeltis,4. Helopeltis,False,56,73,0.84709,False,False,False
4. Helopeltis/helopeltis_00152.jpg,6. Green mirid bug/green_mirid_bug_00650.jpg,4. Helopeltis,6. Green mirid bug,True,64,100,0.83613,False,False,False
4. Helopeltis/helopeltis_00155.jpg,4. Helopeltis/helopeltis_00156.jpg,4. Helopeltis,4. Helopeltis,False,24,30,0.89663,False,False,False
4. Helopeltis/helopeltis_00159.jpg,4. Helopeltis/helopeltis_00193.jpg,4. Helopeltis,4. Helopeltis,False,60,84,0.87935,False,False,False
4. Helopeltis/helopeltis_00159.jpg,6. Green mirid bug/green_mirid_bug_00408.jpg,4. Helopeltis,6. Green mirid bug,True,60,103,0.8935,False,False,False
4. Helopeltis/helopeltis_00159.jpg,6. Green mirid bug/green_mirid_bug_00569.jpg,4. Helopeltis,6. Green mirid bug,True,60,93,0.87023,False,False,False
4. Helopeltis/helopeltis_00159.jpg,6. Green mirid bug/green_mirid_bug_00622.jpg,4. Helopeltis,6. Green mirid bug,True,64,87,0.82799,False,False,False
4. Helopeltis/helopeltis_00169.jpg,7. Healthy leaf/healthy_00337.jpg,4. Helopeltis,7. Healthy leaf,True,58,107,0.87485,False,False,False
4. Helopeltis/helopeltis_00170.jpg,4. Helopeltis/helopeltis_00171.jpg,4. Helopeltis,4. Helopeltis,False,50,50,0.84201,False,False,False
4. Helopeltis/helopeltis_00172.jpg,6. Green mirid bug/green_mirid_bug_00069.jpg,4. Helopeltis,6. Green mirid bug,True,64,98,0.85824,False,False,False
4. Helopeltis/helopeltis_00174.jpg,7. Healthy leaf/healthy_00211.jpg,4. Helopeltis,7. Healthy leaf,True,60,88,0.87918,False,False,False
4. Helopeltis/helopeltis_00175.jpg,7. Healthy leaf/healthy_00275.jpg,4. Helopeltis,7. Healthy leaf,True,54,93,0.86891,False,False,False
4. Helopeltis/helopeltis_00176.jpg,5. Red spider/red_spider_00479.jpg,4. Helopeltis,5. Red spider,True,64,108,0.84787,False,False,False
4. Helopeltis/helopeltis_00178.jpg,4. Helopeltis/helopeltis_00179.jpg,4. Helopeltis,4. Helopeltis,False,30,15,0.95535,False,True,True
4. Helopeltis/helopeltis_00180.jpg,5. Red spider/red_spider_00215.jpg,4. Helopeltis,5. Red spider,True,60,89,0.88084,False,False,False
4. Helopeltis/helopeltis_00181.jpg,6. Green mirid bug/green_mirid_bug_00147.jpg,4. Helopeltis,6. Green mirid bug,True,54,76,0.89572,False,False,False
4. Helopeltis/helopeltis_00181.jpg,6. Green mirid bug/green_mirid_bug_00545.jpg,4. Helopeltis,6. Green mirid bug,True,56,51,0.88503,False,False,False
4. Helopeltis/helopeltis_00181.jpg,7. Healthy leaf/healthy_00782.jpg,4. Helopeltis,7. Healthy leaf,True,64,114,0.88215,False,False,False
4. Helopeltis/helopeltis_00182.jpg,6. Green mirid bug/green_mirid_bug_00554.jpg,4. Helopeltis,6. Green mirid bug,True,64,85,0.88538,False,False,False
4. Helopeltis/helopeltis_00182.jpg,6. Green mirid bug/green_mirid_bug_01146.jpg,4. Helopeltis,6. Green mirid bug,True,58,108,0.8838,False,False,False
4. Helopeltis/helopeltis_00185.jpg,4. Helopeltis/helopeltis_00491.jpg,4. Helopeltis,4. Helopeltis,False,62,99,0.88326,False,False,False
4. Helopeltis/helopeltis_00185.jpg,6. Green mirid bug/green_mirid_bug_00202.jpg,4. Helopeltis,6. Green mirid bug,True,56,82,0.91238,False,False,False
4. Helopeltis/helopeltis_00185.jpg,6. Green mirid bug/green_mirid_bug_00462.jpg,4. Helopeltis,6. Green mirid bug,True,58,99,0.90886,False,False,False
4. Helopeltis/helopeltis_00186.jpg,6. Green mirid bug/green_mirid_bug_00417.jpg,4. Helopeltis,6. Green mirid bug,True,56,99,0.9026,False,False,False
4. Helopeltis/helopeltis_00186.jpg,6. Green mirid bug/green_mirid_bug_00440.jpg,4. Helopeltis,6. Green mirid bug,True,56,96,0.91332,False,False,False
4. Helopeltis/helopeltis_00186.jpg,6. Green mirid bug/green_mirid_bug_00448.jpg,4. Helopeltis,6. Green mirid bug,True,62,102,0.91635,False,False,False
4. Helopeltis/helopeltis_00189.jpg,4. Helopeltis/helopeltis_00240.jpg,4. Helopeltis,4. Helopeltis,False,64,96,0.83455,False,False,False
4. Helopeltis/helopeltis_00192.jpg,4. Helopeltis/helopeltis_00193.jpg,4. Helopeltis,4. Helopeltis,False,56,62,0.8907,False,False,False
4. Helopeltis/helopeltis_00192.jpg,4. Helopeltis/helopeltis_00281.jpg,4. Helopeltis,4. Helopeltis,False,62,60,0.81208,False,False,False
4. Helopeltis/helopeltis_00193.jpg,6. Green mirid bug/green_mirid_bug_00622.jpg,4. Helopeltis,6. Green mirid bug,True,50,51,0.83227,False,False,False
4. Helopeltis/helopeltis_00194.jpg,4. Helopeltis/helopeltis_00251.jpg,4. Helopeltis,4. Helopeltis,False,56,86,0.88898,False,False,False
4. Helopeltis/helopeltis_00197.jpg,7. Healthy leaf/healthy_00230.jpg,4. Helopeltis,7. Healthy leaf,True,64,102,0.85432,False,False,False
4. Helopeltis/helopeltis_00198.jpg,4. Helopeltis/helopeltis_00279.jpg,4. Helopeltis,4. Helopeltis,False,62,98,0.78039,False,False,False
4. Helopeltis/helopeltis_00199.jpg,4. Helopeltis/helopeltis_00236.jpg,4. Helopeltis,4. Helopeltis,False,54,60,0.85842,False,False,False
4. Helopeltis/helopeltis_00199.jpg,4. Helopeltis/helopeltis_00368.jpg,4. Helopeltis,4. Helopeltis,False,48,81,0.86955,False,False,False
4. Helopeltis/helopeltis_00199.jpg,4. Helopeltis/helopeltis_00388.jpg,4. Helopeltis,4. Helopeltis,False,58,97,0.86648,False,False,False
4. Helopeltis/helopeltis_00199.jpg,4. Helopeltis/helopeltis_00392.jpg,4. Helopeltis,4. Helopeltis,False,60,77,0.87542,False,False,False
4. Helopeltis/helopeltis_00199.jpg,4. Helopeltis/helopeltis_00399.jpg,4. Helopeltis,4. Helopeltis,False,48,63,0.87052,False,False,False
4. Helopeltis/helopeltis_00199.jpg,4. Helopeltis/helopeltis_00455.jpg,4. Helopeltis,4. Helopeltis,False,60,84,0.8662,False,False,False
4. Helopeltis/helopeltis_00199.jpg,5. Red spider/red_spider_00050.jpg,4. Helopeltis,5. Red spider,True,44,127,0.84982,False,False,False
4. Helopeltis/helopeltis_00199.jpg,5. Red spider/red_spider_00248.jpg,4. Helopeltis,5. Red spider,True,54,99,0.86365,False,False,False
4. Helopeltis/helopeltis_00199.jpg,5. Red spider/red_spider_00337.jpg,4. Helopeltis,5. Red spider,True,54,104,0.87165,False,False,False
4. Helopeltis/helopeltis_00199.jpg,5. Red spider/red_spider_00490.jpg,4. Helopeltis,5. Red spider,True,54,89,0.85887,False,False,False
4. Helopeltis/helopeltis_00199.jpg,5. Red spider/red_spider_00515.jpg,4. Helopeltis,5. Red spider,True,62,99,0.87272,False,False,False
4. Helopeltis/helopeltis_00199.jpg,6. Green mirid bug/green_mirid_bug_00040.jpg,4. Helopeltis,6. Green mirid bug,True,58,108,0.85871,False,False,False
4. Helopeltis/helopeltis_00199.jpg,6. Green mirid bug/green_mirid_bug_00486.jpg,4. Helopeltis,6. Green mirid bug,True,60,117,0.83561,False,False,False
4. Helopeltis/helopeltis_00199.jpg,6. Green mirid bug/green_mirid_bug_00838.jpg,4. Helopeltis,6. Green mirid bug,True,62,86,0.86287,False,False,False
4. Helopeltis/helopeltis_00199.jpg,6. Green mirid bug/green_mirid_bug_00932.jpg,4. Helopeltis,6. Green mirid bug,True,64,99,0.85971,False,False,False
4. Helopeltis/helopeltis_00199.jpg,7. Healthy leaf/healthy_00159.jpg,4. Helopeltis,7. Healthy leaf,True,64,143,0.84153,False,False,False
4. Helopeltis/helopeltis_00199.jpg,7. Healthy leaf/healthy_00930.jpg,4. Helopeltis,7. Healthy leaf,True,52,93,0.87886,False,False,False
4. Helopeltis/helopeltis_00200.jpg,6. Green mirid bug/green_mirid_bug_00414.jpg,4. Helopeltis,6. Green mirid bug,True,62,103,0.82517,False,False,False
4. Helopeltis/helopeltis_00200.jpg,6. Green mirid bug/green_mirid_bug_00846.jpg,4. Helopeltis,6. Green mirid bug,True,50,100,0.80307,False,False,False
4. Helopeltis/helopeltis_00200.jpg,6. Green mirid bug/green_mirid_bug_00947.jpg,4. Helopeltis,6. Green mirid bug,True,60,80,0.811,False,False,False
4. Helopeltis/helopeltis_00200.jpg,7. Healthy leaf/healthy_00134.jpg,4. Helopeltis,7. Healthy leaf,True,64,133,0.8078,False,False,False
4. Helopeltis/helopeltis_00200.jpg,7. Healthy leaf/healthy_00704.jpg,4. Helopeltis,7. Healthy leaf,True,64,118,0.79324,False,False,False
4. Helopeltis/helopeltis_00201.jpg,5. Red spider/red_spider_00297.jpg,4. Helopeltis,5. Red spider,True,60,99,0.83592,False,False,False
4. Helopeltis/helopeltis_00202.jpg,5. Red spider/red_spider_00492.jpg,4. Helopeltis,5. Red spider,True,60,70,0.8475,False,False,False
4. Helopeltis/helopeltis_00203.jpg,5. Red spider/red_spider_00076.jpg,4. Helopeltis,5. Red spider,True,58,116,0.82746,False,False,False
4. Helopeltis/helopeltis_00203.jpg,5. Red spider/red_spider_00077.jpg,4. Helopeltis,5. Red spider,True,58,126,0.82545,False,False,False
4. Helopeltis/helopeltis_00206.jpg,4. Helopeltis/helopeltis_00208.jpg,4. Helopeltis,4. Helopeltis,False,60,62,0.82555,False,False,False
4. Helopeltis/helopeltis_00210.jpg,4. Helopeltis/helopeltis_00211.jpg,4. Helopeltis,4. Helopeltis,False,18,17,0.95549,False,True,True
4. Helopeltis/helopeltis_00223.jpg,6. Green mirid bug/green_mirid_bug_01004.jpg,4. Helopeltis,6. Green mirid bug,True,64,65,0.84386,False,False,False
4. Helopeltis/helopeltis_00223.jpg,6. Green mirid bug/green_mirid_bug_01186.jpg,4. Helopeltis,6. Green mirid bug,True,62,54,0.86531,False,False,False
4. Helopeltis/helopeltis_00224.jpg,5. Red spider/red_spider_00026.jpg,4. Helopeltis,5. Red spider,True,54,114,0.82104,False,False,False
4. Helopeltis/helopeltis_00225.jpg,4. Helopeltis/helopeltis_00282.jpg,4. Helopeltis,4. Helopeltis,False,64,50,0.82503,False,False,False
4. Helopeltis/helopeltis_00230.jpg,4. Helopeltis/helopeltis_00365.jpg,4. Helopeltis,4. Helopeltis,False,52,91,0.84695,False,False,False
4. Helopeltis/helopeltis_00230.jpg,4. Helopeltis/helopeltis_00366.jpg,4. Helopeltis,4. Helopeltis,False,54,90,0.84004,False,False,False
4. Helopeltis/helopeltis_00232.jpg,4. Helopeltis/helopeltis_00233.jpg,4. Helopeltis,4. Helopeltis,False,30,35,0.90277,False,True,True
4. Helopeltis/helopeltis_00232.jpg,6. Green mirid bug/green_mirid_bug_00423.jpg,4. Helopeltis,6. Green mirid bug,True,54,96,0.87424,False,False,False
4. Helopeltis/helopeltis_00233.jpg,5. Red spider/red_spider_00072.jpg,4. Helopeltis,5. Red spider,True,64,107,0.87351,False,False,False
4. Helopeltis/helopeltis_00233.jpg,6. Green mirid bug/green_mirid_bug_00423.jpg,4. Helopeltis,6. Green mirid bug,True,48,97,0.87409,False,False,False
4. Helopeltis/helopeltis_00233.jpg,6. Green mirid bug/green_mirid_bug_00452.jpg,4. Helopeltis,6. Green mirid bug,True,62,100,0.87074,False,False,False
4. Helopeltis/helopeltis_00234.jpg,4. Helopeltis/helopeltis_00469.jpg,4. Helopeltis,4. Helopeltis,False,64,77,0.84243,False,False,False
4. Helopeltis/helopeltis_00234.jpg,7. Healthy leaf/healthy_00879.jpg,4. Helopeltis,7. Healthy leaf,True,62,49,0.87553,False,False,False
4. Helopeltis/helopeltis_00235.jpg,4. Helopeltis/helopeltis_00521.jpg,4. Helopeltis,4. Helopeltis,False,54,86,0.84039,False,False,False
4. Helopeltis/helopeltis_00236.jpg,4. Helopeltis/helopeltis_00344.jpg,4. Helopeltis,4. Helopeltis,False,64,117,0.85198,False,False,False
4. Helopeltis/helopeltis_00236.jpg,4. Helopeltis/helopeltis_00368.jpg,4. Helopeltis,4. Helopeltis,False,56,63,0.8611,False,False,False
4. Helopeltis/helopeltis_00236.jpg,4. Helopeltis/helopeltis_00545.jpg,4. Helopeltis,4. Helopeltis,False,56,72,0.85786,False,False,False
4. Helopeltis/helopeltis_00236.jpg,5. Red spider/red_spider_00050.jpg,4. Helopeltis,5. Red spider,True,64,121,0.84691,False,False,False
4. Helopeltis/helopeltis_00236.jpg,5. Red spider/red_spider_00248.jpg,4. Helopeltis,5. Red spider,True,58,89,0.8705,False,False,False
4. Helopeltis/helopeltis_00236.jpg,6. Green mirid bug/green_mirid_bug_00386.jpg,4. Helopeltis,6. Green mirid bug,True,60,108,0.85579,False,False,False
4. Helopeltis/helopeltis_00236.jpg,6. Green mirid bug/green_mirid_bug_00486.jpg,4. Helopeltis,6. Green mirid bug,True,60,117,0.83934,False,False,False
4. Helopeltis/helopeltis_00236.jpg,7. Healthy leaf/healthy_00326.jpg,4. Helopeltis,7. Healthy leaf,True,60,102,0.85026,False,False,False
4. Helopeltis/helopeltis_00237.jpg,7. Healthy leaf/healthy_00894.jpg,4. Helopeltis,7. Healthy leaf,True,62,56,0.8673,False,False,False
4. Helopeltis/helopeltis_00240.jpg,4. Helopeltis/helopeltis_00268.jpg,4. Helopeltis,4. Helopeltis,False,56,90,0.85539,False,False,False
4. Helopeltis/helopeltis_00240.jpg,6. Green mirid bug/green_mirid_bug_00495.jpg,4. Helopeltis,6. Green mirid bug,True,62,105,0.85752,False,False,False
4. Helopeltis/helopeltis_00240.jpg,6. Green mirid bug/green_mirid_bug_00556.jpg,4. Helopeltis,6. Green mirid bug,True,58,81,0.87847,False,False,False
4. Helopeltis/helopeltis_00243.jpg,4. Helopeltis/helopeltis_00251.jpg,4. Helopeltis,4. Helopeltis,False,64,94,0.87562,False,False,False
4. Helopeltis/helopeltis_00243.jpg,5. Red spider/red_spider_00071.jpg,4. Helopeltis,5. Red spider,True,60,99,0.87602,False,False,False
4. Helopeltis/helopeltis_00243.jpg,6. Green mirid bug/green_mirid_bug_00408.jpg,4. Helopeltis,6. Green mirid bug,True,62,101,0.90288,False,False,False
4. Helopeltis/helopeltis_00243.jpg,6. Green mirid bug/green_mirid_bug_00569.jpg,4. Helopeltis,6. Green mirid bug,True,60,77,0.86488,False,False,False
4. Helopeltis/helopeltis_00243.jpg,7. Healthy leaf/healthy_00166.jpg,4. Helopeltis,7. Healthy leaf,True,60,113,0.8499,False,False,False
4. Helopeltis/helopeltis_00246.jpg,4. Helopeltis/helopeltis_00283.jpg,4. Helopeltis,4. Helopeltis,False,58,91,0.80955,False,False,False
4. Helopeltis/helopeltis_00251.jpg,4. Helopeltis/helopeltis_00389.jpg,4. Helopeltis,4. Helopeltis,False,60,122,0.89436,False,False,False
4. Helopeltis/helopeltis_00253.jpg,4. Helopeltis/helopeltis_00272.jpg,4. Helopeltis,4. Helopeltis,False,60,67,0.82351,False,False,False
4. Helopeltis/helopeltis_00255.jpg,7. Healthy leaf/healthy_00195.jpg,4. Helopeltis,7. Healthy leaf,True,64,121,0.86431,False,False,False
4. Helopeltis/helopeltis_00257.jpg,5. Red spider/red_spider_00207.jpg,4. Helopeltis,5. Red spider,True,64,90,0.87813,False,False,False
4. Helopeltis/helopeltis_00260.jpg,5. Red spider/red_spider_00214.jpg,4. Helopeltis,5. Red spider,True,64,105,0.80986,False,False,False
4. Helopeltis/helopeltis_00260.jpg,6. Green mirid bug/green_mirid_bug_00604.jpg,4. Helopeltis,6. Green mirid bug,True,56,112,0.77453,False,False,False
4. Helopeltis/helopeltis_00260.jpg,7. Healthy leaf/healthy_00811.jpg,4. Helopeltis,7. Healthy leaf,True,60,109,0.82199,False,False,False
4. Helopeltis/helopeltis_00261.jpg,5. Red spider/red_spider_00241.jpg,4. Helopeltis,5. Red spider,True,58,100,0.83182,False,False,False
4. Helopeltis/helopeltis_00262.jpg,4. Helopeltis/helopeltis_00449.jpg,4. Helopeltis,4. Helopeltis,False,62,81,0.84508,False,False,False
4. Helopeltis/helopeltis_00262.jpg,5. Red spider/red_spider_00463.jpg,4. Helopeltis,5. Red spider,True,64,99,0.84611,False,False,False
4. Helopeltis/helopeltis_00262.jpg,6. Green mirid bug/green_mirid_bug_00550.jpg,4. Helopeltis,6. Green mirid bug,True,56,93,0.83778,False,False,False
4. Helopeltis/helopeltis_00262.jpg,6. Green mirid bug/green_mirid_bug_00862.jpg,4. Helopeltis,6. Green mirid bug,True,62,85,0.8512,False,False,False
4. Helopeltis/helopeltis_00263.jpg,4. Helopeltis/helopeltis_00264.jpg,4. Helopeltis,4. Helopeltis,False,10,27,0.94104,False,True,True
4. Helopeltis/helopeltis_00263.jpg,6. Green mirid bug/green_mirid_bug_00233.jpg,4. Helopeltis,6. Green mirid bug,True,48,104,0.8751,False,False,False
4. Helopeltis/helopeltis_00264.jpg,6. Green mirid bug/green_mirid_bug_00233.jpg,4. Helopeltis,6. Green mirid bug,True,40,103,0.87551,False,False,False
4. Helopeltis/helopeltis_00265.jpg,4. Helopeltis/helopeltis_00311.jpg,4. Helopeltis,4. Helopeltis,False,64,57,0.79954,False,False,False
4. Helopeltis/helopeltis_00265.jpg,5. Red spider/red_spider_00224.jpg,4. Helopeltis,5. Red spider,True,58,82,0.80279,False,False,False
4. Helopeltis/helopeltis_00267.jpg,4. Helopeltis/helopeltis_00294.jpg,4. Helopeltis,4. Helopeltis,False,60,90,0.85643,False,False,False
4. Helopeltis/helopeltis_00267.jpg,6. Green mirid bug/green_mirid_bug_00079.jpg,4. Helopeltis,6. Green mirid bug,True,60,106,0.86899,False,False,False
4. Helopeltis/helopeltis_00267.jpg,6. Green mirid bug/green_mirid_bug_00407.jpg,4. Helopeltis,6. Green mirid bug,True,54,107,0.86398,False,False,False
4. Helopeltis/helopeltis_00267.jpg,6. Green mirid bug/green_mirid_bug_00411.jpg,4. Helopeltis,6. Green mirid bug,True,64,111,0.87459,False,False,False
4. Helopeltis/helopeltis_00267.jpg,6. Green mirid bug/green_mirid_bug_00421.jpg,4. Helopeltis,6. Green mirid bug,True,56,107,0.87956,False,False,False
4. Helopeltis/helopeltis_00268.jpg,4. Helopeltis/helopeltis_00275.jpg,4. Helopeltis,4. Helopeltis,False,60,106,0.87034,False,False,False
4. Helopeltis/helopeltis_00268.jpg,6. Green mirid bug/green_mirid_bug_00489.jpg,4. Helopeltis,6. Green mirid bug,True,62,107,0.86328,False,False,False
4. Helopeltis/helopeltis_00268.jpg,6. Green mirid bug/green_mirid_bug_00556.jpg,4. Helopeltis,6. Green mirid bug,True,50,99,0.87247,False,False,False
4. Helopeltis/helopeltis_00268.jpg,6. Green mirid bug/green_mirid_bug_00865.jpg,4. Helopeltis,6. Green mirid bug,True,62,108,0.85924,False,False,False
4. Helopeltis/helopeltis_00270.jpg,4. Helopeltis/helopeltis_00593.jpg,4. Helopeltis,4. Helopeltis,False,64,120,0.81689,False,False,False
4. Helopeltis/helopeltis_00272.jpg,6. Green mirid bug/green_mirid_bug_00580.jpg,4. Helopeltis,6. Green mirid bug,True,56,49,0.81641,False,False,False
4. Helopeltis/helopeltis_00272.jpg,6. Green mirid bug/green_mirid_bug_00581.jpg,4. Helopeltis,6. Green mirid bug,True,54,48,0.82152,False,False,False
4. Helopeltis/helopeltis_00273.jpg,6. Green mirid bug/green_mirid_bug_00646.jpg,4. Helopeltis,6. Green mirid bug,True,58,51,0.89628,False,False,False
4. Helopeltis/helopeltis_00274.jpg,4. Helopeltis/helopeltis_00275.jpg,4. Helopeltis,4. Helopeltis,False,36,45,0.87509,False,False,False
4. Helopeltis/helopeltis_00274.jpg,6. Green mirid bug/green_mirid_bug_00556.jpg,4. Helopeltis,6. Green mirid bug,True,64,84,0.87345,False,False,False
4. Helopeltis/helopeltis_00275.jpg,6. Green mirid bug/green_mirid_bug_00556.jpg,4. Helopeltis,6. Green mirid bug,True,40,107,0.86994,False,False,False
4. Helopeltis/helopeltis_00280.jpg,7. Healthy leaf/healthy_00706.jpg,4. Helopeltis,7. Healthy leaf,True,64,78,0.81248,False,False,False
4. Helopeltis/helopeltis_00281.jpg,4. Helopeltis/helopeltis_00312.jpg,4. Helopeltis,4. Helopeltis,False,56,102,0.80991,False,False,False
4. Helopeltis/helopeltis_00282.jpg,6. Green mirid bug/green_mirid_bug_00641.jpg,4. Helopeltis,6. Green mirid bug,True,56,56,0.8056,False,False,False
4. Helopeltis/helopeltis_00282.jpg,6. Green mirid bug/green_mirid_bug_00953.jpg,4. Helopeltis,6. Green mirid bug,True,62,71,0.82933,False,False,False
4. Helopeltis/helopeltis_00284.jpg,7. Healthy leaf/healthy_00818.jpg,4. Helopeltis,7. Healthy leaf,True,64,75,0.77323,False,False,False
4. Helopeltis/helopeltis_00290.jpg,4. Helopeltis/helopeltis_00291.jpg,4. Helopeltis,4. Helopeltis,False,12,18,0.93411,False,True,True
4. Helopeltis/helopeltis_00290.jpg,6. Green mirid bug/green_mirid_bug_00618.jpg,4. Helopeltis,6. Green mirid bug,True,62,82,0.84562,False,False,False
4. Helopeltis/helopeltis_00290.jpg,6. Green mirid bug/green_mirid_bug_01016.jpg,4. Helopeltis,6. Green mirid bug,True,64,112,0.8545,False,False,False
4. Helopeltis/helopeltis_00291.jpg,6. Green mirid bug/green_mirid_bug_01016.jpg,4. Helopeltis,6. Green mirid bug,True,62,116,0.85198,False,False,False
4. Helopeltis/helopeltis_00293.jpg,6. Green mirid bug/green_mirid_bug_00623.jpg,4. Helopeltis,6. Green mirid bug,True,64,60,0.81224,False,False,False
4. Helopeltis/helopeltis_00294.jpg,6. Green mirid bug/green_mirid_bug_00867.jpg,4. Helopeltis,6. Green mirid bug,True,58,123,0.83733,False,False,False
4. Helopeltis/helopeltis_00295.jpg,4. Helopeltis/helopeltis_00296.jpg,4. Helopeltis,4. Helopeltis,False,58,30,0.86624,False,False,False
4. Helopeltis/helopeltis_00297.jpg,4. Helopeltis/helopeltis_00460.jpg,4. Helopeltis,4. Helopeltis,False,52,98,0.87623,False,False,False
4. Helopeltis/helopeltis_00297.jpg,4. Helopeltis/helopeltis_00467.jpg,4. Helopeltis,4. Helopeltis,False,42,86,0.89214,False,False,False
4. Helopeltis/helopeltis_00297.jpg,6. Green mirid bug/green_mirid_bug_00424.jpg,4. Helopeltis,6. Green mirid bug,True,50,117,0.89007,False,False,False
4. Helopeltis/helopeltis_00297.jpg,7. Healthy leaf/healthy_00279.jpg,4. Helopeltis,7. Healthy leaf,True,58,125,0.86664,False,False,False
4. Helopeltis/helopeltis_00299.jpg,4. Helopeltis/helopeltis_00494.jpg,4. Helopeltis,4. Helopeltis,False,60,64,0.8883,False,False,False
4. Helopeltis/helopeltis_00299.jpg,4. Helopeltis/helopeltis_00499.jpg,4. Helopeltis,4. Helopeltis,False,64,76,0.88732,False,False,False
4. Helopeltis/helopeltis_00299.jpg,5. Red spider/red_spider_00443.jpg,4. Helopeltis,5. Red spider,True,64,114,0.82614,False,False,False
4. Helopeltis/helopeltis_00299.jpg,7. Healthy leaf/healthy_00624.jpg,4. Helopeltis,7. Healthy leaf,True,62,118,0.85544,False,False,False
4. Helopeltis/helopeltis_00300.jpg,4. Helopeltis/helopeltis_00470.jpg,4. Helopeltis,4. Helopeltis,False,54,92,0.89079,False,False,False
4. Helopeltis/helopeltis_00300.jpg,4. Helopeltis/helopeltis_00474.jpg,4. Helopeltis,4. Helopeltis,False,38,87,0.89849,False,False,False
4. Helopeltis/helopeltis_00300.jpg,4. Helopeltis/helopeltis_00500.jpg,4. Helopeltis,4. Helopeltis,False,60,93,0.8893,False,False,False
4. Helopeltis/helopeltis_00301.jpg,4. Helopeltis/helopeltis_00393.jpg,4. Helopeltis,4. Helopeltis,False,62,82,0.88309,False,False,False
4. Helopeltis/helopeltis_00301.jpg,4. Helopeltis/helopeltis_00452.jpg,4. Helopeltis,4. Helopeltis,False,64,77,0.888,False,False,False
4. Helopeltis/helopeltis_00301.jpg,4. Helopeltis/helopeltis_00461.jpg,4. Helopeltis,4. Helopeltis,False,52,79,0.89269,False,False,False
4. Helopeltis/helopeltis_00301.jpg,4. Helopeltis/helopeltis_00593.jpg,4. Helopeltis,4. Helopeltis,False,58,77,0.88562,False,False,False
4. Helopeltis/helopeltis_00301.jpg,4. Helopeltis/helopeltis_00595.jpg,4. Helopeltis,4. Helopeltis,False,56,73,0.88411,False,False,False
4. Helopeltis/helopeltis_00301.jpg,5. Red spider/red_spider_00138.jpg,4. Helopeltis,5. Red spider,True,48,96,0.87971,False,False,False
4. Helopeltis/helopeltis_00301.jpg,5. Red spider/red_spider_00476.jpg,4. Helopeltis,5. Red spider,True,64,82,0.88788,False,False,False
4. Helopeltis/helopeltis_00301.jpg,6. Green mirid bug/green_mirid_bug_00331.jpg,4. Helopeltis,6. Green mirid bug,True,60,120,0.87302,False,False,False
4. Helopeltis/helopeltis_00301.jpg,6. Green mirid bug/green_mirid_bug_00383.jpg,4. Helopeltis,6. Green mirid bug,True,62,117,0.88248,False,False,False
4. Helopeltis/helopeltis_00301.jpg,6. Green mirid bug/green_mirid_bug_00412.jpg,4. Helopeltis,6. Green mirid bug,True,60,126,0.87978,False,False,False
4. Helopeltis/helopeltis_00301.jpg,6. Green mirid bug/green_mirid_bug_00794.jpg,4. Helopeltis,6. Green mirid bug,True,64,86,0.88467,False,False,False
4. Helopeltis/helopeltis_00304.jpg,6. Green mirid bug/green_mirid_bug_00570.jpg,4. Helopeltis,6. Green mirid bug,True,56,97,0.86488,False,False,False
4. Helopeltis/helopeltis_00304.jpg,6. Green mirid bug/green_mirid_bug_00618.jpg,4. Helopeltis,6. Green mirid bug,True,52,101,0.85271,False,False,False
4. Helopeltis/helopeltis_00304.jpg,6. Green mirid bug/green_mirid_bug_00917.jpg,4. Helopeltis,6. Green mirid bug,True,58,55,0.88496,False,False,False
4. Helopeltis/helopeltis_00304.jpg,6. Green mirid bug/green_mirid_bug_01099.jpg,4. Helopeltis,6. Green mirid bug,True,64,68,0.89212,False,False,False
4. Helopeltis/helopeltis_00305.jpg,4. Helopeltis/helopeltis_00584.jpg,4. Helopeltis,4. Helopeltis,False,60,83,0.88942,False,False,False
4. Helopeltis/helopeltis_00305.jpg,6. Green mirid bug/green_mirid_bug_00877.jpg,4. Helopeltis,6. Green mirid bug,True,58,98,0.89499,False,False,False
4. Helopeltis/helopeltis_00305.jpg,6. Green mirid bug/green_mirid_bug_01070.jpg,4. Helopeltis,6. Green mirid bug,True,54,91,0.84264,False,False,False
4. Helopeltis/helopeltis_00306.jpg,4. Helopeltis/helopeltis_00383.jpg,4. Helopeltis,4. Helopeltis,False,58,78,0.88087,False,False,False
4. Helopeltis/helopeltis_00306.jpg,5. Red spider/red_spider_00463.jpg,4. Helopeltis,5. Red spider,True,64,76,0.87717,False,False,False
4. Helopeltis/helopeltis_00306.jpg,7. Healthy leaf/healthy_00129.jpg,4. Helopeltis,7. Healthy leaf,True,62,105,0.86013,False,False,False
4. Helopeltis/helopeltis_00306.jpg,7. Healthy leaf/healthy_00153.jpg,4. Helopeltis,7. Healthy leaf,True,64,114,0.84493,False,False,False
4. Helopeltis/helopeltis_00306.jpg,7. Healthy leaf/healthy_00178.jpg,4. Helopeltis,7. Healthy leaf,True,58,110,0.84903,False,False,False
4. Helopeltis/helopeltis_00306.jpg,7. Healthy leaf/healthy_00211.jpg,4. Helopeltis,7. Healthy leaf,True,58,101,0.88786,False,False,False
4. Helopeltis/helopeltis_00309.jpg,4. Helopeltis/helopeltis_00310.jpg,4. Helopeltis,4. Helopeltis,False,50,38,0.87844,False,False,False
4. Helopeltis/helopeltis_00309.jpg,7. Healthy leaf/healthy_00206.jpg,4. Helopeltis,7. Healthy leaf,True,62,95,0.8877,False,False,False
4. Helopeltis/helopeltis_00311.jpg,5. Red spider/red_spider_00224.jpg,4. Helopeltis,5. Red spider,True,58,93,0.84336,False,False,False
4. Helopeltis/helopeltis_00313.jpg,6. Green mirid bug/green_mirid_bug_00228.jpg,4. Helopeltis,6. Green mirid bug,True,60,105,0.84037,False,False,False
4. Helopeltis/helopeltis_00320.jpg,4. Helopeltis/helopeltis_00557.jpg,4. Helopeltis,4. Helopeltis,False,64,107,0.88715,False,False,False
4. Helopeltis/helopeltis_00320.jpg,5. Red spider/red_spider_00179.jpg,4. Helopeltis,5. Red spider,True,64,109,0.87914,False,False,False
4. Helopeltis/helopeltis_00323.jpg,4. Helopeltis/helopeltis_00377.jpg,4. Helopeltis,4. Helopeltis,False,56,120,0.91708,False,False,False
4. Helopeltis/helopeltis_00323.jpg,4. Helopeltis/helopeltis_00592.jpg,4. Helopeltis,4. Helopeltis,False,60,108,0.90067,False,False,False
4. Helopeltis/helopeltis_00323.jpg,5. Red spider/red_spider_00072.jpg,4. Helopeltis,5. Red spider,True,54,83,0.89862,False,False,False
4. Helopeltis/helopeltis_00323.jpg,6. Green mirid bug/green_mirid_bug_00452.jpg,4. Helopeltis,6. Green mirid bug,True,58,96,0.90342,False,False,False
4. Helopeltis/helopeltis_00323.jpg,7. Healthy leaf/healthy_00177.jpg,4. Helopeltis,7. Healthy leaf,True,64,90,0.88718,False,False,False
4. Helopeltis/helopeltis_00323.jpg,7. Healthy leaf/healthy_00283.jpg,4. Helopeltis,7. Healthy leaf,True,60,99,0.90744,False,False,False
4. Helopeltis/helopeltis_00324.jpg,4. Helopeltis/helopeltis_00388.jpg,4. Helopeltis,4. Helopeltis,False,62,100,0.88544,False,False,False
4. Helopeltis/helopeltis_00324.jpg,4. Helopeltis/helopeltis_00395.jpg,4. Helopeltis,4. Helopeltis,False,48,104,0.91122,False,False,False
4. Helopeltis/helopeltis_00324.jpg,4. Helopeltis/helopeltis_00397.jpg,4. Helopeltis,4. Helopeltis,False,50,103,0.91223,False,False,False
4. Helopeltis/helopeltis_00324.jpg,4. Helopeltis/helopeltis_00398.jpg,4. Helopeltis,4. Helopeltis,False,58,115,0.90283,False,False,False
4. Helopeltis/helopeltis_00324.jpg,4. Helopeltis/helopeltis_00404.jpg,4. Helopeltis,4. Helopeltis,False,56,94,0.89946,False,False,False
4. Helopeltis/helopeltis_00324.jpg,4. Helopeltis/helopeltis_00488.jpg,4. Helopeltis,4. Helopeltis,False,54,102,0.89284,False,False,False
4. Helopeltis/helopeltis_00324.jpg,4. Helopeltis/helopeltis_00547.jpg,4. Helopeltis,4. Helopeltis,False,56,96,0.90329,False,False,False
4. Helopeltis/helopeltis_00324.jpg,4. Helopeltis/helopeltis_00548.jpg,4. Helopeltis,4. Helopeltis,False,58,98,0.90402,False,False,False
4. Helopeltis/helopeltis_00324.jpg,5. Red spider/red_spider_00337.jpg,4. Helopeltis,5. Red spider,True,62,75,0.89639,False,False,False
4. Helopeltis/helopeltis_00324.jpg,5. Red spider/red_spider_00463.jpg,4. Helopeltis,5. Red spider,True,60,102,0.90459,False,False,False
4. Helopeltis/helopeltis_00324.jpg,5. Red spider/red_spider_00476.jpg,4. Helopeltis,5. Red spider,True,56,110,0.90812,False,False,False
4. Helopeltis/helopeltis_00324.jpg,6. Green mirid bug/green_mirid_bug_00422.jpg,4. Helopeltis,6. Green mirid bug,True,48,90,0.89975,False,False,False
4. Helopeltis/helopeltis_00324.jpg,6. Green mirid bug/green_mirid_bug_00832.jpg,4. Helopeltis,6. Green mirid bug,True,58,99,0.90956,False,False,False
4. Helopeltis/helopeltis_00324.jpg,7. Healthy leaf/healthy_00251.jpg,4. Helopeltis,7. Healthy leaf,True,64,84,0.89864,False,False,False
4. Helopeltis/helopeltis_00324.jpg,7. Healthy leaf/healthy_00252.jpg,4. Helopeltis,7. Healthy leaf,True,56,88,0.90778,False,False,False
4. Helopeltis/helopeltis_00324.jpg,7. Healthy leaf/healthy_00930.jpg,4. Helopeltis,7. Healthy leaf,True,58,112,0.90291,False,False,False
4. Helopeltis/helopeltis_00324.jpg,7. Healthy leaf/healthy_00935.jpg,4. Helopeltis,7. Healthy leaf,True,62,123,0.88868,False,False,False
4. Helopeltis/helopeltis_00325.jpg,4. Helopeltis/helopeltis_00382.jpg,4. Helopeltis,4. Helopeltis,False,58,101,0.90915,False,False,False
4. Helopeltis/helopeltis_00325.jpg,6. Green mirid bug/green_mirid_bug_00652.jpg,4. Helopeltis,6. Green mirid bug,True,58,80,0.91079,False,False,False
4. Helopeltis/helopeltis_00325.jpg,7. Healthy leaf/healthy_00063.jpg,4. Helopeltis,7. Healthy leaf,True,64,106,0.90355,False,False,False
4. Helopeltis/helopeltis_00325.jpg,7. Healthy leaf/healthy_00277.jpg,4. Helopeltis,7. Healthy leaf,True,64,87,0.89791,False,False,False
4. Helopeltis/helopeltis_00330.jpg,5. Red spider/red_spider_00385.jpg,4. Helopeltis,5. Red spider,True,48,73,0.83055,False,False,False
4. Helopeltis/helopeltis_00330.jpg,7. Healthy leaf/healthy_00529.jpg,4. Helopeltis,7. Healthy leaf,True,64,83,0.84855,False,False,False
4. Helopeltis/helopeltis_00336.jpg,5. Red spider/red_spider_00259.jpg,4. Helopeltis,5. Red spider,True,62,82,0.82629,False,False,False
4. Helopeltis/helopeltis_00336.jpg,5. Red spider/red_spider_00476.jpg,4. Helopeltis,5. Red spider,True,64,134,0.86248,False,False,False
4. Helopeltis/helopeltis_00336.jpg,6. Green mirid bug/green_mirid_bug_00333.jpg,4. Helopeltis,6. Green mirid bug,True,64,93,0.83953,False,False,False
4. Helopeltis/helopeltis_00336.jpg,6. Green mirid bug/green_mirid_bug_00772.jpg,4. Helopeltis,6. Green mirid bug,True,64,122,0.8467,False,False,False
4. Helopeltis/helopeltis_00336.jpg,7. Healthy leaf/healthy_00581.jpg,4. Helopeltis,7. Healthy leaf,True,62,99,0.83139,False,False,False
4. Helopeltis/helopeltis_00338.jpg,6. Green mirid bug/green_mirid_bug_01257.jpg,4. Helopeltis,6. Green mirid bug,True,64,77,0.85241,False,False,False
4. Helopeltis/helopeltis_00339.jpg,4. Helopeltis/helopeltis_00377.jpg,4. Helopeltis,4. Helopeltis,False,62,93,0.89353,False,False,False
4. Helopeltis/helopeltis_00339.jpg,6. Green mirid bug/green_mirid_bug_00076.jpg,4. Helopeltis,6. Green mirid bug,True,58,104,0.88391,False,False,False
4. Helopeltis/helopeltis_00339.jpg,7. Healthy leaf/healthy_00205.jpg,4. Helopeltis,7. Healthy leaf,True,60,99,0.88721,False,False,False
4. Helopeltis/helopeltis_00339.jpg,7. Healthy leaf/healthy_00215.jpg,4. Helopeltis,7. Healthy leaf,True,62,97,0.88631,False,False,False
4. Helopeltis/helopeltis_00340.jpg,4. Helopeltis/helopeltis_00374.jpg,4. Helopeltis,4. Helopeltis,False,54,81,0.89912,False,False,False
4. Helopeltis/helopeltis_00342.jpg,5. Red spider/red_spider_00035.jpg,4. Helopeltis,5. Red spider,True,60,100,0.83137,False,False,False
4. Helopeltis/helopeltis_00342.jpg,5. Red spider/red_spider_00272.jpg,4. Helopeltis,5. Red spider,True,64,76,0.84331,False,False,False
4. Helopeltis/helopeltis_00343.jpg,5. Red spider/red_spider_00046.jpg,4. Helopeltis,5. Red spider,True,52,84,0.81742,False,False,False
4. Helopeltis/helopeltis_00343.jpg,6. Green mirid bug/green_mirid_bug_00311.jpg,4. Helopeltis,6. Green mirid bug,True,56,117,0.83276,False,False,False
4. Helopeltis/helopeltis_00343.jpg,6. Green mirid bug/green_mirid_bug_00947.jpg,4. Helopeltis,6. Green mirid bug,True,64,116,0.83057,False,False,False
4. Helopeltis/helopeltis_00343.jpg,7. Healthy leaf/healthy_00022.jpg,4. Helopeltis,7. Healthy leaf,True,64,103,0.8102,False,False,False
4. Helopeltis/helopeltis_00343.jpg,7. Healthy leaf/healthy_00054.jpg,4. Helopeltis,7. Healthy leaf,True,56,85,0.85971,False,False,False
4. Helopeltis/helopeltis_00343.jpg,7. Healthy leaf/healthy_00133.jpg,4. Helopeltis,7. Healthy leaf,True,64,100,0.84816,False,False,False
4. Helopeltis/helopeltis_00343.jpg,7. Healthy leaf/healthy_00144.jpg,4. Helopeltis,7. Healthy leaf,True,50,88,0.84438,False,False,False
4. Helopeltis/helopeltis_00343.jpg,7. Healthy leaf/healthy_00164.jpg,4. Helopeltis,7. Healthy leaf,True,62,79,0.83945,False,False,False
4. Helopeltis/helopeltis_00343.jpg,7. Healthy leaf/healthy_00389.jpg,4. Helopeltis,7. Healthy leaf,True,56,103,0.74422,False,False,False
4. Helopeltis/helopeltis_00343.jpg,7. Healthy leaf/healthy_00797.jpg,4. Helopeltis,7. Healthy leaf,True,60,120,0.84202,False,False,False
4. Helopeltis/helopeltis_00344.jpg,4. Helopeltis/helopeltis_00545.jpg,4. Helopeltis,4. Helopeltis,False,62,115,0.85296,False,False,False
4. Helopeltis/helopeltis_00344.jpg,6. Green mirid bug/green_mirid_bug_00386.jpg,4. Helopeltis,6. Green mirid bug,True,64,129,0.85743,False,False,False
4. Helopeltis/helopeltis_00346.jpg,6. Green mirid bug/green_mirid_bug_00314.jpg,4. Helopeltis,6. Green mirid bug,True,60,119,0.85281,False,False,False
4. Helopeltis/helopeltis_00347.jpg,4. Helopeltis/helopeltis_00533.jpg,4. Helopeltis,4. Helopeltis,False,64,112,0.86404,False,False,False
4. Helopeltis/helopeltis_00347.jpg,6. Green mirid bug/green_mirid_bug_00653.jpg,4. Helopeltis,6. Green mirid bug,True,64,104,0.88318,False,False,False
4. Helopeltis/helopeltis_00347.jpg,6. Green mirid bug/green_mirid_bug_00900.jpg,4. Helopeltis,6. Green mirid bug,True,64,109,0.85818,False,False,False
4. Helopeltis/helopeltis_00349.jpg,6. Green mirid bug/green_mirid_bug_00652.jpg,4. Helopeltis,6. Green mirid bug,True,58,126,0.88407,False,False,False
4. Helopeltis/helopeltis_00350.jpg,5. Red spider/red_spider_00238.jpg,4. Helopeltis,5. Red spider,True,62,95,0.87549,False,False,False
4. Helopeltis/helopeltis_00351.jpg,5. Red spider/red_spider_00242.jpg,4. Helopeltis,5. Red spider,True,62,125,0.83152,False,False,False
4. Helopeltis/helopeltis_00351.jpg,6. Green mirid bug/green_mirid_bug_00755.jpg,4. Helopeltis,6. Green mirid bug,True,64,78,0.82439,False,False,False
4. Helopeltis/helopeltis_00351.jpg,7. Healthy leaf/healthy_00554.jpg,4. Helopeltis,7. Healthy leaf,True,54,125,0.8181,False,False,False
4. Helopeltis/helopeltis_00352.jpg,5. Red spider/red_spider_00477.jpg,4. Helopeltis,5. Red spider,True,60,53,0.88279,False,False,False
4. Helopeltis/helopeltis_00352.jpg,7. Healthy leaf/healthy_00349.jpg,4. Helopeltis,7. Healthy leaf,True,62,96,0.81588,False,False,False
4. Helopeltis/helopeltis_00353.jpg,7. Healthy leaf/healthy_00743.jpg,4. Helopeltis,7. Healthy leaf,True,56,50,0.88207,False,False,False
4. Helopeltis/helopeltis_00353.jpg,7. Healthy leaf/healthy_00782.jpg,4. Helopeltis,7. Healthy leaf,True,64,57,0.88486,False,False,False
4. Helopeltis/helopeltis_00354.jpg,6. Green mirid bug/green_mirid_bug_00328.jpg,4. Helopeltis,6. Green mirid bug,True,64,122,0.86374,False,False,False
4. Helopeltis/helopeltis_00355.jpg,5. Red spider/red_spider_00265.jpg,4. Helopeltis,5. Red spider,True,42,117,0.8732,False,False,False
4. Helopeltis/helopeltis_00355.jpg,6. Green mirid bug/green_mirid_bug_01257.jpg,4. Helopeltis,6. Green mirid bug,True,64,94,0.87253,False,False,False
4. Helopeltis/helopeltis_00358.jpg,5. Red spider/red_spider_00009.jpg,4. Helopeltis,5. Red spider,True,50,128,0.87275,False,False,False
4. Helopeltis/helopeltis_00358.jpg,5. Red spider/red_spider_00290.jpg,4. Helopeltis,5. Red spider,True,60,76,0.88241,False,False,False
4. Helopeltis/helopeltis_00358.jpg,5. Red spider/red_spider_00387.jpg,4. Helopeltis,5. Red spider,True,60,108,0.85831,False,False,False
4. Helopeltis/helopeltis_00358.jpg,6. Green mirid bug/green_mirid_bug_00877.jpg,4. Helopeltis,6. Green mirid bug,True,60,53,0.90604,False,False,False
4. Helopeltis/helopeltis_00358.jpg,6. Green mirid bug/green_mirid_bug_01255.jpg,4. Helopeltis,6. Green mirid bug,True,54,94,0.87681,False,False,False
4. Helopeltis/helopeltis_00359.jpg,6. Green mirid bug/green_mirid_bug_00275.jpg,4. Helopeltis,6. Green mirid bug,True,64,88,0.88179,False,False,False
4. Helopeltis/helopeltis_00359.jpg,7. Healthy leaf/healthy_00073.jpg,4. Helopeltis,7. Healthy leaf,True,60,118,0.85008,False,False,False
4. Helopeltis/helopeltis_00360.jpg,5. Red spider/red_spider_00071.jpg,4. Helopeltis,5. Red spider,True,58,97,0.8879,False,False,False
4. Helopeltis/helopeltis_00360.jpg,6. Green mirid bug/green_mirid_bug_00822.jpg,4. Helopeltis,6. Green mirid bug,True,64,85,0.83793,False,False,False
4. Helopeltis/helopeltis_00360.jpg,7. Healthy leaf/healthy_00056.jpg,4. Helopeltis,7. Healthy leaf,True,62,119,0.85995,False,False,False
4. Helopeltis/helopeltis_00360.jpg,7. Healthy leaf/healthy_00219.jpg,4. Helopeltis,7. Healthy leaf,True,60,103,0.88651,False,False,False
4. Helopeltis/helopeltis_00361.jpg,6. Green mirid bug/green_mirid_bug_00214.jpg,4. Helopeltis,6. Green mirid bug,True,64,107,0.87383,False,False,False
4. Helopeltis/helopeltis_00365.jpg,4. Helopeltis/helopeltis_00366.jpg,4. Helopeltis,4. Helopeltis,False,52,15,0.88237,False,False,False
4. Helopeltis/helopeltis_00365.jpg,4. Helopeltis/helopeltis_00535.jpg,4. Helopeltis,4. Helopeltis,False,62,32,0.8769,False,False,False
4. Helopeltis/helopeltis_00365.jpg,5. Red spider/red_spider_00491.jpg,4. Helopeltis,5. Red spider,True,48,34,0.85836,False,False,False
4. Helopeltis/helopeltis_00365.jpg,6. Green mirid bug/green_mirid_bug_00933.jpg,4. Helopeltis,6. Green mirid bug,True,54,56,0.86323,False,False,False
4. Helopeltis/helopeltis_00366.jpg,4. Helopeltis/helopeltis_00479.jpg,4. Helopeltis,4. Helopeltis,False,60,63,0.84937,False,False,False
4. Helopeltis/helopeltis_00366.jpg,4. Helopeltis/helopeltis_00535.jpg,4. Helopeltis,4. Helopeltis,False,64,29,0.86875,False,False,False
4. Helopeltis/helopeltis_00366.jpg,6. Green mirid bug/green_mirid_bug_00780.jpg,4. Helopeltis,6. Green mirid bug,True,60,46,0.83878,False,False,False
4. Helopeltis/helopeltis_00366.jpg,6. Green mirid bug/green_mirid_bug_00895.jpg,4. Helopeltis,6. Green mirid bug,True,64,40,0.84522,False,False,False
4. Helopeltis/helopeltis_00366.jpg,6. Green mirid bug/green_mirid_bug_01008.jpg,4. Helopeltis,6. Green mirid bug,True,60,57,0.83407,False,False,False
4. Helopeltis/helopeltis_00366.jpg,6. Green mirid bug/green_mirid_bug_01010.jpg,4. Helopeltis,6. Green mirid bug,True,60,55,0.83406,False,False,False
4. Helopeltis/helopeltis_00366.jpg,6. Green mirid bug/green_mirid_bug_01011.jpg,4. Helopeltis,6. Green mirid bug,True,60,51,0.84882,False,False,False
4. Helopeltis/helopeltis_00366.jpg,7. Healthy leaf/healthy_00847.jpg,4. Helopeltis,7. Healthy leaf,True,62,61,0.83121,False,False,False
4. Helopeltis/helopeltis_00368.jpg,4. Helopeltis/helopeltis_00369.jpg,4. Helopeltis,4. Helopeltis,False,58,46,0.87385,False,False,False
4. Helopeltis/helopeltis_00368.jpg,4. Helopeltis/helopeltis_00399.jpg,4. Helopeltis,4. Helopeltis,False,62,56,0.88156,False,False,False
4. Helopeltis/helopeltis_00368.jpg,4. Helopeltis/helopeltis_00455.jpg,4. Helopeltis,4. Helopeltis,False,64,51,0.88536,False,False,False
4. Helopeltis/helopeltis_00368.jpg,4. Helopeltis/helopeltis_00545.jpg,4. Helopeltis,4. Helopeltis,False,64,65,0.86395,False,False,False
4. Helopeltis/helopeltis_00368.jpg,5. Red spider/red_spider_00050.jpg,4. Helopeltis,5. Red spider,True,64,134,0.85542,False,False,False
4. Helopeltis/helopeltis_00368.jpg,5. Red spider/red_spider_00248.jpg,4. Helopeltis,5. Red spider,True,62,90,0.88234,False,False,False
4. Helopeltis/helopeltis_00368.jpg,5. Red spider/red_spider_00490.jpg,4. Helopeltis,5. Red spider,True,54,46,0.88105,False,False,False
4. Helopeltis/helopeltis_00368.jpg,6. Green mirid bug/green_mirid_bug_00030.jpg,4. Helopeltis,6. Green mirid bug,True,62,112,0.87228,False,False,False
4. Helopeltis/helopeltis_00368.jpg,6. Green mirid bug/green_mirid_bug_00838.jpg,4. Helopeltis,6. Green mirid bug,True,62,49,0.88033,False,False,False
4. Helopeltis/helopeltis_00368.jpg,7. Healthy leaf/healthy_00142.jpg,4. Helopeltis,7. Healthy leaf,True,64,143,0.84078,False,False,False
4. Helopeltis/helopeltis_00368.jpg,7. Healthy leaf/healthy_00173.jpg,4. Helopeltis,7. Healthy leaf,True,60,114,0.83844,False,False,False
4. Helopeltis/helopeltis_00368.jpg,7. Healthy leaf/healthy_00759.jpg,4. Helopeltis,7. Healthy leaf,True,60,48,0.86922,False,False,False
4. Helopeltis/helopeltis_00368.jpg,7. Healthy leaf/healthy_00796.jpg,4. Helopeltis,7. Healthy leaf,True,58,60,0.86749,False,False,False
4. Helopeltis/helopeltis_00369.jpg,5. Red spider/red_spider_00248.jpg,4. Helopeltis,5. Red spider,True,60,86,0.87044,False,False,False
4. Helopeltis/helopeltis_00369.jpg,5. Red spider/red_spider_00510.jpg,4. Helopeltis,5. Red spider,True,52,66,0.85377,False,False,False
4. Helopeltis/helopeltis_00369.jpg,6. Green mirid bug/green_mirid_bug_00477.jpg,4. Helopeltis,6. Green mirid bug,True,60,54,0.86324,False,False,False
4. Helopeltis/helopeltis_00369.jpg,6. Green mirid bug/green_mirid_bug_00782.jpg,4. Helopeltis,6. Green mirid bug,True,62,50,0.86505,False,False,False
4. Helopeltis/helopeltis_00369.jpg,7. Healthy leaf/healthy_00752.jpg,4. Helopeltis,7. Healthy leaf,True,56,40,0.86251,False,False,False
4. Helopeltis/helopeltis_00369.jpg,7. Healthy leaf/healthy_00795.jpg,4. Helopeltis,7. Healthy leaf,True,50,48,0.86805,False,False,False
4. Helopeltis/helopeltis_00369.jpg,7. Healthy leaf/healthy_00922.jpg,4. Helopeltis,7. Healthy leaf,True,62,55,0.86368,False,False,False
4. Helopeltis/helopeltis_00372.jpg,4. Helopeltis/helopeltis_00491.jpg,4. Helopeltis,4. Helopeltis,False,64,63,0.90851,False,False,False
4. Helopeltis/helopeltis_00373.jpg,4. Helopeltis/helopeltis_00375.jpg,4. Helopeltis,4. Helopeltis,False,64,48,0.9194,False,True,False
4. Helopeltis/helopeltis_00373.jpg,4. Helopeltis/helopeltis_00467.jpg,4. Helopeltis,4. Helopeltis,False,64,94,0.8981,False,False,False
4. Helopeltis/helopeltis_00373.jpg,6. Green mirid bug/green_mirid_bug_00423.jpg,4. Helopeltis,6. Green mirid bug,True,60,121,0.90621,False,False,False
4. Helopeltis/helopeltis_00373.jpg,6. Green mirid bug/green_mirid_bug_00454.jpg,4. Helopeltis,6. Green mirid bug,True,62,110,0.91394,False,False,False
4. Helopeltis/helopeltis_00373.jpg,7. Healthy leaf/healthy_00277.jpg,4. Helopeltis,7. Healthy leaf,True,58,110,0.91215,False,False,False
4. Helopeltis/helopeltis_00373.jpg,7. Healthy leaf/healthy_00279.jpg,4. Helopeltis,7. Healthy leaf,True,62,109,0.91011,False,False,False
4. Helopeltis/helopeltis_00374.jpg,4. Helopeltis/helopeltis_00375.jpg,4. Helopeltis,4. Helopeltis,False,52,64,0.92052,False,False,False
4. Helopeltis/helopeltis_00374.jpg,4. Helopeltis/helopeltis_00376.jpg,4. Helopeltis,4. Helopeltis,False,64,47,0.92825,False,True,False
4. Helopeltis/helopeltis_00374.jpg,4. Helopeltis/helopeltis_00377.jpg,4. Helopeltis,4. Helopeltis,False,64,54,0.92932,False,False,False
4. Helopeltis/helopeltis_00374.jpg,4. Helopeltis/helopeltis_00378.jpg,4. Helopeltis,4. Helopeltis,False,58,42,0.93297,False,True,False
4. Helopeltis/helopeltis_00374.jpg,6. Green mirid bug/green_mirid_bug_01247.jpg,4. Helopeltis,6. Green mirid bug,True,64,82,0.88773,False,False,False
4. Helopeltis/helopeltis_00376.jpg,4. Helopeltis/helopeltis_00377.jpg,4. Helopeltis,4. Helopeltis,False,58,45,0.92495,False,True,False
4. Helopeltis/helopeltis_00376.jpg,6. Green mirid bug/green_mirid_bug_00073.jpg,4. Helopeltis,6. Green mirid bug,True,64,81,0.91959,False,False,False
4. Helopeltis/helopeltis_00376.jpg,6. Green mirid bug/green_mirid_bug_00206.jpg,4. Helopeltis,6. Green mirid bug,True,58,83,0.92118,False,False,False
4. Helopeltis/helopeltis_00376.jpg,6. Green mirid bug/green_mirid_bug_00294.jpg,4. Helopeltis,6. Green mirid bug,True,60,85,0.92409,False,False,False
4. Helopeltis/helopeltis_00376.jpg,6. Green mirid bug/green_mirid_bug_00402.jpg,4. Helopeltis,6. Green mirid bug,True,64,79,0.92094,False,False,False
4. Helopeltis/helopeltis_00376.jpg,7. Healthy leaf/healthy_00205.jpg,4. Helopeltis,7. Healthy leaf,True,54,83,0.92519,False,False,False
4. Helopeltis/helopeltis_00376.jpg,7. Healthy leaf/healthy_00215.jpg,4. Helopeltis,7. Healthy leaf,True,48,81,0.92777,False,False,False
4. Helopeltis/helopeltis_00377.jpg,4. Helopeltis/helopeltis_00552.jpg,4. Helopeltis,4. Helopeltis,False,56,97,0.8952,False,False,False
4. Helopeltis/helopeltis_00377.jpg,4. Helopeltis/helopeltis_00595.jpg,4. Helopeltis,4. Helopeltis,False,54,68,0.91004,False,False,False
4. Helopeltis/helopeltis_00377.jpg,6. Green mirid bug/green_mirid_bug_00423.jpg,4. Helopeltis,6. Green mirid bug,True,62,85,0.91135,False,False,False
4. Helopeltis/helopeltis_00377.jpg,6. Green mirid bug/green_mirid_bug_00452.jpg,4. Helopeltis,6. Green mirid bug,True,62,80,0.90364,False,False,False
4. Helopeltis/helopeltis_00377.jpg,7. Healthy leaf/healthy_00215.jpg,4. Helopeltis,7. Healthy leaf,True,64,86,0.91748,False,False,False
4. Helopeltis/helopeltis_00378.jpg,6. Green mirid bug/green_mirid_bug_00353.jpg,4. Helopeltis,6. Green mirid bug,True,64,103,0.91355,False,False,False
4. Helopeltis/helopeltis_00378.jpg,7. Healthy leaf/healthy_00287.jpg,4. Helopeltis,7. Healthy leaf,True,44,101,0.91881,False,False,False
4. Helopeltis/helopeltis_00379.jpg,4. Helopeltis/helopeltis_00462.jpg,4. Helopeltis,4. Helopeltis,False,60,53,0.90225,False,False,False
4. Helopeltis/helopeltis_00379.jpg,4. Helopeltis/helopeltis_00501.jpg,4. Helopeltis,4. Helopeltis,False,62,88,0.9141,False,False,False
4. Helopeltis/helopeltis_00380.jpg,6. Green mirid bug/green_mirid_bug_00492.jpg,4. Helopeltis,6. Green mirid bug,True,52,109,0.80399,False,False,False
4. Helopeltis/helopeltis_00381.jpg,5. Red spider/red_spider_00137.jpg,4. Helopeltis,5. Red spider,True,64,112,0.87445,False,False,False
4. Helopeltis/helopeltis_00381.jpg,6. Green mirid bug/green_mirid_bug_00916.jpg,4. Helopeltis,6. Green mirid bug,True,64,34,0.88882,False,False,False
4. Helopeltis/helopeltis_00381.jpg,6. Green mirid bug/green_mirid_bug_01015.jpg,4. Helopeltis,6. Green mirid bug,True,36,52,0.88914,False,False,False
4. Helopeltis/helopeltis_00382.jpg,4. Helopeltis/helopeltis_00383.jpg,4. Helopeltis,4. Helopeltis,False,62,75,0.88977,False,False,False
4. Helopeltis/helopeltis_00382.jpg,4. Helopeltis/helopeltis_00398.jpg,4. Helopeltis,4. Helopeltis,False,56,64,0.89701,False,False,False
4. Helopeltis/helopeltis_00382.jpg,5. Red spider/red_spider_00463.jpg,4. Helopeltis,5. Red spider,True,60,61,0.89771,False,False,False
4. Helopeltis/helopeltis_00382.jpg,6. Green mirid bug/green_mirid_bug_00420.jpg,4. Helopeltis,6. Green mirid bug,True,62,112,0.89049,False,False,False
4. Helopeltis/helopeltis_00382.jpg,6. Green mirid bug/green_mirid_bug_00426.jpg,4. Helopeltis,6. Green mirid bug,True,54,113,0.88257,False,False,False
4. Helopeltis/helopeltis_00382.jpg,6. Green mirid bug/green_mirid_bug_00652.jpg,4. Helopeltis,6. Green mirid bug,True,62,83,0.89688,False,False,False
4. Helopeltis/helopeltis_00382.jpg,6. Green mirid bug/green_mirid_bug_00877.jpg,4. Helopeltis,6. Green mirid bug,True,54,48,0.90991,False,True,False
4. Helopeltis/helopeltis_00382.jpg,6. Green mirid bug/green_mirid_bug_01070.jpg,4. Helopeltis,6. Green mirid bug,True,58,93,0.85043,False,False,False
4. Helopeltis/helopeltis_00382.jpg,6. Green mirid bug/green_mirid_bug_01276.jpg,4. Helopeltis,6. Green mirid bug,True,62,62,0.89585,False,False,False
4. Helopeltis/helopeltis_00383.jpg,4. Helopeltis/helopeltis_00455.jpg,4. Helopeltis,4. Helopeltis,False,64,51,0.88315,False,False,False
4. Helopeltis/helopeltis_00383.jpg,5. Red spider/red_spider_00126.jpg,4. Helopeltis,5. Red spider,True,64,120,0.83098,False,False,False
4. Helopeltis/helopeltis_00383.jpg,5. Red spider/red_spider_00218.jpg,4. Helopeltis,5. Red spider,True,60,121,0.87307,False,False,False
4. Helopeltis/helopeltis_00383.jpg,6. Green mirid bug/green_mirid_bug_00426.jpg,4. Helopeltis,6. Green mirid bug,True,62,118,0.88225,False,False,False
4. Helopeltis/helopeltis_00383.jpg,6. Green mirid bug/green_mirid_bug_00541.jpg,4. Helopeltis,6. Green mirid bug,True,58,79,0.86165,False,False,False
4. Helopeltis/helopeltis_00383.jpg,7. Healthy leaf/healthy_00181.jpg,4. Helopeltis,7. Healthy leaf,True,64,153,0.8427,False,False,False
4. Helopeltis/helopeltis_00383.jpg,7. Healthy leaf/healthy_00247.jpg,4. Helopeltis,7. Healthy leaf,True,54,116,0.89156,False,False,False
4. Helopeltis/helopeltis_00383.jpg,7. Healthy leaf/healthy_00793.jpg,4. Helopeltis,7. Healthy leaf,True,58,57,0.87212,False,False,False
4. Helopeltis/helopeltis_00387.jpg,6. Green mirid bug/green_mirid_bug_00495.jpg,4. Helopeltis,6. Green mirid bug,True,54,93,0.85736,False,False,False
4. Helopeltis/helopeltis_00388.jpg,4. Helopeltis/helopeltis_00399.jpg,4. Helopeltis,4. Helopeltis,False,58,80,0.88507,False,False,False
4. Helopeltis/helopeltis_00388.jpg,4. Helopeltis/helopeltis_00547.jpg,4. Helopeltis,4. Helopeltis,False,60,92,0.88023,False,False,False
4. Helopeltis/helopeltis_00388.jpg,4. Helopeltis/helopeltis_00548.jpg,4. Helopeltis,4. Helopeltis,False,62,90,0.88046,False,False,False
4. Helopeltis/helopeltis_00388.jpg,5. Red spider/red_spider_00050.jpg,4. Helopeltis,5. Red spider,True,64,124,0.86034,False,False,False
4. Helopeltis/helopeltis_00388.jpg,5. Red spider/red_spider_00337.jpg,4. Helopeltis,5. Red spider,True,58,107,0.87189,False,False,False
4. Helopeltis/helopeltis_00388.jpg,5. Red spider/red_spider_00476.jpg,4. Helopeltis,5. Red spider,True,58,74,0.88509,False,False,False
4. Helopeltis/helopeltis_00388.jpg,6. Green mirid bug/green_mirid_bug_00216.jpg,4. Helopeltis,6. Green mirid bug,True,58,98,0.86617,False,False,False
4. Helopeltis/helopeltis_00388.jpg,6. Green mirid bug/green_mirid_bug_00425.jpg,4. Helopeltis,6. Green mirid bug,True,50,112,0.87983,False,False,False
4. Helopeltis/helopeltis_00388.jpg,6. Green mirid bug/green_mirid_bug_00833.jpg,4. Helopeltis,6. Green mirid bug,True,64,73,0.87331,False,False,False
4. Helopeltis/helopeltis_00388.jpg,7. Healthy leaf/healthy_00780.jpg,4. Helopeltis,7. Healthy leaf,True,60,81,0.88854,False,False,False
4. Helopeltis/helopeltis_00388.jpg,7. Healthy leaf/healthy_00930.jpg,4. Helopeltis,7. Healthy leaf,True,44,92,0.88627,False,False,False
4. Helopeltis/helopeltis_00388.jpg,7. Healthy leaf/healthy_00935.jpg,4. Helopeltis,7. Healthy leaf,True,54,91,0.87677,False,False,False
4. Helopeltis/helopeltis_00389.jpg,5. Red spider/red_spider_00215.jpg,4. Helopeltis,5. Red spider,True,62,124,0.89035,False,False,False
4. Helopeltis/helopeltis_00389.jpg,6. Green mirid bug/green_mirid_bug_00445.jpg,4. Helopeltis,6. Green mirid bug,True,60,95,0.89492,False,False,False
4. Helopeltis/helopeltis_00389.jpg,6. Green mirid bug/green_mirid_bug_00447.jpg,4. Helopeltis,6. Green mirid bug,True,58,94,0.91136,False,False,False
4. Helopeltis/helopeltis_00389.jpg,6. Green mirid bug/green_mirid_bug_00862.jpg,4. Helopeltis,6. Green mirid bug,True,60,74,0.88018,False,False,False
4. Helopeltis/helopeltis_00391.jpg,4. Helopeltis/helopeltis_00533.jpg,4. Helopeltis,4. Helopeltis,False,56,62,0.89825,False,False,False
4. Helopeltis/helopeltis_00391.jpg,6. Green mirid bug/green_mirid_bug_00018.jpg,4. Helopeltis,6. Green mirid bug,True,62,132,0.8785,False,False,False
4. Helopeltis/helopeltis_00391.jpg,6. Green mirid bug/green_mirid_bug_00019.jpg,4. Helopeltis,6. Green mirid bug,True,64,115,0.90134,False,False,False
4. Helopeltis/helopeltis_00392.jpg,4. Helopeltis/helopeltis_00455.jpg,4. Helopeltis,4. Helopeltis,False,58,79,0.88525,False,False,False
4. Helopeltis/helopeltis_00392.jpg,4. Helopeltis/helopeltis_00543.jpg,4. Helopeltis,4. Helopeltis,False,64,71,0.88635,False,False,False
4. Helopeltis/helopeltis_00392.jpg,4. Helopeltis/helopeltis_00558.jpg,4. Helopeltis,4. Helopeltis,False,62,78,0.90155,False,False,False
4. Helopeltis/helopeltis_00392.jpg,5. Red spider/red_spider_00337.jpg,4. Helopeltis,5. Red spider,True,42,93,0.89219,False,False,False
4. Helopeltis/helopeltis_00392.jpg,6. Green mirid bug/green_mirid_bug_00124.jpg,4. Helopeltis,6. Green mirid bug,True,60,84,0.88274,False,False,False
4. Helopeltis/helopeltis_00392.jpg,6. Green mirid bug/green_mirid_bug_00225.jpg,4. Helopeltis,6. Green mirid bug,True,64,93,0.89403,False,False,False
4. Helopeltis/helopeltis_00392.jpg,6. Green mirid bug/green_mirid_bug_00932.jpg,4. Helopeltis,6. Green mirid bug,True,60,84,0.85805,False,False,False
4. Helopeltis/helopeltis_00392.jpg,7. Healthy leaf/healthy_00790.jpg,4. Helopeltis,7. Healthy leaf,True,60,59,0.89688,False,False,False
4. Helopeltis/helopeltis_00393.jpg,4. Helopeltis/helopeltis_00452.jpg,4. Helopeltis,4. Helopeltis,False,60,67,0.90032,False,False,False
4. Helopeltis/helopeltis_00393.jpg,6. Green mirid bug/green_mirid_bug_00232.jpg,4. Helopeltis,6. Green mirid bug,True,60,126,0.89009,False,False,False
4. Helopeltis/helopeltis_00393.jpg,6. Green mirid bug/green_mirid_bug_00411.jpg,4. Helopeltis,6. Green mirid bug,True,62,109,0.90898,False,False,False
4. Helopeltis/helopeltis_00393.jpg,6. Green mirid bug/green_mirid_bug_00412.jpg,4. Helopeltis,6. Green mirid bug,True,60,110,0.91074,False,False,False
4. Helopeltis/helopeltis_00394.jpg,6. Green mirid bug/green_mirid_bug_00368.jpg,4. Helopeltis,6. Green mirid bug,True,60,128,0.89329,False,False,False
4. Helopeltis/helopeltis_00395.jpg,4. Helopeltis/helopeltis_00397.jpg,4. Helopeltis,4. Helopeltis,False,40,47,0.90701,False,True,False
4. Helopeltis/helopeltis_00395.jpg,4. Helopeltis/helopeltis_00398.jpg,4. Helopeltis,4. Helopeltis,False,60,59,0.89576,False,False,False
4. Helopeltis/helopeltis_00395.jpg,5. Red spider/red_spider_00463.jpg,4. Helopeltis,5. Red spider,True,62,40,0.89901,False,False,False
4. Helopeltis/helopeltis_00395.jpg,6. Green mirid bug/green_mirid_bug_00832.jpg,4. Helopeltis,6. Green mirid bug,True,58,41,0.91329,False,True,False
4. Helopeltis/helopeltis_00395.jpg,6. Green mirid bug/green_mirid_bug_01275.jpg,4. Helopeltis,6. Green mirid bug,True,56,72,0.89613,False,False,False
4. Helopeltis/helopeltis_00395.jpg,6. Green mirid bug/green_mirid_bug_01276.jpg,4. Helopeltis,6. Green mirid bug,True,54,79,0.89377,False,False,False
4. Helopeltis/helopeltis_00395.jpg,7. Healthy leaf/healthy_00247.jpg,4. Helopeltis,7. Healthy leaf,True,60,92,0.9156,False,False,False
4. Helopeltis/helopeltis_00395.jpg,7. Healthy leaf/healthy_00280.jpg,4. Helopeltis,7. Healthy leaf,True,58,106,0.90777,False,False,False
4. Helopeltis/helopeltis_00397.jpg,4. Helopeltis/helopeltis_00398.jpg,4. Helopeltis,4. Helopeltis,False,56,34,0.9114,False,True,False
4. Helopeltis/helopeltis_00397.jpg,4. Helopeltis/helopeltis_00404.jpg,4. Helopeltis,4. Helopeltis,False,50,41,0.90158,False,True,False
4. Helopeltis/helopeltis_00397.jpg,5. Red spider/red_spider_00340.jpg,4. Helopeltis,5. Red spider,True,64,96,0.90155,False,False,False
4. Helopeltis/helopeltis_00397.jpg,5. Red spider/red_spider_00463.jpg,4. Helopeltis,5. Red spider,True,58,47,0.90438,False,True,False
4. Helopeltis/helopeltis_00397.jpg,6. Green mirid bug/green_mirid_bug_00234.jpg,4. Helopeltis,6. Green mirid bug,True,64,110,0.89062,False,False,False
4. Helopeltis/helopeltis_00397.jpg,6. Green mirid bug/green_mirid_bug_00381.jpg,4. Helopeltis,6. Green mirid bug,True,62,113,0.89234,False,False,False
4. Helopeltis/helopeltis_00397.jpg,6. Green mirid bug/green_mirid_bug_00406.jpg,4. Helopeltis,6. Green mirid bug,True,54,109,0.89544,False,False,False
4. Helopeltis/helopeltis_00397.jpg,6. Green mirid bug/green_mirid_bug_00420.jpg,4. Helopeltis,6. Green mirid bug,True,58,108,0.89672,False,False,False
4. Helopeltis/helopeltis_00397.jpg,6. Green mirid bug/green_mirid_bug_00832.jpg,4. Helopeltis,6. Green mirid bug,True,44,46,0.90841,False,True,False
4. Helopeltis/helopeltis_00397.jpg,6. Green mirid bug/green_mirid_bug_01275.jpg,4. Helopeltis,6. Green mirid bug,True,62,63,0.89659,False,False,False
4. Helopeltis/helopeltis_00397.jpg,6. Green mirid bug/green_mirid_bug_01276.jpg,4. Helopeltis,6. Green mirid bug,True,64,64,0.89742,False,False,False
4. Helopeltis/helopeltis_00397.jpg,7. Healthy leaf/healthy_00251.jpg,4. Helopeltis,7. Healthy leaf,True,64,115,0.89528,False,False,False
4. Helopeltis/helopeltis_00397.jpg,7. Healthy leaf/healthy_00252.jpg,4. Helopeltis,7. Healthy leaf,True,62,109,0.90387,False,False,False
4. Helopeltis/helopeltis_00397.jpg,7. Healthy leaf/healthy_00276.jpg,4. Helopeltis,7. Healthy leaf,True,58,118,0.89047,False,False,False
4. Helopeltis/helopeltis_00397.jpg,7. Healthy leaf/healthy_00277.jpg,4. Helopeltis,7. Healthy leaf,True,54,122,0.89346,False,False,False
4. Helopeltis/helopeltis_00397.jpg,7. Healthy leaf/healthy_00280.jpg,4. Helopeltis,7. Healthy leaf,True,42,117,0.90162,False,False,False
4. Helopeltis/helopeltis_00398.jpg,4. Helopeltis/helopeltis_00404.jpg,4. Helopeltis,4. Helopeltis,False,54,49,0.89487,False,False,False
4. Helopeltis/helopeltis_00398.jpg,4. Helopeltis/helopeltis_00547.jpg,4. Helopeltis,4. Helopeltis,False,60,71,0.89338,False,False,False
4. Helopeltis/helopeltis_00398.jpg,4. Helopeltis/helopeltis_00548.jpg,4. Helopeltis,4. Helopeltis,False,60,65,0.89319,False,False,False
4. Helopeltis/helopeltis_00398.jpg,4. Helopeltis/helopeltis_00558.jpg,4. Helopeltis,4. Helopeltis,False,62,77,0.89193,False,False,False
4. Helopeltis/helopeltis_00398.jpg,6. Green mirid bug/green_mirid_bug_00234.jpg,4. Helopeltis,6. Green mirid bug,True,60,108,0.89287,False,False,False
4. Helopeltis/helopeltis_00399.jpg,4. Helopeltis/helopeltis_00455.jpg,4. Helopeltis,4. Helopeltis,False,56,63,0.88793,False,False,False
4. Helopeltis/helopeltis_00399.jpg,4. Helopeltis/helopeltis_00488.jpg,4. Helopeltis,4. Helopeltis,False,60,86,0.87476,False,False,False
4. Helopeltis/helopeltis_00399.jpg,5. Red spider/red_spider_00034.jpg,4. Helopeltis,5. Red spider,True,60,106,0.87646,False,False,False
4. Helopeltis/helopeltis_00399.jpg,5. Red spider/red_spider_00050.jpg,4. Helopeltis,5. Red spider,True,60,118,0.85778,False,False,False
4. Helopeltis/helopeltis_00399.jpg,5. Red spider/red_spider_00337.jpg,4. Helopeltis,5. Red spider,True,60,93,0.87933,False,False,False
4. Helopeltis/helopeltis_00399.jpg,7. Healthy leaf/healthy_00930.jpg,4. Helopeltis,7. Healthy leaf,True,46,66,0.89802,False,False,False
4. Helopeltis/helopeltis_00400.jpg,5. Red spider/red_spider_00070.jpg,4. Helopeltis,5. Red spider,True,64,83,0.86549,False,False,False
4. Helopeltis/helopeltis_00400.jpg,6. Green mirid bug/green_mirid_bug_00285.jpg,4. Helopeltis,6. Green mirid bug,True,52,76,0.86835,False,False,False
4. Helopeltis/helopeltis_00400.jpg,6. Green mirid bug/green_mirid_bug_01266.jpg,4. Helopeltis,6. Green mirid bug,True,62,90,0.85074,False,False,False
4. Helopeltis/helopeltis_00401.jpg,4. Helopeltis/helopeltis_00515.jpg,4. Helopeltis,4. Helopeltis,False,62,76,0.87971,False,False,False
4. Helopeltis/helopeltis_00401.jpg,5. Red spider/red_spider_00265.jpg,4. Helopeltis,5. Red spider,True,50,101,0.85919,False,False,False
4. Helopeltis/helopeltis_00401.jpg,6. Green mirid bug/green_mirid_bug_01143.jpg,4. Helopeltis,6. Green mirid bug,True,60,73,0.88112,False,False,False
4. Helopeltis/helopeltis_00401.jpg,6. Green mirid bug/green_mirid_bug_01233.jpg,4. Helopeltis,6. Green mirid bug,True,58,76,0.8756,False,False,False
4. Helopeltis/helopeltis_00404.jpg,4. Helopeltis/helopeltis_00547.jpg,4. Helopeltis,4. Helopeltis,False,60,60,0.90054,False,False,False
4. Helopeltis/helopeltis_00404.jpg,4. Helopeltis/helopeltis_00548.jpg,4. Helopeltis,4. Helopeltis,False,58,54,0.89989,False,False,False
4. Helopeltis/helopeltis_00404.jpg,4. Helopeltis/helopeltis_00558.jpg,4. Helopeltis,4. Helopeltis,False,52,76,0.89577,False,False,False
4. Helopeltis/helopeltis_00404.jpg,4. Helopeltis/helopeltis_00592.jpg,4. Helopeltis,4. Helopeltis,False,60,59,0.89177,False,False,False
4. Helopeltis/helopeltis_00404.jpg,6. Green mirid bug/green_mirid_bug_00162.jpg,4. Helopeltis,6. Green mirid bug,True,60,97,0.89457,False,False,False
4. Helopeltis/helopeltis_00404.jpg,6. Green mirid bug/green_mirid_bug_00234.jpg,4. Helopeltis,6. Green mirid bug,True,62,93,0.89123,False,False,False
4. Helopeltis/helopeltis_00404.jpg,6. Green mirid bug/green_mirid_bug_00807.jpg,4. Helopeltis,6. Green mirid bug,True,60,57,0.89428,False,False,False
4. Helopeltis/helopeltis_00404.jpg,6. Green mirid bug/green_mirid_bug_00832.jpg,4. Helopeltis,6. Green mirid bug,True,52,51,0.89574,False,False,False
4. Helopeltis/helopeltis_00406.jpg,6. Green mirid bug/green_mirid_bug_00649.jpg,4. Helopeltis,6. Green mirid bug,True,64,109,0.87307,False,False,False
4. Helopeltis/helopeltis_00407.jpg,4. Helopeltis/helopeltis_00547.jpg,4. Helopeltis,4. Helopeltis,False,60,64,0.89996,False,False,False
4. Helopeltis/helopeltis_00407.jpg,4. Helopeltis/helopeltis_00548.jpg,4. Helopeltis,4. Helopeltis,False,58,60,0.8995,False,False,False
4. Helopeltis/helopeltis_00407.jpg,5. Red spider/red_spider_00337.jpg,4. Helopeltis,5. Red spider,True,58,103,0.88621,False,False,False
4. Helopeltis/helopeltis_00407.jpg,6. Green mirid bug/green_mirid_bug_00068.jpg,4. Helopeltis,6. Green mirid bug,True,52,109,0.88456,False,False,False
4. Helopeltis/helopeltis_00409.jpg,7. Healthy leaf/healthy_00606.jpg,4. Helopeltis,7. Healthy leaf,True,42,45,0.88222,False,False,False
4. Helopeltis/helopeltis_00410.jpg,4. Helopeltis/helopeltis_00411.jpg,4. Helopeltis,4. Helopeltis,False,36,35,0.8846,False,False,False
4. Helopeltis/helopeltis_00410.jpg,5. Red spider/red_spider_00506.jpg,4. Helopeltis,5. Red spider,True,62,79,0.8566,False,False,False
4. Helopeltis/helopeltis_00410.jpg,6. Green mirid bug/green_mirid_bug_00513.jpg,4. Helopeltis,6. Green mirid bug,True,58,88,0.84718,False,False,False
4. Helopeltis/helopeltis_00410.jpg,6. Green mirid bug/green_mirid_bug_01189.jpg,4. Helopeltis,6. Green mirid bug,True,60,61,0.86241,False,False,False
4. Helopeltis/helopeltis_00410.jpg,7. Healthy leaf/healthy_00065.jpg,4. Helopeltis,7. Healthy leaf,True,62,142,0.87057,False,False,False
4. Helopeltis/helopeltis_00410.jpg,7. Healthy leaf/healthy_00651.jpg,4. Helopeltis,7. Healthy leaf,True,64,105,0.86787,False,False,False
4. Helopeltis/helopeltis_00411.jpg,6. Green mirid bug/green_mirid_bug_00346.jpg,4. Helopeltis,6. Green mirid bug,True,62,120,0.86276,False,False,False
4. Helopeltis/helopeltis_00411.jpg,6. Green mirid bug/green_mirid_bug_00818.jpg,4. Helopeltis,6. Green mirid bug,True,60,64,0.8623,False,False,False
4. Helopeltis/helopeltis_00411.jpg,6. Green mirid bug/green_mirid_bug_00927.jpg,4. Helopeltis,6. Green mirid bug,True,64,65,0.83435,False,False,False
4. Helopeltis/helopeltis_00411.jpg,7. Healthy leaf/healthy_00175.jpg,4. Helopeltis,7. Healthy leaf,True,60,137,0.8467,False,False,False
4. Helopeltis/helopeltis_00411.jpg,7. Healthy leaf/healthy_00389.jpg,4. Helopeltis,7. Healthy leaf,True,58,89,0.73158,False,False,False
4. Helopeltis/helopeltis_00411.jpg,7. Healthy leaf/healthy_00752.jpg,4. Helopeltis,7. Healthy leaf,True,60,48,0.86004,False,False,False
4. Helopeltis/helopeltis_00411.jpg,7. Healthy leaf/healthy_00841.jpg,4. Helopeltis,7. Healthy leaf,True,62,65,0.85513,False,False,False
4. Helopeltis/helopeltis_00416.jpg,6. Green mirid bug/green_mirid_bug_00032.jpg,4. Helopeltis,6. Green mirid bug,True,64,126,0.87179,False,False,False
4. Helopeltis/helopeltis_00416.jpg,6. Green mirid bug/green_mirid_bug_00343.jpg,4. Helopeltis,6. Green mirid bug,True,64,124,0.87074,False,False,False
4. Helopeltis/helopeltis_00416.jpg,6. Green mirid bug/green_mirid_bug_00369.jpg,4. Helopeltis,6. Green mirid bug,True,62,121,0.88652,False,False,False
4. Helopeltis/helopeltis_00416.jpg,6. Green mirid bug/green_mirid_bug_00370.jpg,4. Helopeltis,6. Green mirid bug,True,58,114,0.87988,False,False,False
4. Helopeltis/helopeltis_00416.jpg,6. Green mirid bug/green_mirid_bug_00533.jpg,4. Helopeltis,6. Green mirid bug,True,64,114,0.86775,False,False,False
4. Helopeltis/helopeltis_00416.jpg,7. Healthy leaf/healthy_00219.jpg,4. Helopeltis,7. Healthy leaf,True,60,125,0.87968,False,False,False
4. Helopeltis/helopeltis_00416.jpg,7. Healthy leaf/healthy_00236.jpg,4. Helopeltis,7. Healthy leaf,True,64,119,0.87745,False,False,False
4. Helopeltis/helopeltis_00417.jpg,6. Green mirid bug/green_mirid_bug_00234.jpg,4. Helopeltis,6. Green mirid bug,True,64,119,0.87054,False,False,False
4. Helopeltis/helopeltis_00417.jpg,6. Green mirid bug/green_mirid_bug_00426.jpg,4. Helopeltis,6. Green mirid bug,True,64,114,0.88007,False,False,False
4. Helopeltis/helopeltis_00417.jpg,6. Green mirid bug/green_mirid_bug_01275.jpg,4. Helopeltis,6. Green mirid bug,True,60,82,0.87859,False,False,False
4. Helopeltis/helopeltis_00417.jpg,7. Healthy leaf/healthy_00153.jpg,4. Helopeltis,7. Healthy leaf,True,60,136,0.84057,False,False,False
4. Helopeltis/helopeltis_00424.jpg,4. Helopeltis/helopeltis_00425.jpg,4. Helopeltis,4. Helopeltis,False,60,44,0.87385,False,False,False
4. Helopeltis/helopeltis_00424.jpg,4. Helopeltis/helopeltis_00559.jpg,4. Helopeltis,4. Helopeltis,False,64,64,0.88133,False,False,False
4. Helopeltis/helopeltis_00426.jpg,4. Helopeltis/helopeltis_00582.jpg,4. Helopeltis,4. Helopeltis,False,60,68,0.89923,False,False,False
4. Helopeltis/helopeltis_00428.jpg,4. Helopeltis/helopeltis_00472.jpg,4. Helopeltis,4. Helopeltis,False,56,67,0.85042,False,False,False
4. Helopeltis/helopeltis_00428.jpg,4. Helopeltis/helopeltis_00473.jpg,4. Helopeltis,4. Helopeltis,False,64,68,0.85999,False,False,False
4. Helopeltis/helopeltis_00429.jpg,4. Helopeltis/helopeltis_00430.jpg,4. Helopeltis,4. Helopeltis,False,44,44,0.88999,False,False,False
4. Helopeltis/helopeltis_00431.jpg,7. Healthy leaf/healthy_00531.jpg,4. Helopeltis,7. Healthy leaf,True,64,98,0.83525,False,False,False
4. Helopeltis/helopeltis_00433.jpg,7. Healthy leaf/healthy_00186.jpg,4. Helopeltis,7. Healthy leaf,True,54,62,0.83335,False,False,False
4. Helopeltis/helopeltis_00433.jpg,7. Healthy leaf/healthy_00432.jpg,4. Helopeltis,7. Healthy leaf,True,52,61,0.83824,False,False,False
4. Helopeltis/helopeltis_00434.jpg,4. Helopeltis/helopeltis_00480.jpg,4. Helopeltis,4. Helopeltis,False,54,61,0.85137,False,False,False
4. Helopeltis/helopeltis_00434.jpg,6. Green mirid bug/green_mirid_bug_00953.jpg,4. Helopeltis,6. Green mirid bug,True,54,47,0.83935,False,False,False
4. Helopeltis/helopeltis_00434.jpg,6. Green mirid bug/green_mirid_bug_01055.jpg,4. Helopeltis,6. Green mirid bug,True,50,49,0.81712,False,False,False
4. Helopeltis/helopeltis_00434.jpg,6. Green mirid bug/green_mirid_bug_01166.jpg,4. Helopeltis,6. Green mirid bug,True,58,51,0.84108,False,False,False
4. Helopeltis/helopeltis_00434.jpg,7. Healthy leaf/healthy_00845.jpg,4. Helopeltis,7. Healthy leaf,True,48,56,0.83435,False,False,False
4. Helopeltis/helopeltis_00436.jpg,4. Helopeltis/helopeltis_00437.jpg,4. Helopeltis,4. Helopeltis,False,62,50,0.86978,False,False,False
4. Helopeltis/helopeltis_00436.jpg,6. Green mirid bug/green_mirid_bug_00910.jpg,4. Helopeltis,6. Green mirid bug,True,64,65,0.84074,False,False,False
4. Helopeltis/helopeltis_00436.jpg,7. Healthy leaf/healthy_00752.jpg,4. Helopeltis,7. Healthy leaf,True,62,65,0.84828,False,False,False
4. Helopeltis/helopeltis_00436.jpg,7. Healthy leaf/healthy_00837.jpg,4. Helopeltis,7. Healthy leaf,True,62,61,0.84905,False,False,False
4. Helopeltis/helopeltis_00437.jpg,4. Helopeltis/helopeltis_00561.jpg,4. Helopeltis,4. Helopeltis,False,58,82,0.83818,False,False,False
4. Helopeltis/helopeltis_00437.jpg,6. Green mirid bug/green_mirid_bug_00742.jpg,4. Helopeltis,6. Green mirid bug,True,64,60,0.84883,False,False,False
4. Helopeltis/helopeltis_00437.jpg,7. Healthy leaf/healthy_00837.jpg,4. Helopeltis,7. Healthy leaf,True,56,59,0.86441,False,False,False
4. Helopeltis/helopeltis_00439.jpg,7. Healthy leaf/healthy_00916.jpg,4. Helopeltis,7. Healthy leaf,True,64,93,0.88899,False,False,False
4. Helopeltis/helopeltis_00440.jpg,6. Green mirid bug/green_mirid_bug_01040.jpg,4. Helopeltis,6. Green mirid bug,True,62,67,0.77094,False,False,False
4. Helopeltis/helopeltis_00441.jpg,6. Green mirid bug/green_mirid_bug_01042.jpg,4. Helopeltis,6. Green mirid bug,True,60,68,0.80415,False,False,False
4. Helopeltis/helopeltis_00442.jpg,6. Green mirid bug/green_mirid_bug_01023.jpg,4. Helopeltis,6. Green mirid bug,True,52,64,0.80241,False,False,False
4. Helopeltis/helopeltis_00443.jpg,5. Red spider/red_spider_00288.jpg,4. Helopeltis,5. Red spider,True,64,107,0.84029,False,False,False
4. Helopeltis/helopeltis_00443.jpg,6. Green mirid bug/green_mirid_bug_01142.jpg,4. Helopeltis,6. Green mirid bug,True,58,71,0.88306,False,False,False
4. Helopeltis/helopeltis_00444.jpg,4. Helopeltis/helopeltis_00481.jpg,4. Helopeltis,4. Helopeltis,False,64,49,0.82405,False,False,False
4. Helopeltis/helopeltis_00444.jpg,6. Green mirid bug/green_mirid_bug_01167.jpg,4. Helopeltis,6. Green mirid bug,True,58,51,0.80974,False,False,False
4. Helopeltis/helopeltis_00445.jpg,5. Red spider/red_spider_00267.jpg,4. Helopeltis,5. Red spider,True,62,118,0.82602,False,False,False
4. Helopeltis/helopeltis_00447.jpg,6. Green mirid bug/green_mirid_bug_00864.jpg,4. Helopeltis,6. Green mirid bug,True,64,78,0.87179,False,False,False
4. Helopeltis/helopeltis_00447.jpg,7. Healthy leaf/healthy_00914.jpg,4. Helopeltis,7. Healthy leaf,True,60,100,0.87916,False,False,False
4. Helopeltis/helopeltis_00449.jpg,6. Green mirid bug/green_mirid_bug_00550.jpg,4. Helopeltis,6. Green mirid bug,True,58,82,0.844,False,False,False
4. Helopeltis/helopeltis_00450.jpg,5. Red spider/red_spider_00060.jpg,4. Helopeltis,5. Red spider,True,64,112,0.88955,False,False,False
4. Helopeltis/helopeltis_00450.jpg,6. Green mirid bug/green_mirid_bug_00136.jpg,4. Helopeltis,6. Green mirid bug,True,58,98,0.88209,False,False,False
4. Helopeltis/helopeltis_00450.jpg,6. Green mirid bug/green_mirid_bug_00160.jpg,4. Helopeltis,6. Green mirid bug,True,64,90,0.89148,False,False,False
4. Helopeltis/helopeltis_00450.jpg,6. Green mirid bug/green_mirid_bug_00218.jpg,4. Helopeltis,6. Green mirid bug,True,56,105,0.89303,False,False,False
4. Helopeltis/helopeltis_00450.jpg,6. Green mirid bug/green_mirid_bug_00250.jpg,4. Helopeltis,6. Green mirid bug,True,56,91,0.8728,False,False,False
4. Helopeltis/helopeltis_00450.jpg,6. Green mirid bug/green_mirid_bug_00323.jpg,4. Helopeltis,6. Green mirid bug,True,60,106,0.88553,False,False,False
4. Helopeltis/helopeltis_00450.jpg,6. Green mirid bug/green_mirid_bug_00368.jpg,4. Helopeltis,6. Green mirid bug,True,64,93,0.89014,False,False,False
4. Helopeltis/helopeltis_00450.jpg,6. Green mirid bug/green_mirid_bug_00447.jpg,4. Helopeltis,6. Green mirid bug,True,58,92,0.87892,False,False,False
4. Helopeltis/helopeltis_00450.jpg,7. Healthy leaf/healthy_00217.jpg,4. Helopeltis,7. Healthy leaf,True,60,101,0.8796,False,False,False
4. Helopeltis/helopeltis_00451.jpg,4. Helopeltis/helopeltis_00452.jpg,4. Helopeltis,4. Helopeltis,False,58,40,0.90708,False,True,False
4. Helopeltis/helopeltis_00451.jpg,6. Green mirid bug/green_mirid_bug_00138.jpg,4. Helopeltis,6. Green mirid bug,True,60,111,0.87553,False,False,False
4. Helopeltis/helopeltis_00451.jpg,6. Green mirid bug/green_mirid_bug_00425.jpg,4. Helopeltis,6. Green mirid bug,True,58,113,0.88479,False,False,False
4. Helopeltis/helopeltis_00452.jpg,4. Helopeltis/helopeltis_00593.jpg,4. Helopeltis,4. Helopeltis,False,54,62,0.89644,False,False,False
4. Helopeltis/helopeltis_00452.jpg,5. Red spider/red_spider_00138.jpg,4. Helopeltis,5. Red spider,True,64,77,0.8891,False,False,False
4. Helopeltis/helopeltis_00452.jpg,6. Green mirid bug/green_mirid_bug_00361.jpg,4. Helopeltis,6. Green mirid bug,True,62,119,0.89358,False,False,False
4. Helopeltis/helopeltis_00452.jpg,6. Green mirid bug/green_mirid_bug_00383.jpg,4. Helopeltis,6. Green mirid bug,True,56,108,0.89923,False,False,False
4. Helopeltis/helopeltis_00452.jpg,6. Green mirid bug/green_mirid_bug_00412.jpg,4. Helopeltis,6. Green mirid bug,True,44,119,0.88614,False,False,False
4. Helopeltis/helopeltis_00452.jpg,6. Green mirid bug/green_mirid_bug_00419.jpg,4. Helopeltis,6. Green mirid bug,True,64,132,0.88165,False,False,False
4. Helopeltis/helopeltis_00452.jpg,6. Green mirid bug/green_mirid_bug_00425.jpg,4. Helopeltis,6. Green mirid bug,True,60,117,0.89167,False,False,False
4. Helopeltis/helopeltis_00452.jpg,6. Green mirid bug/green_mirid_bug_00794.jpg,4. Helopeltis,6. Green mirid bug,True,62,57,0.90476,False,False,False
4. Helopeltis/helopeltis_00452.jpg,7. Healthy leaf/healthy_00935.jpg,4. Helopeltis,7. Healthy leaf,True,64,74,0.88307,False,False,False
4. Helopeltis/helopeltis_00453.jpg,7. Healthy leaf/healthy_00055.jpg,4. Helopeltis,7. Healthy leaf,True,64,120,0.84835,False,False,False
4. Helopeltis/helopeltis_00453.jpg,7. Healthy leaf/healthy_00078.jpg,4. Helopeltis,7. Healthy leaf,True,62,117,0.85057,False,False,False
4. Helopeltis/helopeltis_00454.jpg,6. Green mirid bug/green_mirid_bug_00097.jpg,4. Helopeltis,6. Green mirid bug,True,64,107,0.85713,False,False,False
4. Helopeltis/helopeltis_00454.jpg,6. Green mirid bug/green_mirid_bug_00494.jpg,4. Helopeltis,6. Green mirid bug,True,64,130,0.83931,False,False,False
4. Helopeltis/helopeltis_00455.jpg,4. Helopeltis/helopeltis_00547.jpg,4. Helopeltis,4. Helopeltis,False,64,75,0.88224,False,False,False
4. Helopeltis/helopeltis_00455.jpg,5. Red spider/red_spider_00337.jpg,4. Helopeltis,5. Red spider,True,48,108,0.87711,False,False,False
4. Helopeltis/helopeltis_00455.jpg,6. Green mirid bug/green_mirid_bug_00030.jpg,4. Helopeltis,6. Green mirid bug,True,60,123,0.86854,False,False,False
4. Helopeltis/helopeltis_00455.jpg,6. Green mirid bug/green_mirid_bug_00285.jpg,4. Helopeltis,6. Green mirid bug,True,58,118,0.86778,False,False,False
4. Helopeltis/helopeltis_00455.jpg,6. Green mirid bug/green_mirid_bug_00439.jpg,4. Helopeltis,6. Green mirid bug,True,54,120,0.87568,False,False,False
4. Helopeltis/helopeltis_00455.jpg,6. Green mirid bug/green_mirid_bug_00513.jpg,4. Helopeltis,6. Green mirid bug,True,64,80,0.85264,False,False,False
4. Helopeltis/helopeltis_00455.jpg,6. Green mirid bug/green_mirid_bug_00932.jpg,4. Helopeltis,6. Green mirid bug,True,58,71,0.86067,False,False,False
4. Helopeltis/helopeltis_00455.jpg,7. Healthy leaf/healthy_00281.jpg,4. Helopeltis,7. Healthy leaf,True,58,118,0.88202,False,False,False
4. Helopeltis/helopeltis_00455.jpg,7. Healthy leaf/healthy_00930.jpg,4. Helopeltis,7. Healthy leaf,True,60,73,0.89042,False,False,False
4. Helopeltis/helopeltis_00456.jpg,5. Red spider/red_spider_00126.jpg,4. Helopeltis,5. Red spider,True,60,120,0.81975,False,False,False
4. Helopeltis/helopeltis_00456.jpg,6. Green mirid bug/green_mirid_bug_00541.jpg,4. Helopeltis,6. Green mirid bug,True,56,67,0.88112,False,False,False
4. Helopeltis/helopeltis_00458.jpg,4. Helopeltis/helopeltis_00459.jpg,4. Helopeltis,4. Helopeltis,False,30,48,0.9117,False,True,True
4. Helopeltis/helopeltis_00460.jpg,4. Helopeltis/helopeltis_00467.jpg,4. Helopeltis,4. Helopeltis,False,52,96,0.88475,False,False,False
4. Helopeltis/helopeltis_00460.jpg,6. Green mirid bug/green_mirid_bug_00424.jpg,4. Helopeltis,6. Green mirid bug,True,64,119,0.90592,False,False,False
4. Helopeltis/helopeltis_00460.jpg,7. Healthy leaf/healthy_00265.jpg,4. Helopeltis,7. Healthy leaf,True,56,117,0.90969,False,False,False
4. Helopeltis/helopeltis_00461.jpg,4. Helopeltis/helopeltis_00468.jpg,4. Helopeltis,4. Helopeltis,False,64,92,0.88331,False,False,False
4. Helopeltis/helopeltis_00461.jpg,4. Helopeltis/helopeltis_00595.jpg,4. Helopeltis,4. Helopeltis,False,64,74,0.89724,False,False,False
4. Helopeltis/helopeltis_00461.jpg,6. Green mirid bug/green_mirid_bug_00208.jpg,4. Helopeltis,6. Green mirid bug,True,64,113,0.89516,False,False,False
4. Helopeltis/helopeltis_00461.jpg,7. Healthy leaf/healthy_00709.jpg,4. Helopeltis,7. Healthy leaf,True,60,94,0.85137,False,False,False
4. Helopeltis/helopeltis_00462.jpg,4. Helopeltis/helopeltis_00571.jpg,4. Helopeltis,4. Helopeltis,False,50,86,0.87248,False,False,False
4. Helopeltis/helopeltis_00462.jpg,4. Helopeltis/helopeltis_00577.jpg,4. Helopeltis,4. Helopeltis,False,64,94,0.87138,False,False,False
4. Helopeltis/helopeltis_00462.jpg,5. Red spider/red_spider_00135.jpg,4. Helopeltis,5. Red spider,True,60,95,0.88538,False,False,False
4. Helopeltis/helopeltis_00467.jpg,6. Green mirid bug/green_mirid_bug_00260.jpg,4. Helopeltis,6. Green mirid bug,True,64,94,0.86979,False,False,False
4. Helopeltis/helopeltis_00467.jpg,6. Green mirid bug/green_mirid_bug_00381.jpg,4. Helopeltis,6. Green mirid bug,True,58,99,0.87498,False,False,False
4. Helopeltis/helopeltis_00467.jpg,6. Green mirid bug/green_mirid_bug_00424.jpg,4. Helopeltis,6. Green mirid bug,True,50,117,0.89993,False,False,False
4. Helopeltis/helopeltis_00467.jpg,6. Green mirid bug/green_mirid_bug_00434.jpg,4. Helopeltis,6. Green mirid bug,True,62,101,0.87826,False,False,False
4. Helopeltis/helopeltis_00467.jpg,6. Green mirid bug/green_mirid_bug_00454.jpg,4. Helopeltis,6. Green mirid bug,True,60,98,0.89093,False,False,False
4. Helopeltis/helopeltis_00467.jpg,6. Green mirid bug/green_mirid_bug_00460.jpg,4. Helopeltis,6. Green mirid bug,True,64,98,0.8791,False,False,False
4. Helopeltis/helopeltis_00467.jpg,6. Green mirid bug/green_mirid_bug_00766.jpg,4. Helopeltis,6. Green mirid bug,True,64,91,0.89059,False,False,False
4. Helopeltis/helopeltis_00467.jpg,7. Healthy leaf/healthy_00279.jpg,4. Helopeltis,7. Healthy leaf,True,38,111,0.87848,False,False,False
4. Helopeltis/helopeltis_00469.jpg,6. Green mirid bug/green_mirid_bug_00133.jpg,4. Helopeltis,6. Green mirid bug,True,62,109,0.85216,False,False,False
4. Helopeltis/helopeltis_00470.jpg,4. Helopeltis/helopeltis_00474.jpg,4. Helopeltis,4. Helopeltis,False,44,61,0.91433,False,False,False
4. Helopeltis/helopeltis_00470.jpg,5. Red spider/red_spider_00265.jpg,4. Helopeltis,5. Red spider,True,60,93,0.85718,False,False,False
4. Helopeltis/helopeltis_00470.jpg,7. Healthy leaf/healthy_00577.jpg,4. Helopeltis,7. Healthy leaf,True,64,98,0.83703,False,False,False
4. Helopeltis/helopeltis_00472.jpg,4. Helopeltis/helopeltis_00530.jpg,4. Helopeltis,4. Helopeltis,False,56,46,0.8715,False,False,False
4. Helopeltis/helopeltis_00472.jpg,6. Green mirid bug/green_mirid_bug_00134.jpg,4. Helopeltis,6. Green mirid bug,True,64,118,0.86321,False,False,False
4. Helopeltis/helopeltis_00472.jpg,7. Healthy leaf/healthy_00370.jpg,4. Helopeltis,7. Healthy leaf,True,50,81,0.82933,False,False,False
4. Helopeltis/helopeltis_00474.jpg,4. Helopeltis/helopeltis_00500.jpg,4. Helopeltis,4. Helopeltis,False,56,60,0.90206,False,False,False
4. Helopeltis/helopeltis_00475.jpg,7. Healthy leaf/healthy_00764.jpg,4. Helopeltis,7. Healthy leaf,True,62,61,0.85105,False,False,False
4. Helopeltis/helopeltis_00476.jpg,6. Green mirid bug/green_mirid_bug_00645.jpg,4. Helopeltis,6. Green mirid bug,True,50,76,0.82274,False,False,False
4. Helopeltis/helopeltis_00476.jpg,6. Green mirid bug/green_mirid_bug_01004.jpg,4. Helopeltis,6. Green mirid bug,True,56,49,0.8597,False,False,False
4. Helopeltis/helopeltis_00477.jpg,4. Helopeltis/helopeltis_00525.jpg,4. Helopeltis,4. Helopeltis,False,60,94,0.87265,False,False,False
4. Helopeltis/helopeltis_00477.jpg,4. Helopeltis/helopeltis_00587.jpg,4. Helopeltis,4. Helopeltis,False,64,83,0.86311,False,False,False
4. Helopeltis/helopeltis_00477.jpg,5. Red spider/red_spider_00506.jpg,4. Helopeltis,5. Red spider,True,50,85,0.85616,False,False,False
4. Helopeltis/helopeltis_00477.jpg,6. Green mirid bug/green_mirid_bug_00191.jpg,4. Helopeltis,6. Green mirid bug,True,64,118,0.86299,False,False,False
4. Helopeltis/helopeltis_00477.jpg,6. Green mirid bug/green_mirid_bug_00387.jpg,4. Helopeltis,6. Green mirid bug,True,54,114,0.878,False,False,False
4. Helopeltis/helopeltis_00477.jpg,6. Green mirid bug/green_mirid_bug_00672.jpg,4. Helopeltis,6. Green mirid bug,True,60,128,0.8203,False,False,False
4. Helopeltis/helopeltis_00477.jpg,7. Healthy leaf/healthy_00080.jpg,4. Helopeltis,7. Healthy leaf,True,62,124,0.85672,False,False,False
4. Helopeltis/helopeltis_00477.jpg,7. Healthy leaf/healthy_00272.jpg,4. Helopeltis,7. Healthy leaf,True,60,112,0.88445,False,False,False
4. Helopeltis/helopeltis_00477.jpg,7. Healthy leaf/healthy_00802.jpg,4. Helopeltis,7. Healthy leaf,True,56,65,0.88213,False,False,False
4. Helopeltis/helopeltis_00477.jpg,7. Healthy leaf/healthy_00803.jpg,4. Helopeltis,7. Healthy leaf,True,56,67,0.86083,False,False,False
4. Helopeltis/helopeltis_00477.jpg,7. Healthy leaf/healthy_00857.jpg,4. Helopeltis,7. Healthy leaf,True,64,60,0.85838,False,False,False
4. Helopeltis/helopeltis_00478.jpg,5. Red spider/red_spider_00214.jpg,4. Helopeltis,5. Red spider,True,58,76,0.85295,False,False,False
4. Helopeltis/helopeltis_00478.jpg,6. Green mirid bug/green_mirid_bug_00978.jpg,4. Helopeltis,6. Green mirid bug,True,60,48,0.86268,False,False,False
4. Helopeltis/helopeltis_00479.jpg,6. Green mirid bug/green_mirid_bug_00780.jpg,4. Helopeltis,6. Green mirid bug,True,60,73,0.82777,False,False,False
4. Helopeltis/helopeltis_00479.jpg,7. Healthy leaf/healthy_00846.jpg,4. Helopeltis,7. Healthy leaf,True,64,79,0.83511,False,False,False
4. Helopeltis/helopeltis_00480.jpg,6. Green mirid bug/green_mirid_bug_01166.jpg,4. Helopeltis,6. Green mirid bug,True,60,54,0.84226,False,False,False
4. Helopeltis/helopeltis_00480.jpg,7. Healthy leaf/healthy_00846.jpg,4. Helopeltis,7. Healthy leaf,True,64,64,0.84524,False,False,False
4. Helopeltis/helopeltis_00481.jpg,7. Healthy leaf/healthy_00845.jpg,4. Helopeltis,7. Healthy leaf,True,58,70,0.83347,False,False,False
4. Helopeltis/helopeltis_00485.jpg,6. Green mirid bug/green_mirid_bug_00752.jpg,4. Helopeltis,6. Green mirid bug,True,64,58,0.83259,False,False,False
4. Helopeltis/helopeltis_00487.jpg,4. Helopeltis/helopeltis_00559.jpg,4. Helopeltis,4. Helopeltis,False,60,56,0.88873,False,False,False
4. Helopeltis/helopeltis_00488.jpg,4. Helopeltis/helopeltis_00547.jpg,4. Helopeltis,4. Helopeltis,False,52,80,0.89184,False,False,False
4. Helopeltis/helopeltis_00488.jpg,4. Helopeltis/helopeltis_00548.jpg,4. Helopeltis,4. Helopeltis,False,52,82,0.89147,False,False,False
4. Helopeltis/helopeltis_00488.jpg,4. Helopeltis/helopeltis_00558.jpg,4. Helopeltis,4. Helopeltis,False,60,92,0.88409,False,False,False
4. Helopeltis/helopeltis_00488.jpg,4. Helopeltis/helopeltis_00592.jpg,4. Helopeltis,4. Helopeltis,False,64,99,0.87622,False,False,False
4. Helopeltis/helopeltis_00488.jpg,5. Red spider/red_spider_00337.jpg,4. Helopeltis,5. Red spider,True,58,97,0.86771,False,False,False
4. Helopeltis/helopeltis_00488.jpg,5. Red spider/red_spider_00476.jpg,4. Helopeltis,5. Red spider,True,44,72,0.889,False,False,False
4. Helopeltis/helopeltis_00488.jpg,5. Red spider/red_spider_00484.jpg,4. Helopeltis,5. Red spider,True,64,76,0.88452,False,False,False
4. Helopeltis/helopeltis_00488.jpg,6. Green mirid bug/green_mirid_bug_00162.jpg,4. Helopeltis,6. Green mirid bug,True,56,91,0.87264,False,False,False
4. Helopeltis/helopeltis_00488.jpg,6. Green mirid bug/green_mirid_bug_00422.jpg,4. Helopeltis,6. Green mirid bug,True,62,110,0.87316,False,False,False
4. Helopeltis/helopeltis_00488.jpg,6. Green mirid bug/green_mirid_bug_00444.jpg,4. Helopeltis,6. Green mirid bug,True,64,107,0.86514,False,False,False
4. Helopeltis/helopeltis_00488.jpg,6. Green mirid bug/green_mirid_bug_00446.jpg,4. Helopeltis,6. Green mirid bug,True,60,99,0.88523,False,False,False
4. Helopeltis/helopeltis_00488.jpg,6. Green mirid bug/green_mirid_bug_00450.jpg,4. Helopeltis,6. Green mirid bug,True,64,95,0.88184,False,False,False
4. Helopeltis/helopeltis_00488.jpg,6. Green mirid bug/green_mirid_bug_00593.jpg,4. Helopeltis,6. Green mirid bug,True,62,109,0.86645,False,False,False
4. Helopeltis/helopeltis_00488.jpg,6. Green mirid bug/green_mirid_bug_00804.jpg,4. Helopeltis,6. Green mirid bug,True,64,72,0.87343,False,False,False
4. Helopeltis/helopeltis_00488.jpg,6. Green mirid bug/green_mirid_bug_00832.jpg,4. Helopeltis,6. Green mirid bug,True,54,83,0.89253,False,False,False
4. Helopeltis/helopeltis_00488.jpg,7. Healthy leaf/healthy_00252.jpg,4. Helopeltis,7. Healthy leaf,True,64,100,0.87921,False,False,False
4. Helopeltis/helopeltis_00488.jpg,7. Healthy leaf/healthy_00283.jpg,4. Helopeltis,7. Healthy leaf,True,64,100,0.87855,False,False,False
4. Helopeltis/helopeltis_00488.jpg,7. Healthy leaf/healthy_00798.jpg,4. Helopeltis,7. Healthy leaf,True,64,90,0.88537,False,False,False
4. Helopeltis/helopeltis_00488.jpg,7. Healthy leaf/healthy_00930.jpg,4. Helopeltis,7. Healthy leaf,True,58,106,0.87296,False,False,False
4. Helopeltis/helopeltis_00488.jpg,7. Healthy leaf/healthy_00935.jpg,4. Helopeltis,7. Healthy leaf,True,62,91,0.86986,False,False,False
4. Helopeltis/helopeltis_00489.jpg,4. Helopeltis/helopeltis_00490.jpg,4. Helopeltis,4. Helopeltis,False,46,47,0.89318,False,False,False
4. Helopeltis/helopeltis_00490.jpg,4. Helopeltis/helopeltis_00559.jpg,4. Helopeltis,4. Helopeltis,False,60,45,0.89092,False,False,False
4. Helopeltis/helopeltis_00494.jpg,4. Helopeltis/helopeltis_00499.jpg,4. Helopeltis,4. Helopeltis,False,62,68,0.90868,False,False,False
4. Helopeltis/helopeltis_00495.jpg,4. Helopeltis/helopeltis_00591.jpg,4. Helopeltis,4. Helopeltis,False,52,52,0.89882,False,False,False
4. Helopeltis/helopeltis_00496.jpg,5. Red spider/red_spider_00081.jpg,4. Helopeltis,5. Red spider,True,64,60,0.89155,False,False,False
4. Helopeltis/helopeltis_00497.jpg,7. Healthy leaf/healthy_00929.jpg,4. Helopeltis,7. Healthy leaf,True,60,51,0.8708,False,False,False
4. Helopeltis/helopeltis_00498.jpg,5. Red spider/red_spider_00512.jpg,4. Helopeltis,5. Red spider,True,64,64,0.88626,False,False,False
4. Helopeltis/helopeltis_00498.jpg,7. Healthy leaf/healthy_00783.jpg,4. Helopeltis,7. Healthy leaf,True,60,50,0.88585,False,False,False
4. Helopeltis/helopeltis_00499.jpg,4. Helopeltis/helopeltis_00504.jpg,4. Helopeltis,4. Helopeltis,False,64,72,0.90215,False,False,False
4. Helopeltis/helopeltis_00499.jpg,5. Red spider/red_spider_00296.jpg,4. Helopeltis,5. Red spider,True,48,116,0.87354,False,False,False
4. Helopeltis/helopeltis_00500.jpg,6. Green mirid bug/green_mirid_bug_00075.jpg,4. Helopeltis,6. Green mirid bug,True,58,97,0.88734,False,False,False
4. Helopeltis/helopeltis_00500.jpg,6. Green mirid bug/green_mirid_bug_00174.jpg,4. Helopeltis,6. Green mirid bug,True,60,105,0.87575,False,False,False
4. Helopeltis/helopeltis_00500.jpg,6. Green mirid bug/green_mirid_bug_00295.jpg,4. Helopeltis,6. Green mirid bug,True,56,91,0.90637,False,False,False
4. Helopeltis/helopeltis_00501.jpg,4. Helopeltis/helopeltis_00579.jpg,4. Helopeltis,4. Helopeltis,False,56,74,0.91568,False,False,False
4. Helopeltis/helopeltis_00502.jpg,4. Helopeltis/helopeltis_00599.jpg,4. Helopeltis,4. Helopeltis,False,62,90,0.90562,False,False,False
4. Helopeltis/helopeltis_00510.jpg,7. Healthy leaf/healthy_00480.jpg,4. Helopeltis,7. Healthy leaf,True,60,93,0.83214,False,False,False
4. Helopeltis/helopeltis_00512.jpg,4. Helopeltis/helopeltis_00516.jpg,4. Helopeltis,4. Helopeltis,False,64,82,0.89786,False,False,False
4. Helopeltis/helopeltis_00512.jpg,7. Healthy leaf/healthy_00338.jpg,4. Helopeltis,7. Healthy leaf,True,60,120,0.88742,False,False,False
4. Helopeltis/helopeltis_00513.jpg,5. Red spider/red_spider_00268.jpg,4. Helopeltis,5. Red spider,True,62,129,0.80355,False,False,False
4. Helopeltis/helopeltis_00513.jpg,6. Green mirid bug/green_mirid_bug_00532.jpg,4. Helopeltis,6. Green mirid bug,True,64,133,0.83526,False,False,False
4. Helopeltis/helopeltis_00513.jpg,7. Healthy leaf/healthy_00357.jpg,4. Helopeltis,7. Healthy leaf,True,64,117,0.83227,False,False,False
4. Helopeltis/helopeltis_00514.jpg,6. Green mirid bug/green_mirid_bug_00837.jpg,4. Helopeltis,6. Green mirid bug,True,54,76,0.86463,False,False,False
4. Helopeltis/helopeltis_00514.jpg,7. Healthy leaf/healthy_00538.jpg,4. Helopeltis,7. Healthy leaf,True,38,110,0.86262,False,False,False
4. Helopeltis/helopeltis_00515.jpg,6. Green mirid bug/green_mirid_bug_00405.jpg,4. Helopeltis,6. Green mirid bug,True,50,122,0.88324,False,False,False
4. Helopeltis/helopeltis_00515.jpg,6. Green mirid bug/green_mirid_bug_00793.jpg,4. Helopeltis,6. Green mirid bug,True,62,81,0.87135,False,False,False
4. Helopeltis/helopeltis_00515.jpg,6. Green mirid bug/green_mirid_bug_01184.jpg,4. Helopeltis,6. Green mirid bug,True,62,73,0.88951,False,False,False
4. Helopeltis/helopeltis_00517.jpg,5. Red spider/red_spider_00284.jpg,4. Helopeltis,5. Red spider,True,64,44,0.87927,False,False,False
4. Helopeltis/helopeltis_00517.jpg,6. Green mirid bug/green_mirid_bug_00977.jpg,4. Helopeltis,6. Green mirid bug,True,58,52,0.8795,False,False,False
4. Helopeltis/helopeltis_00517.jpg,6. Green mirid bug/green_mirid_bug_01099.jpg,4. Helopeltis,6. Green mirid bug,True,60,56,0.89079,False,False,False
4. Helopeltis/helopeltis_00518.jpg,5. Red spider/red_spider_00394.jpg,4. Helopeltis,5. Red spider,True,62,81,0.84263,False,False,False
4. Helopeltis/helopeltis_00521.jpg,6. Green mirid bug/green_mirid_bug_00849.jpg,4. Helopeltis,6. Green mirid bug,True,62,64,0.84331,False,False,False
4. Helopeltis/helopeltis_00523.jpg,6. Green mirid bug/green_mirid_bug_00770.jpg,4. Helopeltis,6. Green mirid bug,True,58,102,0.84415,False,False,False
4. Helopeltis/helopeltis_00525.jpg,5. Red spider/red_spider_00463.jpg,4. Helopeltis,5. Red spider,True,58,105,0.86561,False,False,False
4. Helopeltis/helopeltis_00525.jpg,6. Green mirid bug/green_mirid_bug_00059.jpg,4. Helopeltis,6. Green mirid bug,True,64,95,0.86491,False,False,False
4. Helopeltis/helopeltis_00525.jpg,7. Healthy leaf/healthy_00080.jpg,4. Helopeltis,7. Healthy leaf,True,54,102,0.86746,False,False,False
4. Helopeltis/helopeltis_00529.jpg,6. Green mirid bug/green_mirid_bug_00019.jpg,4. Helopeltis,6. Green mirid bug,True,58,98,0.86199,False,False,False
4. Helopeltis/helopeltis_00529.jpg,6. Green mirid bug/green_mirid_bug_00653.jpg,4. Helopeltis,6. Green mirid bug,True,58,107,0.87405,False,False,False
4. Helopeltis/helopeltis_00529.jpg,6. Green mirid bug/green_mirid_bug_00898.jpg,4. Helopeltis,6. Green mirid bug,True,42,96,0.88546,False,False,False
4. Helopeltis/helopeltis_00529.jpg,7. Healthy leaf/healthy_00924.jpg,4. Helopeltis,7. Healthy leaf,True,56,80,0.8805,False,False,False
4. Helopeltis/helopeltis_00530.jpg,6. Green mirid bug/green_mirid_bug_00638.jpg,4. Helopeltis,6. Green mirid bug,True,62,55,0.85566,False,False,False
4. Helopeltis/helopeltis_00531.jpg,6. Green mirid bug/green_mirid_bug_00953.jpg,4. Helopeltis,6. Green mirid bug,True,64,46,0.83962,False,False,False
4. Helopeltis/helopeltis_00533.jpg,6. Green mirid bug/green_mirid_bug_00018.jpg,4. Helopeltis,6. Green mirid bug,True,54,126,0.8737,False,False,False
4. Helopeltis/helopeltis_00533.jpg,7. Healthy leaf/healthy_00361.jpg,4. Helopeltis,7. Healthy leaf,True,64,79,0.87372,False,False,False
4. Helopeltis/helopeltis_00534.jpg,6. Green mirid bug/green_mirid_bug_00876.jpg,4. Helopeltis,6. Green mirid bug,True,64,30,0.87894,False,False,False
4. Helopeltis/helopeltis_00534.jpg,6. Green mirid bug/green_mirid_bug_01180.jpg,4. Helopeltis,6. Green mirid bug,True,64,33,0.87096,False,False,False
4. Helopeltis/helopeltis_00534.jpg,7. Healthy leaf/healthy_00388.jpg,4. Helopeltis,7. Healthy leaf,True,64,54,0.66253,False,False,False
4. Helopeltis/helopeltis_00534.jpg,7. Healthy leaf/healthy_00929.jpg,4. Helopeltis,7. Healthy leaf,True,60,40,0.88772,False,False,False
4. Helopeltis/helopeltis_00535.jpg,7. Healthy leaf/healthy_00895.jpg,4. Helopeltis,7. Healthy leaf,True,64,34,0.88702,False,False,False
4. Helopeltis/helopeltis_00538.jpg,4. Helopeltis/helopeltis_00539.jpg,4. Helopeltis,4. Helopeltis,False,62,68,0.83553,False,False,False
4. Helopeltis/helopeltis_00538.jpg,6. Green mirid bug/green_mirid_bug_00837.jpg,4. Helopeltis,6. Green mirid bug,True,60,78,0.86932,False,False,False
4. Helopeltis/helopeltis_00539.jpg,6. Green mirid bug/green_mirid_bug_00500.jpg,4. Helopeltis,6. Green mirid bug,True,58,80,0.8189,False,False,False
4. Helopeltis/helopeltis_00539.jpg,6. Green mirid bug/green_mirid_bug_00501.jpg,4. Helopeltis,6. Green mirid bug,True,64,79,0.81567,False,False,False
4. Helopeltis/helopeltis_00542.jpg,6. Green mirid bug/green_mirid_bug_00209.jpg,4. Helopeltis,6. Green mirid bug,True,64,81,0.87961,False,False,False
4. Helopeltis/helopeltis_00542.jpg,7. Healthy leaf/healthy_00351.jpg,4. Helopeltis,7. Healthy leaf,True,56,82,0.89833,False,False,False
4. Helopeltis/helopeltis_00545.jpg,6. Green mirid bug/green_mirid_bug_00486.jpg,4. Helopeltis,6. Green mirid bug,True,62,117,0.82836,False,False,False
4. Helopeltis/helopeltis_00545.jpg,7. Healthy leaf/healthy_00796.jpg,4. Helopeltis,7. Healthy leaf,True,62,81,0.84013,False,False,False
4. Helopeltis/helopeltis_00545.jpg,7. Healthy leaf/healthy_00803.jpg,4. Helopeltis,7. Healthy leaf,True,64,65,0.856,False,False,False
4. Helopeltis/helopeltis_00546.jpg,4. Helopeltis/helopeltis_00565.jpg,4. Helopeltis,4. Helopeltis,False,60,58,0.90114,False,False,False
4. Helopeltis/helopeltis_00547.jpg,4. Helopeltis/helopeltis_00548.jpg,4. Helopeltis,4. Helopeltis,False,4,10,0.99029,False,True,True
4. Helopeltis/helopeltis_00547.jpg,4. Helopeltis/helopeltis_00558.jpg,4. Helopeltis,4. Helopeltis,False,48,58,0.90085,False,False,False
4. Helopeltis/helopeltis_00547.jpg,4. Helopeltis/helopeltis_00592.jpg,4. Helopeltis,4. Helopeltis,False,62,55,0.89918,False,False,False
4. Helopeltis/helopeltis_00547.jpg,5. Red spider/red_spider_00337.jpg,4. Helopeltis,5. Red spider,True,58,97,0.8831,False,False,False
4. Helopeltis/helopeltis_00547.jpg,5. Red spider/red_spider_00476.jpg,4. Helopeltis,5. Red spider,True,48,60,0.90583,False,False,False
4. Helopeltis/helopeltis_00547.jpg,5. Red spider/red_spider_00484.jpg,4. Helopeltis,5. Red spider,True,60,50,0.90229,False,False,False
4. Helopeltis/helopeltis_00547.jpg,6. Green mirid bug/green_mirid_bug_00068.jpg,4. Helopeltis,6. Green mirid bug,True,58,105,0.88796,False,False,False
4. Helopeltis/helopeltis_00547.jpg,6. Green mirid bug/green_mirid_bug_00162.jpg,4. Helopeltis,6. Green mirid bug,True,50,95,0.89494,False,False,False
4. Helopeltis/helopeltis_00547.jpg,6. Green mirid bug/green_mirid_bug_00446.jpg,4. Helopeltis,6. Green mirid bug,True,62,95,0.9003,False,False,False
4. Helopeltis/helopeltis_00547.jpg,6. Green mirid bug/green_mirid_bug_00804.jpg,4. Helopeltis,6. Green mirid bug,True,64,56,0.89156,False,False,False
4. Helopeltis/helopeltis_00547.jpg,7. Healthy leaf/healthy_00247.jpg,4. Helopeltis,7. Healthy leaf,True,64,112,0.89349,False,False,False
4. Helopeltis/helopeltis_00547.jpg,7. Healthy leaf/healthy_00773.jpg,4. Helopeltis,7. Healthy leaf,True,58,57,0.90282,False,False,False
4. Helopeltis/helopeltis_00547.jpg,7. Healthy leaf/healthy_00930.jpg,4. Helopeltis,7. Healthy leaf,True,50,76,0.88917,False,False,False
4. Helopeltis/helopeltis_00547.jpg,7. Healthy leaf/healthy_00935.jpg,4. Helopeltis,7. Healthy leaf,True,64,63,0.89006,False,False,False
4. Helopeltis/helopeltis_00548.jpg,4. Helopeltis/helopeltis_00558.jpg,4. Helopeltis,4. Helopeltis,False,44,58,0.90161,False,False,False
4. Helopeltis/helopeltis_00548.jpg,4. Helopeltis/helopeltis_00592.jpg,4. Helopeltis,4. Helopeltis,False,64,53,0.8995,False,False,False
4. Helopeltis/helopeltis_00548.jpg,5. Red spider/red_spider_00337.jpg,4. Helopeltis,5. Red spider,True,58,97,0.88336,False,False,False
4. Helopeltis/helopeltis_00548.jpg,5. Red spider/red_spider_00476.jpg,4. Helopeltis,5. Red spider,True,52,58,0.90402,False,False,False
4. Helopeltis/helopeltis_00548.jpg,5. Red spider/red_spider_00484.jpg,4. Helopeltis,5. Red spider,True,62,46,0.90228,False,True,False
4. Helopeltis/helopeltis_00548.jpg,6. Green mirid bug/green_mirid_bug_00068.jpg,4. Helopeltis,6. Green mirid bug,True,58,105,0.88727,False,False,False
4. Helopeltis/helopeltis_00548.jpg,6. Green mirid bug/green_mirid_bug_00162.jpg,4. Helopeltis,6. Green mirid bug,True,54,95,0.89416,False,False,False
4. Helopeltis/helopeltis_00548.jpg,6. Green mirid bug/green_mirid_bug_00446.jpg,4. Helopeltis,6. Green mirid bug,True,64,95,0.89904,False,False,False
4. Helopeltis/helopeltis_00548.jpg,6. Green mirid bug/green_mirid_bug_00804.jpg,4. Helopeltis,6. Green mirid bug,True,64,56,0.89095,False,False,False
4. Helopeltis/helopeltis_00548.jpg,7. Healthy leaf/healthy_00773.jpg,4. Helopeltis,7. Healthy leaf,True,58,53,0.90303,False,False,False
4. Helopeltis/helopeltis_00548.jpg,7. Healthy leaf/healthy_00930.jpg,4. Helopeltis,7. Healthy leaf,True,52,74,0.88909,False,False,False
4. Helopeltis/helopeltis_00548.jpg,7. Healthy leaf/healthy_00935.jpg,4. Helopeltis,7. Healthy leaf,True,64,61,0.89011,False,False,False
4. Helopeltis/helopeltis_00550.jpg,6. Green mirid bug/green_mirid_bug_00817.jpg,4. Helopeltis,6. Green mirid bug,True,62,34,0.86462,False,False,False
4. Helopeltis/helopeltis_00550.jpg,6. Green mirid bug/green_mirid_bug_00875.jpg,4. Helopeltis,6. Green mirid bug,True,62,39,0.88666,False,False,False
4. Helopeltis/helopeltis_00550.jpg,6. Green mirid bug/green_mirid_bug_00876.jpg,4. Helopeltis,6. Green mirid bug,True,62,36,0.86065,False,False,False
4. Helopeltis/helopeltis_00550.jpg,7. Healthy leaf/healthy_00800.jpg,4. Helopeltis,7. Healthy leaf,True,54,41,0.89376,False,False,False
4. Helopeltis/helopeltis_00554.jpg,6. Green mirid bug/green_mirid_bug_01233.jpg,4. Helopeltis,6. Green mirid bug,True,64,76,0.89462,False,False,False
4. Helopeltis/helopeltis_00556.jpg,4. Helopeltis/helopeltis_00558.jpg,4. Helopeltis,4. Helopeltis,False,64,56,0.89686,False,False,False
4. Helopeltis/helopeltis_00556.jpg,5. Red spider/red_spider_00337.jpg,4. Helopeltis,5. Red spider,True,62,103,0.88286,False,False,False
4. Helopeltis/helopeltis_00556.jpg,6. Green mirid bug/green_mirid_bug_00071.jpg,4. Helopeltis,6. Green mirid bug,True,64,112,0.8912,False,False,False
4. Helopeltis/helopeltis_00556.jpg,7. Healthy leaf/healthy_00790.jpg,4. Helopeltis,7. Healthy leaf,True,64,73,0.88865,False,False,False
4. Helopeltis/helopeltis_00557.jpg,6. Green mirid bug/green_mirid_bug_00122.jpg,4. Helopeltis,6. Green mirid bug,True,62,124,0.89485,False,False,False
4. Helopeltis/helopeltis_00557.jpg,6. Green mirid bug/green_mirid_bug_00868.jpg,4. Helopeltis,6. Green mirid bug,True,58,65,0.89532,False,False,False
4. Helopeltis/helopeltis_00558.jpg,4. Helopeltis/helopeltis_00592.jpg,4. Helopeltis,4. Helopeltis,False,62,61,0.88784,False,False,False
4. Helopeltis/helopeltis_00558.jpg,5. Red spider/red_spider_00050.jpg,4. Helopeltis,5. Red spider,True,62,108,0.86035,False,False,False
4. Helopeltis/helopeltis_00558.jpg,5. Red spider/red_spider_00218.jpg,4. Helopeltis,5. Red spider,True,64,109,0.87223,False,False,False
4. Helopeltis/helopeltis_00558.jpg,5. Red spider/red_spider_00337.jpg,4. Helopeltis,5. Red spider,True,62,101,0.8825,False,False,False
4. Helopeltis/helopeltis_00558.jpg,6. Green mirid bug/green_mirid_bug_00444.jpg,4. Helopeltis,6. Green mirid bug,True,64,101,0.88234,False,False,False
4. Helopeltis/helopeltis_00558.jpg,6. Green mirid bug/green_mirid_bug_00450.jpg,4. Helopeltis,6. Green mirid bug,True,64,91,0.90579,False,False,False
4. Helopeltis/helopeltis_00558.jpg,6. Green mirid bug/green_mirid_bug_00807.jpg,4. Helopeltis,6. Green mirid bug,True,64,77,0.89042,False,False,False
4. Helopeltis/helopeltis_00558.jpg,7. Healthy leaf/healthy_00780.jpg,4. Helopeltis,7. Healthy leaf,True,58,81,0.90338,False,False,False
4. Helopeltis/helopeltis_00558.jpg,7. Healthy leaf/healthy_00930.jpg,4. Helopeltis,7. Healthy leaf,True,58,84,0.8887,False,False,False
4. Helopeltis/helopeltis_00559.jpg,6. Green mirid bug/green_mirid_bug_00153.jpg,4. Helopeltis,6. Green mirid bug,True,50,79,0.89212,False,False,False
4. Helopeltis/helopeltis_00559.jpg,6. Green mirid bug/green_mirid_bug_00163.jpg,4. Helopeltis,6. Green mirid bug,True,58,75,0.89719,False,False,False
4. Helopeltis/helopeltis_00559.jpg,6. Green mirid bug/green_mirid_bug_00620.jpg,4. Helopeltis,6. Green mirid bug,True,64,101,0.85613,False,False,False
4. Helopeltis/helopeltis_00559.jpg,6. Green mirid bug/green_mirid_bug_01122.jpg,4. Helopeltis,6. Green mirid bug,True,56,36,0.88361,False,False,False
4. Helopeltis/helopeltis_00559.jpg,7. Healthy leaf/healthy_00388.jpg,4. Helopeltis,7. Healthy leaf,True,62,51,0.66983,False,False,False
4. Helopeltis/helopeltis_00559.jpg,7. Healthy leaf/healthy_00775.jpg,4. Helopeltis,7. Healthy leaf,True,52,30,0.90214,False,True,False
4. Helopeltis/helopeltis_00559.jpg,7. Healthy leaf/healthy_00800.jpg,4. Helopeltis,7. Healthy leaf,True,50,42,0.89879,False,False,False
4. Helopeltis/helopeltis_00559.jpg,7. Healthy leaf/healthy_00801.jpg,4. Helopeltis,7. Healthy leaf,True,64,46,0.90349,False,True,False
4. Helopeltis/helopeltis_00561.jpg,7. Healthy leaf/healthy_00857.jpg,4. Helopeltis,7. Healthy leaf,True,60,100,0.83813,False,False,False
4. Helopeltis/helopeltis_00563.jpg,4. Helopeltis/helopeltis_00580.jpg,4. Helopeltis,4. Helopeltis,False,60,84,0.92569,False,False,False
4. Helopeltis/helopeltis_00567.jpg,4. Helopeltis/helopeltis_00599.jpg,4. Helopeltis,4. Helopeltis,False,64,58,0.90058,False,False,False
4. Helopeltis/helopeltis_00567.jpg,6. Green mirid bug/green_mirid_bug_01277.jpg,4. Helopeltis,6. Green mirid bug,True,56,67,0.90066,False,False,False
4. Helopeltis/helopeltis_00567.jpg,7. Healthy leaf/healthy_00914.jpg,4. Helopeltis,7. Healthy leaf,True,50,82,0.89817,False,False,False
4. Helopeltis/helopeltis_00570.jpg,6. Green mirid bug/green_mirid_bug_00792.jpg,4. Helopeltis,6. Green mirid bug,True,42,61,0.89276,False,False,False
4. Helopeltis/helopeltis_00570.jpg,7. Healthy leaf/healthy_00536.jpg,4. Helopeltis,7. Healthy leaf,True,64,97,0.86158,False,False,False
4. Helopeltis/helopeltis_00571.jpg,4. Helopeltis/helopeltis_00577.jpg,4. Helopeltis,4. Helopeltis,False,64,44,0.90194,False,True,False
4. Helopeltis/helopeltis_00571.jpg,4. Helopeltis/helopeltis_00603.jpg,4. Helopeltis,4. Helopeltis,False,62,69,0.89539,False,False,False
4. Helopeltis/helopeltis_00571.jpg,5. Red spider/red_spider_00135.jpg,4. Helopeltis,5. Red spider,True,62,101,0.87193,False,False,False
4. Helopeltis/helopeltis_00571.jpg,5. Red spider/red_spider_00412.jpg,4. Helopeltis,5. Red spider,True,58,101,0.84276,False,False,False
4. Helopeltis/helopeltis_00571.jpg,6. Green mirid bug/green_mirid_bug_00380.jpg,4. Helopeltis,6. Green mirid bug,True,64,85,0.89122,False,False,False
4. Helopeltis/helopeltis_00571.jpg,6. Green mirid bug/green_mirid_bug_01239.jpg,4. Helopeltis,6. Green mirid bug,True,54,68,0.8984,False,False,False
4. Helopeltis/helopeltis_00576.jpg,7. Healthy leaf/healthy_00499.jpg,4. Helopeltis,7. Healthy leaf,True,60,111,0.8338,False,False,False
4. Helopeltis/helopeltis_00578.jpg,5. Red spider/red_spider_00230.jpg,4. Helopeltis,5. Red spider,True,60,87,0.63653,False,False,False
4. Helopeltis/helopeltis_00578.jpg,5. Red spider/red_spider_00469.jpg,4. Helopeltis,5. Red spider,True,64,73,0.81283,False,False,False
4. Helopeltis/helopeltis_00578.jpg,6. Green mirid bug/green_mirid_bug_00414.jpg,4. Helopeltis,6. Green mirid bug,True,58,96,0.83205,False,False,False
4. Helopeltis/helopeltis_00578.jpg,6. Green mirid bug/green_mirid_bug_01230.jpg,4. Helopeltis,6. Green mirid bug,True,52,63,0.81898,False,False,False
4. Helopeltis/helopeltis_00580.jpg,6. Green mirid bug/green_mirid_bug_00223.jpg,4. Helopeltis,6. Green mirid bug,True,64,90,0.885,False,False,False
4. Helopeltis/helopeltis_00582.jpg,4. Helopeltis/helopeltis_00583.jpg,4. Helopeltis,4. Helopeltis,False,64,50,0.91484,False,False,False
4. Helopeltis/helopeltis_00582.jpg,7. Healthy leaf/healthy_00204.jpg,4. Helopeltis,7. Healthy leaf,True,62,82,0.88551,False,False,False
4. Helopeltis/helopeltis_00583.jpg,6. Green mirid bug/green_mirid_bug_01233.jpg,4. Helopeltis,6. Green mirid bug,True,62,59,0.88583,False,False,False
4. Helopeltis/helopeltis_00584.jpg,6. Green mirid bug/green_mirid_bug_00365.jpg,4. Helopeltis,6. Green mirid bug,True,46,100,0.9087,False,False,False
4. Helopeltis/helopeltis_00584.jpg,6. Green mirid bug/green_mirid_bug_00877.jpg,4. Helopeltis,6. Green mirid bug,True,62,61,0.90738,False,False,False
4. Helopeltis/helopeltis_00587.jpg,6. Green mirid bug/green_mirid_bug_00193.jpg,4. Helopeltis,6. Green mirid bug,True,60,103,0.88122,False,False,False
4. Helopeltis/helopeltis_00592.jpg,5. Red spider/red_spider_00072.jpg,4. Helopeltis,5. Red spider,True,64,117,0.89724,False,False,False
4. Helopeltis/helopeltis_00592.jpg,6. Green mirid bug/green_mirid_bug_00446.jpg,4. Helopeltis,6. Green mirid bug,True,64,102,0.89862,False,False,False
4. Helopeltis/helopeltis_00592.jpg,6. Green mirid bug/green_mirid_bug_00452.jpg,4. Helopeltis,6. Green mirid bug,True,54,96,0.90146,False,False,False
4. Helopeltis/helopeltis_00592.jpg,6. Green mirid bug/green_mirid_bug_00534.jpg,4. Helopeltis,6. Green mirid bug,True,62,100,0.88459,False,False,False
4. Helopeltis/helopeltis_00592.jpg,6. Green mirid bug/green_mirid_bug_00832.jpg,4. Helopeltis,6. Green mirid bug,True,58,60,0.90103,False,False,False
4. Helopeltis/helopeltis_00592.jpg,7. Healthy leaf/healthy_00177.jpg,4. Helopeltis,7. Healthy leaf,True,62,122,0.87262,False,False,False
4. Helopeltis/helopeltis_00593.jpg,6. Green mirid bug/green_mirid_bug_00402.jpg,4. Helopeltis,6. Green mirid bug,True,60,114,0.90406,False,False,False
4. Helopeltis/helopeltis_00593.jpg,7. Healthy leaf/healthy_00264.jpg,4. Helopeltis,7. Healthy leaf,True,64,101,0.9127,False,False,False
4. Helopeltis/helopeltis_00595.jpg,5. Red spider/red_spider_00476.jpg,4. Helopeltis,5. Red spider,True,50,59,0.91099,False,False,False
4. Helopeltis/helopeltis_00595.jpg,6. Green mirid bug/green_mirid_bug_00422.jpg,4. Helopeltis,6. Green mirid bug,True,62,107,0.89039,False,False,False
4. Helopeltis/helopeltis_00595.jpg,6. Green mirid bug/green_mirid_bug_00593.jpg,4. Helopeltis,6. Green mirid bug,True,64,88,0.88671,False,False,False
4. Helopeltis/helopeltis_00595.jpg,7. Healthy leaf/healthy_00283.jpg,4. Helopeltis,7. Healthy leaf,True,60,111,0.89169,False,False,False
4. Helopeltis/helopeltis_00597.jpg,6. Green mirid bug/green_mirid_bug_00294.jpg,4. Helopeltis,6. Green mirid bug,True,64,92,0.87635,False,False,False
4. Helopeltis/helopeltis_00599.jpg,6. Green mirid bug/green_mirid_bug_01277.jpg,4. Helopeltis,6. Green mirid bug,True,64,75,0.90323,False,False,False
4. Helopeltis/helopeltis_00599.jpg,7. Healthy leaf/healthy_00918.jpg,4. Helopeltis,7. Healthy leaf,True,62,79,0.91471,False,False,False
4. Helopeltis/helopeltis_00600.jpg,6. Green mirid bug/green_mirid_bug_00740.jpg,4. Helopeltis,6. Green mirid bug,True,52,45,0.83929,False,False,False
4. Helopeltis/helopeltis_00602.jpg,6. Green mirid bug/green_mirid_bug_00122.jpg,4. Helopeltis,6. Green mirid bug,True,52,70,0.90069,False,False,False
4. Helopeltis/helopeltis_00602.jpg,6. Green mirid bug/green_mirid_bug_00898.jpg,4. Helopeltis,6. Green mirid bug,True,56,96,0.88223,False,False,False
4. Helopeltis/helopeltis_00603.jpg,6. Green mirid bug/green_mirid_bug_01239.jpg,4. Helopeltis,6. Green mirid bug,True,58,77,0.88848,False,False,False
4. Helopeltis/helopeltis_00605.jpg,7. Healthy leaf/healthy_00250.jpg,4. Helopeltis,7. Healthy leaf,True,62,126,0.8857,False,False,False
4. Helopeltis/helopeltis_00607.jpg,6. Green mirid bug/green_mirid_bug_00392.jpg,4. Helopeltis,6. Green mirid bug,True,64,105,0.90242,False,False,False
5. Red spider/red_spider_00001.jpg,5. Red spider/red_spider_00003.jpg,5. Red spider,5. Red spider,False,60,74,0.77954,False,False,False
5. Red spider/red_spider_00001.jpg,5. Red spider/red_spider_00036.jpg,5. Red spider,5. Red spider,False,60,67,0.81148,False,False,False
5. Red spider/red_spider_00003.jpg,6. Green mirid bug/green_mirid_bug_00809.jpg,5. Red spider,6. Green mirid bug,True,60,100,0.79268,False,False,False
5. Red spider/red_spider_00004.jpg,6. Green mirid bug/green_mirid_bug_00978.jpg,5. Red spider,6. Green mirid bug,True,64,110,0.8377,False,False,False
5. Red spider/red_spider_00004.jpg,6. Green mirid bug/green_mirid_bug_01172.jpg,5. Red spider,6. Green mirid bug,True,62,109,0.8299,False,False,False
5. Red spider/red_spider_00005.jpg,7. Healthy leaf/healthy_00108.jpg,5. Red spider,7. Healthy leaf,True,60,85,0.83232,False,False,False
5. Red spider/red_spider_00006.jpg,5. Red spider/red_spider_00119.jpg,5. Red spider,5. Red spider,False,64,113,0.82071,False,False,False
5. Red spider/red_spider_00006.jpg,6. Green mirid bug/green_mirid_bug_00136.jpg,5. Red spider,6. Green mirid bug,True,62,112,0.84735,False,False,False
5. Red spider/red_spider_00006.jpg,6. Green mirid bug/green_mirid_bug_00368.jpg,5. Red spider,6. Green mirid bug,True,64,109,0.86902,False,False,False
5. Red spider/red_spider_00008.jpg,6. Green mirid bug/green_mirid_bug_00282.jpg,5. Red spider,6. Green mirid bug,True,64,96,0.85123,False,False,False
5. Red spider/red_spider_00009.jpg,5. Red spider/red_spider_00290.jpg,5. Red spider,5. Red spider,False,58,102,0.8613,False,False,False
5. Red spider/red_spider_00009.jpg,6. Green mirid bug/green_mirid_bug_01255.jpg,5. Red spider,6. Green mirid bug,True,50,106,0.86869,False,False,False
5. Red spider/red_spider_00011.jpg,5. Red spider/red_spider_00079.jpg,5. Red spider,5. Red spider,False,62,105,0.83866,False,False,False
5. Red spider/red_spider_00022.jpg,6. Green mirid bug/green_mirid_bug_00025.jpg,5. Red spider,6. Green mirid bug,True,64,123,0.80776,False,False,False
5. Red spider/red_spider_00023.jpg,6. Green mirid bug/green_mirid_bug_00121.jpg,5. Red spider,6. Green mirid bug,True,64,94,0.87571,False,False,False
5. Red spider/red_spider_00025.jpg,7. Healthy leaf/healthy_00743.jpg,5. Red spider,7. Healthy leaf,True,64,118,0.84909,False,False,False
5. Red spider/red_spider_00026.jpg,5. Red spider/red_spider_00252.jpg,5. Red spider,5. Red spider,False,64,95,0.79285,False,False,False
5. Red spider/red_spider_00027.jpg,6. Green mirid bug/green_mirid_bug_00568.jpg,5. Red spider,6. Green mirid bug,True,62,119,0.7987,False,False,False
5. Red spider/red_spider_00027.jpg,7. Healthy leaf/healthy_00728.jpg,5. Red spider,7. Healthy leaf,True,58,125,0.84999,False,False,False
5. Red spider/red_spider_00031.jpg,7. Healthy leaf/healthy_00085.jpg,5. Red spider,7. Healthy leaf,True,60,41,0.8713,False,False,False
5. Red spider/red_spider_00034.jpg,6. Green mirid bug/green_mirid_bug_00446.jpg,5. Red spider,6. Green mirid bug,True,58,95,0.88579,False,False,False
5. Red spider/red_spider_00034.jpg,6. Green mirid bug/green_mirid_bug_00526.jpg,5. Red spider,6. Green mirid bug,True,56,113,0.87586,False,False,False
5. Red spider/red_spider_00034.jpg,6. Green mirid bug/green_mirid_bug_00861.jpg,5. Red spider,6. Green mirid bug,True,56,121,0.85301,False,False,False
5. Red spider/red_spider_00034.jpg,7. Healthy leaf/healthy_00283.jpg,5. Red spider,7. Healthy leaf,True,62,104,0.88026,False,False,False
5. Red spider/red_spider_00034.jpg,7. Healthy leaf/healthy_00930.jpg,5. Red spider,7. Healthy leaf,True,52,120,0.89096,False,False,False
5. Red spider/red_spider_00035.jpg,5. Red spider/red_spider_00200.jpg,5. Red spider,5. Red spider,False,58,110,0.83041,False,False,False
5. Red spider/red_spider_00035.jpg,5. Red spider/red_spider_00236.jpg,5. Red spider,5. Red spider,False,62,96,0.67625,False,False,False
5. Red spider/red_spider_00035.jpg,6. Green mirid bug/green_mirid_bug_01136.jpg,5. Red spider,6. Green mirid bug,True,62,117,0.83833,False,False,False
5. Red spider/red_spider_00035.jpg,7. Healthy leaf/healthy_00054.jpg,5. Red spider,7. Healthy leaf,True,60,91,0.86071,False,False,False
5. Red spider/red_spider_00035.jpg,7. Healthy leaf/healthy_00125.jpg,5. Red spider,7. Healthy leaf,True,52,76,0.85114,False,False,False
5. Red spider/red_spider_00035.jpg,7. Healthy leaf/healthy_00144.jpg,5. Red spider,7. Healthy leaf,True,56,68,0.85904,False,False,False
5. Red spider/red_spider_00035.jpg,7. Healthy leaf/healthy_00334.jpg,5. Red spider,7. Healthy leaf,True,62,119,0.81113,False,False,False
5. Red spider/red_spider_00035.jpg,7. Healthy leaf/healthy_00707.jpg,5. Red spider,7. Healthy leaf,True,50,138,0.84943,False,False,False
5. Red spider/red_spider_00039.jpg,7. Healthy leaf/healthy_00759.jpg,5. Red spider,7. Healthy leaf,True,62,135,0.84569,False,False,False
5. Red spider/red_spider_00041.jpg,7. Healthy leaf/healthy_00055.jpg,5. Red spider,7. Healthy leaf,True,58,102,0.83738,False,False,False
5. Red spider/red_spider_00046.jpg,5. Red spider/red_spider_00356.jpg,5. Red spider,5. Red spider,False,62,100,0.82238,False,False,False
5. Red spider/red_spider_00046.jpg,6. Green mirid bug/green_mirid_bug_00190.jpg,5. Red spider,6. Green mirid bug,True,62,95,0.80617,False,False,False
5. Red spider/red_spider_00046.jpg,6. Green mirid bug/green_mirid_bug_00311.jpg,5. Red spider,6. Green mirid bug,True,50,95,0.81601,False,False,False
5. Red spider/red_spider_00047.jpg,6. Green mirid bug/green_mirid_bug_01006.jpg,5. Red spider,6. Green mirid bug,True,58,122,0.80131,False,False,False
5. Red spider/red_spider_00048.jpg,6. Green mirid bug/green_mirid_bug_01140.jpg,5. Red spider,6. Green mirid bug,True,60,102,0.82334,False,False,False
5. Red spider/red_spider_00049.jpg,7. Healthy leaf/healthy_00399.jpg,5. Red spider,7. Healthy leaf,True,64,94,0.86351,False,False,False
5. Red spider/red_spider_00050.jpg,5. Red spider/red_spider_00490.jpg,5. Red spider,5. Red spider,False,64,134,0.85138,False,False,False
5. Red spider/red_spider_00050.jpg,7. Healthy leaf/healthy_00159.jpg,5. Red spider,7. Healthy leaf,True,62,88,0.84941,False,False,False
5. Red spider/red_spider_00050.jpg,7. Healthy leaf/healthy_00172.jpg,5. Red spider,7. Healthy leaf,True,64,80,0.84657,False,False,False
5. Red spider/red_spider_00050.jpg,7. Healthy leaf/healthy_00780.jpg,5. Red spider,7. Healthy leaf,True,58,127,0.86721,False,False,False
5. Red spider/red_spider_00050.jpg,7. Healthy leaf/healthy_00930.jpg,5. Red spider,7. Healthy leaf,True,50,130,0.86624,False,False,False
5. Red spider/red_spider_00055.jpg,7. Healthy leaf/healthy_00125.jpg,5. Red spider,7. Healthy leaf,True,64,87,0.84279,False,False,False
5. Red spider/red_spider_00058.jpg,6. Green mirid bug/green_mirid_bug_00600.jpg,5. Red spider,6. Green mirid bug,True,64,111,0.8435,False,False,False
5. Red spider/red_spider_00058.jpg,7. Healthy leaf/healthy_00018.jpg,5. Red spider,7. Healthy leaf,True,62,95,0.85596,False,False,False
5. Red spider/red_spider_00058.jpg,7. Healthy leaf/healthy_00228.jpg,5. Red spider,7. Healthy leaf,True,64,80,0.86586,False,False,False
5. Red spider/red_spider_00060.jpg,6. Green mirid bug/green_mirid_bug_00104.jpg,5. Red spider,6. Green mirid bug,True,58,67,0.90682,False,False,False
5. Red spider/red_spider_00060.jpg,6. Green mirid bug/green_mirid_bug_00543.jpg,5. Red spider,6. Green mirid bug,True,64,87,0.89984,False,False,False
5. Red spider/red_spider_00060.jpg,7. Healthy leaf/healthy_00213.jpg,5. Red spider,7. Healthy leaf,True,54,76,0.89575,False,False,False
5. Red spider/red_spider_00065.jpg,5. Red spider/red_spider_00249.jpg,5. Red spider,5. Red spider,False,60,101,0.87736,False,False,False
5. Red spider/red_spider_00065.jpg,6. Green mirid bug/green_mirid_bug_00147.jpg,5. Red spider,6. Green mirid bug,True,48,61,0.90012,False,False,False
5. Red spider/red_spider_00065.jpg,7. Healthy leaf/healthy_00210.jpg,5. Red spider,7. Healthy leaf,True,62,75,0.89625,False,False,False
5. Red spider/red_spider_00065.jpg,7. Healthy leaf/healthy_00257.jpg,5. Red spider,7. Healthy leaf,True,64,58,0.90497,False,False,False
5. Red spider/red_spider_00067.jpg,6. Green mirid bug/green_mirid_bug_00096.jpg,5. Red spider,6. Green mirid bug,True,54,44,0.91192,False,True,False
5. Red spider/red_spider_00068.jpg,6. Green mirid bug/green_mirid_bug_00273.jpg,5. Red spider,6. Green mirid bug,True,64,67,0.8893,False,False,False
5. Red spider/red_spider_00068.jpg,6. Green mirid bug/green_mirid_bug_00297.jpg,5. Red spider,6. Green mirid bug,True,62,67,0.88849,False,False,False
5. Red spider/red_spider_00068.jpg,6. Green mirid bug/green_mirid_bug_00574.jpg,5. Red spider,6. Green mirid bug,True,62,102,0.83185,False,False,False
5. Red spider/red_spider_00068.jpg,6. Green mirid bug/green_mirid_bug_00602.jpg,5. Red spider,6. Green mirid bug,True,64,102,0.8479,False,False,False
5. Red spider/red_spider_00068.jpg,7. Healthy leaf/healthy_00213.jpg,5. Red spider,7. Healthy leaf,True,62,62,0.89613,False,False,False
5. Red spider/red_spider_00068.jpg,7. Healthy leaf/healthy_00782.jpg,5. Red spider,7. Healthy leaf,True,62,118,0.88624,False,False,False
5. Red spider/red_spider_00068.jpg,7. Healthy leaf/healthy_00933.jpg,5. Red spider,7. Healthy leaf,True,44,114,0.87925,False,False,False
5. Red spider/red_spider_00069.jpg,5. Red spider/red_spider_00152.jpg,5. Red spider,5. Red spider,False,52,98,0.90231,False,False,False
5. Red spider/red_spider_00069.jpg,5. Red spider/red_spider_00497.jpg,5. Red spider,5. Red spider,False,64,103,0.88685,False,False,False
5. Red spider/red_spider_00069.jpg,6. Green mirid bug/green_mirid_bug_00273.jpg,5. Red spider,6. Green mirid bug,True,56,59,0.89256,False,False,False
5. Red spider/red_spider_00069.jpg,6. Green mirid bug/green_mirid_bug_00543.jpg,5. Red spider,6. Green mirid bug,True,64,99,0.88585,False,False,False
5. Red spider/red_spider_00069.jpg,6. Green mirid bug/green_mirid_bug_00834.jpg,5. Red spider,6. Green mirid bug,True,44,84,0.89638,False,False,False
5. Red spider/red_spider_00070.jpg,6. Green mirid bug/green_mirid_bug_00071.jpg,5. Red spider,6. Green mirid bug,True,58,64,0.88625,False,False,False
5. Red spider/red_spider_00070.jpg,6. Green mirid bug/green_mirid_bug_00285.jpg,5. Red spider,6. Green mirid bug,True,48,55,0.89401,False,False,False
5. Red spider/red_spider_00071.jpg,5. Red spider/red_spider_00249.jpg,5. Red spider,5. Red spider,False,60,115,0.86523,False,False,False
5. Red spider/red_spider_00071.jpg,6. Green mirid bug/green_mirid_bug_00034.jpg,5. Red spider,6. Green mirid bug,True,58,57,0.9084,False,False,False
5. Red spider/red_spider_00071.jpg,7. Healthy leaf/healthy_00219.jpg,5. Red spider,7. Healthy leaf,True,50,56,0.91981,False,False,False
5. Red spider/red_spider_00072.jpg,6. Green mirid bug/green_mirid_bug_00423.jpg,5. Red spider,6. Green mirid bug,True,64,68,0.92202,False,False,False
5. Red spider/red_spider_00072.jpg,6. Green mirid bug/green_mirid_bug_00452.jpg,5. Red spider,6. Green mirid bug,True,46,67,0.92598,False,False,False
5. Red spider/red_spider_00072.jpg,6. Green mirid bug/green_mirid_bug_00867.jpg,5. Red spider,6. Green mirid bug,True,54,99,0.89987,False,False,False
5. Red spider/red_spider_00072.jpg,7. Healthy leaf/healthy_00283.jpg,5. Red spider,7. Healthy leaf,True,62,62,0.92884,False,False,False
5. Red spider/red_spider_00072.jpg,7. Healthy leaf/healthy_00287.jpg,5. Red spider,7. Healthy leaf,True,58,62,0.91472,False,False,False
5. Red spider/red_spider_00074.jpg,5. Red spider/red_spider_00075.jpg,5. Red spider,5. Red spider,False,58,47,0.83866,False,False,False
5. Red spider/red_spider_00075.jpg,5. Red spider/red_spider_00252.jpg,5. Red spider,5. Red spider,False,64,94,0.79389,False,False,False
5. Red spider/red_spider_00076.jpg,5. Red spider/red_spider_00077.jpg,5. Red spider,5. Red spider,False,20,18,0.91071,False,True,True
5. Red spider/red_spider_00076.jpg,7. Healthy leaf/healthy_00905.jpg,5. Red spider,7. Healthy leaf,True,64,91,0.83746,False,False,False
5. Red spider/red_spider_00081.jpg,6. Green mirid bug/green_mirid_bug_00869.jpg,5. Red spider,6. Green mirid bug,True,64,46,0.88563,False,False,False
5. Red spider/red_spider_00085.jpg,5. Red spider/red_spider_00086.jpg,5. Red spider,5. Red spider,False,58,40,0.6659,False,False,False
5. Red spider/red_spider_00087.jpg,5. Red spider/red_spider_00088.jpg,5. Red spider,5. Red spider,False,56,64,0.64736,False,False,False
5. Red spider/red_spider_00093.jpg,5. Red spider/red_spider_00094.jpg,5. Red spider,5. Red spider,False,46,36,0.9175,False,True,False
5. Red spider/red_spider_00094.jpg,5. Red spider/red_spider_00095.jpg,5. Red spider,5. Red spider,False,52,14,0.92133,False,True,False
5. Red spider/red_spider_00101.jpg,5. Red spider/red_spider_00102.jpg,5. Red spider,5. Red spider,False,28,15,0.92487,False,True,True
5. Red spider/red_spider_00104.jpg,5. Red spider/red_spider_00105.jpg,5. Red spider,5. Red spider,False,50,44,0.80114,False,False,False
5. Red spider/red_spider_00108.jpg,6. Green mirid bug/green_mirid_bug_00158.jpg,5. Red spider,6. Green mirid bug,True,60,86,0.86696,False,False,False
5. Red spider/red_spider_00109.jpg,6. Green mirid bug/green_mirid_bug_00900.jpg,5. Red spider,6. Green mirid bug,True,60,114,0.8444,False,False,False
5. Red spider/red_spider_00110.jpg,6. Green mirid bug/green_mirid_bug_00647.jpg,5. Red spider,6. Green mirid bug,True,46,104,0.86012,False,False,False
5. Red spider/red_spider_00110.jpg,6. Green mirid bug/green_mirid_bug_00648.jpg,5. Red spider,6. Green mirid bug,True,50,102,0.85507,False,False,False
5. Red spider/red_spider_00115.jpg,6. Green mirid bug/green_mirid_bug_01022.jpg,5. Red spider,6. Green mirid bug,True,64,87,0.77691,False,False,False
5. Red spider/red_spider_00122.jpg,5. Red spider/red_spider_00123.jpg,5. Red spider,5. Red spider,False,36,35,0.90194,False,True,False
5. Red spider/red_spider_00124.jpg,5. Red spider/red_spider_00463.jpg,5. Red spider,5. Red spider,False,60,78,0.8795,False,False,False
5. Red spider/red_spider_00124.jpg,6. Green mirid bug/green_mirid_bug_01275.jpg,5. Red spider,6. Green mirid bug,True,64,90,0.87571,False,False,False
5. Red spider/red_spider_00124.jpg,7. Healthy leaf/healthy_00088.jpg,5. Red spider,7. Healthy leaf,True,60,113,0.84653,False,False,False
5. Red spider/red_spider_00124.jpg,7. Healthy leaf/healthy_00132.jpg,5. Red spider,7. Healthy leaf,True,64,129,0.85553,False,False,False
5. Red spider/red_spider_00124.jpg,7. Healthy leaf/healthy_00211.jpg,5. Red spider,7. Healthy leaf,True,48,101,0.86841,False,False,False
5. Red spider/red_spider_00125.jpg,5. Red spider/red_spider_00431.jpg,5. Red spider,5. Red spider,False,64,119,0.83935,False,False,False
5. Red spider/red_spider_00125.jpg,6. Green mirid bug/green_mirid_bug_01140.jpg,5. Red spider,6. Green mirid bug,True,58,116,0.84152,False,False,False
5. Red spider/red_spider_00126.jpg,5. Red spider/red_spider_00440.jpg,5. Red spider,5. Red spider,False,64,97,0.82738,False,False,False
5. Red spider/red_spider_00126.jpg,6. Green mirid bug/green_mirid_bug_00030.jpg,5. Red spider,6. Green mirid bug,True,62,110,0.83915,False,False,False
5. Red spider/red_spider_00126.jpg,6. Green mirid bug/green_mirid_bug_00541.jpg,5. Red spider,6. Green mirid bug,True,52,121,0.82876,False,False,False
5. Red spider/red_spider_00126.jpg,6. Green mirid bug/green_mirid_bug_00932.jpg,5. Red spider,6. Green mirid bug,True,60,112,0.81661,False,False,False
5. Red spider/red_spider_00126.jpg,6. Green mirid bug/green_mirid_bug_01189.jpg,5. Red spider,6. Green mirid bug,True,56,112,0.82039,False,False,False
5. Red spider/red_spider_00126.jpg,7. Healthy leaf/healthy_00181.jpg,5. Red spider,7. Healthy leaf,True,60,101,0.80735,False,False,False
5. Red spider/red_spider_00126.jpg,7. Healthy leaf/healthy_00614.jpg,5. Red spider,7. Healthy leaf,True,62,126,0.81225,False,False,False
5. Red spider/red_spider_00129.jpg,5. Red spider/red_spider_00130.jpg,5. Red spider,5. Red spider,False,18,12,0.9138,False,True,True
5. Red spider/red_spider_00131.jpg,5. Red spider/red_spider_00132.jpg,5. Red spider,5. Red spider,False,62,32,0.89223,False,False,False
5. Red spider/red_spider_00131.jpg,6. Green mirid bug/green_mirid_bug_00511.jpg,5. Red spider,6. Green mirid bug,True,62,113,0.84764,False,False,False
5. Red spider/red_spider_00135.jpg,6. Green mirid bug/green_mirid_bug_00365.jpg,5. Red spider,6. Green mirid bug,True,64,115,0.87193,False,False,False
5. Red spider/red_spider_00135.jpg,6. Green mirid bug/green_mirid_bug_00380.jpg,5. Red spider,6. Green mirid bug,True,64,110,0.88693,False,False,False
5. Red spider/red_spider_00135.jpg,7. Healthy leaf/healthy_00799.jpg,5. Red spider,7. Healthy leaf,True,64,97,0.88428,False,False,False
5. Red spider/red_spider_00136.jpg,5. Red spider/red_spider_00462.jpg,5. Red spider,5. Red spider,False,64,90,0.87414,False,False,False
5. Red spider/red_spider_00138.jpg,6. Green mirid bug/green_mirid_bug_00412.jpg,5. Red spider,6. Green mirid bug,True,46,90,0.89157,False,False,False
5. Red spider/red_spider_00138.jpg,6. Green mirid bug/green_mirid_bug_00794.jpg,5. Red spider,6. Green mirid bug,True,64,80,0.88443,False,False,False
5. Red spider/red_spider_00138.jpg,7. Healthy leaf/healthy_00264.jpg,5. Red spider,7. Healthy leaf,True,62,96,0.89349,False,False,False
5. Red spider/red_spider_00144.jpg,6. Green mirid bug/green_mirid_bug_00729.jpg,5. Red spider,6. Green mirid bug,True,64,92,0.78236,False,False,False
5. Red spider/red_spider_00144.jpg,6. Green mirid bug/green_mirid_bug_00748.jpg,5. Red spider,6. Green mirid bug,True,64,98,0.80876,False,False,False
5. Red spider/red_spider_00144.jpg,7. Healthy leaf/healthy_00150.jpg,5. Red spider,7. Healthy leaf,True,58,115,0.79072,False,False,False
5. Red spider/red_spider_00144.jpg,7. Healthy leaf/healthy_00704.jpg,5. Red spider,7. Healthy leaf,True,64,113,0.78891,False,False,False
5. Red spider/red_spider_00148.jpg,6. Green mirid bug/green_mirid_bug_01018.jpg,5. Red spider,6. Green mirid bug,True,56,110,0.8144,False,False,False
5. Red spider/red_spider_00150.jpg,5. Red spider/red_spider_00157.jpg,5. Red spider,5. Red spider,False,62,81,0.72594,False,False,False
5. Red spider/red_spider_00151.jpg,5. Red spider/red_spider_00216.jpg,5. Red spider,5. Red spider,False,62,81,0.86253,False,False,False
5. Red spider/red_spider_00152.jpg,5. Red spider/red_spider_00497.jpg,5. Red spider,5. Red spider,False,64,97,0.87176,False,False,False
5. Red spider/red_spider_00152.jpg,6. Green mirid bug/green_mirid_bug_00136.jpg,5. Red spider,6. Green mirid bug,True,62,104,0.88232,False,False,False
5. Red spider/red_spider_00152.jpg,6. Green mirid bug/green_mirid_bug_00273.jpg,5. Red spider,6. Green mirid bug,True,62,107,0.87513,False,False,False
5. Red spider/red_spider_00152.jpg,6. Green mirid bug/green_mirid_bug_00543.jpg,5. Red spider,6. Green mirid bug,True,60,93,0.88639,False,False,False
5. Red spider/red_spider_00152.jpg,6. Green mirid bug/green_mirid_bug_00621.jpg,5. Red spider,6. Green mirid bug,True,62,116,0.87669,False,False,False
5. Red spider/red_spider_00152.jpg,6. Green mirid bug/green_mirid_bug_00834.jpg,5. Red spider,6. Green mirid bug,True,60,108,0.88198,False,False,False
5. Red spider/red_spider_00155.jpg,6. Green mirid bug/green_mirid_bug_00335.jpg,5. Red spider,6. Green mirid bug,True,64,95,0.80124,False,False,False
5. Red spider/red_spider_00158.jpg,5. Red spider/red_spider_00432.jpg,5. Red spider,5. Red spider,False,56,100,0.79711,False,False,False
5. Red spider/red_spider_00158.jpg,6. Green mirid bug/green_mirid_bug_01023.jpg,5. Red spider,6. Green mirid bug,True,58,93,0.80812,False,False,False
5. Red spider/red_spider_00158.jpg,6. Green mirid bug/green_mirid_bug_01231.jpg,5. Red spider,6. Green mirid bug,True,64,88,0.80121,False,False,False
5. Red spider/red_spider_00158.jpg,7. Healthy leaf/healthy_00453.jpg,5. Red spider,7. Healthy leaf,True,60,104,0.78481,False,False,False
5. Red spider/red_spider_00162.jpg,7. Healthy leaf/healthy_00080.jpg,5. Red spider,7. Healthy leaf,True,56,100,0.86626,False,False,False
5. Red spider/red_spider_00163.jpg,5. Red spider/red_spider_00323.jpg,5. Red spider,5. Red spider,False,64,116,0.79248,False,False,False
5. Red spider/red_spider_00163.jpg,7. Healthy leaf/healthy_00511.jpg,5. Red spider,7. Healthy leaf,True,62,105,0.78497,False,False,False
5. Red spider/red_spider_00164.jpg,5. Red spider/red_spider_00216.jpg,5. Red spider,5. Red spider,False,64,108,0.84831,False,False,False
5. Red spider/red_spider_00171.jpg,6. Green mirid bug/green_mirid_bug_00817.jpg,5. Red spider,6. Green mirid bug,True,64,61,0.85399,False,False,False
5. Red spider/red_spider_00171.jpg,7. Healthy leaf/healthy_00764.jpg,5. Red spider,7. Healthy leaf,True,62,62,0.84927,False,False,False
5. Red spider/red_spider_00176.jpg,5. Red spider/red_spider_00194.jpg,5. Red spider,5. Red spider,False,60,53,0.83779,False,False,False
5. Red spider/red_spider_00176.jpg,6. Green mirid bug/green_mirid_bug_00537.jpg,5. Red spider,6. Green mirid bug,True,60,74,0.84395,False,False,False
5. Red spider/red_spider_00179.jpg,5. Red spider/red_spider_00185.jpg,5. Red spider,5. Red spider,False,54,76,0.85625,False,False,False
5. Red spider/red_spider_00179.jpg,7. Healthy leaf/healthy_00180.jpg,5. Red spider,7. Healthy leaf,True,46,111,0.87066,False,False,False
5. Red spider/red_spider_00181.jpg,5. Red spider/red_spider_00450.jpg,5. Red spider,5. Red spider,False,48,95,0.86229,False,False,False
5. Red spider/red_spider_00182.jpg,6. Green mirid bug/green_mirid_bug_00825.jpg,5. Red spider,6. Green mirid bug,True,60,104,0.83009,False,False,False
5. Red spider/red_spider_00187.jpg,5. Red spider/red_spider_00434.jpg,5. Red spider,5. Red spider,False,64,138,0.79215,False,False,False
5. Red spider/red_spider_00190.jpg,6. Green mirid bug/green_mirid_bug_00311.jpg,5. Red spider,6. Green mirid bug,True,60,109,0.83233,False,False,False
5. Red spider/red_spider_00190.jpg,7. Healthy leaf/healthy_00389.jpg,5. Red spider,7. Healthy leaf,True,60,105,0.71886,False,False,False
5. Red spider/red_spider_00190.jpg,7. Healthy leaf/healthy_00752.jpg,5. Red spider,7. Healthy leaf,True,56,66,0.8346,False,False,False
5. Red spider/red_spider_00190.jpg,7. Healthy leaf/healthy_00797.jpg,5. Red spider,7. Healthy leaf,True,62,92,0.82738,False,False,False
5. Red spider/red_spider_00190.jpg,7. Healthy leaf/healthy_00837.jpg,5. Red spider,7. Healthy leaf,True,62,70,0.83781,False,False,False
5. Red spider/red_spider_00192.jpg,5. Red spider/red_spider_00194.jpg,5. Red spider,5. Red spider,False,42,51,0.84471,False,False,False
5. Red spider/red_spider_00192.jpg,6. Green mirid bug/green_mirid_bug_00311.jpg,5. Red spider,6. Green mirid bug,True,64,103,0.83721,False,False,False
5. Red spider/red_spider_00192.jpg,6. Green mirid bug/green_mirid_bug_00537.jpg,5. Red spider,6. Green mirid bug,True,64,90,0.84281,False,False,False
5. Red spider/red_spider_00192.jpg,7. Healthy leaf/healthy_00022.jpg,5. Red spider,7. Healthy leaf,True,62,113,0.81013,False,False,False
5. Red spider/red_spider_00192.jpg,7. Healthy leaf/healthy_00389.jpg,5. Red spider,7. Healthy leaf,True,54,73,0.71631,False,False,False
5. Red spider/red_spider_00192.jpg,7. Healthy leaf/healthy_00729.jpg,5. Red spider,7. Healthy leaf,True,50,95,0.84493,False,False,False
5. Red spider/red_spider_00193.jpg,5. Red spider/red_spider_00314.jpg,5. Red spider,5. Red spider,False,62,105,0.82448,False,False,False
5. Red spider/red_spider_00198.jpg,5. Red spider/red_spider_00199.jpg,5. Red spider,5. Red spider,False,26,35,0.8923,False,False,False
5. Red spider/red_spider_00201.jpg,6. Green mirid bug/green_mirid_bug_00646.jpg,5. Red spider,6. Green mirid bug,True,62,68,0.90047,False,False,False
5. Red spider/red_spider_00202.jpg,6. Green mirid bug/green_mirid_bug_00954.jpg,5. Red spider,6. Green mirid bug,True,62,95,0.82801,False,False,False
5. Red spider/red_spider_00204.jpg,6. Green mirid bug/green_mirid_bug_00156.jpg,5. Red spider,6. Green mirid bug,True,54,90,0.89126,False,False,False
5. Red spider/red_spider_00206.jpg,7. Healthy leaf/healthy_00340.jpg,5. Red spider,7. Healthy leaf,True,64,81,0.86608,False,False,False
5. Red spider/red_spider_00212.jpg,6. Green mirid bug/green_mirid_bug_00838.jpg,5. Red spider,6. Green mirid bug,True,62,77,0.85904,False,False,False
5. Red spider/red_spider_00214.jpg,6. Green mirid bug/green_mirid_bug_00638.jpg,5. Red spider,6. Green mirid bug,True,64,56,0.84928,False,False,False
5. Red spider/red_spider_00214.jpg,6. Green mirid bug/green_mirid_bug_00933.jpg,5. Red spider,6. Green mirid bug,True,62,63,0.86265,False,False,False
5. Red spider/red_spider_00215.jpg,7. Healthy leaf/healthy_00176.jpg,5. Red spider,7. Healthy leaf,True,60,112,0.85769,False,False,False
5. Red spider/red_spider_00220.jpg,6. Green mirid bug/green_mirid_bug_00504.jpg,5. Red spider,6. Green mirid bug,True,58,117,0.82283,False,False,False
5. Red spider/red_spider_00221.jpg,5. Red spider/red_spider_00222.jpg,5. Red spider,5. Red spider,False,60,49,0.85512,False,False,False
5. Red spider/red_spider_00221.jpg,7. Healthy leaf/healthy_00933.jpg,5. Red spider,7. Healthy leaf,True,64,62,0.86234,False,False,False
5. Red spider/red_spider_00223.jpg,6. Green mirid bug/green_mirid_bug_00486.jpg,5. Red spider,6. Green mirid bug,True,52,112,0.83294,False,False,False
5. Red spider/red_spider_00226.jpg,5. Red spider/red_spider_00227.jpg,5. Red spider,5. Red spider,False,10,17,0.97489,False,True,True
5. Red spider/red_spider_00226.jpg,6. Green mirid bug/green_mirid_bug_00570.jpg,5. Red spider,6. Green mirid bug,True,64,90,0.86471,False,False,False
5. Red spider/red_spider_00227.jpg,6. Green mirid bug/green_mirid_bug_00570.jpg,5. Red spider,6. Green mirid bug,True,64,91,0.86699,False,False,False
5. Red spider/red_spider_00230.jpg,6. Green mirid bug/green_mirid_bug_00748.jpg,5. Red spider,6. Green mirid bug,True,48,105,0.6326,False,False,False
5. Red spider/red_spider_00230.jpg,7. Healthy leaf/healthy_00390.jpg,5. Red spider,7. Healthy leaf,True,56,74,0.5664,False,False,False
5. Red spider/red_spider_00230.jpg,7. Healthy leaf/healthy_00858.jpg,5. Red spider,7. Healthy leaf,True,62,100,0.63402,False,False,False
5. Red spider/red_spider_00231.jpg,6. Green mirid bug/green_mirid_bug_00970.jpg,5. Red spider,6. Green mirid bug,True,54,107,0.75734,False,False,False
5. Red spider/red_spider_00233.jpg,5. Red spider/red_spider_00422.jpg,5. Red spider,5. Red spider,False,62,85,0.65288,False,False,False
5. Red spider/red_spider_00233.jpg,6. Green mirid bug/green_mirid_bug_00971.jpg,5. Red spider,6. Green mirid bug,True,58,118,0.65355,False,False,False
5. Red spider/red_spider_00234.jpg,5. Red spider/red_spider_00235.jpg,5. Red spider,5. Red spider,False,60,37,0.64957,False,False,False
5. Red spider/red_spider_00235.jpg,7. Healthy leaf/healthy_00667.jpg,5. Red spider,7. Healthy leaf,True,60,52,0.74294,False,False,False
5. Red spider/red_spider_00236.jpg,6. Green mirid bug/green_mirid_bug_01136.jpg,5. Red spider,6. Green mirid bug,True,64,101,0.65854,False,False,False
5. Red spider/red_spider_00236.jpg,7. Healthy leaf/healthy_00707.jpg,5. Red spider,7. Healthy leaf,True,60,108,0.67577,False,False,False
5. Red spider/red_spider_00238.jpg,6. Green mirid bug/green_mirid_bug_00018.jpg,5. Red spider,6. Green mirid bug,True,58,102,0.86803,False,False,False
5. Red spider/red_spider_00240.jpg,5. Red spider/red_spider_00367.jpg,5. Red spider,5. Red spider,False,50,81,0.81981,False,False,False
5. Red spider/red_spider_00241.jpg,7. Healthy leaf/healthy_00613.jpg,5. Red spider,7. Healthy leaf,True,62,76,0.84263,False,False,False
5. Red spider/red_spider_00242.jpg,5. Red spider/red_spider_00306.jpg,5. Red spider,5. Red spider,False,58,51,0.86126,False,False,False
5. Red spider/red_spider_00242.jpg,5. Red spider/red_spider_00458.jpg,5. Red spider,5. Red spider,False,60,80,0.85486,False,False,False
5. Red spider/red_spider_00242.jpg,6. Green mirid bug/green_mirid_bug_00755.jpg,5. Red spider,6. Green mirid bug,True,58,119,0.83614,False,False,False
5. Red spider/red_spider_00242.jpg,7. Healthy leaf/healthy_00720.jpg,5. Red spider,7. Healthy leaf,True,62,79,0.85376,False,False,False
5. Red spider/red_spider_00243.jpg,5. Red spider/red_spider_00280.jpg,5. Red spider,5. Red spider,False,52,73,0.84873,False,False,False
5. Red spider/red_spider_00246.jpg,6. Green mirid bug/green_mirid_bug_00859.jpg,5. Red spider,6. Green mirid bug,True,60,117,0.76651,False,False,False
5. Red spider/red_spider_00247.jpg,5. Red spider/red_spider_00280.jpg,5. Red spider,5. Red spider,False,58,77,0.87182,False,False,False
5. Red spider/red_spider_00247.jpg,5. Red spider/red_spider_00294.jpg,5. Red spider,5. Red spider,False,44,76,0.88385,False,False,False
5. Red spider/red_spider_00247.jpg,7. Healthy leaf/healthy_00181.jpg,5. Red spider,7. Healthy leaf,True,62,99,0.84777,False,False,False
5. Red spider/red_spider_00247.jpg,7. Healthy leaf/healthy_00720.jpg,5. Red spider,7. Healthy leaf,True,54,88,0.86054,False,False,False
5. Red spider/red_spider_00248.jpg,5. Red spider/red_spider_00289.jpg,5. Red spider,5. Red spider,False,54,57,0.88423,False,False,False
5. Red spider/red_spider_00248.jpg,5. Red spider/red_spider_00490.jpg,5. Red spider,5. Red spider,False,46,82,0.87539,False,False,False
5. Red spider/red_spider_00248.jpg,6. Green mirid bug/green_mirid_bug_00486.jpg,5. Red spider,6. Green mirid bug,True,64,118,0.85012,False,False,False
5. Red spider/red_spider_00248.jpg,6. Green mirid bug/green_mirid_bug_00775.jpg,5. Red spider,6. Green mirid bug,True,64,90,0.87832,False,False,False
5. Red spider/red_spider_00248.jpg,7. Healthy leaf/healthy_00383.jpg,5. Red spider,7. Healthy leaf,True,64,102,0.63866,False,False,False
5. Red spider/red_spider_00248.jpg,7. Healthy leaf/healthy_00456.jpg,5. Red spider,7. Healthy leaf,True,60,78,0.89241,False,False,False
5. Red spider/red_spider_00248.jpg,7. Healthy leaf/healthy_00930.jpg,5. Red spider,7. Healthy leaf,True,64,90,0.88737,False,False,False
5. Red spider/red_spider_00249.jpg,6. Green mirid bug/green_mirid_bug_00147.jpg,5. Red spider,6. Green mirid bug,True,60,128,0.86226,False,False,False
5. Red spider/red_spider_00249.jpg,6. Green mirid bug/green_mirid_bug_01146.jpg,5. Red spider,6. Green mirid bug,True,64,96,0.87379,False,False,False
5. Red spider/red_spider_00249.jpg,7. Healthy leaf/healthy_00273.jpg,5. Red spider,7. Healthy leaf,True,50,105,0.88373,False,False,False
5. Red spider/red_spider_00251.jpg,5. Red spider/red_spider_00314.jpg,5. Red spider,5. Red spider,False,50,69,0.87082,False,False,False
5. Red spider/red_spider_00255.jpg,7. Healthy leaf/healthy_00416.jpg,5. Red spider,7. Healthy leaf,True,52,81,0.75521,False,False,False
5. Red spider/red_spider_00256.jpg,7. Healthy leaf/healthy_00720.jpg,5. Red spider,7. Healthy leaf,True,58,67,0.84232,False,False,False
5. Red spider/red_spider_00263.jpg,6. Green mirid bug/green_mirid_bug_00797.jpg,5. Red spider,6. Green mirid bug,True,60,122,0.80063,False,False,False
5. Red spider/red_spider_00265.jpg,6. Green mirid bug/green_mirid_bug_00507.jpg,5. Red spider,6. Green mirid bug,True,58,112,0.83254,False,False,False
5. Red spider/red_spider_00265.jpg,6. Green mirid bug/green_mirid_bug_01127.jpg,5. Red spider,6. Green mirid bug,True,48,116,0.85047,False,False,False
5. Red spider/red_spider_00265.jpg,6. Green mirid bug/green_mirid_bug_01143.jpg,5. Red spider,6. Green mirid bug,True,52,116,0.85386,False,False,False
5. Red spider/red_spider_00266.jpg,6. Green mirid bug/green_mirid_bug_00846.jpg,5. Red spider,6. Green mirid bug,True,64,119,0.8166,False,False,False
5. Red spider/red_spider_00266.jpg,6. Green mirid bug/green_mirid_bug_00947.jpg,5. Red spider,6. Green mirid bug,True,62,111,0.83063,False,False,False
5. Red spider/red_spider_00271.jpg,6. Green mirid bug/green_mirid_bug_00231.jpg,5. Red spider,6. Green mirid bug,True,64,84,0.8362,False,False,False
5. Red spider/red_spider_00273.jpg,5. Red spider/red_spider_00315.jpg,5. Red spider,5. Red spider,False,46,98,0.84402,False,False,False
5. Red spider/red_spider_00273.jpg,6. Green mirid bug/green_mirid_bug_00234.jpg,5. Red spider,6. Green mirid bug,True,64,107,0.89022,False,False,False
5. Red spider/red_spider_00273.jpg,6. Green mirid bug/green_mirid_bug_00899.jpg,5. Red spider,6. Green mirid bug,True,62,94,0.88473,False,False,False
5. Red spider/red_spider_00280.jpg,5. Red spider/red_spider_00294.jpg,5. Red spider,5. Red spider,False,60,61,0.86986,False,False,False
5. Red spider/red_spider_00280.jpg,5. Red spider/red_spider_00452.jpg,5. Red spider,5. Red spider,False,60,89,0.85488,False,False,False
5. Red spider/red_spider_00280.jpg,5. Red spider/red_spider_00458.jpg,5. Red spider,5. Red spider,False,54,96,0.85449,False,False,False
5. Red spider/red_spider_00280.jpg,7. Healthy leaf/healthy_00506.jpg,5. Red spider,7. Healthy leaf,True,60,69,0.86375,False,False,False
5. Red spider/red_spider_00282.jpg,5. Red spider/red_spider_00513.jpg,5. Red spider,5. Red spider,False,60,109,0.86162,False,False,False
5. Red spider/red_spider_00282.jpg,6. Green mirid bug/green_mirid_bug_00422.jpg,5. Red spider,6. Green mirid bug,True,58,95,0.86152,False,False,False
5. Red spider/red_spider_00283.jpg,5. Red spider/red_spider_00367.jpg,5. Red spider,5. Red spider,False,58,81,0.80681,False,False,False
5. Red spider/red_spider_00283.jpg,6. Green mirid bug/green_mirid_bug_00837.jpg,5. Red spider,6. Green mirid bug,True,52,110,0.81868,False,False,False
5. Red spider/red_spider_00284.jpg,6. Green mirid bug/green_mirid_bug_00165.jpg,5. Red spider,6. Green mirid bug,True,60,71,0.89194,False,False,False
5. Red spider/red_spider_00284.jpg,6. Green mirid bug/green_mirid_bug_01101.jpg,5. Red spider,6. Green mirid bug,True,60,64,0.88015,False,False,False
5. Red spider/red_spider_00284.jpg,7. Healthy leaf/healthy_00592.jpg,5. Red spider,7. Healthy leaf,True,64,35,0.90758,False,True,False
5. Red spider/red_spider_00286.jpg,7. Healthy leaf/healthy_00542.jpg,5. Red spider,7. Healthy leaf,True,64,86,0.7932,False,False,False
5. Red spider/red_spider_00289.jpg,5. Red spider/red_spider_00490.jpg,5. Red spider,5. Red spider,False,56,99,0.86095,False,False,False
5. Red spider/red_spider_00289.jpg,6. Green mirid bug/green_mirid_bug_00028.jpg,5. Red spider,6. Green mirid bug,True,62,93,0.86405,False,False,False
5. Red spider/red_spider_00289.jpg,6. Green mirid bug/green_mirid_bug_00234.jpg,5. Red spider,6. Green mirid bug,True,64,112,0.86479,False,False,False
5. Red spider/red_spider_00289.jpg,6. Green mirid bug/green_mirid_bug_00885.jpg,5. Red spider,6. Green mirid bug,True,60,93,0.86172,False,False,False
5. Red spider/red_spider_00290.jpg,6. Green mirid bug/green_mirid_bug_00420.jpg,5. Red spider,6. Green mirid bug,True,62,111,0.87032,False,False,False
5. Red spider/red_spider_00290.jpg,6. Green mirid bug/green_mirid_bug_00877.jpg,5. Red spider,6. Green mirid bug,True,64,93,0.88102,False,False,False
5. Red spider/red_spider_00292.jpg,6. Green mirid bug/green_mirid_bug_00728.jpg,5. Red spider,6. Green mirid bug,True,64,90,0.84565,False,False,False
5. Red spider/red_spider_00293.jpg,6. Green mirid bug/green_mirid_bug_00128.jpg,5. Red spider,6. Green mirid bug,True,62,105,0.85986,False,False,False
5. Red spider/red_spider_00294.jpg,7. Healthy leaf/healthy_00181.jpg,5. Red spider,7. Healthy leaf,True,60,99,0.8446,False,False,False
5. Red spider/red_spider_00294.jpg,7. Healthy leaf/healthy_00720.jpg,5. Red spider,7. Healthy leaf,True,64,86,0.84996,False,False,False
5. Red spider/red_spider_00298.jpg,5. Red spider/red_spider_00314.jpg,5. Red spider,5. Red spider,False,62,75,0.83302,False,False,False
5. Red spider/red_spider_00298.jpg,6. Green mirid bug/green_mirid_bug_00846.jpg,5. Red spider,6. Green mirid bug,True,50,112,0.81601,False,False,False
5. Red spider/red_spider_00299.jpg,5. Red spider/red_spider_00338.jpg,5. Red spider,5. Red spider,False,58,62,0.87415,False,False,False
5. Red spider/red_spider_00300.jpg,7. Healthy leaf/healthy_00038.jpg,5. Red spider,7. Healthy leaf,True,52,68,0.8043,False,False,False
5. Red spider/red_spider_00303.jpg,7. Healthy leaf/healthy_00633.jpg,5. Red spider,7. Healthy leaf,True,62,76,0.83044,False,False,False
5. Red spider/red_spider_00314.jpg,6. Green mirid bug/green_mirid_bug_00724.jpg,5. Red spider,6. Green mirid bug,True,64,108,0.83496,False,False,False
5. Red spider/red_spider_00314.jpg,6. Green mirid bug/green_mirid_bug_00846.jpg,5. Red spider,6. Green mirid bug,True,60,117,0.81639,False,False,False
5. Red spider/red_spider_00315.jpg,6. Green mirid bug/green_mirid_bug_00234.jpg,5. Red spider,6. Green mirid bug,True,64,97,0.83536,False,False,False
5. Red spider/red_spider_00316.jpg,6. Green mirid bug/green_mirid_bug_00933.jpg,5. Red spider,6. Green mirid bug,True,64,133,0.84383,False,False,False
5. Red spider/red_spider_00318.jpg,5. Red spider/red_spider_00424.jpg,5. Red spider,5. Red spider,False,52,124,0.83563,False,False,False
5. Red spider/red_spider_00318.jpg,6. Green mirid bug/green_mirid_bug_00066.jpg,5. Red spider,6. Green mirid bug,True,64,146,0.85046,False,False,False
5. Red spider/red_spider_00320.jpg,7. Healthy leaf/healthy_00788.jpg,5. Red spider,7. Healthy leaf,True,58,97,0.84854,False,False,False
5. Red spider/red_spider_00335.jpg,6. Green mirid bug/green_mirid_bug_00216.jpg,5. Red spider,6. Green mirid bug,True,64,99,0.85244,False,False,False
5. Red spider/red_spider_00335.jpg,6. Green mirid bug/green_mirid_bug_01273.jpg,5. Red spider,6. Green mirid bug,True,64,124,0.83494,False,False,False
5. Red spider/red_spider_00335.jpg,7. Healthy leaf/healthy_00251.jpg,5. Red spider,7. Healthy leaf,True,60,91,0.84919,False,False,False
5. Red spider/red_spider_00335.jpg,7. Healthy leaf/healthy_00587.jpg,5. Red spider,7. Healthy leaf,True,62,67,0.83762,False,False,False
5. Red spider/red_spider_00337.jpg,6. Green mirid bug/green_mirid_bug_00838.jpg,5. Red spider,6. Green mirid bug,True,64,94,0.87668,False,False,False
5. Red spider/red_spider_00337.jpg,7. Healthy leaf/healthy_00247.jpg,5. Red spider,7. Healthy leaf,True,56,83,0.89337,False,False,False
5. Red spider/red_spider_00337.jpg,7. Healthy leaf/healthy_00790.jpg,5. Red spider,7. Healthy leaf,True,58,96,0.87828,False,False,False
5. Red spider/red_spider_00337.jpg,7. Healthy leaf/healthy_00930.jpg,5. Red spider,7. Healthy leaf,True,54,119,0.89139,False,False,False
5. Red spider/red_spider_00340.jpg,6. Green mirid bug/green_mirid_bug_00807.jpg,5. Red spider,6. Green mirid bug,True,56,124,0.89135,False,False,False
5. Red spider/red_spider_00340.jpg,6. Green mirid bug/green_mirid_bug_00862.jpg,5. Red spider,6. Green mirid bug,True,54,115,0.87652,False,False,False
5. Red spider/red_spider_00340.jpg,7. Healthy leaf/healthy_00026.jpg,5. Red spider,7. Healthy leaf,True,64,108,0.89824,False,False,False
5. Red spider/red_spider_00340.jpg,7. Healthy leaf/healthy_00276.jpg,5. Red spider,7. Healthy leaf,True,64,110,0.89023,False,False,False
5. Red spider/red_spider_00340.jpg,7. Healthy leaf/healthy_00280.jpg,5. Red spider,7. Healthy leaf,True,60,107,0.90846,False,False,False
5. Red spider/red_spider_00343.jpg,7. Healthy leaf/healthy_00705.jpg,5. Red spider,7. Healthy leaf,True,62,94,0.82181,False,False,False
5. Red spider/red_spider_00349.jpg,6. Green mirid bug/green_mirid_bug_00477.jpg,5. Red spider,6. Green mirid bug,True,64,101,0.80072,False,False,False
5. Red spider/red_spider_00354.jpg,5. Red spider/red_spider_00450.jpg,5. Red spider,5. Red spider,False,64,99,0.88054,False,False,False
5. Red spider/red_spider_00356.jpg,5. Red spider/red_spider_00361.jpg,5. Red spider,5. Red spider,False,64,36,0.87057,False,False,False
5. Red spider/red_spider_00356.jpg,6. Green mirid bug/green_mirid_bug_00779.jpg,5. Red spider,6. Green mirid bug,True,48,107,0.87165,False,False,False
5. Red spider/red_spider_00356.jpg,7. Healthy leaf/healthy_00912.jpg,5. Red spider,7. Healthy leaf,True,56,92,0.86952,False,False,False
5. Red spider/red_spider_00359.jpg,6. Green mirid bug/green_mirid_bug_00296.jpg,5. Red spider,6. Green mirid bug,True,64,97,0.87338,False,False,False
5. Red spider/red_spider_00361.jpg,5. Red spider/red_spider_00452.jpg,5. Red spider,5. Red spider,False,58,90,0.85019,False,False,False
5. Red spider/red_spider_00361.jpg,6. Green mirid bug/green_mirid_bug_00886.jpg,5. Red spider,6. Green mirid bug,True,64,112,0.84699,False,False,False
5. Red spider/red_spider_00361.jpg,6. Green mirid bug/green_mirid_bug_01069.jpg,5. Red spider,6. Green mirid bug,True,64,118,0.82416,False,False,False
5. Red spider/red_spider_00361.jpg,7. Healthy leaf/healthy_00584.jpg,5. Red spider,7. Healthy leaf,True,52,84,0.86075,False,False,False
5. Red spider/red_spider_00368.jpg,5. Red spider/red_spider_00409.jpg,5. Red spider,5. Red spider,False,64,96,0.82574,False,False,False
5. Red spider/red_spider_00368.jpg,6. Green mirid bug/green_mirid_bug_00041.jpg,5. Red spider,6. Green mirid bug,True,64,80,0.8434,False,False,False
5. Red spider/red_spider_00368.jpg,7. Healthy leaf/healthy_00500.jpg,5. Red spider,7. Healthy leaf,True,58,78,0.83068,False,False,False
5. Red spider/red_spider_00379.jpg,6. Green mirid bug/green_mirid_bug_00788.jpg,5. Red spider,6. Green mirid bug,True,64,114,0.80416,False,False,False
5. Red spider/red_spider_00379.jpg,7. Healthy leaf/healthy_00847.jpg,5. Red spider,7. Healthy leaf,True,56,112,0.80227,False,False,False
5. Red spider/red_spider_00379.jpg,7. Healthy leaf/healthy_00848.jpg,5. Red spider,7. Healthy leaf,True,62,96,0.82139,False,False,False
5. Red spider/red_spider_00385.jpg,7. Healthy leaf/healthy_00529.jpg,5. Red spider,7. Healthy leaf,True,58,72,0.83175,False,False,False
5. Red spider/red_spider_00387.jpg,6. Green mirid bug/green_mirid_bug_01255.jpg,5. Red spider,6. Green mirid bug,True,62,100,0.85218,False,False,False
5. Red spider/red_spider_00392.jpg,7. Healthy leaf/healthy_00863.jpg,5. Red spider,7. Healthy leaf,True,62,109,0.80096,False,False,False
5. Red spider/red_spider_00412.jpg,6. Green mirid bug/green_mirid_bug_00380.jpg,5. Red spider,6. Green mirid bug,True,60,100,0.84017,False,False,False
5. Red spider/red_spider_00412.jpg,6. Green mirid bug/green_mirid_bug_01239.jpg,5. Red spider,6. Green mirid bug,True,40,101,0.84547,False,False,False
5. Red spider/red_spider_00422.jpg,5. Red spider/red_spider_00470.jpg,5. Red spider,5. Red spider,False,60,109,0.79016,False,False,False
5. Red spider/red_spider_00422.jpg,6. Green mirid bug/green_mirid_bug_00928.jpg,5. Red spider,6. Green mirid bug,True,62,119,0.7703,False,False,False
5. Red spider/red_spider_00429.jpg,5. Red spider/red_spider_00500.jpg,5. Red spider,5. Red spider,False,64,39,0.85887,False,False,False
5. Red spider/red_spider_00430.jpg,7. Healthy leaf/healthy_00713.jpg,5. Red spider,7. Healthy leaf,True,64,88,0.85159,False,False,False
5. Red spider/red_spider_00431.jpg,6. Green mirid bug/green_mirid_bug_01048.jpg,5. Red spider,6. Green mirid bug,True,52,62,0.84931,False,False,False
5. Red spider/red_spider_00431.jpg,6. Green mirid bug/green_mirid_bug_01109.jpg,5. Red spider,6. Green mirid bug,True,58,71,0.85419,False,False,False
5. Red spider/red_spider_00432.jpg,7. Healthy leaf/healthy_00144.jpg,5. Red spider,7. Healthy leaf,True,60,89,0.82186,False,False,False
5. Red spider/red_spider_00433.jpg,6. Green mirid bug/green_mirid_bug_01231.jpg,5. Red spider,6. Green mirid bug,True,56,114,0.79353,False,False,False
5. Red spider/red_spider_00439.jpg,7. Healthy leaf/healthy_00334.jpg,5. Red spider,7. Healthy leaf,True,60,118,0.82311,False,False,False
5. Red spider/red_spider_00440.jpg,6. Green mirid bug/green_mirid_bug_00513.jpg,5. Red spider,6. Green mirid bug,True,64,150,0.82586,False,False,False
5. Red spider/red_spider_00440.jpg,6. Green mirid bug/green_mirid_bug_01189.jpg,5. Red spider,6. Green mirid bug,True,62,105,0.84415,False,False,False
5. Red spider/red_spider_00448.jpg,7. Healthy leaf/healthy_00404.jpg,5. Red spider,7. Healthy leaf,True,54,103,0.83602,False,False,False
5. Red spider/red_spider_00450.jpg,7. Healthy leaf/healthy_00067.jpg,5. Red spider,7. Healthy leaf,True,64,113,0.86986,False,False,False
5. Red spider/red_spider_00452.jpg,5. Red spider/red_spider_00458.jpg,5. Red spider,5. Red spider,False,60,69,0.85974,False,False,False
5. Red spider/red_spider_00452.jpg,7. Healthy leaf/healthy_00720.jpg,5. Red spider,7. Healthy leaf,True,60,68,0.85632,False,False,False
5. Red spider/red_spider_00453.jpg,7. Healthy leaf/healthy_00376.jpg,5. Red spider,7. Healthy leaf,True,60,152,0.66938,False,False,False
5. Red spider/red_spider_00454.jpg,7. Healthy leaf/healthy_00887.jpg,5. Red spider,7. Healthy leaf,True,62,105,0.77132,False,False,False
5. Red spider/red_spider_00456.jpg,6. Green mirid bug/green_mirid_bug_00712.jpg,5. Red spider,6. Green mirid bug,True,62,94,0.7789,False,False,False
5. Red spider/red_spider_00457.jpg,7. Healthy leaf/healthy_00601.jpg,5. Red spider,7. Healthy leaf,True,58,95,0.82056,False,False,False
5. Red spider/red_spider_00458.jpg,7. Healthy leaf/healthy_00720.jpg,5. Red spider,7. Healthy leaf,True,54,55,0.86528,False,False,False
5. Red spider/red_spider_00463.jpg,6. Green mirid bug/green_mirid_bug_00862.jpg,5. Red spider,6. Green mirid bug,True,58,74,0.87327,False,False,False
5. Red spider/red_spider_00463.jpg,7. Healthy leaf/healthy_00247.jpg,5. Red spider,7. Healthy leaf,True,64,108,0.89526,False,False,False
5. Red spider/red_spider_00463.jpg,7. Healthy leaf/healthy_00280.jpg,5. Red spider,7. Healthy leaf,True,48,112,0.89851,False,False,False
5. Red spider/red_spider_00463.jpg,7. Healthy leaf/healthy_00773.jpg,5. Red spider,7. Healthy leaf,True,64,55,0.89984,False,False,False
5. Red spider/red_spider_00469.jpg,7. Healthy leaf/healthy_00139.jpg,5. Red spider,7. Healthy leaf,True,64,126,0.79515,False,False,False
5. Red spider/red_spider_00470.jpg,7. Healthy leaf/healthy_00452.jpg,5. Red spider,7. Healthy leaf,True,60,89,0.80743,False,False,False
5. Red spider/red_spider_00476.jpg,5. Red spider/red_spider_00484.jpg,5. Red spider,5. Red spider,False,42,42,0.91176,False,True,False
5. Red spider/red_spider_00476.jpg,6. Green mirid bug/green_mirid_bug_00162.jpg,5. Red spider,6. Green mirid bug,True,56,87,0.90658,False,False,False
5. Red spider/red_spider_00476.jpg,6. Green mirid bug/green_mirid_bug_00422.jpg,5. Red spider,6. Green mirid bug,True,56,106,0.89476,False,False,False
5. Red spider/red_spider_00476.jpg,6. Green mirid bug/green_mirid_bug_00593.jpg,5. Red spider,6. Green mirid bug,True,48,77,0.90113,False,False,False
5. Red spider/red_spider_00476.jpg,6. Green mirid bug/green_mirid_bug_00772.jpg,5. Red spider,6. Green mirid bug,True,64,58,0.88388,False,False,False
5. Red spider/red_spider_00476.jpg,6. Green mirid bug/green_mirid_bug_00804.jpg,5. Red spider,6. Green mirid bug,True,60,50,0.88937,False,False,False
5. Red spider/red_spider_00476.jpg,6. Green mirid bug/green_mirid_bug_00832.jpg,5. Red spider,6. Green mirid bug,True,52,47,0.90696,False,True,False
5. Red spider/red_spider_00476.jpg,6. Green mirid bug/green_mirid_bug_00833.jpg,5. Red spider,6. Green mirid bug,True,56,65,0.89779,False,False,False
5. Red spider/red_spider_00476.jpg,7. Healthy leaf/healthy_00088.jpg,5. Red spider,7. Healthy leaf,True,64,119,0.87467,False,False,False
5. Red spider/red_spider_00476.jpg,7. Healthy leaf/healthy_00276.jpg,5. Red spider,7. Healthy leaf,True,62,95,0.894,False,False,False
5. Red spider/red_spider_00476.jpg,7. Healthy leaf/healthy_00283.jpg,5. Red spider,7. Healthy leaf,True,64,96,0.89862,False,False,False
5. Red spider/red_spider_00476.jpg,7. Healthy leaf/healthy_00930.jpg,5. Red spider,7. Healthy leaf,True,40,84,0.89899,False,False,False
5. Red spider/red_spider_00477.jpg,6. Green mirid bug/green_mirid_bug_00104.jpg,5. Red spider,6. Green mirid bug,True,60,100,0.88579,False,False,False
5. Red spider/red_spider_00477.jpg,6. Green mirid bug/green_mirid_bug_00345.jpg,5. Red spider,6. Green mirid bug,True,54,89,0.86854,False,False,False
5. Red spider/red_spider_00477.jpg,6. Green mirid bug/green_mirid_bug_00360.jpg,5. Red spider,6. Green mirid bug,True,60,85,0.88054,False,False,False
5. Red spider/red_spider_00477.jpg,6. Green mirid bug/green_mirid_bug_00805.jpg,5. Red spider,6. Green mirid bug,True,60,52,0.88447,False,False,False
5. Red spider/red_spider_00478.jpg,6. Green mirid bug/green_mirid_bug_00964.jpg,5. Red spider,6. Green mirid bug,True,56,57,0.87722,False,False,False
5. Red spider/red_spider_00478.jpg,6. Green mirid bug/green_mirid_bug_00977.jpg,5. Red spider,6. Green mirid bug,True,58,50,0.88366,False,False,False
5. Red spider/red_spider_00478.jpg,6. Green mirid bug/green_mirid_bug_00987.jpg,5. Red spider,6. Green mirid bug,True,62,53,0.88898,False,False,False
5. Red spider/red_spider_00479.jpg,6. Green mirid bug/green_mirid_bug_00988.jpg,5. Red spider,6. Green mirid bug,True,62,54,0.87048,False,False,False
5. Red spider/red_spider_00479.jpg,6. Green mirid bug/green_mirid_bug_01006.jpg,5. Red spider,6. Green mirid bug,True,62,61,0.85263,False,False,False
5. Red spider/red_spider_00480.jpg,5. Red spider/red_spider_00481.jpg,5. Red spider,5. Red spider,False,60,64,0.90304,False,False,False
5. Red spider/red_spider_00480.jpg,6. Green mirid bug/green_mirid_bug_01249.jpg,5. Red spider,6. Green mirid bug,True,52,73,0.88981,False,False,False
5. Red spider/red_spider_00480.jpg,7. Healthy leaf/healthy_00027.jpg,5. Red spider,7. Healthy leaf,True,60,121,0.885,False,False,False
5. Red spider/red_spider_00481.jpg,5. Red spider/red_spider_00490.jpg,5. Red spider,5. Red spider,False,62,73,0.87375,False,False,False
5. Red spider/red_spider_00481.jpg,7. Healthy leaf/healthy_00027.jpg,5. Red spider,7. Healthy leaf,True,60,119,0.87289,False,False,False
5. Red spider/red_spider_00484.jpg,6. Green mirid bug/green_mirid_bug_00593.jpg,5. Red spider,6. Green mirid bug,True,50,73,0.89487,False,False,False
5. Red spider/red_spider_00484.jpg,6. Green mirid bug/green_mirid_bug_00652.jpg,5. Red spider,6. Green mirid bug,True,46,74,0.89781,False,False,False
5. Red spider/red_spider_00484.jpg,6. Green mirid bug/green_mirid_bug_00804.jpg,5. Red spider,6. Green mirid bug,True,56,40,0.90507,False,True,False
5. Red spider/red_spider_00485.jpg,6. Green mirid bug/green_mirid_bug_00768.jpg,5. Red spider,6. Green mirid bug,True,46,60,0.88637,False,False,False
5. Red spider/red_spider_00486.jpg,5. Red spider/red_spider_00487.jpg,5. Red spider,5. Red spider,False,64,28,0.90207,False,True,False
5. Red spider/red_spider_00487.jpg,6. Green mirid bug/green_mirid_bug_00889.jpg,5. Red spider,6. Green mirid bug,True,64,35,0.85814,False,False,False
5. Red spider/red_spider_00490.jpg,7. Healthy leaf/healthy_00157.jpg,5. Red spider,7. Healthy leaf,True,56,139,0.83031,False,False,False
5. Red spider/red_spider_00490.jpg,7. Healthy leaf/healthy_00930.jpg,5. Red spider,7. Healthy leaf,True,56,68,0.8829,False,False,False
5. Red spider/red_spider_00491.jpg,6. Green mirid bug/green_mirid_bug_00933.jpg,5. Red spider,6. Green mirid bug,True,60,50,0.85974,False,False,False
5. Red spider/red_spider_00491.jpg,6. Green mirid bug/green_mirid_bug_00988.jpg,5. Red spider,6. Green mirid bug,True,60,51,0.8548,False,False,False
5. Red spider/red_spider_00491.jpg,6. Green mirid bug/green_mirid_bug_01018.jpg,5. Red spider,6. Green mirid bug,True,60,60,0.84459,False,False,False
5. Red spider/red_spider_00492.jpg,6. Green mirid bug/green_mirid_bug_01008.jpg,5. Red spider,6. Green mirid bug,True,64,50,0.84167,False,False,False
5. Red spider/red_spider_00492.jpg,6. Green mirid bug/green_mirid_bug_01009.jpg,5. Red spider,6. Green mirid bug,True,58,54,0.86083,False,False,False
5. Red spider/red_spider_00495.jpg,5. Red spider/red_spider_00496.jpg,5. Red spider,5. Red spider,False,56,46,0.84307,False,False,False
5. Red spider/red_spider_00497.jpg,6. Green mirid bug/green_mirid_bug_00407.jpg,5. Red spider,6. Green mirid bug,True,54,110,0.88718,False,False,False
5. Red spider/red_spider_00497.jpg,6. Green mirid bug/green_mirid_bug_00411.jpg,5. Red spider,6. Green mirid bug,True,62,106,0.88018,False,False,False
5. Red spider/red_spider_00497.jpg,6. Green mirid bug/green_mirid_bug_00421.jpg,5. Red spider,6. Green mirid bug,True,62,108,0.8877,False,False,False
5. Red spider/red_spider_00497.jpg,6. Green mirid bug/green_mirid_bug_00834.jpg,5. Red spider,6. Green mirid bug,True,64,69,0.87627,False,False,False
5. Red spider/red_spider_00497.jpg,6. Green mirid bug/green_mirid_bug_00867.jpg,5. Red spider,6. Green mirid bug,True,60,68,0.88638,False,False,False
5. Red spider/red_spider_00498.jpg,6. Green mirid bug/green_mirid_bug_01215.jpg,5. Red spider,6. Green mirid bug,True,52,50,0.88633,False,False,False
5. Red spider/red_spider_00498.jpg,6. Green mirid bug/green_mirid_bug_01272.jpg,5. Red spider,6. Green mirid bug,True,62,73,0.87868,False,False,False
5. Red spider/red_spider_00500.jpg,6. Green mirid bug/green_mirid_bug_00115.jpg,5. Red spider,6. Green mirid bug,True,60,78,0.85023,False,False,False
5. Red spider/red_spider_00500.jpg,6. Green mirid bug/green_mirid_bug_00895.jpg,5. Red spider,6. Green mirid bug,True,56,54,0.8498,False,False,False
5. Red spider/red_spider_00500.jpg,6. Green mirid bug/green_mirid_bug_00953.jpg,5. Red spider,6. Green mirid bug,True,52,42,0.86675,False,False,False
5. Red spider/red_spider_00500.jpg,6. Green mirid bug/green_mirid_bug_01137.jpg,5. Red spider,6. Green mirid bug,True,60,53,0.8615,False,False,False
5. Red spider/red_spider_00500.jpg,6. Green mirid bug/green_mirid_bug_01172.jpg,5. Red spider,6. Green mirid bug,True,64,47,0.8428,False,False,False
5. Red spider/red_spider_00500.jpg,7. Healthy leaf/healthy_00764.jpg,5. Red spider,7. Healthy leaf,True,60,29,0.86504,False,False,False
5. Red spider/red_spider_00500.jpg,7. Healthy leaf/healthy_00876.jpg,5. Red spider,7. Healthy leaf,True,60,32,0.8612,False,False,False
5. Red spider/red_spider_00503.jpg,7. Healthy leaf/healthy_00362.jpg,5. Red spider,7. Healthy leaf,True,54,85,0.87828,False,False,False
5. Red spider/red_spider_00505.jpg,7. Healthy leaf/healthy_00789.jpg,5. Red spider,7. Healthy leaf,True,62,62,0.84049,False,False,False
5. Red spider/red_spider_00506.jpg,6. Green mirid bug/green_mirid_bug_00387.jpg,5. Red spider,6. Green mirid bug,True,60,99,0.87281,False,False,False
5. Red spider/red_spider_00506.jpg,6. Green mirid bug/green_mirid_bug_00672.jpg,5. Red spider,6. Green mirid bug,True,58,119,0.81068,False,False,False
5. Red spider/red_spider_00506.jpg,6. Green mirid bug/green_mirid_bug_00728.jpg,5. Red spider,6. Green mirid bug,True,60,72,0.85427,False,False,False
5. Red spider/red_spider_00506.jpg,7. Healthy leaf/healthy_00065.jpg,5. Red spider,7. Healthy leaf,True,58,127,0.84806,False,False,False
5. Red spider/red_spider_00506.jpg,7. Healthy leaf/healthy_00129.jpg,5. Red spider,7. Healthy leaf,True,58,121,0.84922,False,False,False
5. Red spider/red_spider_00506.jpg,7. Healthy leaf/healthy_00272.jpg,5. Red spider,7. Healthy leaf,True,58,103,0.86908,False,False,False
5. Red spider/red_spider_00507.jpg,7. Healthy leaf/healthy_00039.jpg,5. Red spider,7. Healthy leaf,True,62,140,0.77534,False,False,False
5. Red spider/red_spider_00508.jpg,7. Healthy leaf/healthy_00910.jpg,5. Red spider,7. Healthy leaf,True,46,52,0.79742,False,False,False
5. Red spider/red_spider_00510.jpg,6. Green mirid bug/green_mirid_bug_00947.jpg,5. Red spider,6. Green mirid bug,True,64,70,0.83997,False,False,False
5. Red spider/red_spider_00510.jpg,7. Healthy leaf/healthy_00164.jpg,5. Red spider,7. Healthy leaf,True,58,101,0.8449,False,False,False
5. Red spider/red_spider_00510.jpg,7. Healthy leaf/healthy_00752.jpg,5. Red spider,7. Healthy leaf,True,54,64,0.85267,False,False,False
5. Red spider/red_spider_00513.jpg,6. Green mirid bug/green_mirid_bug_00349.jpg,5. Red spider,6. Green mirid bug,True,64,120,0.87532,False,False,False
5. Red spider/red_spider_00515.jpg,6. Green mirid bug/green_mirid_bug_00391.jpg,5. Red spider,6. Green mirid bug,True,30,100,0.92926,False,False,False
6. Green mirid bug/green_mirid_bug_00003.jpg,7. Healthy leaf/healthy_00142.jpg,6. Green mirid bug,7. Healthy leaf,True,64,90,0.88285,False,False,False
6. Green mirid bug/green_mirid_bug_00004.jpg,7. Healthy leaf/healthy_00759.jpg,6. Green mirid bug,7. Healthy leaf,True,58,104,0.8624,False,False,False
6. Green mirid bug/green_mirid_bug_00018.jpg,6. Green mirid bug/green_mirid_bug_00019.jpg,6. Green mirid bug,6. Green mirid bug,False,58,57,0.90665,False,False,False
6. Green mirid bug/green_mirid_bug_00018.jpg,6. Green mirid bug/green_mirid_bug_00656.jpg,6. Green mirid bug,6. Green mirid bug,False,64,90,0.86614,False,False,False
6. Green mirid bug/green_mirid_bug_00018.jpg,6. Green mirid bug/green_mirid_bug_00763.jpg,6. Green mirid bug,6. Green mirid bug,False,62,127,0.87252,False,False,False
6. Green mirid bug/green_mirid_bug_00018.jpg,6. Green mirid bug/green_mirid_bug_00901.jpg,6. Green mirid bug,6. Green mirid bug,False,60,129,0.86373,False,False,False
6. Green mirid bug/green_mirid_bug_00018.jpg,7. Healthy leaf/healthy_00361.jpg,6. Green mirid bug,7. Healthy leaf,True,54,111,0.85178,False,False,False
6. Green mirid bug/green_mirid_bug_00022.jpg,6. Green mirid bug/green_mirid_bug_00510.jpg,6. Green mirid bug,6. Green mirid bug,False,64,114,0.86047,False,False,False
6. Green mirid bug/green_mirid_bug_00022.jpg,6. Green mirid bug/green_mirid_bug_00541.jpg,6. Green mirid bug,6. Green mirid bug,False,62,115,0.8617,False,False,False
6. Green mirid bug/green_mirid_bug_00022.jpg,6. Green mirid bug/green_mirid_bug_00932.jpg,6. Green mirid bug,6. Green mirid bug,False,64,130,0.84935,False,False,False
6. Green mirid bug/green_mirid_bug_00024.jpg,6. Green mirid bug/green_mirid_bug_00127.jpg,6. Green mirid bug,6. Green mirid bug,False,60,106,0.85214,False,False,False
6. Green mirid bug/green_mirid_bug_00025.jpg,6. Green mirid bug/green_mirid_bug_00029.jpg,6. Green mirid bug,6. Green mirid bug,False,56,99,0.8582,False,False,False
6. Green mirid bug/green_mirid_bug_00025.jpg,6. Green mirid bug/green_mirid_bug_00256.jpg,6. Green mirid bug,6. Green mirid bug,False,44,109,0.86655,False,False,False
6. Green mirid bug/green_mirid_bug_00028.jpg,6. Green mirid bug/green_mirid_bug_00255.jpg,6. Green mirid bug,6. Green mirid bug,False,64,61,0.863,False,False,False
6. Green mirid bug/green_mirid_bug_00029.jpg,6. Green mirid bug/green_mirid_bug_00256.jpg,6. Green mirid bug,6. Green mirid bug,False,46,66,0.86114,False,False,False
6. Green mirid bug/green_mirid_bug_00030.jpg,6. Green mirid bug/green_mirid_bug_00357.jpg,6. Green mirid bug,6. Green mirid bug,False,64,68,0.84695,False,False,False
6. Green mirid bug/green_mirid_bug_00030.jpg,6. Green mirid bug/green_mirid_bug_00838.jpg,6. Green mirid bug,6. Green mirid bug,False,62,113,0.86521,False,False,False
6. Green mirid bug/green_mirid_bug_00030.jpg,7. Healthy leaf/healthy_00133.jpg,6. Green mirid bug,7. Healthy leaf,True,62,96,0.84674,False,False,False
6. Green mirid bug/green_mirid_bug_00031.jpg,6. Green mirid bug/green_mirid_bug_00072.jpg,6. Green mirid bug,6. Green mirid bug,False,62,65,0.89196,False,False,False
6. Green mirid bug/green_mirid_bug_00031.jpg,6. Green mirid bug/green_mirid_bug_00137.jpg,6. Green mirid bug,6. Green mirid bug,False,58,61,0.87307,False,False,False
6. Green mirid bug/green_mirid_bug_00031.jpg,6. Green mirid bug/green_mirid_bug_00195.jpg,6. Green mirid bug,6. Green mirid bug,False,62,144,0.86911,False,False,False
6. Green mirid bug/green_mirid_bug_00031.jpg,7. Healthy leaf/healthy_00601.jpg,6. Green mirid bug,7. Healthy leaf,True,64,97,0.86491,False,False,False
6. Green mirid bug/green_mirid_bug_00032.jpg,6. Green mirid bug/green_mirid_bug_00102.jpg,6. Green mirid bug,6. Green mirid bug,False,56,56,0.89761,False,False,False
6. Green mirid bug/green_mirid_bug_00032.jpg,6. Green mirid bug/green_mirid_bug_00343.jpg,6. Green mirid bug,6. Green mirid bug,False,60,62,0.87763,False,False,False
6. Green mirid bug/green_mirid_bug_00032.jpg,6. Green mirid bug/green_mirid_bug_00370.jpg,6. Green mirid bug,6. Green mirid bug,False,52,58,0.89662,False,False,False
6. Green mirid bug/green_mirid_bug_00032.jpg,6. Green mirid bug/green_mirid_bug_00407.jpg,6. Green mirid bug,6. Green mirid bug,False,46,55,0.8834,False,False,False
6. Green mirid bug/green_mirid_bug_00032.jpg,6. Green mirid bug/green_mirid_bug_00411.jpg,6. Green mirid bug,6. Green mirid bug,False,64,51,0.89532,False,False,False
6. Green mirid bug/green_mirid_bug_00032.jpg,6. Green mirid bug/green_mirid_bug_00421.jpg,6. Green mirid bug,6. Green mirid bug,False,56,57,0.88944,False,False,False
6. Green mirid bug/green_mirid_bug_00032.jpg,7. Healthy leaf/healthy_00219.jpg,6. Green mirid bug,7. Healthy leaf,True,56,61,0.8914,False,False,False
6. Green mirid bug/green_mirid_bug_00033.jpg,6. Green mirid bug/green_mirid_bug_00035.jpg,6. Green mirid bug,6. Green mirid bug,False,62,58,0.90133,False,False,False
6. Green mirid bug/green_mirid_bug_00033.jpg,6. Green mirid bug/green_mirid_bug_00274.jpg,6. Green mirid bug,6. Green mirid bug,False,64,53,0.9042,False,False,False
6. Green mirid bug/green_mirid_bug_00034.jpg,6. Green mirid bug/green_mirid_bug_00077.jpg,6. Green mirid bug,6. Green mirid bug,False,58,64,0.90015,False,False,False
6. Green mirid bug/green_mirid_bug_00034.jpg,6. Green mirid bug/green_mirid_bug_00166.jpg,6. Green mirid bug,6. Green mirid bug,False,60,41,0.91813,False,True,False
6. Green mirid bug/green_mirid_bug_00034.jpg,6. Green mirid bug/green_mirid_bug_00260.jpg,6. Green mirid bug,6. Green mirid bug,False,60,47,0.88969,False,False,False
6. Green mirid bug/green_mirid_bug_00034.jpg,6. Green mirid bug/green_mirid_bug_00370.jpg,6. Green mirid bug,6. Green mirid bug,False,62,64,0.90061,False,False,False
6. Green mirid bug/green_mirid_bug_00034.jpg,6. Green mirid bug/green_mirid_bug_00371.jpg,6. Green mirid bug,6. Green mirid bug,False,64,62,0.89427,False,False,False
6. Green mirid bug/green_mirid_bug_00034.jpg,6. Green mirid bug/green_mirid_bug_00376.jpg,6. Green mirid bug,6. Green mirid bug,False,52,57,0.90896,False,False,False
6. Green mirid bug/green_mirid_bug_00034.jpg,6. Green mirid bug/green_mirid_bug_00408.jpg,6. Green mirid bug,6. Green mirid bug,False,64,61,0.91426,False,False,False
6. Green mirid bug/green_mirid_bug_00034.jpg,7. Healthy leaf/healthy_00219.jpg,6. Green mirid bug,7. Healthy leaf,True,46,57,0.92181,False,False,False
6. Green mirid bug/green_mirid_bug_00035.jpg,6. Green mirid bug/green_mirid_bug_00109.jpg,6. Green mirid bug,6. Green mirid bug,False,50,53,0.90743,False,False,False
6. Green mirid bug/green_mirid_bug_00039.jpg,7. Healthy leaf/healthy_00229.jpg,6. Green mirid bug,7. Healthy leaf,True,64,67,0.89744,False,False,False
6. Green mirid bug/green_mirid_bug_00040.jpg,6. Green mirid bug/green_mirid_bug_00345.jpg,6. Green mirid bug,6. Green mirid bug,False,52,67,0.87106,False,False,False
6. Green mirid bug/green_mirid_bug_00040.jpg,6. Green mirid bug/green_mirid_bug_01108.jpg,6. Green mirid bug,6. Green mirid bug,False,62,123,0.86067,False,False,False
6. Green mirid bug/green_mirid_bug_00041.jpg,7. Healthy leaf/healthy_00164.jpg,6. Green mirid bug,7. Healthy leaf,True,58,95,0.83135,False,False,False
6. Green mirid bug/green_mirid_bug_00041.jpg,7. Healthy leaf/healthy_00249.jpg,6. Green mirid bug,7. Healthy leaf,True,64,66,0.85951,False,False,False
6. Green mirid bug/green_mirid_bug_00041.jpg,7. Healthy leaf/healthy_00837.jpg,6. Green mirid bug,7. Healthy leaf,True,58,118,0.85666,False,False,False
6. Green mirid bug/green_mirid_bug_00041.jpg,7. Healthy leaf/healthy_00841.jpg,6. Green mirid bug,7. Healthy leaf,True,52,99,0.85499,False,False,False
6. Green mirid bug/green_mirid_bug_00043.jpg,6. Green mirid bug/green_mirid_bug_00237.jpg,6. Green mirid bug,6. Green mirid bug,False,60,64,0.83529,False,False,False
6. Green mirid bug/green_mirid_bug_00043.jpg,7. Healthy leaf/healthy_00270.jpg,6. Green mirid bug,7. Healthy leaf,True,56,53,0.84524,False,False,False
6. Green mirid bug/green_mirid_bug_00057.jpg,6. Green mirid bug/green_mirid_bug_01146.jpg,6. Green mirid bug,6. Green mirid bug,False,50,121,0.87733,False,False,False
6. Green mirid bug/green_mirid_bug_00059.jpg,6. Green mirid bug/green_mirid_bug_00386.jpg,6. Green mirid bug,6. Green mirid bug,False,62,55,0.88124,False,False,False
6. Green mirid bug/green_mirid_bug_00059.jpg,7. Healthy leaf/healthy_00349.jpg,6. Green mirid bug,7. Healthy leaf,True,62,100,0.83422,False,False,False
6. Green mirid bug/green_mirid_bug_00059.jpg,7. Healthy leaf/healthy_00803.jpg,6. Green mirid bug,7. Healthy leaf,True,58,116,0.87397,False,False,False
6. Green mirid bug/green_mirid_bug_00063.jpg,7. Healthy leaf/healthy_00349.jpg,6. Green mirid bug,7. Healthy leaf,True,64,99,0.80325,False,False,False
6. Green mirid bug/green_mirid_bug_00065.jpg,6. Green mirid bug/green_mirid_bug_00348.jpg,6. Green mirid bug,6. Green mirid bug,False,64,63,0.87767,False,False,False
6. Green mirid bug/green_mirid_bug_00068.jpg,6. Green mirid bug/green_mirid_bug_00387.jpg,6. Green mirid bug,6. Green mirid bug,False,64,62,0.88867,False,False,False
6. Green mirid bug/green_mirid_bug_00068.jpg,6. Green mirid bug/green_mirid_bug_00435.jpg,6. Green mirid bug,6. Green mirid bug,False,58,71,0.87994,False,False,False
6. Green mirid bug/green_mirid_bug_00068.jpg,7. Healthy leaf/healthy_00127.jpg,6. Green mirid bug,7. Healthy leaf,True,60,120,0.85072,False,False,False
6. Green mirid bug/green_mirid_bug_00068.jpg,7. Healthy leaf/healthy_00272.jpg,6. Green mirid bug,7. Healthy leaf,True,60,78,0.89562,False,False,False
6. Green mirid bug/green_mirid_bug_00069.jpg,6. Green mirid bug/green_mirid_bug_00457.jpg,6. Green mirid bug,6. Green mirid bug,False,64,69,0.92852,False,False,False
6. Green mirid bug/green_mirid_bug_00069.jpg,6. Green mirid bug/green_mirid_bug_00463.jpg,6. Green mirid bug,6. Green mirid bug,False,50,63,0.93512,False,False,False
6. Green mirid bug/green_mirid_bug_00069.jpg,7. Healthy leaf/healthy_00195.jpg,6. Green mirid bug,7. Healthy leaf,True,56,52,0.94741,False,False,False
6. Green mirid bug/green_mirid_bug_00072.jpg,6. Green mirid bug/green_mirid_bug_00165.jpg,6. Green mirid bug,6. Green mirid bug,False,64,67,0.90392,False,False,False
6. Green mirid bug/green_mirid_bug_00073.jpg,6. Green mirid bug/green_mirid_bug_00083.jpg,6. Green mirid bug,6. Green mirid bug,False,64,59,0.92115,False,False,False
6. Green mirid bug/green_mirid_bug_00073.jpg,6. Green mirid bug/green_mirid_bug_00422.jpg,6. Green mirid bug,6. Green mirid bug,False,64,85,0.92229,False,False,False
6. Green mirid bug/green_mirid_bug_00073.jpg,6. Green mirid bug/green_mirid_bug_00441.jpg,6. Green mirid bug,6. Green mirid bug,False,58,77,0.93047,False,False,False
6. Green mirid bug/green_mirid_bug_00073.jpg,7. Healthy leaf/healthy_00215.jpg,6. Green mirid bug,7. Healthy leaf,True,58,66,0.93375,False,False,False
6. Green mirid bug/green_mirid_bug_00074.jpg,6. Green mirid bug/green_mirid_bug_00324.jpg,6. Green mirid bug,6. Green mirid bug,False,64,50,0.91738,False,False,False
6. Green mirid bug/green_mirid_bug_00075.jpg,6. Green mirid bug/green_mirid_bug_00113.jpg,6. Green mirid bug,6. Green mirid bug,False,64,65,0.93246,False,False,False
6. Green mirid bug/green_mirid_bug_00075.jpg,6. Green mirid bug/green_mirid_bug_00295.jpg,6. Green mirid bug,6. Green mirid bug,False,62,70,0.92894,False,False,False
6. Green mirid bug/green_mirid_bug_00077.jpg,6. Green mirid bug/green_mirid_bug_00343.jpg,6. Green mirid bug,6. Green mirid bug,False,60,70,0.88913,False,False,False
6. Green mirid bug/green_mirid_bug_00078.jpg,6. Green mirid bug/green_mirid_bug_00099.jpg,6. Green mirid bug,6. Green mirid bug,False,60,55,0.92666,False,False,False
6. Green mirid bug/green_mirid_bug_00078.jpg,6. Green mirid bug/green_mirid_bug_00168.jpg,6. Green mirid bug,6. Green mirid bug,False,58,41,0.91244,False,True,False
6. Green mirid bug/green_mirid_bug_00079.jpg,6. Green mirid bug/green_mirid_bug_00407.jpg,6. Green mirid bug,6. Green mirid bug,False,56,47,0.90922,False,True,False
6. Green mirid bug/green_mirid_bug_00079.jpg,6. Green mirid bug/green_mirid_bug_00411.jpg,6. Green mirid bug,6. Green mirid bug,False,62,43,0.89737,False,False,False
6. Green mirid bug/green_mirid_bug_00079.jpg,6. Green mirid bug/green_mirid_bug_00421.jpg,6. Green mirid bug,6. Green mirid bug,False,58,59,0.89573,False,False,False
6. Green mirid bug/green_mirid_bug_00081.jpg,6. Green mirid bug/green_mirid_bug_00154.jpg,6. Green mirid bug,6. Green mirid bug,False,52,55,0.92535,False,False,False
6. Green mirid bug/green_mirid_bug_00082.jpg,6. Green mirid bug/green_mirid_bug_00119.jpg,6. Green mirid bug,6. Green mirid bug,False,56,57,0.92362,False,False,False
6. Green mirid bug/green_mirid_bug_00082.jpg,6. Green mirid bug/green_mirid_bug_00207.jpg,6. Green mirid bug,6. Green mirid bug,False,58,68,0.92303,False,False,False
6. Green mirid bug/green_mirid_bug_00090.jpg,6. Green mirid bug/green_mirid_bug_00315.jpg,6. Green mirid bug,6. Green mirid bug,False,64,81,0.86343,False,False,False
6. Green mirid bug/green_mirid_bug_00092.jpg,6. Green mirid bug/green_mirid_bug_00409.jpg,6. Green mirid bug,6. Green mirid bug,False,64,68,0.90758,False,False,False
6. Green mirid bug/green_mirid_bug_00092.jpg,6. Green mirid bug/green_mirid_bug_00424.jpg,6. Green mirid bug,6. Green mirid bug,False,58,82,0.92102,False,False,False
6. Green mirid bug/green_mirid_bug_00092.jpg,6. Green mirid bug/green_mirid_bug_00447.jpg,6. Green mirid bug,6. Green mirid bug,False,62,66,0.92206,False,False,False
6. Green mirid bug/green_mirid_bug_00093.jpg,6. Green mirid bug/green_mirid_bug_00630.jpg,6. Green mirid bug,6. Green mirid bug,False,64,117,0.84107,False,False,False
6. Green mirid bug/green_mirid_bug_00096.jpg,6. Green mirid bug/green_mirid_bug_00169.jpg,6. Green mirid bug,6. Green mirid bug,False,56,36,0.90172,False,True,False
6. Green mirid bug/green_mirid_bug_00097.jpg,6. Green mirid bug/green_mirid_bug_00133.jpg,6. Green mirid bug,6. Green mirid bug,False,52,48,0.89495,False,False,False
6. Green mirid bug/green_mirid_bug_00097.jpg,6. Green mirid bug/green_mirid_bug_00324.jpg,6. Green mirid bug,6. Green mirid bug,False,60,57,0.90815,False,False,False
6. Green mirid bug/green_mirid_bug_00099.jpg,6. Green mirid bug/green_mirid_bug_00207.jpg,6. Green mirid bug,6. Green mirid bug,False,54,63,0.9237,False,False,False
6. Green mirid bug/green_mirid_bug_00100.jpg,7. Healthy leaf/healthy_00050.jpg,6. Green mirid bug,7. Healthy leaf,True,60,76,0.8891,False,False,False
6. Green mirid bug/green_mirid_bug_00100.jpg,7. Healthy leaf/healthy_00199.jpg,6. Green mirid bug,7. Healthy leaf,True,56,55,0.91157,False,False,False
6. Green mirid bug/green_mirid_bug_00101.jpg,6. Green mirid bug/green_mirid_bug_00326.jpg,6. Green mirid bug,6. Green mirid bug,False,52,58,0.9108,False,False,False
6. Green mirid bug/green_mirid_bug_00102.jpg,6. Green mirid bug/green_mirid_bug_00421.jpg,6. Green mirid bug,6. Green mirid bug,False,60,65,0.90165,False,False,False
6. Green mirid bug/green_mirid_bug_00103.jpg,7. Healthy leaf/healthy_00246.jpg,6. Green mirid bug,7. Healthy leaf,True,56,61,0.89954,False,False,False
6. Green mirid bug/green_mirid_bug_00104.jpg,6. Green mirid bug/green_mirid_bug_00124.jpg,6. Green mirid bug,6. Green mirid bug,False,58,69,0.89201,False,False,False
6. Green mirid bug/green_mirid_bug_00104.jpg,6. Green mirid bug/green_mirid_bug_00160.jpg,6. Green mirid bug,6. Green mirid bug,False,60,53,0.899,False,False,False
6. Green mirid bug/green_mirid_bug_00105.jpg,6. Green mirid bug/green_mirid_bug_00133.jpg,6. Green mirid bug,6. Green mirid bug,False,58,61,0.89138,False,False,False
6. Green mirid bug/green_mirid_bug_00105.jpg,6. Green mirid bug/green_mirid_bug_00179.jpg,6. Green mirid bug,6. Green mirid bug,False,62,74,0.88269,False,False,False
6. Green mirid bug/green_mirid_bug_00105.jpg,6. Green mirid bug/green_mirid_bug_00231.jpg,6. Green mirid bug,6. Green mirid bug,False,56,66,0.89722,False,False,False
6. Green mirid bug/green_mirid_bug_00106.jpg,6. Green mirid bug/green_mirid_bug_00217.jpg,6. Green mirid bug,6. Green mirid bug,False,60,47,0.90016,False,True,False
6. Green mirid bug/green_mirid_bug_00106.jpg,6. Green mirid bug/green_mirid_bug_00264.jpg,6. Green mirid bug,6. Green mirid bug,False,56,78,0.8546,False,False,False
6. Green mirid bug/green_mirid_bug_00107.jpg,6. Green mirid bug/green_mirid_bug_00422.jpg,6. Green mirid bug,6. Green mirid bug,False,62,69,0.92102,False,False,False
6. Green mirid bug/green_mirid_bug_00107.jpg,7. Healthy leaf/healthy_00252.jpg,6. Green mirid bug,7. Healthy leaf,True,60,55,0.92611,False,False,False
6. Green mirid bug/green_mirid_bug_00107.jpg,7. Healthy leaf/healthy_00277.jpg,6. Green mirid bug,7. Healthy leaf,True,54,46,0.92356,False,True,False
6. Green mirid bug/green_mirid_bug_00107.jpg,7. Healthy leaf/healthy_00279.jpg,6. Green mirid bug,7. Healthy leaf,True,56,57,0.92213,False,False,False
6. Green mirid bug/green_mirid_bug_00108.jpg,6. Green mirid bug/green_mirid_bug_00230.jpg,6. Green mirid bug,6. Green mirid bug,False,58,47,0.90467,False,True,False
6. Green mirid bug/green_mirid_bug_00108.jpg,6. Green mirid bug/green_mirid_bug_00261.jpg,6. Green mirid bug,6. Green mirid bug,False,56,33,0.90357,False,True,False
6. Green mirid bug/green_mirid_bug_00108.jpg,6. Green mirid bug/green_mirid_bug_00863.jpg,6. Green mirid bug,6. Green mirid bug,False,52,102,0.87916,False,False,False
6. Green mirid bug/green_mirid_bug_00111.jpg,7. Healthy leaf/healthy_00798.jpg,6. Green mirid bug,7. Healthy leaf,True,60,114,0.90375,False,False,False
6. Green mirid bug/green_mirid_bug_00113.jpg,6. Green mirid bug/green_mirid_bug_00295.jpg,6. Green mirid bug,6. Green mirid bug,False,54,55,0.93289,False,False,False
6. Green mirid bug/green_mirid_bug_00113.jpg,6. Green mirid bug/green_mirid_bug_00324.jpg,6. Green mirid bug,6. Green mirid bug,False,62,59,0.91259,False,False,False
6. Green mirid bug/green_mirid_bug_00114.jpg,7. Healthy leaf/healthy_00798.jpg,6. Green mirid bug,7. Healthy leaf,True,56,112,0.91764,False,False,False
6. Green mirid bug/green_mirid_bug_00115.jpg,6. Green mirid bug/green_mirid_bug_01099.jpg,6. Green mirid bug,6. Green mirid bug,False,60,100,0.88936,False,False,False
6. Green mirid bug/green_mirid_bug_00115.jpg,7. Healthy leaf/healthy_00200.jpg,6. Green mirid bug,7. Healthy leaf,True,60,64,0.90646,False,False,False
6. Green mirid bug/green_mirid_bug_00117.jpg,6. Green mirid bug/green_mirid_bug_01117.jpg,6. Green mirid bug,6. Green mirid bug,False,64,84,0.90017,False,False,False
6. Green mirid bug/green_mirid_bug_00118.jpg,6. Green mirid bug/green_mirid_bug_00154.jpg,6. Green mirid bug,6. Green mirid bug,False,56,37,0.92921,False,True,False
6. Green mirid bug/green_mirid_bug_00119.jpg,6. Green mirid bug/green_mirid_bug_00207.jpg,6. Green mirid bug,6. Green mirid bug,False,62,57,0.91956,False,False,False
6. Green mirid bug/green_mirid_bug_00119.jpg,7. Healthy leaf/healthy_00619.jpg,6. Green mirid bug,7. Healthy leaf,True,64,97,0.82749,False,False,False
6. Green mirid bug/green_mirid_bug_00120.jpg,6. Green mirid bug/green_mirid_bug_00353.jpg,6. Green mirid bug,6. Green mirid bug,False,46,56,0.91116,False,False,False
6. Green mirid bug/green_mirid_bug_00120.jpg,6. Green mirid bug/green_mirid_bug_00392.jpg,6. Green mirid bug,6. Green mirid bug,False,56,69,0.91429,False,False,False
6. Green mirid bug/green_mirid_bug_00120.jpg,6. Green mirid bug/green_mirid_bug_00863.jpg,6. Green mirid bug,6. Green mirid bug,False,60,101,0.87252,False,False,False
6. Green mirid bug/green_mirid_bug_00122.jpg,6. Green mirid bug/green_mirid_bug_00898.jpg,6. Green mirid bug,6. Green mirid bug,False,56,108,0.90014,False,False,False
6. Green mirid bug/green_mirid_bug_00124.jpg,6. Green mirid bug/green_mirid_bug_00158.jpg,6. Green mirid bug,6. Green mirid bug,False,60,65,0.89151,False,False,False
6. Green mirid bug/green_mirid_bug_00124.jpg,6. Green mirid bug/green_mirid_bug_00345.jpg,6. Green mirid bug,6. Green mirid bug,False,62,52,0.88147,False,False,False
6. Green mirid bug/green_mirid_bug_00124.jpg,6. Green mirid bug/green_mirid_bug_00368.jpg,6. Green mirid bug,6. Green mirid bug,False,58,69,0.89392,False,False,False
6. Green mirid bug/green_mirid_bug_00124.jpg,6. Green mirid bug/green_mirid_bug_00374.jpg,6. Green mirid bug,6. Green mirid bug,False,60,65,0.89374,False,False,False
6. Green mirid bug/green_mirid_bug_00124.jpg,6. Green mirid bug/green_mirid_bug_00805.jpg,6. Green mirid bug,6. Green mirid bug,False,60,85,0.87207,False,False,False
6. Green mirid bug/green_mirid_bug_00124.jpg,6. Green mirid bug/green_mirid_bug_01108.jpg,6. Green mirid bug,6. Green mirid bug,False,62,112,0.86268,False,False,False
6. Green mirid bug/green_mirid_bug_00128.jpg,7. Healthy leaf/healthy_00056.jpg,6. Green mirid bug,7. Healthy leaf,True,64,109,0.85187,False,False,False
6. Green mirid bug/green_mirid_bug_00129.jpg,6. Green mirid bug/green_mirid_bug_00256.jpg,6. Green mirid bug,6. Green mirid bug,False,64,66,0.84466,False,False,False
6. Green mirid bug/green_mirid_bug_00132.jpg,6. Green mirid bug/green_mirid_bug_00377.jpg,6. Green mirid bug,6. Green mirid bug,False,62,61,0.9169,False,False,False
6. Green mirid bug/green_mirid_bug_00133.jpg,7. Healthy leaf/healthy_00218.jpg,6. Green mirid bug,7. Healthy leaf,True,56,62,0.89806,False,False,False
6. Green mirid bug/green_mirid_bug_00133.jpg,7. Healthy leaf/healthy_00601.jpg,6. Green mirid bug,7. Healthy leaf,True,60,98,0.87665,False,False,False
6. Green mirid bug/green_mirid_bug_00135.jpg,6. Green mirid bug/green_mirid_bug_00167.jpg,6. Green mirid bug,6. Green mirid bug,False,60,49,0.91519,False,False,False
6. Green mirid bug/green_mirid_bug_00135.jpg,6. Green mirid bug/green_mirid_bug_00407.jpg,6. Green mirid bug,6. Green mirid bug,False,52,56,0.89547,False,False,False
6. Green mirid bug/green_mirid_bug_00135.jpg,6. Green mirid bug/green_mirid_bug_00411.jpg,6. Green mirid bug,6. Green mirid bug,False,36,38,0.92193,False,True,False
6. Green mirid bug/green_mirid_bug_00135.jpg,6. Green mirid bug/green_mirid_bug_00421.jpg,6. Green mirid bug,6. Green mirid bug,False,62,44,0.90277,False,True,False
6. Green mirid bug/green_mirid_bug_00136.jpg,6. Green mirid bug/green_mirid_bug_00218.jpg,6. Green mirid bug,6. Green mirid bug,False,56,51,0.89821,False,False,False
6. Green mirid bug/green_mirid_bug_00136.jpg,6. Green mirid bug/green_mirid_bug_00244.jpg,6. Green mirid bug,6. Green mirid bug,False,64,53,0.87983,False,False,False
6. Green mirid bug/green_mirid_bug_00136.jpg,6. Green mirid bug/green_mirid_bug_00368.jpg,6. Green mirid bug,6. Green mirid bug,False,54,53,0.89958,False,False,False
6. Green mirid bug/green_mirid_bug_00136.jpg,6. Green mirid bug/green_mirid_bug_00447.jpg,6. Green mirid bug,6. Green mirid bug,False,64,58,0.89784,False,False,False
6. Green mirid bug/green_mirid_bug_00136.jpg,6. Green mirid bug/green_mirid_bug_00834.jpg,6. Green mirid bug,6. Green mirid bug,False,62,110,0.89122,False,False,False
6. Green mirid bug/green_mirid_bug_00136.jpg,7. Healthy leaf/healthy_00213.jpg,6. Green mirid bug,7. Healthy leaf,True,62,52,0.89123,False,False,False
6. Green mirid bug/green_mirid_bug_00136.jpg,7. Healthy leaf/healthy_00864.jpg,6. Green mirid bug,7. Healthy leaf,True,54,136,0.88299,False,False,False
6. Green mirid bug/green_mirid_bug_00138.jpg,6. Green mirid bug/green_mirid_bug_00216.jpg,6. Green mirid bug,6. Green mirid bug,False,58,48,0.88919,False,False,False
6. Green mirid bug/green_mirid_bug_00138.jpg,6. Green mirid bug/green_mirid_bug_00637.jpg,6. Green mirid bug,6. Green mirid bug,False,60,114,0.87007,False,False,False
6. Green mirid bug/green_mirid_bug_00138.jpg,7. Healthy leaf/healthy_00251.jpg,6. Green mirid bug,7. Healthy leaf,True,54,50,0.89969,False,False,False
6. Green mirid bug/green_mirid_bug_00139.jpg,6. Green mirid bug/green_mirid_bug_00288.jpg,6. Green mirid bug,6. Green mirid bug,False,60,61,0.87176,False,False,False
6. Green mirid bug/green_mirid_bug_00140.jpg,6. Green mirid bug/green_mirid_bug_00316.jpg,6. Green mirid bug,6. Green mirid bug,False,64,50,0.9036,False,False,False
6. Green mirid bug/green_mirid_bug_00145.jpg,6. Green mirid bug/green_mirid_bug_00556.jpg,6. Green mirid bug,6. Green mirid bug,False,64,98,0.87371,False,False,False
6. Green mirid bug/green_mirid_bug_00145.jpg,6. Green mirid bug/green_mirid_bug_00867.jpg,6. Green mirid bug,6. Green mirid bug,False,64,96,0.87881,False,False,False
6. Green mirid bug/green_mirid_bug_00145.jpg,7. Healthy leaf/healthy_00250.jpg,6. Green mirid bug,7. Healthy leaf,True,54,44,0.89384,False,False,False
6. Green mirid bug/green_mirid_bug_00147.jpg,6. Green mirid bug/green_mirid_bug_00148.jpg,6. Green mirid bug,6. Green mirid bug,False,60,49,0.9103,False,False,False
6. Green mirid bug/green_mirid_bug_00147.jpg,6. Green mirid bug/green_mirid_bug_00252.jpg,6. Green mirid bug,6. Green mirid bug,False,60,65,0.879,False,False,False
6. Green mirid bug/green_mirid_bug_00147.jpg,7. Healthy leaf/healthy_00782.jpg,6. Green mirid bug,7. Healthy leaf,True,64,122,0.88497,False,False,False
6. Green mirid bug/green_mirid_bug_00150.jpg,6. Green mirid bug/green_mirid_bug_00400.jpg,6. Green mirid bug,6. Green mirid bug,False,64,58,0.94012,False,False,False
6. Green mirid bug/green_mirid_bug_00151.jpg,6. Green mirid bug/green_mirid_bug_00153.jpg,6. Green mirid bug,6. Green mirid bug,False,56,53,0.93894,False,False,False
6. Green mirid bug/green_mirid_bug_00152.jpg,6. Green mirid bug/green_mirid_bug_00463.jpg,6. Green mirid bug,6. Green mirid bug,False,56,67,0.93889,False,False,False
6. Green mirid bug/green_mirid_bug_00152.jpg,6. Green mirid bug/green_mirid_bug_00581.jpg,6. Green mirid bug,6. Green mirid bug,False,64,111,0.83421,False,False,False
6. Green mirid bug/green_mirid_bug_00152.jpg,7. Healthy leaf/healthy_00217.jpg,6. Green mirid bug,7. Healthy leaf,True,64,57,0.93847,False,False,False
6. Green mirid bug/green_mirid_bug_00153.jpg,6. Green mirid bug/green_mirid_bug_00163.jpg,6. Green mirid bug,6. Green mirid bug,False,52,62,0.91925,False,False,False
6. Green mirid bug/green_mirid_bug_00153.jpg,6. Green mirid bug/green_mirid_bug_01122.jpg,6. Green mirid bug,6. Green mirid bug,False,60,91,0.86444,False,False,False
6. Green mirid bug/green_mirid_bug_00153.jpg,7. Healthy leaf/healthy_00775.jpg,6. Green mirid bug,7. Healthy leaf,True,50,79,0.88513,False,False,False
6. Green mirid bug/green_mirid_bug_00158.jpg,6. Green mirid bug/green_mirid_bug_00368.jpg,6. Green mirid bug,6. Green mirid bug,False,52,56,0.90157,False,False,False
6. Green mirid bug/green_mirid_bug_00158.jpg,6. Green mirid bug/green_mirid_bug_01180.jpg,6. Green mirid bug,6. Green mirid bug,False,62,84,0.86884,False,False,False
6. Green mirid bug/green_mirid_bug_00159.jpg,7. Healthy leaf/healthy_00200.jpg,6. Green mirid bug,7. Healthy leaf,True,54,56,0.89948,False,False,False
6. Green mirid bug/green_mirid_bug_00159.jpg,7. Healthy leaf/healthy_00895.jpg,6. Green mirid bug,7. Healthy leaf,True,62,81,0.88373,False,False,False
6. Green mirid bug/green_mirid_bug_00160.jpg,6. Green mirid bug/green_mirid_bug_00323.jpg,6. Green mirid bug,6. Green mirid bug,False,62,56,0.91983,False,False,False
6. Green mirid bug/green_mirid_bug_00162.jpg,6. Green mirid bug/green_mirid_bug_00422.jpg,6. Green mirid bug,6. Green mirid bug,False,64,79,0.90921,False,False,False
6. Green mirid bug/green_mirid_bug_00162.jpg,6. Green mirid bug/green_mirid_bug_00446.jpg,6. Green mirid bug,6. Green mirid bug,False,62,58,0.89938,False,False,False
6. Green mirid bug/green_mirid_bug_00162.jpg,6. Green mirid bug/green_mirid_bug_00452.jpg,6. Green mirid bug,6. Green mirid bug,False,62,60,0.91117,False,False,False
6. Green mirid bug/green_mirid_bug_00162.jpg,6. Green mirid bug/green_mirid_bug_00593.jpg,6. Green mirid bug,6. Green mirid bug,False,46,102,0.89424,False,False,False
6. Green mirid bug/green_mirid_bug_00162.jpg,6. Green mirid bug/green_mirid_bug_00807.jpg,6. Green mirid bug,6. Green mirid bug,False,62,84,0.90351,False,False,False
6. Green mirid bug/green_mirid_bug_00162.jpg,7. Healthy leaf/healthy_00026.jpg,6. Green mirid bug,7. Healthy leaf,True,54,76,0.8794,False,False,False
6. Green mirid bug/green_mirid_bug_00162.jpg,7. Healthy leaf/healthy_00283.jpg,6. Green mirid bug,7. Healthy leaf,True,52,57,0.92152,False,False,False
6. Green mirid bug/green_mirid_bug_00163.jpg,7. Healthy leaf/healthy_00775.jpg,6. Green mirid bug,7. Healthy leaf,True,50,77,0.89784,False,False,False
6. Green mirid bug/green_mirid_bug_00164.jpg,7. Healthy leaf/healthy_00266.jpg,6. Green mirid bug,7. Healthy leaf,True,60,51,0.92303,False,False,False
6. Green mirid bug/green_mirid_bug_00166.jpg,6. Green mirid bug/green_mirid_bug_00342.jpg,6. Green mirid bug,6. Green mirid bug,False,64,57,0.9072,False,False,False
6. Green mirid bug/green_mirid_bug_00166.jpg,6. Green mirid bug/green_mirid_bug_00362.jpg,6. Green mirid bug,6. Green mirid bug,False,50,56,0.90049,False,False,False
6. Green mirid bug/green_mirid_bug_00166.jpg,6. Green mirid bug/green_mirid_bug_00376.jpg,6. Green mirid bug,6. Green mirid bug,False,64,60,0.90216,False,False,False
6. Green mirid bug/green_mirid_bug_00166.jpg,6. Green mirid bug/green_mirid_bug_00436.jpg,6. Green mirid bug,6. Green mirid bug,False,64,86,0.90459,False,False,False
6. Green mirid bug/green_mirid_bug_00166.jpg,7. Healthy leaf/healthy_00201.jpg,6. Green mirid bug,7. Healthy leaf,True,62,53,0.92805,False,False,False
6. Green mirid bug/green_mirid_bug_00167.jpg,6. Green mirid bug/green_mirid_bug_00353.jpg,6. Green mirid bug,6. Green mirid bug,False,64,52,0.90273,False,False,False
6. Green mirid bug/green_mirid_bug_00167.jpg,7. Healthy leaf/healthy_00245.jpg,6. Green mirid bug,7. Healthy leaf,True,50,59,0.91845,False,False,False
6. Green mirid bug/green_mirid_bug_00167.jpg,7. Healthy leaf/healthy_00263.jpg,6. Green mirid bug,7. Healthy leaf,True,56,58,0.91978,False,False,False
6. Green mirid bug/green_mirid_bug_00171.jpg,6. Green mirid bug/green_mirid_bug_00449.jpg,6. Green mirid bug,6. Green mirid bug,False,60,59,0.94459,False,False,False
6. Green mirid bug/green_mirid_bug_00171.jpg,6. Green mirid bug/green_mirid_bug_00464.jpg,6. Green mirid bug,6. Green mirid bug,False,60,66,0.9385,False,False,False
6. Green mirid bug/green_mirid_bug_00171.jpg,7. Healthy leaf/healthy_00198.jpg,6. Green mirid bug,7. Healthy leaf,True,62,56,0.95274,False,False,False
6. Green mirid bug/green_mirid_bug_00175.jpg,6. Green mirid bug/green_mirid_bug_00188.jpg,6. Green mirid bug,6. Green mirid bug,False,62,68,0.84943,False,False,False
6. Green mirid bug/green_mirid_bug_00175.jpg,6. Green mirid bug/green_mirid_bug_00822.jpg,6. Green mirid bug,6. Green mirid bug,False,62,89,0.83978,False,False,False
6. Green mirid bug/green_mirid_bug_00175.jpg,6. Green mirid bug/green_mirid_bug_01145.jpg,6. Green mirid bug,6. Green mirid bug,False,58,95,0.84617,False,False,False
6. Green mirid bug/green_mirid_bug_00179.jpg,6. Green mirid bug/green_mirid_bug_01007.jpg,6. Green mirid bug,6. Green mirid bug,False,62,95,0.86009,False,False,False
6. Green mirid bug/green_mirid_bug_00184.jpg,7. Healthy leaf/healthy_00238.jpg,6. Green mirid bug,7. Healthy leaf,True,60,60,0.85242,False,False,False
6. Green mirid bug/green_mirid_bug_00188.jpg,6. Green mirid bug/green_mirid_bug_00735.jpg,6. Green mirid bug,6. Green mirid bug,False,54,103,0.84675,False,False,False
6. Green mirid bug/green_mirid_bug_00190.jpg,6. Green mirid bug/green_mirid_bug_00311.jpg,6. Green mirid bug,6. Green mirid bug,False,62,60,0.83401,False,False,False
6. Green mirid bug/green_mirid_bug_00190.jpg,6. Green mirid bug/green_mirid_bug_00314.jpg,6. Green mirid bug,6. Green mirid bug,False,64,78,0.84176,False,False,False
6. Green mirid bug/green_mirid_bug_00190.jpg,7. Healthy leaf/healthy_00249.jpg,6. Green mirid bug,7. Healthy leaf,True,62,73,0.84025,False,False,False
6. Green mirid bug/green_mirid_bug_00190.jpg,7. Healthy leaf/healthy_00450.jpg,6. Green mirid bug,7. Healthy leaf,True,64,71,0.79728,False,False,False
6. Green mirid bug/green_mirid_bug_00190.jpg,7. Healthy leaf/healthy_00692.jpg,6. Green mirid bug,7. Healthy leaf,True,62,118,0.82936,False,False,False
6. Green mirid bug/green_mirid_bug_00191.jpg,6. Green mirid bug/green_mirid_bug_00216.jpg,6. Green mirid bug,6. Green mirid bug,False,62,69,0.87689,False,False,False
6. Green mirid bug/green_mirid_bug_00191.jpg,6. Green mirid bug/green_mirid_bug_00387.jpg,6. Green mirid bug,6. Green mirid bug,False,40,50,0.8963,False,False,False
6. Green mirid bug/green_mirid_bug_00191.jpg,6. Green mirid bug/green_mirid_bug_01138.jpg,6. Green mirid bug,6. Green mirid bug,False,62,94,0.87088,False,False,False
6. Green mirid bug/green_mirid_bug_00192.jpg,6. Green mirid bug/green_mirid_bug_00310.jpg,6. Green mirid bug,6. Green mirid bug,False,56,124,0.86404,False,False,False
6. Green mirid bug/green_mirid_bug_00195.jpg,6. Green mirid bug/green_mirid_bug_00352.jpg,6. Green mirid bug,6. Green mirid bug,False,64,149,0.89848,False,False,False
6. Green mirid bug/green_mirid_bug_00197.jpg,6. Green mirid bug/green_mirid_bug_00798.jpg,6. Green mirid bug,6. Green mirid bug,False,60,143,0.8804,False,False,False
6. Green mirid bug/green_mirid_bug_00200.jpg,6. Green mirid bug/green_mirid_bug_01005.jpg,6. Green mirid bug,6. Green mirid bug,False,64,67,0.8682,False,False,False
6. Green mirid bug/green_mirid_bug_00202.jpg,6. Green mirid bug/green_mirid_bug_00462.jpg,6. Green mirid bug,6. Green mirid bug,False,60,63,0.92655,False,False,False
6. Green mirid bug/green_mirid_bug_00202.jpg,7. Healthy leaf/healthy_00195.jpg,6. Green mirid bug,7. Healthy leaf,True,62,60,0.93733,False,False,False
6. Green mirid bug/green_mirid_bug_00205.jpg,6. Green mirid bug/green_mirid_bug_00442.jpg,6. Green mirid bug,6. Green mirid bug,False,60,50,0.90996,False,False,False
6. Green mirid bug/green_mirid_bug_00206.jpg,6. Green mirid bug/green_mirid_bug_00381.jpg,6. Green mirid bug,6. Green mirid bug,False,60,69,0.92713,False,False,False
6. Green mirid bug/green_mirid_bug_00211.jpg,6. Green mirid bug/green_mirid_bug_00387.jpg,6. Green mirid bug,6. Green mirid bug,False,64,73,0.87169,False,False,False
6. Green mirid bug/green_mirid_bug_00211.jpg,6. Green mirid bug/green_mirid_bug_00412.jpg,6. Green mirid bug,6. Green mirid bug,False,64,70,0.86962,False,False,False
6. Green mirid bug/green_mirid_bug_00214.jpg,6. Green mirid bug/green_mirid_bug_00275.jpg,6. Green mirid bug,6. Green mirid bug,False,64,53,0.88783,False,False,False
6. Green mirid bug/green_mirid_bug_00214.jpg,6. Green mirid bug/green_mirid_bug_00360.jpg,6. Green mirid bug,6. Green mirid bug,False,60,51,0.91095,False,False,False
6. Green mirid bug/green_mirid_bug_00214.jpg,7. Healthy leaf/healthy_00229.jpg,6. Green mirid bug,7. Healthy leaf,True,64,67,0.90671,False,False,False
6. Green mirid bug/green_mirid_bug_00215.jpg,6. Green mirid bug/green_mirid_bug_00292.jpg,6. Green mirid bug,6. Green mirid bug,False,52,69,0.86817,False,False,False
6. Green mirid bug/green_mirid_bug_00216.jpg,6. Green mirid bug/green_mirid_bug_00435.jpg,6. Green mirid bug,6. Green mirid bug,False,60,68,0.87671,False,False,False
6. Green mirid bug/green_mirid_bug_00216.jpg,6. Green mirid bug/green_mirid_bug_00587.jpg,6. Green mirid bug,6. Green mirid bug,False,50,103,0.85702,False,False,False
6. Green mirid bug/green_mirid_bug_00216.jpg,6. Green mirid bug/green_mirid_bug_00833.jpg,6. Green mirid bug,6. Green mirid bug,False,64,97,0.87738,False,False,False
6. Green mirid bug/green_mirid_bug_00216.jpg,7. Healthy leaf/healthy_00080.jpg,6. Green mirid bug,7. Healthy leaf,True,50,79,0.88333,False,False,False
6. Green mirid bug/green_mirid_bug_00216.jpg,7. Healthy leaf/healthy_00251.jpg,6. Green mirid bug,7. Healthy leaf,True,50,48,0.90251,False,True,False
6. Green mirid bug/green_mirid_bug_00218.jpg,6. Green mirid bug/green_mirid_bug_00323.jpg,6. Green mirid bug,6. Green mirid bug,False,60,65,0.90003,False,False,False
6. Green mirid bug/green_mirid_bug_00218.jpg,6. Green mirid bug/green_mirid_bug_00368.jpg,6. Green mirid bug,6. Green mirid bug,False,44,60,0.90104,False,False,False
6. Green mirid bug/green_mirid_bug_00218.jpg,6. Green mirid bug/green_mirid_bug_00370.jpg,6. Green mirid bug,6. Green mirid bug,False,64,65,0.89606,False,False,False
6. Green mirid bug/green_mirid_bug_00218.jpg,6. Green mirid bug/green_mirid_bug_00445.jpg,6. Green mirid bug,6. Green mirid bug,False,54,46,0.89181,False,False,False
6. Green mirid bug/green_mirid_bug_00222.jpg,6. Green mirid bug/green_mirid_bug_00446.jpg,6. Green mirid bug,6. Green mirid bug,False,50,60,0.89929,False,False,False
6. Green mirid bug/green_mirid_bug_00224.jpg,6. Green mirid bug/green_mirid_bug_00428.jpg,6. Green mirid bug,6. Green mirid bug,False,64,68,0.92539,False,False,False
6. Green mirid bug/green_mirid_bug_00224.jpg,6. Green mirid bug/green_mirid_bug_00430.jpg,6. Green mirid bug,6. Green mirid bug,False,54,59,0.93609,False,False,False
6. Green mirid bug/green_mirid_bug_00224.jpg,6. Green mirid bug/green_mirid_bug_00441.jpg,6. Green mirid bug,6. Green mirid bug,False,48,73,0.93235,False,False,False
6. Green mirid bug/green_mirid_bug_00230.jpg,6. Green mirid bug/green_mirid_bug_00834.jpg,6. Green mirid bug,6. Green mirid bug,False,60,104,0.89647,False,False,False
6. Green mirid bug/green_mirid_bug_00230.jpg,7. Healthy leaf/healthy_00213.jpg,6. Green mirid bug,7. Healthy leaf,True,58,56,0.9065,False,False,False
6. Green mirid bug/green_mirid_bug_00232.jpg,6. Green mirid bug/green_mirid_bug_00425.jpg,6. Green mirid bug,6. Green mirid bug,False,58,66,0.89447,False,False,False
6. Green mirid bug/green_mirid_bug_00232.jpg,7. Healthy leaf/healthy_00780.jpg,6. Green mirid bug,7. Healthy leaf,True,62,113,0.88729,False,False,False
6. Green mirid bug/green_mirid_bug_00234.jpg,6. Green mirid bug/green_mirid_bug_00855.jpg,6. Green mirid bug,6. Green mirid bug,False,52,91,0.88154,False,False,False
6. Green mirid bug/green_mirid_bug_00234.jpg,7. Healthy leaf/healthy_00153.jpg,6. Green mirid bug,7. Healthy leaf,True,56,105,0.85588,False,False,False
6. Green mirid bug/green_mirid_bug_00234.jpg,7. Healthy leaf/healthy_00166.jpg,6. Green mirid bug,7. Healthy leaf,True,62,124,0.86619,False,False,False
6. Green mirid bug/green_mirid_bug_00234.jpg,7. Healthy leaf/healthy_00280.jpg,6. Green mirid bug,7. Healthy leaf,True,64,71,0.8956,False,False,False
6. Green mirid bug/green_mirid_bug_00237.jpg,7. Healthy leaf/healthy_00269.jpg,6. Green mirid bug,7. Healthy leaf,True,56,62,0.8563,False,False,False
6. Green mirid bug/green_mirid_bug_00237.jpg,7. Healthy leaf/healthy_00270.jpg,6. Green mirid bug,7. Healthy leaf,True,60,61,0.85896,False,False,False
6. Green mirid bug/green_mirid_bug_00243.jpg,7. Healthy leaf/healthy_00232.jpg,6. Green mirid bug,7. Healthy leaf,True,52,60,0.81052,False,False,False
6. Green mirid bug/green_mirid_bug_00245.jpg,6. Green mirid bug/green_mirid_bug_00328.jpg,6. Green mirid bug,6. Green mirid bug,False,56,60,0.87063,False,False,False
6. Green mirid bug/green_mirid_bug_00245.jpg,6. Green mirid bug/green_mirid_bug_00477.jpg,6. Green mirid bug,6. Green mirid bug,False,60,126,0.85643,False,False,False
6. Green mirid bug/green_mirid_bug_00245.jpg,6. Green mirid bug/green_mirid_bug_00740.jpg,6. Green mirid bug,6. Green mirid bug,False,64,121,0.84134,False,False,False
6. Green mirid bug/green_mirid_bug_00245.jpg,7. Healthy leaf/healthy_00248.jpg,6. Green mirid bug,7. Healthy leaf,True,64,63,0.83552,False,False,False
6. Green mirid bug/green_mirid_bug_00245.jpg,7. Healthy leaf/healthy_00922.jpg,6. Green mirid bug,7. Healthy leaf,True,54,119,0.85267,False,False,False
6. Green mirid bug/green_mirid_bug_00250.jpg,7. Healthy leaf/healthy_00217.jpg,6. Green mirid bug,7. Healthy leaf,True,64,64,0.9127,False,False,False
6. Green mirid bug/green_mirid_bug_00260.jpg,6. Green mirid bug/green_mirid_bug_00370.jpg,6. Green mirid bug,6. Green mirid bug,False,62,65,0.88264,False,False,False
6. Green mirid bug/green_mirid_bug_00260.jpg,6. Green mirid bug/green_mirid_bug_00409.jpg,6. Green mirid bug,6. Green mirid bug,False,56,53,0.90357,False,False,False
6. Green mirid bug/green_mirid_bug_00260.jpg,6. Green mirid bug/green_mirid_bug_00445.jpg,6. Green mirid bug,6. Green mirid bug,False,50,54,0.88716,False,False,False
6. Green mirid bug/green_mirid_bug_00260.jpg,7. Healthy leaf/healthy_00219.jpg,6. Green mirid bug,7. Healthy leaf,True,52,62,0.88589,False,False,False
6. Green mirid bug/green_mirid_bug_00261.jpg,6. Green mirid bug/green_mirid_bug_00863.jpg,6. Green mirid bug,6. Green mirid bug,False,48,89,0.89132,False,False,False
6. Green mirid bug/green_mirid_bug_00265.jpg,6. Green mirid bug/green_mirid_bug_00334.jpg,6. Green mirid bug,6. Green mirid bug,False,62,56,0.85439,False,False,False
6. Green mirid bug/green_mirid_bug_00268.jpg,6. Green mirid bug/green_mirid_bug_00394.jpg,6. Green mirid bug,6. Green mirid bug,False,64,55,0.84906,False,False,False
6. Green mirid bug/green_mirid_bug_00270.jpg,6. Green mirid bug/green_mirid_bug_00371.jpg,6. Green mirid bug,6. Green mirid bug,False,64,65,0.89104,False,False,False
6. Green mirid bug/green_mirid_bug_00270.jpg,7. Healthy leaf/healthy_00236.jpg,6. Green mirid bug,7. Healthy leaf,True,60,56,0.90087,False,False,False
6. Green mirid bug/green_mirid_bug_00273.jpg,7. Healthy leaf/healthy_00213.jpg,6. Green mirid bug,7. Healthy leaf,True,58,53,0.88834,False,False,False
6. Green mirid bug/green_mirid_bug_00273.jpg,7. Healthy leaf/healthy_00782.jpg,6. Green mirid bug,7. Healthy leaf,True,58,125,0.88552,False,False,False
6. Green mirid bug/green_mirid_bug_00273.jpg,7. Healthy leaf/healthy_00933.jpg,6. Green mirid bug,7. Healthy leaf,True,58,123,0.87991,False,False,False
6. Green mirid bug/green_mirid_bug_00278.jpg,6. Green mirid bug/green_mirid_bug_00326.jpg,6. Green mirid bug,6. Green mirid bug,False,62,64,0.90963,False,False,False
6. Green mirid bug/green_mirid_bug_00280.jpg,6. Green mirid bug/green_mirid_bug_00447.jpg,6. Green mirid bug,6. Green mirid bug,False,64,64,0.91368,False,False,False
6. Green mirid bug/green_mirid_bug_00280.jpg,6. Green mirid bug/green_mirid_bug_00861.jpg,6. Green mirid bug,6. Green mirid bug,False,64,121,0.86449,False,False,False
6. Green mirid bug/green_mirid_bug_00281.jpg,6. Green mirid bug/green_mirid_bug_00449.jpg,6. Green mirid bug,6. Green mirid bug,False,64,50,0.92614,False,False,False
6. Green mirid bug/green_mirid_bug_00281.jpg,7. Healthy leaf/healthy_00210.jpg,6. Green mirid bug,7. Healthy leaf,True,64,56,0.93505,False,False,False
6. Green mirid bug/green_mirid_bug_00283.jpg,6. Green mirid bug/green_mirid_bug_00373.jpg,6. Green mirid bug,6. Green mirid bug,False,58,71,0.93588,False,False,False
6. Green mirid bug/green_mirid_bug_00284.jpg,6. Green mirid bug/green_mirid_bug_00317.jpg,6. Green mirid bug,6. Green mirid bug,False,64,74,0.90936,False,False,False
6. Green mirid bug/green_mirid_bug_00285.jpg,6. Green mirid bug/green_mirid_bug_00838.jpg,6. Green mirid bug,6. Green mirid bug,False,64,110,0.8615,False,False,False
6. Green mirid bug/green_mirid_bug_00285.jpg,7. Healthy leaf/healthy_00069.jpg,6. Green mirid bug,7. Healthy leaf,True,64,101,0.86101,False,False,False
6. Green mirid bug/green_mirid_bug_00287.jpg,6. Green mirid bug/green_mirid_bug_00790.jpg,6. Green mirid bug,6. Green mirid bug,False,60,101,0.86564,False,False,False
6. Green mirid bug/green_mirid_bug_00287.jpg,7. Healthy leaf/healthy_00251.jpg,6. Green mirid bug,7. Healthy leaf,True,60,70,0.89541,False,False,False
6. Green mirid bug/green_mirid_bug_00292.jpg,6. Green mirid bug/green_mirid_bug_00350.jpg,6. Green mirid bug,6. Green mirid bug,False,58,54,0.88329,False,False,False
6. Green mirid bug/green_mirid_bug_00293.jpg,7. Healthy leaf/healthy_00714.jpg,6. Green mirid bug,7. Healthy leaf,True,64,90,0.84092,False,False,False
6. Green mirid bug/green_mirid_bug_00294.jpg,6. Green mirid bug/green_mirid_bug_00423.jpg,6. Green mirid bug,6. Green mirid bug,False,56,55,0.92345,False,False,False
6. Green mirid bug/green_mirid_bug_00294.jpg,6. Green mirid bug/green_mirid_bug_00464.jpg,6. Green mirid bug,6. Green mirid bug,False,60,54,0.92643,False,False,False
6. Green mirid bug/green_mirid_bug_00297.jpg,6. Green mirid bug/green_mirid_bug_00332.jpg,6. Green mirid bug,6. Green mirid bug,False,52,57,0.90561,False,False,False
6. Green mirid bug/green_mirid_bug_00297.jpg,6. Green mirid bug/green_mirid_bug_00378.jpg,6. Green mirid bug,6. Green mirid bug,False,62,73,0.90053,False,False,False
6. Green mirid bug/green_mirid_bug_00297.jpg,7. Healthy leaf/healthy_00213.jpg,6. Green mirid bug,7. Healthy leaf,True,62,51,0.89966,False,False,False
6. Green mirid bug/green_mirid_bug_00297.jpg,7. Healthy leaf/healthy_00271.jpg,6. Green mirid bug,7. Healthy leaf,True,64,72,0.89436,False,False,False
6. Green mirid bug/green_mirid_bug_00298.jpg,7. Healthy leaf/healthy_00042.jpg,6. Green mirid bug,7. Healthy leaf,True,64,78,0.8855,False,False,False
6. Green mirid bug/green_mirid_bug_00301.jpg,7. Healthy leaf/healthy_00244.jpg,6. Green mirid bug,7. Healthy leaf,True,60,68,0.84198,False,False,False
6. Green mirid bug/green_mirid_bug_00309.jpg,6. Green mirid bug/green_mirid_bug_01243.jpg,6. Green mirid bug,6. Green mirid bug,False,64,100,0.8523,False,False,False
6. Green mirid bug/green_mirid_bug_00311.jpg,6. Green mirid bug/green_mirid_bug_00366.jpg,6. Green mirid bug,6. Green mirid bug,False,62,75,0.85772,False,False,False
6. Green mirid bug/green_mirid_bug_00311.jpg,7. Healthy leaf/healthy_00164.jpg,6. Green mirid bug,7. Healthy leaf,True,60,94,0.83887,False,False,False
6. Green mirid bug/green_mirid_bug_00311.jpg,7. Healthy leaf/healthy_00389.jpg,6. Green mirid bug,7. Healthy leaf,True,50,114,0.73013,False,False,False
6. Green mirid bug/green_mirid_bug_00311.jpg,7. Healthy leaf/healthy_00729.jpg,6. Green mirid bug,7. Healthy leaf,True,56,90,0.84945,False,False,False
6. Green mirid bug/green_mirid_bug_00311.jpg,7. Healthy leaf/healthy_00913.jpg,6. Green mirid bug,7. Healthy leaf,True,52,96,0.8533,False,False,False
6. Green mirid bug/green_mirid_bug_00313.jpg,6. Green mirid bug/green_mirid_bug_00337.jpg,6. Green mirid bug,6. Green mirid bug,False,64,60,0.85031,False,False,False
6. Green mirid bug/green_mirid_bug_00313.jpg,7. Healthy leaf/healthy_00021.jpg,6. Green mirid bug,7. Healthy leaf,True,60,97,0.82246,False,False,False
6. Green mirid bug/green_mirid_bug_00314.jpg,6. Green mirid bug/green_mirid_bug_00927.jpg,6. Green mirid bug,6. Green mirid bug,False,56,104,0.84779,False,False,False
6. Green mirid bug/green_mirid_bug_00314.jpg,6. Green mirid bug/green_mirid_bug_01198.jpg,6. Green mirid bug,6. Green mirid bug,False,54,113,0.85835,False,False,False
6. Green mirid bug/green_mirid_bug_00314.jpg,7. Healthy leaf/healthy_00020.jpg,6. Green mirid bug,7. Healthy leaf,True,64,92,0.84977,False,False,False
6. Green mirid bug/green_mirid_bug_00314.jpg,7. Healthy leaf/healthy_00459.jpg,6. Green mirid bug,7. Healthy leaf,True,58,103,0.87294,False,False,False
6. Green mirid bug/green_mirid_bug_00319.jpg,6. Green mirid bug/green_mirid_bug_00352.jpg,6. Green mirid bug,6. Green mirid bug,False,62,63,0.91451,False,False,False
6. Green mirid bug/green_mirid_bug_00323.jpg,6. Green mirid bug/green_mirid_bug_00459.jpg,6. Green mirid bug,6. Green mirid bug,False,56,58,0.925,False,False,False
6. Green mirid bug/green_mirid_bug_00324.jpg,7. Healthy leaf/healthy_00202.jpg,6. Green mirid bug,7. Healthy leaf,True,62,53,0.91903,False,False,False
6. Green mirid bug/green_mirid_bug_00325.jpg,6. Green mirid bug/green_mirid_bug_00369.jpg,6. Green mirid bug,6. Green mirid bug,False,52,63,0.90225,False,False,False
6. Green mirid bug/green_mirid_bug_00325.jpg,6. Green mirid bug/green_mirid_bug_00376.jpg,6. Green mirid bug,6. Green mirid bug,False,58,57,0.91297,False,False,False
6. Green mirid bug/green_mirid_bug_00326.jpg,7. Healthy leaf/healthy_00202.jpg,6. Green mirid bug,7. Healthy leaf,True,64,59,0.92923,False,False,False
6. Green mirid bug/green_mirid_bug_00328.jpg,6. Green mirid bug/green_mirid_bug_00477.jpg,6. Green mirid bug,6. Green mirid bug,False,64,130,0.85583,False,False,False
6. Green mirid bug/green_mirid_bug_00328.jpg,6. Green mirid bug/green_mirid_bug_00776.jpg,6. Green mirid bug,6. Green mirid bug,False,64,95,0.8724,False,False,False
6. Green mirid bug/green_mirid_bug_00328.jpg,7. Healthy leaf/healthy_00274.jpg,6. Green mirid bug,7. Healthy leaf,True,62,49,0.8892,False,False,False
6. Green mirid bug/green_mirid_bug_00328.jpg,7. Healthy leaf/healthy_00743.jpg,6. Green mirid bug,7. Healthy leaf,True,64,103,0.87945,False,False,False
6. Green mirid bug/green_mirid_bug_00331.jpg,6. Green mirid bug/green_mirid_bug_00361.jpg,6. Green mirid bug,6. Green mirid bug,False,64,58,0.91484,False,False,False
6. Green mirid bug/green_mirid_bug_00331.jpg,6. Green mirid bug/green_mirid_bug_00383.jpg,6. Green mirid bug,6. Green mirid bug,False,62,65,0.89204,False,False,False
6. Green mirid bug/green_mirid_bug_00331.jpg,6. Green mirid bug/green_mirid_bug_00412.jpg,6. Green mirid bug,6. Green mirid bug,False,62,58,0.91191,False,False,False
6. Green mirid bug/green_mirid_bug_00332.jpg,6. Green mirid bug/green_mirid_bug_00378.jpg,6. Green mirid bug,6. Green mirid bug,False,60,72,0.88915,False,False,False
6. Green mirid bug/green_mirid_bug_00332.jpg,7. Healthy leaf/healthy_00271.jpg,6. Green mirid bug,7. Healthy leaf,True,62,43,0.90271,False,True,False
6. Green mirid bug/green_mirid_bug_00333.jpg,6. Green mirid bug/green_mirid_bug_01138.jpg,6. Green mirid bug,6. Green mirid bug,False,64,94,0.88243,False,False,False
6. Green mirid bug/green_mirid_bug_00334.jpg,6. Green mirid bug/green_mirid_bug_00383.jpg,6. Green mirid bug,6. Green mirid bug,False,64,60,0.89939,False,False,False
6. Green mirid bug/green_mirid_bug_00334.jpg,6. Green mirid bug/green_mirid_bug_00794.jpg,6. Green mirid bug,6. Green mirid bug,False,64,89,0.88964,False,False,False
6. Green mirid bug/green_mirid_bug_00337.jpg,7. Healthy leaf/healthy_00021.jpg,6. Green mirid bug,7. Healthy leaf,True,58,85,0.83402,False,False,False
6. Green mirid bug/green_mirid_bug_00338.jpg,6. Green mirid bug/green_mirid_bug_00385.jpg,6. Green mirid bug,6. Green mirid bug,False,64,62,0.86914,False,False,False
6. Green mirid bug/green_mirid_bug_00338.jpg,6. Green mirid bug/green_mirid_bug_00838.jpg,6. Green mirid bug,6. Green mirid bug,False,62,99,0.85792,False,False,False
6. Green mirid bug/green_mirid_bug_00342.jpg,6. Green mirid bug/green_mirid_bug_00376.jpg,6. Green mirid bug,6. Green mirid bug,False,64,73,0.91043,False,False,False
6. Green mirid bug/green_mirid_bug_00342.jpg,7. Healthy leaf/healthy_00199.jpg,6. Green mirid bug,7. Healthy leaf,True,58,59,0.91553,False,False,False
6. Green mirid bug/green_mirid_bug_00343.jpg,7. Healthy leaf/healthy_00257.jpg,6. Green mirid bug,7. Healthy leaf,True,62,47,0.89406,False,False,False
6. Green mirid bug/green_mirid_bug_00345.jpg,6. Green mirid bug/green_mirid_bug_00813.jpg,6. Green mirid bug,6. Green mirid bug,False,64,104,0.85076,False,False,False
6. Green mirid bug/green_mirid_bug_00345.jpg,6. Green mirid bug/green_mirid_bug_01108.jpg,6. Green mirid bug,6. Green mirid bug,False,56,114,0.8554,False,False,False
6. Green mirid bug/green_mirid_bug_00346.jpg,6. Green mirid bug/green_mirid_bug_01189.jpg,6. Green mirid bug,6. Green mirid bug,False,60,136,0.85253,False,False,False
6. Green mirid bug/green_mirid_bug_00346.jpg,7. Healthy leaf/healthy_00009.jpg,6. Green mirid bug,7. Healthy leaf,True,62,84,0.87288,False,False,False
6. Green mirid bug/green_mirid_bug_00346.jpg,7. Healthy leaf/healthy_00841.jpg,6. Green mirid bug,7. Healthy leaf,True,64,111,0.85168,False,False,False
6. Green mirid bug/green_mirid_bug_00348.jpg,6. Green mirid bug/green_mirid_bug_00398.jpg,6. Green mirid bug,6. Green mirid bug,False,48,60,0.88832,False,False,False
6. Green mirid bug/green_mirid_bug_00348.jpg,7. Healthy leaf/healthy_00263.jpg,6. Green mirid bug,7. Healthy leaf,True,64,67,0.88865,False,False,False
6. Green mirid bug/green_mirid_bug_00349.jpg,7. Healthy leaf/healthy_00274.jpg,6. Green mirid bug,7. Healthy leaf,True,60,45,0.88662,False,False,False
6. Green mirid bug/green_mirid_bug_00351.jpg,6. Green mirid bug/green_mirid_bug_00372.jpg,6. Green mirid bug,6. Green mirid bug,False,58,61,0.93538,False,False,False
6. Green mirid bug/green_mirid_bug_00352.jpg,7. Healthy leaf/healthy_00202.jpg,6. Green mirid bug,7. Healthy leaf,True,62,66,0.92326,False,False,False
6. Green mirid bug/green_mirid_bug_00352.jpg,7. Healthy leaf/healthy_00601.jpg,6. Green mirid bug,7. Healthy leaf,True,58,96,0.88205,False,False,False
6. Green mirid bug/green_mirid_bug_00353.jpg,6. Green mirid bug/green_mirid_bug_00392.jpg,6. Green mirid bug,6. Green mirid bug,False,62,49,0.92075,False,False,False
6. Green mirid bug/green_mirid_bug_00353.jpg,6. Green mirid bug/green_mirid_bug_00863.jpg,6. Green mirid bug,6. Green mirid bug,False,64,101,0.86697,False,False,False
6. Green mirid bug/green_mirid_bug_00355.jpg,6. Green mirid bug/green_mirid_bug_01197.jpg,6. Green mirid bug,6. Green mirid bug,False,64,111,0.81096,False,False,False
6. Green mirid bug/green_mirid_bug_00356.jpg,6. Green mirid bug/green_mirid_bug_00358.jpg,6. Green mirid bug,6. Green mirid bug,False,56,56,0.83261,False,False,False
6. Green mirid bug/green_mirid_bug_00356.jpg,7. Healthy leaf/healthy_00259.jpg,6. Green mirid bug,7. Healthy leaf,True,52,31,0.86893,False,False,False
6. Green mirid bug/green_mirid_bug_00357.jpg,6. Green mirid bug/green_mirid_bug_00385.jpg,6. Green mirid bug,6. Green mirid bug,False,64,72,0.85695,False,False,False
6. Green mirid bug/green_mirid_bug_00357.jpg,7. Healthy leaf/healthy_00020.jpg,6. Green mirid bug,7. Healthy leaf,True,56,79,0.83691,False,False,False
6. Green mirid bug/green_mirid_bug_00360.jpg,6. Green mirid bug/green_mirid_bug_00805.jpg,6. Green mirid bug,6. Green mirid bug,False,62,87,0.88622,False,False,False
6. Green mirid bug/green_mirid_bug_00360.jpg,7. Healthy leaf/healthy_00265.jpg,6. Green mirid bug,7. Healthy leaf,True,64,66,0.91647,False,False,False
6. Green mirid bug/green_mirid_bug_00361.jpg,6. Green mirid bug/green_mirid_bug_00412.jpg,6. Green mirid bug,6. Green mirid bug,False,46,62,0.91225,False,False,False
6. Green mirid bug/green_mirid_bug_00361.jpg,7. Healthy leaf/healthy_00264.jpg,6. Green mirid bug,7. Healthy leaf,True,64,58,0.91383,False,False,False
6. Green mirid bug/green_mirid_bug_00362.jpg,7. Healthy leaf/healthy_00199.jpg,6. Green mirid bug,7. Healthy leaf,True,64,68,0.90059,False,False,False
6. Green mirid bug/green_mirid_bug_00363.jpg,7. Healthy leaf/healthy_00211.jpg,6. Green mirid bug,7. Healthy leaf,True,64,53,0.89019,False,False,False
6. Green mirid bug/green_mirid_bug_00364.jpg,6. Green mirid bug/green_mirid_bug_00445.jpg,6. Green mirid bug,6. Green mirid bug,False,54,68,0.89268,False,False,False
6. Green mirid bug/green_mirid_bug_00365.jpg,6. Green mirid bug/green_mirid_bug_00827.jpg,6. Green mirid bug,6. Green mirid bug,False,64,90,0.87491,False,False,False
6. Green mirid bug/green_mirid_bug_00365.jpg,6. Green mirid bug/green_mirid_bug_00877.jpg,6. Green mirid bug,6. Green mirid bug,False,62,103,0.90234,False,False,False
6. Green mirid bug/green_mirid_bug_00366.jpg,7. Healthy leaf/healthy_00584.jpg,6. Green mirid bug,7. Healthy leaf,True,54,78,0.87253,False,False,False
6. Green mirid bug/green_mirid_bug_00366.jpg,7. Healthy leaf/healthy_00586.jpg,6. Green mirid bug,7. Healthy leaf,True,62,95,0.87205,False,False,False
6. Green mirid bug/green_mirid_bug_00366.jpg,7. Healthy leaf/healthy_00913.jpg,6. Green mirid bug,7. Healthy leaf,True,58,113,0.85885,False,False,False
6. Green mirid bug/green_mirid_bug_00367.jpg,6. Green mirid bug/green_mirid_bug_00385.jpg,6. Green mirid bug,6. Green mirid bug,False,56,51,0.89669,False,False,False
6. Green mirid bug/green_mirid_bug_00367.jpg,6. Green mirid bug/green_mirid_bug_00386.jpg,6. Green mirid bug,6. Green mirid bug,False,58,62,0.87153,False,False,False
6. Green mirid bug/green_mirid_bug_00367.jpg,7. Healthy leaf/healthy_00349.jpg,6. Green mirid bug,7. Healthy leaf,True,56,101,0.82735,False,False,False
6. Green mirid bug/green_mirid_bug_00368.jpg,7. Healthy leaf/healthy_00928.jpg,6. Green mirid bug,7. Healthy leaf,True,64,123,0.88087,False,False,False
6. Green mirid bug/green_mirid_bug_00369.jpg,6. Green mirid bug/green_mirid_bug_00374.jpg,6. Green mirid bug,6. Green mirid bug,False,64,56,0.9023,False,False,False
6. Green mirid bug/green_mirid_bug_00369.jpg,7. Healthy leaf/healthy_00236.jpg,6. Green mirid bug,7. Healthy leaf,True,58,50,0.90518,False,False,False
6. Green mirid bug/green_mirid_bug_00370.jpg,6. Green mirid bug/green_mirid_bug_00421.jpg,6. Green mirid bug,6. Green mirid bug,False,60,57,0.90364,False,False,False
6. Green mirid bug/green_mirid_bug_00370.jpg,7. Healthy leaf/healthy_00219.jpg,6. Green mirid bug,7. Healthy leaf,True,36,63,0.90711,False,False,False
6. Green mirid bug/green_mirid_bug_00373.jpg,7. Healthy leaf/healthy_00210.jpg,6. Green mirid bug,7. Healthy leaf,True,62,70,0.94157,False,False,False
6. Green mirid bug/green_mirid_bug_00374.jpg,6. Green mirid bug/green_mirid_bug_00805.jpg,6. Green mirid bug,6. Green mirid bug,False,64,96,0.87497,False,False,False
6. Green mirid bug/green_mirid_bug_00376.jpg,7. Healthy leaf/healthy_00219.jpg,6. Green mirid bug,7. Healthy leaf,True,56,62,0.90954,False,False,False
6. Green mirid bug/green_mirid_bug_00376.jpg,7. Healthy leaf/healthy_00236.jpg,6. Green mirid bug,7. Healthy leaf,True,62,62,0.90734,False,False,False
6. Green mirid bug/green_mirid_bug_00378.jpg,7. Healthy leaf/healthy_00271.jpg,6. Green mirid bug,7. Healthy leaf,True,54,65,0.90099,False,False,False
6. Green mirid bug/green_mirid_bug_00379.jpg,7. Healthy leaf/healthy_00080.jpg,6. Green mirid bug,7. Healthy leaf,True,62,88,0.88672,False,False,False
6. Green mirid bug/green_mirid_bug_00380.jpg,6. Green mirid bug/green_mirid_bug_01279.jpg,6. Green mirid bug,6. Green mirid bug,False,56,106,0.88967,False,False,False
6. Green mirid bug/green_mirid_bug_00381.jpg,6. Green mirid bug/green_mirid_bug_00454.jpg,6. Green mirid bug,6. Green mirid bug,False,46,67,0.93038,False,False,False
6. Green mirid bug/green_mirid_bug_00381.jpg,7. Healthy leaf/healthy_00176.jpg,6. Green mirid bug,7. Healthy leaf,True,64,140,0.89588,False,False,False
6. Green mirid bug/green_mirid_bug_00381.jpg,7. Healthy leaf/healthy_00276.jpg,6. Green mirid bug,7. Healthy leaf,True,52,77,0.93341,False,False,False
6. Green mirid bug/green_mirid_bug_00381.jpg,7. Healthy leaf/healthy_00277.jpg,6. Green mirid bug,7. Healthy leaf,True,62,69,0.94488,False,False,False
6. Green mirid bug/green_mirid_bug_00381.jpg,7. Healthy leaf/healthy_00279.jpg,6. Green mirid bug,7. Healthy leaf,True,62,60,0.93895,False,False,False
6. Green mirid bug/green_mirid_bug_00381.jpg,7. Healthy leaf/healthy_00280.jpg,6. Green mirid bug,7. Healthy leaf,True,58,70,0.923,False,False,False
6. Green mirid bug/green_mirid_bug_00382.jpg,6. Green mirid bug/green_mirid_bug_00425.jpg,6. Green mirid bug,6. Green mirid bug,False,60,83,0.89918,False,False,False
6. Green mirid bug/green_mirid_bug_00382.jpg,6. Green mirid bug/green_mirid_bug_00435.jpg,6. Green mirid bug,6. Green mirid bug,False,60,71,0.89536,False,False,False
6. Green mirid bug/green_mirid_bug_00382.jpg,6. Green mirid bug/green_mirid_bug_01138.jpg,6. Green mirid bug,6. Green mirid bug,False,58,104,0.8881,False,False,False
6. Green mirid bug/green_mirid_bug_00382.jpg,7. Healthy leaf/healthy_00272.jpg,6. Green mirid bug,7. Healthy leaf,True,56,54,0.90605,False,False,False
6. Green mirid bug/green_mirid_bug_00382.jpg,7. Healthy leaf/healthy_00935.jpg,6. Green mirid bug,7. Healthy leaf,True,58,120,0.89126,False,False,False
6. Green mirid bug/green_mirid_bug_00383.jpg,6. Green mirid bug/green_mirid_bug_00412.jpg,6. Green mirid bug,6. Green mirid bug,False,64,83,0.89396,False,False,False
6. Green mirid bug/green_mirid_bug_00383.jpg,6. Green mirid bug/green_mirid_bug_00833.jpg,6. Green mirid bug,6. Green mirid bug,False,58,98,0.89165,False,False,False
6. Green mirid bug/green_mirid_bug_00385.jpg,6. Green mirid bug/green_mirid_bug_00386.jpg,6. Green mirid bug,6. Green mirid bug,False,56,37,0.87468,False,False,False
6. Green mirid bug/green_mirid_bug_00385.jpg,7. Healthy leaf/healthy_00173.jpg,6. Green mirid bug,7. Healthy leaf,True,60,112,0.84261,False,False,False
6. Green mirid bug/green_mirid_bug_00386.jpg,7. Healthy leaf/healthy_00349.jpg,6. Green mirid bug,7. Healthy leaf,True,64,111,0.81145,False,False,False
6. Green mirid bug/green_mirid_bug_00386.jpg,7. Healthy leaf/healthy_00803.jpg,6. Green mirid bug,7. Healthy leaf,True,60,129,0.85959,False,False,False
6. Green mirid bug/green_mirid_bug_00387.jpg,6. Green mirid bug/green_mirid_bug_00435.jpg,6. Green mirid bug,6. Green mirid bug,False,64,77,0.88024,False,False,False
6. Green mirid bug/green_mirid_bug_00387.jpg,7. Healthy leaf/healthy_00080.jpg,6. Green mirid bug,7. Healthy leaf,True,60,96,0.87006,False,False,False
6. Green mirid bug/green_mirid_bug_00387.jpg,7. Healthy leaf/healthy_00272.jpg,6. Green mirid bug,7. Healthy leaf,True,60,78,0.89239,False,False,False
6. Green mirid bug/green_mirid_bug_00387.jpg,7. Healthy leaf/healthy_00326.jpg,6. Green mirid bug,7. Healthy leaf,True,54,114,0.85561,False,False,False
6. Green mirid bug/green_mirid_bug_00388.jpg,6. Green mirid bug/green_mirid_bug_00389.jpg,6. Green mirid bug,6. Green mirid bug,False,6,12,0.98612,False,True,True
6. Green mirid bug/green_mirid_bug_00388.jpg,6. Green mirid bug/green_mirid_bug_01069.jpg,6. Green mirid bug,6. Green mirid bug,False,64,108,0.84969,False,False,False
6. Green mirid bug/green_mirid_bug_00389.jpg,6. Green mirid bug/green_mirid_bug_01069.jpg,6. Green mirid bug,6. Green mirid bug,False,62,110,0.8472,False,False,False
6. Green mirid bug/green_mirid_bug_00396.jpg,7. Healthy leaf/healthy_00269.jpg,6. Green mirid bug,7. Healthy leaf,True,60,46,0.85751,False,False,False
6. Green mirid bug/green_mirid_bug_00402.jpg,6. Green mirid bug/green_mirid_bug_00441.jpg,6. Green mirid bug,6. Green mirid bug,False,56,63,0.93254,False,False,False
6. Green mirid bug/green_mirid_bug_00402.jpg,7. Healthy leaf/healthy_00205.jpg,6. Green mirid bug,7. Healthy leaf,True,50,62,0.94175,False,False,False
6. Green mirid bug/green_mirid_bug_00402.jpg,7. Healthy leaf/healthy_00215.jpg,6. Green mirid bug,7. Healthy leaf,True,54,48,0.94152,False,True,False
6. Green mirid bug/green_mirid_bug_00405.jpg,6. Green mirid bug/green_mirid_bug_00460.jpg,6. Green mirid bug,6. Green mirid bug,False,58,58,0.9012,False,False,False
6. Green mirid bug/green_mirid_bug_00405.jpg,6. Green mirid bug/green_mirid_bug_00766.jpg,6. Green mirid bug,6. Green mirid bug,False,64,105,0.90056,False,False,False
6. Green mirid bug/green_mirid_bug_00405.jpg,6. Green mirid bug/green_mirid_bug_00793.jpg,6. Green mirid bug,6. Green mirid bug,False,58,119,0.89022,False,False,False
6. Green mirid bug/green_mirid_bug_00406.jpg,6. Green mirid bug/green_mirid_bug_00410.jpg,6. Green mirid bug,6. Green mirid bug,False,62,61,0.91248,False,False,False
6. Green mirid bug/green_mirid_bug_00406.jpg,7. Healthy leaf/healthy_00280.jpg,6. Green mirid bug,7. Healthy leaf,True,58,58,0.91686,False,False,False
6. Green mirid bug/green_mirid_bug_00407.jpg,6. Green mirid bug/green_mirid_bug_00411.jpg,6. Green mirid bug,6. Green mirid bug,False,40,54,0.90512,False,False,False
6. Green mirid bug/green_mirid_bug_00407.jpg,6. Green mirid bug/green_mirid_bug_00421.jpg,6. Green mirid bug,6. Green mirid bug,False,48,60,0.91002,False,False,False
6. Green mirid bug/green_mirid_bug_00407.jpg,6. Green mirid bug/green_mirid_bug_00867.jpg,6. Green mirid bug,6. Green mirid bug,False,62,100,0.88288,False,False,False
6. Green mirid bug/green_mirid_bug_00408.jpg,6. Green mirid bug/green_mirid_bug_00569.jpg,6. Green mirid bug,6. Green mirid bug,False,60,106,0.88101,False,False,False
6. Green mirid bug/green_mirid_bug_00408.jpg,7. Healthy leaf/healthy_00166.jpg,6. Green mirid bug,7. Healthy leaf,True,62,130,0.86946,False,False,False
6. Green mirid bug/green_mirid_bug_00409.jpg,6. Green mirid bug/green_mirid_bug_00421.jpg,6. Green mirid bug,6. Green mirid bug,False,64,67,0.90359,False,False,False
6. Green mirid bug/green_mirid_bug_00410.jpg,6. Green mirid bug/green_mirid_bug_00453.jpg,6. Green mirid bug,6. Green mirid bug,False,62,68,0.91294,False,False,False
6. Green mirid bug/green_mirid_bug_00410.jpg,7. Healthy leaf/healthy_00279.jpg,6. Green mirid bug,7. Healthy leaf,True,64,73,0.92178,False,False,False
6. Green mirid bug/green_mirid_bug_00411.jpg,6. Green mirid bug/green_mirid_bug_00421.jpg,6. Green mirid bug,6. Green mirid bug,False,52,40,0.90357,False,True,False
6. Green mirid bug/green_mirid_bug_00411.jpg,6. Green mirid bug/green_mirid_bug_00444.jpg,6. Green mirid bug,6. Green mirid bug,False,64,48,0.89529,False,False,False
6. Green mirid bug/green_mirid_bug_00411.jpg,6. Green mirid bug/green_mirid_bug_00867.jpg,6. Green mirid bug,6. Green mirid bug,False,56,106,0.88758,False,False,False
6. Green mirid bug/green_mirid_bug_00412.jpg,6. Green mirid bug/green_mirid_bug_00419.jpg,6. Green mirid bug,6. Green mirid bug,False,52,49,0.88546,False,False,False
6. Green mirid bug/green_mirid_bug_00412.jpg,6. Green mirid bug/green_mirid_bug_00425.jpg,6. Green mirid bug,6. Green mirid bug,False,56,62,0.89155,False,False,False
6. Green mirid bug/green_mirid_bug_00412.jpg,6. Green mirid bug/green_mirid_bug_00435.jpg,6. Green mirid bug,6. Green mirid bug,False,58,68,0.9031,False,False,False
6. Green mirid bug/green_mirid_bug_00412.jpg,6. Green mirid bug/green_mirid_bug_00794.jpg,6. Green mirid bug,6. Green mirid bug,False,64,96,0.88202,False,False,False
6. Green mirid bug/green_mirid_bug_00412.jpg,7. Healthy leaf/healthy_00264.jpg,6. Green mirid bug,7. Healthy leaf,True,52,68,0.93214,False,False,False
6. Green mirid bug/green_mirid_bug_00412.jpg,7. Healthy leaf/healthy_00283.jpg,6. Green mirid bug,7. Healthy leaf,True,64,54,0.92516,False,False,False
6. Green mirid bug/green_mirid_bug_00412.jpg,7. Healthy leaf/healthy_00935.jpg,6. Green mirid bug,7. Healthy leaf,True,54,113,0.88561,False,False,False
6. Green mirid bug/green_mirid_bug_00413.jpg,7. Healthy leaf/healthy_00248.jpg,6. Green mirid bug,7. Healthy leaf,True,50,53,0.85158,False,False,False
6. Green mirid bug/green_mirid_bug_00414.jpg,7. Healthy leaf/healthy_00652.jpg,6. Green mirid bug,7. Healthy leaf,True,64,85,0.82968,False,False,False
6. Green mirid bug/green_mirid_bug_00415.jpg,6. Green mirid bug/green_mirid_bug_00948.jpg,6. Green mirid bug,6. Green mirid bug,False,64,93,0.82744,False,False,False
6. Green mirid bug/green_mirid_bug_00415.jpg,7. Healthy leaf/healthy_00141.jpg,6. Green mirid bug,7. Healthy leaf,True,62,101,0.80849,False,False,False
6. Green mirid bug/green_mirid_bug_00417.jpg,7. Healthy leaf/healthy_00203.jpg,6. Green mirid bug,7. Healthy leaf,True,58,56,0.95461,False,False,False
6. Green mirid bug/green_mirid_bug_00418.jpg,7. Healthy leaf/healthy_00195.jpg,6. Green mirid bug,7. Healthy leaf,True,54,39,0.9488,False,True,False
6. Green mirid bug/green_mirid_bug_00418.jpg,7. Healthy leaf/healthy_00198.jpg,6. Green mirid bug,7. Healthy leaf,True,62,44,0.94516,False,True,False
6. Green mirid bug/green_mirid_bug_00419.jpg,6. Green mirid bug/green_mirid_bug_00425.jpg,6. Green mirid bug,6. Green mirid bug,False,50,71,0.89525,False,False,False
6. Green mirid bug/green_mirid_bug_00419.jpg,7. Healthy leaf/healthy_00935.jpg,6. Green mirid bug,7. Healthy leaf,True,52,120,0.87878,False,False,False
6. Green mirid bug/green_mirid_bug_00420.jpg,6. Green mirid bug/green_mirid_bug_00877.jpg,6. Green mirid bug,6. Green mirid bug,False,56,108,0.89694,False,False,False
6. Green mirid bug/green_mirid_bug_00420.jpg,7. Healthy leaf/healthy_00252.jpg,6. Green mirid bug,7. Healthy leaf,True,64,81,0.90841,False,False,False
6. Green mirid bug/green_mirid_bug_00420.jpg,7. Healthy leaf/healthy_00280.jpg,6. Green mirid bug,7. Healthy leaf,True,62,69,0.90639,False,False,False
6. Green mirid bug/green_mirid_bug_00421.jpg,6. Green mirid bug/green_mirid_bug_00534.jpg,6. Green mirid bug,6. Green mirid bug,False,64,76,0.8977,False,False,False
6. Green mirid bug/green_mirid_bug_00421.jpg,7. Healthy leaf/healthy_00219.jpg,6. Green mirid bug,7. Healthy leaf,True,58,54,0.90555,False,False,False
6. Green mirid bug/green_mirid_bug_00422.jpg,6. Green mirid bug/green_mirid_bug_00593.jpg,6. Green mirid bug,6. Green mirid bug,False,64,121,0.8805,False,False,False
6. Green mirid bug/green_mirid_bug_00422.jpg,7. Healthy leaf/healthy_00026.jpg,6. Green mirid bug,7. Healthy leaf,True,64,95,0.87798,False,False,False
6. Green mirid bug/green_mirid_bug_00422.jpg,7. Healthy leaf/healthy_00251.jpg,6. Green mirid bug,7. Healthy leaf,True,64,78,0.90337,False,False,False
6. Green mirid bug/green_mirid_bug_00422.jpg,7. Healthy leaf/healthy_00252.jpg,6. Green mirid bug,7. Healthy leaf,True,52,74,0.93688,False,False,False
6. Green mirid bug/green_mirid_bug_00422.jpg,7. Healthy leaf/healthy_00276.jpg,6. Green mirid bug,7. Healthy leaf,True,58,75,0.92101,False,False,False
6. Green mirid bug/green_mirid_bug_00422.jpg,7. Healthy leaf/healthy_00277.jpg,6. Green mirid bug,7. Healthy leaf,True,56,65,0.93485,False,False,False
6. Green mirid bug/green_mirid_bug_00422.jpg,7. Healthy leaf/healthy_00279.jpg,6. Green mirid bug,7. Healthy leaf,True,64,64,0.9325,False,False,False
6. Green mirid bug/green_mirid_bug_00423.jpg,6. Green mirid bug/green_mirid_bug_00427.jpg,6. Green mirid bug,6. Green mirid bug,False,46,64,0.91606,False,False,False
6. Green mirid bug/green_mirid_bug_00423.jpg,6. Green mirid bug/green_mirid_bug_00436.jpg,6. Green mirid bug,6. Green mirid bug,False,60,69,0.92513,False,False,False
6. Green mirid bug/green_mirid_bug_00423.jpg,6. Green mirid bug/green_mirid_bug_00452.jpg,6. Green mirid bug,6. Green mirid bug,False,58,75,0.92106,False,False,False
6. Green mirid bug/green_mirid_bug_00424.jpg,6. Green mirid bug/green_mirid_bug_00454.jpg,6. Green mirid bug,6. Green mirid bug,False,58,73,0.92273,False,False,False
6. Green mirid bug/green_mirid_bug_00424.jpg,6. Green mirid bug/green_mirid_bug_00460.jpg,6. Green mirid bug,6. Green mirid bug,False,60,79,0.91883,False,False,False
6. Green mirid bug/green_mirid_bug_00424.jpg,7. Healthy leaf/healthy_00279.jpg,6. Green mirid bug,7. Healthy leaf,True,60,68,0.92017,False,False,False
6. Green mirid bug/green_mirid_bug_00425.jpg,6. Green mirid bug/green_mirid_bug_00435.jpg,6. Green mirid bug,6. Green mirid bug,False,60,86,0.88311,False,False,False
6. Green mirid bug/green_mirid_bug_00425.jpg,7. Healthy leaf/healthy_00930.jpg,6. Green mirid bug,7. Healthy leaf,True,62,128,0.88531,False,False,False
6. Green mirid bug/green_mirid_bug_00425.jpg,7. Healthy leaf/healthy_00935.jpg,6. Green mirid bug,7. Healthy leaf,True,50,113,0.89002,False,False,False
6. Green mirid bug/green_mirid_bug_00426.jpg,6. Green mirid bug/green_mirid_bug_01276.jpg,6. Green mirid bug,6. Green mirid bug,False,64,127,0.87867,False,False,False
6. Green mirid bug/green_mirid_bug_00426.jpg,7. Healthy leaf/healthy_00153.jpg,6. Green mirid bug,7. Healthy leaf,True,64,86,0.83929,False,False,False
6. Green mirid bug/green_mirid_bug_00426.jpg,7. Healthy leaf/healthy_00247.jpg,6. Green mirid bug,7. Healthy leaf,True,54,74,0.90934,False,False,False
6. Green mirid bug/green_mirid_bug_00426.jpg,7. Healthy leaf/healthy_00272.jpg,6. Green mirid bug,7. Healthy leaf,True,58,55,0.90849,False,False,False
6. Green mirid bug/green_mirid_bug_00426.jpg,7. Healthy leaf/healthy_00278.jpg,6. Green mirid bug,7. Healthy leaf,True,62,66,0.91118,False,False,False
6. Green mirid bug/green_mirid_bug_00427.jpg,6. Green mirid bug/green_mirid_bug_00832.jpg,6. Green mirid bug,6. Green mirid bug,False,58,107,0.90579,False,False,False
6. Green mirid bug/green_mirid_bug_00427.jpg,7. Healthy leaf/healthy_00252.jpg,6. Green mirid bug,7. Healthy leaf,True,64,62,0.91979,False,False,False
6. Green mirid bug/green_mirid_bug_00427.jpg,7. Healthy leaf/healthy_00276.jpg,6. Green mirid bug,7. Healthy leaf,True,64,55,0.91425,False,False,False
6. Green mirid bug/green_mirid_bug_00428.jpg,6. Green mirid bug/green_mirid_bug_00452.jpg,6. Green mirid bug,6. Green mirid bug,False,64,68,0.91765,False,False,False
6. Green mirid bug/green_mirid_bug_00429.jpg,6. Green mirid bug/green_mirid_bug_00438.jpg,6. Green mirid bug,6. Green mirid bug,False,58,69,0.92563,False,False,False
6. Green mirid bug/green_mirid_bug_00430.jpg,6. Green mirid bug/green_mirid_bug_00441.jpg,6. Green mirid bug,6. Green mirid bug,False,46,76,0.93545,False,False,False
6. Green mirid bug/green_mirid_bug_00433.jpg,7. Healthy leaf/healthy_00032.jpg,6. Green mirid bug,7. Healthy leaf,True,64,81,0.87591,False,False,False
6. Green mirid bug/green_mirid_bug_00433.jpg,7. Healthy leaf/healthy_00773.jpg,6. Green mirid bug,7. Healthy leaf,True,62,93,0.8936,False,False,False
6. Green mirid bug/green_mirid_bug_00435.jpg,6. Green mirid bug/green_mirid_bug_01275.jpg,6. Green mirid bug,6. Green mirid bug,False,64,118,0.88179,False,False,False
6. Green mirid bug/green_mirid_bug_00435.jpg,7. Healthy leaf/healthy_00127.jpg,6. Green mirid bug,7. Healthy leaf,True,56,113,0.85708,False,False,False
6. Green mirid bug/green_mirid_bug_00435.jpg,7. Healthy leaf/healthy_00129.jpg,6. Green mirid bug,7. Healthy leaf,True,60,113,0.85862,False,False,False
6. Green mirid bug/green_mirid_bug_00435.jpg,7. Healthy leaf/healthy_00272.jpg,6. Green mirid bug,7. Healthy leaf,True,60,59,0.90421,False,False,False
6. Green mirid bug/green_mirid_bug_00436.jpg,6. Green mirid bug/green_mirid_bug_00437.jpg,6. Green mirid bug,6. Green mirid bug,False,56,83,0.94429,False,False,False
6. Green mirid bug/green_mirid_bug_00436.jpg,6. Green mirid bug/green_mirid_bug_00459.jpg,6. Green mirid bug,6. Green mirid bug,False,60,91,0.90975,False,False,False
6. Green mirid bug/green_mirid_bug_00437.jpg,6. Green mirid bug/green_mirid_bug_00440.jpg,6. Green mirid bug,6. Green mirid bug,False,58,87,0.93774,False,False,False
6. Green mirid bug/green_mirid_bug_00437.jpg,6. Green mirid bug/green_mirid_bug_00464.jpg,6. Green mirid bug,6. Green mirid bug,False,60,89,0.9134,False,False,False
6. Green mirid bug/green_mirid_bug_00438.jpg,6. Green mirid bug/green_mirid_bug_00456.jpg,6. Green mirid bug,6. Green mirid bug,False,50,55,0.93226,False,False,False
6. Green mirid bug/green_mirid_bug_00438.jpg,6. Green mirid bug/green_mirid_bug_00460.jpg,6. Green mirid bug,6. Green mirid bug,False,60,65,0.91924,False,False,False
6. Green mirid bug/green_mirid_bug_00439.jpg,7. Healthy leaf/healthy_00780.jpg,6. Green mirid bug,7. Healthy leaf,True,58,116,0.87847,False,False,False
6. Green mirid bug/green_mirid_bug_00440.jpg,6. Green mirid bug/green_mirid_bug_00455.jpg,6. Green mirid bug,6. Green mirid bug,False,44,58,0.94237,False,False,False
6. Green mirid bug/green_mirid_bug_00440.jpg,6. Green mirid bug/green_mirid_bug_00461.jpg,6. Green mirid bug,6. Green mirid bug,False,52,51,0.93415,False,False,False
6. Green mirid bug/green_mirid_bug_00440.jpg,6. Green mirid bug/green_mirid_bug_00462.jpg,6. Green mirid bug,6. Green mirid bug,False,48,54,0.93932,False,False,False
6. Green mirid bug/green_mirid_bug_00440.jpg,6. Green mirid bug/green_mirid_bug_00556.jpg,6. Green mirid bug,6. Green mirid bug,False,60,98,0.90078,False,False,False
6. Green mirid bug/green_mirid_bug_00441.jpg,7. Healthy leaf/healthy_00205.jpg,6. Green mirid bug,7. Healthy leaf,True,52,57,0.94148,False,False,False
6. Green mirid bug/green_mirid_bug_00442.jpg,6. Green mirid bug/green_mirid_bug_00557.jpg,6. Green mirid bug,6. Green mirid bug,False,64,100,0.88744,False,False,False
6. Green mirid bug/green_mirid_bug_00442.jpg,7. Healthy leaf/healthy_00217.jpg,6. Green mirid bug,7. Healthy leaf,True,64,63,0.92497,False,False,False
6. Green mirid bug/green_mirid_bug_00444.jpg,7. Healthy leaf/healthy_00159.jpg,6. Green mirid bug,7. Healthy leaf,True,60,99,0.84948,False,False,False
6. Green mirid bug/green_mirid_bug_00444.jpg,7. Healthy leaf/healthy_00780.jpg,6. Green mirid bug,7. Healthy leaf,True,64,90,0.89103,False,False,False
6. Green mirid bug/green_mirid_bug_00444.jpg,7. Healthy leaf/healthy_00935.jpg,6. Green mirid bug,7. Healthy leaf,True,62,120,0.87491,False,False,False
6. Green mirid bug/green_mirid_bug_00445.jpg,6. Green mirid bug/green_mirid_bug_00862.jpg,6. Green mirid bug,6. Green mirid bug,False,64,117,0.86957,False,False,False
6. Green mirid bug/green_mirid_bug_00446.jpg,6. Green mirid bug/green_mirid_bug_00452.jpg,6. Green mirid bug,6. Green mirid bug,False,58,56,0.90778,False,False,False
6. Green mirid bug/green_mirid_bug_00446.jpg,7. Healthy leaf/healthy_00177.jpg,6. Green mirid bug,7. Healthy leaf,True,62,102,0.87418,False,False,False
6. Green mirid bug/green_mirid_bug_00446.jpg,7. Healthy leaf/healthy_00283.jpg,6. Green mirid bug,7. Healthy leaf,True,64,67,0.89614,False,False,False
6. Green mirid bug/green_mirid_bug_00447.jpg,6. Green mirid bug/green_mirid_bug_00621.jpg,6. Green mirid bug,6. Green mirid bug,False,64,104,0.88258,False,False,False
6. Green mirid bug/green_mirid_bug_00447.jpg,7. Healthy leaf/healthy_00284.jpg,6. Green mirid bug,7. Healthy leaf,True,58,45,0.93716,False,True,False
6. Green mirid bug/green_mirid_bug_00448.jpg,6. Green mirid bug/green_mirid_bug_00455.jpg,6. Green mirid bug,6. Green mirid bug,False,60,58,0.92613,False,False,False
6. Green mirid bug/green_mirid_bug_00448.jpg,7. Healthy leaf/healthy_00203.jpg,6. Green mirid bug,7. Healthy leaf,True,62,61,0.93291,False,False,False
6. Green mirid bug/green_mirid_bug_00449.jpg,6. Green mirid bug/green_mirid_bug_00456.jpg,6. Green mirid bug,6. Green mirid bug,False,48,39,0.94429,False,True,False
6. Green mirid bug/green_mirid_bug_00449.jpg,7. Healthy leaf/healthy_00198.jpg,6. Green mirid bug,7. Healthy leaf,True,44,53,0.94597,False,False,False
6. Green mirid bug/green_mirid_bug_00450.jpg,7. Healthy leaf/healthy_00283.jpg,6. Green mirid bug,7. Healthy leaf,True,64,65,0.90352,False,False,False
6. Green mirid bug/green_mirid_bug_00451.jpg,6. Green mirid bug/green_mirid_bug_01185.jpg,6. Green mirid bug,6. Green mirid bug,False,62,106,0.86982,False,False,False
6. Green mirid bug/green_mirid_bug_00452.jpg,7. Healthy leaf/healthy_00283.jpg,6. Green mirid bug,7. Healthy leaf,True,56,61,0.9181,False,False,False
6. Green mirid bug/green_mirid_bug_00452.jpg,7. Healthy leaf/healthy_00285.jpg,6. Green mirid bug,7. Healthy leaf,True,60,57,0.92703,False,False,False
6. Green mirid bug/green_mirid_bug_00452.jpg,7. Healthy leaf/healthy_00287.jpg,6. Green mirid bug,7. Healthy leaf,True,54,73,0.927,False,False,False
6. Green mirid bug/green_mirid_bug_00453.jpg,6. Green mirid bug/green_mirid_bug_00454.jpg,6. Green mirid bug,6. Green mirid bug,False,58,54,0.91767,False,False,False
6. Green mirid bug/green_mirid_bug_00453.jpg,6. Green mirid bug/green_mirid_bug_00621.jpg,6. Green mirid bug,6. Green mirid bug,False,64,101,0.88396,False,False,False
6. Green mirid bug/green_mirid_bug_00454.jpg,6. Green mirid bug/green_mirid_bug_00460.jpg,6. Green mirid bug,6. Green mirid bug,False,62,68,0.91885,False,False,False
6. Green mirid bug/green_mirid_bug_00454.jpg,6. Green mirid bug/green_mirid_bug_00464.jpg,6. Green mirid bug,6. Green mirid bug,False,52,64,0.92453,False,False,False
6. Green mirid bug/green_mirid_bug_00454.jpg,7. Healthy leaf/healthy_00276.jpg,6. Green mirid bug,7. Healthy leaf,True,52,66,0.91891,False,False,False
6. Green mirid bug/green_mirid_bug_00454.jpg,7. Healthy leaf/healthy_00279.jpg,6. Green mirid bug,7. Healthy leaf,True,44,49,0.92358,False,False,False
6. Green mirid bug/green_mirid_bug_00456.jpg,6. Green mirid bug/green_mirid_bug_00457.jpg,6. Green mirid bug,6. Green mirid bug,False,48,58,0.932,False,False,False
6. Green mirid bug/green_mirid_bug_00456.jpg,6. Green mirid bug/green_mirid_bug_00463.jpg,6. Green mirid bug,6. Green mirid bug,False,60,58,0.93242,False,False,False
6. Green mirid bug/green_mirid_bug_00456.jpg,7. Healthy leaf/healthy_00198.jpg,6. Green mirid bug,7. Healthy leaf,True,64,50,0.94808,False,False,False
6. Green mirid bug/green_mirid_bug_00456.jpg,7. Healthy leaf/healthy_00284.jpg,6. Green mirid bug,7. Healthy leaf,True,58,66,0.93305,False,False,False
6. Green mirid bug/green_mirid_bug_00457.jpg,7. Healthy leaf/healthy_00284.jpg,6. Green mirid bug,7. Healthy leaf,True,60,70,0.93149,False,False,False
6. Green mirid bug/green_mirid_bug_00459.jpg,7. Healthy leaf/healthy_00276.jpg,6. Green mirid bug,7. Healthy leaf,True,64,73,0.90536,False,False,False
6. Green mirid bug/green_mirid_bug_00460.jpg,6. Green mirid bug/green_mirid_bug_01184.jpg,6. Green mirid bug,6. Green mirid bug,False,64,113,0.87595,False,False,False
6. Green mirid bug/green_mirid_bug_00460.jpg,7. Healthy leaf/healthy_00279.jpg,6. Green mirid bug,7. Healthy leaf,True,58,63,0.92742,False,False,False
6. Green mirid bug/green_mirid_bug_00461.jpg,6. Green mirid bug/green_mirid_bug_00462.jpg,6. Green mirid bug,6. Green mirid bug,False,64,35,0.93136,False,True,False
6. Green mirid bug/green_mirid_bug_00461.jpg,6. Green mirid bug/green_mirid_bug_00556.jpg,6. Green mirid bug,6. Green mirid bug,False,58,111,0.90276,False,False,False
6. Green mirid bug/green_mirid_bug_00462.jpg,7. Healthy leaf/healthy_00195.jpg,6. Green mirid bug,7. Healthy leaf,True,48,51,0.94672,False,False,False
6. Green mirid bug/green_mirid_bug_00463.jpg,7. Healthy leaf/healthy_00284.jpg,6. Green mirid bug,7. Healthy leaf,True,60,58,0.9312,False,False,False
6. Green mirid bug/green_mirid_bug_00472.jpg,6. Green mirid bug/green_mirid_bug_00473.jpg,6. Green mirid bug,6. Green mirid bug,False,52,21,0.91188,False,True,False
6. Green mirid bug/green_mirid_bug_00472.jpg,6. Green mirid bug/green_mirid_bug_00511.jpg,6. Green mirid bug,6. Green mirid bug,False,62,127,0.84624,False,False,False
6. Green mirid bug/green_mirid_bug_00472.jpg,6. Green mirid bug/green_mirid_bug_00688.jpg,6. Green mirid bug,6. Green mirid bug,False,64,101,0.86557,False,False,False
6. Green mirid bug/green_mirid_bug_00473.jpg,6. Green mirid bug/green_mirid_bug_00511.jpg,6. Green mirid bug,6. Green mirid bug,False,56,122,0.85051,False,False,False
6. Green mirid bug/green_mirid_bug_00474.jpg,6. Green mirid bug/green_mirid_bug_00475.jpg,6. Green mirid bug,6. Green mirid bug,False,58,57,0.68534,False,False,False
6. Green mirid bug/green_mirid_bug_00477.jpg,6. Green mirid bug/green_mirid_bug_01139.jpg,6. Green mirid bug,6. Green mirid bug,False,60,84,0.84966,False,False,False
6. Green mirid bug/green_mirid_bug_00477.jpg,7. Healthy leaf/healthy_00922.jpg,6. Green mirid bug,7. Healthy leaf,True,60,65,0.84721,False,False,False
6. Green mirid bug/green_mirid_bug_00486.jpg,6. Green mirid bug/green_mirid_bug_00487.jpg,6. Green mirid bug,6. Green mirid bug,False,36,36,0.87527,False,False,False
6. Green mirid bug/green_mirid_bug_00486.jpg,6. Green mirid bug/green_mirid_bug_00488.jpg,6. Green mirid bug,6. Green mirid bug,False,34,40,0.87149,False,False,False
6. Green mirid bug/green_mirid_bug_00487.jpg,6. Green mirid bug/green_mirid_bug_00488.jpg,6. Green mirid bug,6. Green mirid bug,False,6,22,0.96148,False,True,True
6. Green mirid bug/green_mirid_bug_00489.jpg,6. Green mirid bug/green_mirid_bug_00623.jpg,6. Green mirid bug,6. Green mirid bug,False,62,100,0.83633,False,False,False
6. Green mirid bug/green_mirid_bug_00494.jpg,7. Healthy leaf/healthy_00357.jpg,6. Green mirid bug,7. Healthy leaf,True,62,65,0.82747,False,False,False
6. Green mirid bug/green_mirid_bug_00496.jpg,7. Healthy leaf/healthy_00327.jpg,6. Green mirid bug,7. Healthy leaf,True,62,46,0.87684,False,False,False
6. Green mirid bug/green_mirid_bug_00499.jpg,6. Green mirid bug/green_mirid_bug_00500.jpg,6. Green mirid bug,6. Green mirid bug,False,44,67,0.82001,False,False,False
6. Green mirid bug/green_mirid_bug_00501.jpg,6. Green mirid bug/green_mirid_bug_00502.jpg,6. Green mirid bug,6. Green mirid bug,False,32,69,0.84898,False,False,False
6. Green mirid bug/green_mirid_bug_00501.jpg,6. Green mirid bug/green_mirid_bug_00973.jpg,6. Green mirid bug,6. Green mirid bug,False,62,81,0.81446,False,False,False
6. Green mirid bug/green_mirid_bug_00507.jpg,6. Green mirid bug/green_mirid_bug_00508.jpg,6. Green mirid bug,6. Green mirid bug,False,60,76,0.84058,False,False,False
6. Green mirid bug/green_mirid_bug_00512.jpg,6. Green mirid bug/green_mirid_bug_00575.jpg,6. Green mirid bug,6. Green mirid bug,False,54,98,0.84848,False,False,False
6. Green mirid bug/green_mirid_bug_00513.jpg,6. Green mirid bug/green_mirid_bug_00518.jpg,6. Green mirid bug,6. Green mirid bug,False,62,112,0.83942,False,False,False
6. Green mirid bug/green_mirid_bug_00513.jpg,7. Healthy leaf/healthy_00065.jpg,6. Green mirid bug,7. Healthy leaf,True,56,122,0.85578,False,False,False
6. Green mirid bug/green_mirid_bug_00513.jpg,7. Healthy leaf/healthy_00912.jpg,6. Green mirid bug,7. Healthy leaf,True,62,89,0.86325,False,False,False
6. Green mirid bug/green_mirid_bug_00515.jpg,6. Green mirid bug/green_mirid_bug_00516.jpg,6. Green mirid bug,6. Green mirid bug,False,18,23,0.92502,False,True,True
6. Green mirid bug/green_mirid_bug_00518.jpg,7. Healthy leaf/healthy_00065.jpg,6. Green mirid bug,7. Healthy leaf,True,58,100,0.84774,False,False,False
6. Green mirid bug/green_mirid_bug_00518.jpg,7. Healthy leaf/healthy_00081.jpg,6. Green mirid bug,7. Healthy leaf,True,64,116,0.83717,False,False,False
6. Green mirid bug/green_mirid_bug_00518.jpg,7. Healthy leaf/healthy_00717.jpg,6. Green mirid bug,7. Healthy leaf,True,64,105,0.84247,False,False,False
6. Green mirid bug/green_mirid_bug_00521.jpg,6. Green mirid bug/green_mirid_bug_00522.jpg,6. Green mirid bug,6. Green mirid bug,False,18,24,0.9058,False,True,True
6. Green mirid bug/green_mirid_bug_00522.jpg,6. Green mirid bug/green_mirid_bug_00825.jpg,6. Green mirid bug,6. Green mirid bug,False,60,94,0.84077,False,False,False
6. Green mirid bug/green_mirid_bug_00526.jpg,6. Green mirid bug/green_mirid_bug_00534.jpg,6. Green mirid bug,6. Green mirid bug,False,46,98,0.88306,False,False,False
6. Green mirid bug/green_mirid_bug_00526.jpg,6. Green mirid bug/green_mirid_bug_00629.jpg,6. Green mirid bug,6. Green mirid bug,False,64,105,0.8442,False,False,False
6. Green mirid bug/green_mirid_bug_00527.jpg,6. Green mirid bug/green_mirid_bug_00629.jpg,6. Green mirid bug,6. Green mirid bug,False,40,100,0.84862,False,False,False
6. Green mirid bug/green_mirid_bug_00528.jpg,7. Healthy leaf/healthy_00245.jpg,6. Green mirid bug,7. Healthy leaf,True,64,109,0.87672,False,False,False
6. Green mirid bug/green_mirid_bug_00532.jpg,6. Green mirid bug/green_mirid_bug_00916.jpg,6. Green mirid bug,6. Green mirid bug,False,62,109,0.84848,False,False,False
6. Green mirid bug/green_mirid_bug_00533.jpg,6. Green mirid bug/green_mirid_bug_00534.jpg,6. Green mirid bug,6. Green mirid bug,False,56,37,0.90361,False,True,False
6. Green mirid bug/green_mirid_bug_00533.jpg,7. Healthy leaf/healthy_00798.jpg,6. Green mirid bug,7. Healthy leaf,True,64,110,0.90901,False,False,False
6. Green mirid bug/green_mirid_bug_00537.jpg,7. Healthy leaf/healthy_00729.jpg,6. Green mirid bug,7. Healthy leaf,True,58,107,0.84932,False,False,False
6. Green mirid bug/green_mirid_bug_00538.jpg,6. Green mirid bug/green_mirid_bug_00600.jpg,6. Green mirid bug,6. Green mirid bug,False,62,81,0.83924,False,False,False
6. Green mirid bug/green_mirid_bug_00538.jpg,7. Healthy leaf/healthy_00228.jpg,6. Green mirid bug,7. Healthy leaf,True,64,102,0.86457,False,False,False
6. Green mirid bug/green_mirid_bug_00544.jpg,6. Green mirid bug/green_mirid_bug_00546.jpg,6. Green mirid bug,6. Green mirid bug,False,46,48,0.85408,False,False,False
6. Green mirid bug/green_mirid_bug_00547.jpg,6. Green mirid bug/green_mirid_bug_00548.jpg,6. Green mirid bug,6. Green mirid bug,False,28,43,0.87838,False,False,False
6. Green mirid bug/green_mirid_bug_00552.jpg,7. Healthy leaf/healthy_00837.jpg,6. Green mirid bug,7. Healthy leaf,True,64,123,0.84712,False,False,False
6. Green mirid bug/green_mirid_bug_00563.jpg,6. Green mirid bug/green_mirid_bug_00564.jpg,6. Green mirid bug,6. Green mirid bug,False,22,19,0.87304,False,False,False
6. Green mirid bug/green_mirid_bug_00566.jpg,6. Green mirid bug/green_mirid_bug_00567.jpg,6. Green mirid bug,6. Green mirid bug,False,46,41,0.79842,False,False,False
6. Green mirid bug/green_mirid_bug_00571.jpg,6. Green mirid bug/green_mirid_bug_00647.jpg,6. Green mirid bug,6. Green mirid bug,False,56,90,0.86918,False,False,False
6. Green mirid bug/green_mirid_bug_00571.jpg,6. Green mirid bug/green_mirid_bug_00648.jpg,6. Green mirid bug,6. Green mirid bug,False,50,90,0.86935,False,False,False
6. Green mirid bug/green_mirid_bug_00574.jpg,7. Healthy leaf/healthy_00782.jpg,6. Green mirid bug,7. Healthy leaf,True,64,112,0.81609,False,False,False
6. Green mirid bug/green_mirid_bug_00580.jpg,6. Green mirid bug/green_mirid_bug_00581.jpg,6. Green mirid bug,6. Green mirid bug,False,14,19,0.93737,False,True,True
6. Green mirid bug/green_mirid_bug_00580.jpg,6. Green mirid bug/green_mirid_bug_00582.jpg,6. Green mirid bug,6. Green mirid bug,False,60,66,0.83131,False,False,False
6. Green mirid bug/green_mirid_bug_00581.jpg,6. Green mirid bug/green_mirid_bug_00582.jpg,6. Green mirid bug,6. Green mirid bug,False,54,65,0.83638,False,False,False
6. Green mirid bug/green_mirid_bug_00581.jpg,7. Healthy leaf/healthy_00217.jpg,6. Green mirid bug,7. Healthy leaf,True,62,98,0.84665,False,False,False
6. Green mirid bug/green_mirid_bug_00588.jpg,6. Green mirid bug/green_mirid_bug_00827.jpg,6. Green mirid bug,6. Green mirid bug,False,54,126,0.78758,False,False,False
6. Green mirid bug/green_mirid_bug_00593.jpg,6. Green mirid bug/green_mirid_bug_00795.jpg,6. Green mirid bug,6. Green mirid bug,False,64,78,0.87534,False,False,False
6. Green mirid bug/green_mirid_bug_00593.jpg,6. Green mirid bug/green_mirid_bug_00877.jpg,6. Green mirid bug,6. Green mirid bug,False,58,72,0.89335,False,False,False
6. Green mirid bug/green_mirid_bug_00593.jpg,6. Green mirid bug/green_mirid_bug_01273.jpg,6. Green mirid bug,6. Green mirid bug,False,58,82,0.86614,False,False,False
6. Green mirid bug/green_mirid_bug_00593.jpg,7. Healthy leaf/healthy_00283.jpg,6. Green mirid bug,7. Healthy leaf,True,62,119,0.8851,False,False,False
6. Green mirid bug/green_mirid_bug_00593.jpg,7. Healthy leaf/healthy_00930.jpg,6. Green mirid bug,7. Healthy leaf,True,56,85,0.89226,False,False,False
6. Green mirid bug/green_mirid_bug_00595.jpg,6. Green mirid bug/green_mirid_bug_01144.jpg,6. Green mirid bug,6. Green mirid bug,False,64,103,0.81665,False,False,False
6. Green mirid bug/green_mirid_bug_00597.jpg,7. Healthy leaf/healthy_00182.jpg,6. Green mirid bug,7. Healthy leaf,True,64,111,0.83382,False,False,False
6. Green mirid bug/green_mirid_bug_00600.jpg,7. Healthy leaf/healthy_00228.jpg,6. Green mirid bug,7. Healthy leaf,True,52,101,0.8561,False,False,False
6. Green mirid bug/green_mirid_bug_00601.jpg,6. Green mirid bug/green_mirid_bug_00602.jpg,6. Green mirid bug,6. Green mirid bug,False,60,69,0.8312,False,False,False
6. Green mirid bug/green_mirid_bug_00601.jpg,6. Green mirid bug/green_mirid_bug_00603.jpg,6. Green mirid bug,6. Green mirid bug,False,56,56,0.84241,False,False,False
6. Green mirid bug/green_mirid_bug_00601.jpg,7. Healthy leaf/healthy_00782.jpg,6. Green mirid bug,7. Healthy leaf,True,62,111,0.85113,False,False,False
6. Green mirid bug/green_mirid_bug_00602.jpg,6. Green mirid bug/green_mirid_bug_00603.jpg,6. Green mirid bug,6. Green mirid bug,False,22,23,0.88399,False,False,False
6. Green mirid bug/green_mirid_bug_00604.jpg,6. Green mirid bug/green_mirid_bug_00933.jpg,6. Green mirid bug,6. Green mirid bug,False,64,92,0.78485,False,False,False
6. Green mirid bug/green_mirid_bug_00606.jpg,6. Green mirid bug/green_mirid_bug_00608.jpg,6. Green mirid bug,6. Green mirid bug,False,58,75,0.72267,False,False,False
6. Green mirid bug/green_mirid_bug_00609.jpg,6. Green mirid bug/green_mirid_bug_00711.jpg,6. Green mirid bug,6. Green mirid bug,False,56,74,0.78146,False,False,False
6. Green mirid bug/green_mirid_bug_00620.jpg,7. Healthy leaf/healthy_00800.jpg,6. Green mirid bug,7. Healthy leaf,True,62,83,0.85436,False,False,False
6. Green mirid bug/green_mirid_bug_00620.jpg,7. Healthy leaf/healthy_00801.jpg,6. Green mirid bug,7. Healthy leaf,True,64,89,0.85387,False,False,False
6. Green mirid bug/green_mirid_bug_00623.jpg,6. Green mirid bug/green_mirid_bug_00647.jpg,6. Green mirid bug,6. Green mirid bug,False,58,52,0.85678,False,False,False
6. Green mirid bug/green_mirid_bug_00623.jpg,6. Green mirid bug/green_mirid_bug_00865.jpg,6. Green mirid bug,6. Green mirid bug,False,64,111,0.81768,False,False,False
6. Green mirid bug/green_mirid_bug_00625.jpg,6. Green mirid bug/green_mirid_bug_00626.jpg,6. Green mirid bug,6. Green mirid bug,False,62,83,0.7797,False,False,False
6. Green mirid bug/green_mirid_bug_00630.jpg,6. Green mirid bug/green_mirid_bug_00674.jpg,6. Green mirid bug,6. Green mirid bug,False,64,128,0.80549,False,False,False
6. Green mirid bug/green_mirid_bug_00631.jpg,6. Green mirid bug/green_mirid_bug_00632.jpg,6. Green mirid bug,6. Green mirid bug,False,46,99,0.80701,False,False,False
6. Green mirid bug/green_mirid_bug_00631.jpg,6. Green mirid bug/green_mirid_bug_00934.jpg,6. Green mirid bug,6. Green mirid bug,False,60,105,0.81333,False,False,False
6. Green mirid bug/green_mirid_bug_00633.jpg,7. Healthy leaf/healthy_00370.jpg,6. Green mirid bug,7. Healthy leaf,True,64,80,0.81319,False,False,False
6. Green mirid bug/green_mirid_bug_00638.jpg,6. Green mirid bug/green_mirid_bug_00933.jpg,6. Green mirid bug,6. Green mirid bug,False,58,65,0.84422,False,False,False
6. Green mirid bug/green_mirid_bug_00641.jpg,6. Green mirid bug/green_mirid_bug_01055.jpg,6. Green mirid bug,6. Green mirid bug,False,64,79,0.79046,False,False,False
6. Green mirid bug/green_mirid_bug_00647.jpg,6. Green mirid bug/green_mirid_bug_00648.jpg,6. Green mirid bug,6. Green mirid bug,False,24,18,0.91869,False,True,True
6. Green mirid bug/green_mirid_bug_00649.jpg,6. Green mirid bug/green_mirid_bug_00650.jpg,6. Green mirid bug,6. Green mirid bug,False,38,45,0.89367,False,False,False
6. Green mirid bug/green_mirid_bug_00649.jpg,6. Green mirid bug/green_mirid_bug_00651.jpg,6. Green mirid bug,6. Green mirid bug,False,36,40,0.90138,False,True,False
6. Green mirid bug/green_mirid_bug_00650.jpg,6. Green mirid bug/green_mirid_bug_00651.jpg,6. Green mirid bug,6. Green mirid bug,False,4,9,0.97955,False,True,True
6. Green mirid bug/green_mirid_bug_00652.jpg,7. Healthy leaf/healthy_00063.jpg,6. Green mirid bug,7. Healthy leaf,True,60,120,0.89152,False,False,False
6. Green mirid bug/green_mirid_bug_00653.jpg,7. Healthy leaf/healthy_00180.jpg,6. Green mirid bug,7. Healthy leaf,True,64,104,0.86724,False,False,False
6. Green mirid bug/green_mirid_bug_00653.jpg,7. Healthy leaf/healthy_00361.jpg,6. Green mirid bug,7. Healthy leaf,True,64,91,0.87566,False,False,False
6. Green mirid bug/green_mirid_bug_00656.jpg,6. Green mirid bug/green_mirid_bug_00901.jpg,6. Green mirid bug,6. Green mirid bug,False,56,109,0.86236,False,False,False
6. Green mirid bug/green_mirid_bug_00658.jpg,7. Healthy leaf/healthy_00550.jpg,6. Green mirid bug,7. Healthy leaf,True,60,84,0.76785,False,False,False
6. Green mirid bug/green_mirid_bug_00659.jpg,7. Healthy leaf/healthy_00439.jpg,6. Green mirid bug,7. Healthy leaf,True,56,64,0.74347,False,False,False
6. Green mirid bug/green_mirid_bug_00660.jpg,7. Healthy leaf/healthy_00471.jpg,6. Green mirid bug,7. Healthy leaf,True,62,79,0.76074,False,False,False
6. Green mirid bug/green_mirid_bug_00664.jpg,6. Green mirid bug/green_mirid_bug_00703.jpg,6. Green mirid bug,6. Green mirid bug,False,64,108,0.81272,False,False,False
6. Green mirid bug/green_mirid_bug_00672.jpg,6. Green mirid bug/green_mirid_bug_00827.jpg,6. Green mirid bug,6. Green mirid bug,False,64,101,0.8202,False,False,False
6. Green mirid bug/green_mirid_bug_00689.jpg,6. Green mirid bug/green_mirid_bug_00690.jpg,6. Green mirid bug,6. Green mirid bug,False,10,5,0.97604,False,True,True
6. Green mirid bug/green_mirid_bug_00712.jpg,6. Green mirid bug/green_mirid_bug_00715.jpg,6. Green mirid bug,6. Green mirid bug,False,64,90,0.76038,False,False,False
6. Green mirid bug/green_mirid_bug_00719.jpg,7. Healthy leaf/healthy_00749.jpg,6. Green mirid bug,7. Healthy leaf,True,64,55,0.85129,False,False,False
6. Green mirid bug/green_mirid_bug_00719.jpg,7. Healthy leaf/healthy_00794.jpg,6. Green mirid bug,7. Healthy leaf,True,64,55,0.85433,False,False,False
6. Green mirid bug/green_mirid_bug_00722.jpg,7. Healthy leaf/healthy_00780.jpg,6. Green mirid bug,7. Healthy leaf,True,64,56,0.90079,False,False,False
6. Green mirid bug/green_mirid_bug_00724.jpg,6. Green mirid bug/green_mirid_bug_00846.jpg,6. Green mirid bug,6. Green mirid bug,False,64,99,0.81513,False,False,False
6. Green mirid bug/green_mirid_bug_00726.jpg,6. Green mirid bug/green_mirid_bug_00904.jpg,6. Green mirid bug,6. Green mirid bug,False,56,54,0.8625,False,False,False
6. Green mirid bug/green_mirid_bug_00740.jpg,7. Healthy leaf/healthy_00738.jpg,6. Green mirid bug,7. Healthy leaf,True,62,99,0.82944,False,False,False
6. Green mirid bug/green_mirid_bug_00742.jpg,6. Green mirid bug/green_mirid_bug_01269.jpg,6. Green mirid bug,6. Green mirid bug,False,56,68,0.85316,False,False,False
6. Green mirid bug/green_mirid_bug_00742.jpg,7. Healthy leaf/healthy_00669.jpg,6. Green mirid bug,7. Healthy leaf,True,62,120,0.80744,False,False,False
6. Green mirid bug/green_mirid_bug_00745.jpg,7. Healthy leaf/healthy_00810.jpg,6. Green mirid bug,7. Healthy leaf,True,64,109,0.82029,False,False,False
6. Green mirid bug/green_mirid_bug_00751.jpg,7. Healthy leaf/healthy_00767.jpg,6. Green mirid bug,7. Healthy leaf,True,64,53,0.83298,False,False,False
6. Green mirid bug/green_mirid_bug_00763.jpg,6. Green mirid bug/green_mirid_bug_00765.jpg,6. Green mirid bug,6. Green mirid bug,False,62,52,0.88771,False,False,False
6. Green mirid bug/green_mirid_bug_00763.jpg,7. Healthy leaf/healthy_00180.jpg,6. Green mirid bug,7. Healthy leaf,True,64,129,0.86684,False,False,False
6. Green mirid bug/green_mirid_bug_00769.jpg,6. Green mirid bug/green_mirid_bug_00773.jpg,6. Green mirid bug,6. Green mirid bug,False,52,69,0.86289,False,False,False
6. Green mirid bug/green_mirid_bug_00771.jpg,7. Healthy leaf/healthy_00878.jpg,6. Green mirid bug,7. Healthy leaf,True,64,44,0.86988,False,False,False
6. Green mirid bug/green_mirid_bug_00777.jpg,7. Healthy leaf/healthy_00324.jpg,6. Green mirid bug,7. Healthy leaf,True,60,89,0.84751,False,False,False
6. Green mirid bug/green_mirid_bug_00779.jpg,6. Green mirid bug/green_mirid_bug_00848.jpg,6. Green mirid bug,6. Green mirid bug,False,50,41,0.8601,False,False,False
6. Green mirid bug/green_mirid_bug_00779.jpg,6. Green mirid bug/green_mirid_bug_01139.jpg,6. Green mirid bug,6. Green mirid bug,False,64,59,0.86145,False,False,False
6. Green mirid bug/green_mirid_bug_00779.jpg,7. Healthy leaf/healthy_00912.jpg,6. Green mirid bug,7. Healthy leaf,True,58,97,0.86105,False,False,False
6. Green mirid bug/green_mirid_bug_00780.jpg,6. Green mirid bug/green_mirid_bug_00988.jpg,6. Green mirid bug,6. Green mirid bug,False,60,58,0.84294,False,False,False
6. Green mirid bug/green_mirid_bug_00780.jpg,7. Healthy leaf/healthy_00374.jpg,6. Green mirid bug,7. Healthy leaf,True,62,95,0.78382,False,False,False
6. Green mirid bug/green_mirid_bug_00782.jpg,6. Green mirid bug/green_mirid_bug_00783.jpg,6. Green mirid bug,6. Green mirid bug,False,54,66,0.83795,False,False,False
6. Green mirid bug/green_mirid_bug_00787.jpg,7. Healthy leaf/healthy_00606.jpg,6. Green mirid bug,7. Healthy leaf,True,62,49,0.84224,False,False,False
6. Green mirid bug/green_mirid_bug_00787.jpg,7. Healthy leaf/healthy_00848.jpg,6. Green mirid bug,7. Healthy leaf,True,62,57,0.85309,False,False,False
6. Green mirid bug/green_mirid_bug_00788.jpg,7. Healthy leaf/healthy_00847.jpg,6. Green mirid bug,7. Healthy leaf,True,62,62,0.83738,False,False,False
6. Green mirid bug/green_mirid_bug_00790.jpg,6. Green mirid bug/green_mirid_bug_00791.jpg,6. Green mirid bug,6. Green mirid bug,False,54,44,0.85975,False,False,False
6. Green mirid bug/green_mirid_bug_00790.jpg,7. Healthy leaf/healthy_00068.jpg,6. Green mirid bug,7. Healthy leaf,True,60,124,0.85025,False,False,False
6. Green mirid bug/green_mirid_bug_00793.jpg,6. Green mirid bug/green_mirid_bug_01184.jpg,6. Green mirid bug,6. Green mirid bug,False,58,76,0.8801,False,False,False
6. Green mirid bug/green_mirid_bug_00795.jpg,7. Healthy leaf/healthy_00911.jpg,6. Green mirid bug,7. Healthy leaf,True,58,93,0.85925,False,False,False
6. Green mirid bug/green_mirid_bug_00801.jpg,6. Green mirid bug/green_mirid_bug_00803.jpg,6. Green mirid bug,6. Green mirid bug,False,22,22,0.92077,False,True,True
6. Green mirid bug/green_mirid_bug_00803.jpg,7. Healthy leaf/healthy_00783.jpg,6. Green mirid bug,7. Healthy leaf,True,64,37,0.88225,False,False,False
6. Green mirid bug/green_mirid_bug_00805.jpg,6. Green mirid bug/green_mirid_bug_01108.jpg,6. Green mirid bug,6. Green mirid bug,False,64,75,0.86296,False,False,False
6. Green mirid bug/green_mirid_bug_00806.jpg,7. Healthy leaf/healthy_00586.jpg,6. Green mirid bug,7. Healthy leaf,True,58,97,0.8909,False,False,False
6. Green mirid bug/green_mirid_bug_00807.jpg,7. Healthy leaf/healthy_00026.jpg,6. Green mirid bug,7. Healthy leaf,True,64,126,0.87387,False,False,False
6. Green mirid bug/green_mirid_bug_00810.jpg,7. Healthy leaf/healthy_00329.jpg,6. Green mirid bug,7. Healthy leaf,True,64,95,0.75548,False,False,False
6. Green mirid bug/green_mirid_bug_00816.jpg,6. Green mirid bug/green_mirid_bug_00817.jpg,6. Green mirid bug,6. Green mirid bug,False,24,14,0.90888,False,True,True
6. Green mirid bug/green_mirid_bug_00816.jpg,6. Green mirid bug/green_mirid_bug_00876.jpg,6. Green mirid bug,6. Green mirid bug,False,64,30,0.87275,False,False,False
6. Green mirid bug/green_mirid_bug_00817.jpg,6. Green mirid bug/green_mirid_bug_01005.jpg,6. Green mirid bug,6. Green mirid bug,False,62,51,0.86725,False,False,False
6. Green mirid bug/green_mirid_bug_00817.jpg,6. Green mirid bug/green_mirid_bug_01059.jpg,6. Green mirid bug,6. Green mirid bug,False,64,63,0.85755,False,False,False
6. Green mirid bug/green_mirid_bug_00818.jpg,6. Green mirid bug/green_mirid_bug_01189.jpg,6. Green mirid bug,6. Green mirid bug,False,60,66,0.86521,False,False,False
6. Green mirid bug/green_mirid_bug_00822.jpg,7. Healthy leaf/healthy_00056.jpg,6. Green mirid bug,7. Healthy leaf,True,60,128,0.8435,False,False,False
6. Green mirid bug/green_mirid_bug_00826.jpg,6. Green mirid bug/green_mirid_bug_00864.jpg,6. Green mirid bug,6. Green mirid bug,False,64,92,0.86085,False,False,False
6. Green mirid bug/green_mirid_bug_00827.jpg,7. Healthy leaf/healthy_00229.jpg,6. Green mirid bug,7. Healthy leaf,True,64,90,0.88258,False,False,False
6. Green mirid bug/green_mirid_bug_00831.jpg,6. Green mirid bug/green_mirid_bug_01136.jpg,6. Green mirid bug,6. Green mirid bug,False,60,86,0.83644,False,False,False
6. Green mirid bug/green_mirid_bug_00832.jpg,6. Green mirid bug/green_mirid_bug_00833.jpg,6. Green mirid bug,6. Green mirid bug,False,64,68,0.89724,False,False,False
6. Green mirid bug/green_mirid_bug_00832.jpg,7. Healthy leaf/healthy_00252.jpg,6. Green mirid bug,7. Healthy leaf,True,58,101,0.90975,False,False,False
6. Green mirid bug/green_mirid_bug_00832.jpg,7. Healthy leaf/healthy_00276.jpg,6. Green mirid bug,7. Healthy leaf,True,48,100,0.90334,False,False,False
6. Green mirid bug/green_mirid_bug_00832.jpg,7. Healthy leaf/healthy_00277.jpg,6. Green mirid bug,7. Healthy leaf,True,60,110,0.90057,False,False,False
6. Green mirid bug/green_mirid_bug_00832.jpg,7. Healthy leaf/healthy_00280.jpg,6. Green mirid bug,7. Healthy leaf,True,54,103,0.9044,False,False,False
6. Green mirid bug/green_mirid_bug_00834.jpg,6. Green mirid bug/green_mirid_bug_00867.jpg,6. Green mirid bug,6. Green mirid bug,False,62,55,0.89625,False,False,False
6. Green mirid bug/green_mirid_bug_00834.jpg,7. Healthy leaf/healthy_00213.jpg,6. Green mirid bug,7. Healthy leaf,True,64,106,0.89048,False,False,False
6. Green mirid bug/green_mirid_bug_00834.jpg,7. Healthy leaf/healthy_00935.jpg,6. Green mirid bug,7. Healthy leaf,True,60,67,0.88938,False,False,False
6. Green mirid bug/green_mirid_bug_00835.jpg,6. Green mirid bug/green_mirid_bug_00875.jpg,6. Green mirid bug,6. Green mirid bug,False,64,34,0.8882,False,False,False
6. Green mirid bug/green_mirid_bug_00835.jpg,7. Healthy leaf/healthy_00387.jpg,6. Green mirid bug,7. Healthy leaf,True,54,56,0.62979,False,False,False
6. Green mirid bug/green_mirid_bug_00835.jpg,7. Healthy leaf/healthy_00399.jpg,6. Green mirid bug,7. Healthy leaf,True,64,51,0.88351,False,False,False
6. Green mirid bug/green_mirid_bug_00836.jpg,6. Green mirid bug/green_mirid_bug_01216.jpg,6. Green mirid bug,6. Green mirid bug,False,64,83,0.83276,False,False,False
6. Green mirid bug/green_mirid_bug_00836.jpg,7. Healthy leaf/healthy_00921.jpg,6. Green mirid bug,7. Healthy leaf,True,64,79,0.85574,False,False,False
6. Green mirid bug/green_mirid_bug_00838.jpg,6. Green mirid bug/green_mirid_bug_00839.jpg,6. Green mirid bug,6. Green mirid bug,False,56,57,0.87692,False,False,False
6. Green mirid bug/green_mirid_bug_00838.jpg,6. Green mirid bug/green_mirid_bug_01266.jpg,6. Green mirid bug,6. Green mirid bug,False,64,116,0.84853,False,False,False
6. Green mirid bug/green_mirid_bug_00839.jpg,7. Healthy leaf/healthy_00484.jpg,6. Green mirid bug,7. Healthy leaf,True,60,104,0.86804,False,False,False
6. Green mirid bug/green_mirid_bug_00843.jpg,7. Healthy leaf/healthy_00469.jpg,6. Green mirid bug,7. Healthy leaf,True,64,113,0.7236,False,False,False
6. Green mirid bug/green_mirid_bug_00846.jpg,7. Healthy leaf/healthy_00507.jpg,6. Green mirid bug,7. Healthy leaf,True,62,128,0.78545,False,False,False
6. Green mirid bug/green_mirid_bug_00846.jpg,7. Healthy leaf/healthy_00652.jpg,6. Green mirid bug,7. Healthy leaf,True,60,110,0.77888,False,False,False
6. Green mirid bug/green_mirid_bug_00847.jpg,6. Green mirid bug/green_mirid_bug_00999.jpg,6. Green mirid bug,6. Green mirid bug,False,62,56,0.853,False,False,False
6. Green mirid bug/green_mirid_bug_00847.jpg,7. Healthy leaf/healthy_00785.jpg,6. Green mirid bug,7. Healthy leaf,True,60,64,0.84502,False,False,False
6. Green mirid bug/green_mirid_bug_00848.jpg,6. Green mirid bug/green_mirid_bug_01139.jpg,6. Green mirid bug,6. Green mirid bug,False,62,70,0.85843,False,False,False
6. Green mirid bug/green_mirid_bug_00850.jpg,6. Green mirid bug/green_mirid_bug_01242.jpg,6. Green mirid bug,6. Green mirid bug,False,58,42,0.83541,False,False,False
6. Green mirid bug/green_mirid_bug_00855.jpg,6. Green mirid bug/green_mirid_bug_00856.jpg,6. Green mirid bug,6. Green mirid bug,False,30,24,0.89837,False,False,False
6. Green mirid bug/green_mirid_bug_00855.jpg,6. Green mirid bug/green_mirid_bug_00885.jpg,6. Green mirid bug,6. Green mirid bug,False,62,58,0.8746,False,False,False
6. Green mirid bug/green_mirid_bug_00857.jpg,6. Green mirid bug/green_mirid_bug_00858.jpg,6. Green mirid bug,6. Green mirid bug,False,60,51,0.85993,False,False,False
6. Green mirid bug/green_mirid_bug_00859.jpg,7. Healthy leaf/healthy_00570.jpg,6. Green mirid bug,7. Healthy leaf,True,62,96,0.79109,False,False,False
6. Green mirid bug/green_mirid_bug_00861.jpg,7. Healthy leaf/healthy_00283.jpg,6. Green mirid bug,7. Healthy leaf,True,64,107,0.84912,False,False,False
6. Green mirid bug/green_mirid_bug_00865.jpg,6. Green mirid bug/green_mirid_bug_00866.jpg,6. Green mirid bug,6. Green mirid bug,False,60,27,0.88324,False,False,False
6. Green mirid bug/green_mirid_bug_00865.jpg,7. Healthy leaf/healthy_00287.jpg,6. Green mirid bug,7. Healthy leaf,True,60,90,0.8824,False,False,False
6. Green mirid bug/green_mirid_bug_00866.jpg,6. Green mirid bug/green_mirid_bug_00917.jpg,6. Green mirid bug,6. Green mirid bug,False,52,38,0.8889,False,False,False
6. Green mirid bug/green_mirid_bug_00867.jpg,7. Healthy leaf/healthy_00282.jpg,6. Green mirid bug,7. Healthy leaf,True,56,88,0.89446,False,False,False
6. Green mirid bug/green_mirid_bug_00868.jpg,6. Green mirid bug/green_mirid_bug_00898.jpg,6. Green mirid bug,6. Green mirid bug,False,60,49,0.89644,False,False,False
6. Green mirid bug/green_mirid_bug_00868.jpg,7. Healthy leaf/healthy_00924.jpg,6. Green mirid bug,7. Healthy leaf,True,60,115,0.88063,False,False,False
6. Green mirid bug/green_mirid_bug_00869.jpg,6. Green mirid bug/green_mirid_bug_00875.jpg,6. Green mirid bug,6. Green mirid bug,False,58,30,0.88601,False,False,False
6. Green mirid bug/green_mirid_bug_00869.jpg,7. Healthy leaf/healthy_00929.jpg,6. Green mirid bug,7. Healthy leaf,True,62,45,0.87365,False,False,False
6. Green mirid bug/green_mirid_bug_00870.jpg,6. Green mirid bug/green_mirid_bug_01017.jpg,6. Green mirid bug,6. Green mirid bug,False,60,39,0.86059,False,False,False
6. Green mirid bug/green_mirid_bug_00870.jpg,6. Green mirid bug/green_mirid_bug_01140.jpg,6. Green mirid bug,6. Green mirid bug,False,62,47,0.87476,False,False,False
6. Green mirid bug/green_mirid_bug_00870.jpg,6. Green mirid bug/green_mirid_bug_01187.jpg,6. Green mirid bug,6. Green mirid bug,False,60,35,0.86918,False,False,False
6. Green mirid bug/green_mirid_bug_00871.jpg,6. Green mirid bug/green_mirid_bug_00873.jpg,6. Green mirid bug,6. Green mirid bug,False,40,22,0.90145,False,True,False
6. Green mirid bug/green_mirid_bug_00873.jpg,7. Healthy leaf/healthy_00764.jpg,6. Green mirid bug,7. Healthy leaf,True,60,33,0.85589,False,False,False
6. Green mirid bug/green_mirid_bug_00875.jpg,7. Healthy leaf/healthy_00800.jpg,6. Green mirid bug,7. Healthy leaf,True,54,46,0.90387,False,True,False
6. Green mirid bug/green_mirid_bug_00879.jpg,7. Healthy leaf/healthy_00717.jpg,6. Green mirid bug,7. Healthy leaf,True,56,110,0.87981,False,False,False
6. Green mirid bug/green_mirid_bug_00885.jpg,6. Green mirid bug/green_mirid_bug_00886.jpg,6. Green mirid bug,6. Green mirid bug,False,62,68,0.86156,False,False,False
6. Green mirid bug/green_mirid_bug_00886.jpg,7. Healthy leaf/healthy_00146.jpg,6. Green mirid bug,7. Healthy leaf,True,64,142,0.84031,False,False,False
6. Green mirid bug/green_mirid_bug_00889.jpg,6. Green mirid bug/green_mirid_bug_00890.jpg,6. Green mirid bug,6. Green mirid bug,False,64,32,0.85023,False,False,False
6. Green mirid bug/green_mirid_bug_00900.jpg,6. Green mirid bug/green_mirid_bug_00901.jpg,6. Green mirid bug,6. Green mirid bug,False,44,52,0.8689,False,False,False
6. Green mirid bug/green_mirid_bug_00900.jpg,7. Healthy leaf/healthy_00361.jpg,6. Green mirid bug,7. Healthy leaf,True,60,88,0.85579,False,False,False
6. Green mirid bug/green_mirid_bug_00902.jpg,6. Green mirid bug/green_mirid_bug_00903.jpg,6. Green mirid bug,6. Green mirid bug,False,32,30,0.88482,False,False,False
6. Green mirid bug/green_mirid_bug_00905.jpg,6. Green mirid bug/green_mirid_bug_01147.jpg,6. Green mirid bug,6. Green mirid bug,False,64,76,0.85296,False,False,False
6. Green mirid bug/green_mirid_bug_00909.jpg,7. Healthy leaf/healthy_00267.jpg,6. Green mirid bug,7. Healthy leaf,True,62,109,0.86848,False,False,False
6. Green mirid bug/green_mirid_bug_00910.jpg,7. Healthy leaf/healthy_00675.jpg,6. Green mirid bug,7. Healthy leaf,True,62,109,0.8084,False,False,False
6. Green mirid bug/green_mirid_bug_00910.jpg,7. Healthy leaf/healthy_00743.jpg,6. Green mirid bug,7. Healthy leaf,True,64,53,0.87257,False,False,False
6. Green mirid bug/green_mirid_bug_00911.jpg,6. Green mirid bug/green_mirid_bug_00912.jpg,6. Green mirid bug,6. Green mirid bug,False,54,38,0.88531,False,False,False
6. Green mirid bug/green_mirid_bug_00916.jpg,6. Green mirid bug/green_mirid_bug_01015.jpg,6. Green mirid bug,6. Green mirid bug,False,54,48,0.87295,False,False,False
6. Green mirid bug/green_mirid_bug_00917.jpg,6. Green mirid bug/green_mirid_bug_00918.jpg,6. Green mirid bug,6. Green mirid bug,False,62,28,0.89848,False,False,False
6. Green mirid bug/green_mirid_bug_00923.jpg,6. Green mirid bug/green_mirid_bug_01084.jpg,6. Green mirid bug,6. Green mirid bug,False,64,95,0.77823,False,False,False
6. Green mirid bug/green_mirid_bug_00926.jpg,6. Green mirid bug/green_mirid_bug_00948.jpg,6. Green mirid bug,6. Green mirid bug,False,64,69,0.80593,False,False,False
6. Green mirid bug/green_mirid_bug_00926.jpg,6. Green mirid bug/green_mirid_bug_01231.jpg,6. Green mirid bug,6. Green mirid bug,False,58,79,0.83141,False,False,False
6. Green mirid bug/green_mirid_bug_00926.jpg,7. Healthy leaf/healthy_00114.jpg,6. Green mirid bug,7. Healthy leaf,True,62,122,0.81801,False,False,False
6. Green mirid bug/green_mirid_bug_00927.jpg,7. Healthy leaf/healthy_00020.jpg,6. Green mirid bug,7. Healthy leaf,True,64,110,0.80986,False,False,False
6. Green mirid bug/green_mirid_bug_00932.jpg,7. Healthy leaf/healthy_00172.jpg,6. Green mirid bug,7. Healthy leaf,True,60,110,0.84023,False,False,False
6. Green mirid bug/green_mirid_bug_00933.jpg,6. Green mirid bug/green_mirid_bug_01170.jpg,6. Green mirid bug,6. Green mirid bug,False,58,54,0.84457,False,False,False
6. Green mirid bug/green_mirid_bug_00935.jpg,7. Healthy leaf/healthy_00182.jpg,6. Green mirid bug,7. Healthy leaf,True,64,119,0.85967,False,False,False
6. Green mirid bug/green_mirid_bug_00947.jpg,7. Healthy leaf/healthy_00121.jpg,6. Green mirid bug,7. Healthy leaf,True,64,113,0.81171,False,False,False
6. Green mirid bug/green_mirid_bug_00947.jpg,7. Healthy leaf/healthy_00858.jpg,6. Green mirid bug,7. Healthy leaf,True,64,68,0.82895,False,False,False
6. Green mirid bug/green_mirid_bug_00952.jpg,6. Green mirid bug/green_mirid_bug_01148.jpg,6. Green mirid bug,6. Green mirid bug,False,54,74,0.83534,False,False,False
6. Green mirid bug/green_mirid_bug_00953.jpg,7. Healthy leaf/healthy_00187.jpg,6. Green mirid bug,7. Healthy leaf,True,64,66,0.8516,False,False,False
6. Green mirid bug/green_mirid_bug_00961.jpg,6. Green mirid bug/green_mirid_bug_00962.jpg,6. Green mirid bug,6. Green mirid bug,False,62,47,0.83431,False,False,False
6. Green mirid bug/green_mirid_bug_00965.jpg,6. Green mirid bug/green_mirid_bug_00966.jpg,6. Green mirid bug,6. Green mirid bug,False,50,36,0.89593,False,False,False
6. Green mirid bug/green_mirid_bug_00967.jpg,6. Green mirid bug/green_mirid_bug_00970.jpg,6. Green mirid bug,6. Green mirid bug,False,60,74,0.84287,False,False,False
6. Green mirid bug/green_mirid_bug_00969.jpg,6. Green mirid bug/green_mirid_bug_00970.jpg,6. Green mirid bug,6. Green mirid bug,False,48,79,0.82794,False,False,False
6. Green mirid bug/green_mirid_bug_00973.jpg,7. Healthy leaf/healthy_00254.jpg,6. Green mirid bug,7. Healthy leaf,True,58,76,0.82258,False,False,False
6. Green mirid bug/green_mirid_bug_00973.jpg,7. Healthy leaf/healthy_00509.jpg,6. Green mirid bug,7. Healthy leaf,True,62,101,0.78592,False,False,False
6. Green mirid bug/green_mirid_bug_00976.jpg,6. Green mirid bug/green_mirid_bug_00977.jpg,6. Green mirid bug,6. Green mirid bug,False,36,34,0.90772,False,True,False
6. Green mirid bug/green_mirid_bug_00976.jpg,6. Green mirid bug/green_mirid_bug_00987.jpg,6. Green mirid bug,6. Green mirid bug,False,58,49,0.86335,False,False,False
6. Green mirid bug/green_mirid_bug_00976.jpg,6. Green mirid bug/green_mirid_bug_01059.jpg,6. Green mirid bug,6. Green mirid bug,False,58,61,0.86066,False,False,False
6. Green mirid bug/green_mirid_bug_00977.jpg,6. Green mirid bug/green_mirid_bug_00987.jpg,6. Green mirid bug,6. Green mirid bug,False,58,55,0.86245,False,False,False
6. Green mirid bug/green_mirid_bug_00977.jpg,6. Green mirid bug/green_mirid_bug_01099.jpg,6. Green mirid bug,6. Green mirid bug,False,64,82,0.88122,False,False,False
6. Green mirid bug/green_mirid_bug_00978.jpg,6. Green mirid bug/green_mirid_bug_01010.jpg,6. Green mirid bug,6. Green mirid bug,False,64,57,0.83443,False,False,False
6. Green mirid bug/green_mirid_bug_00978.jpg,6. Green mirid bug/green_mirid_bug_01199.jpg,6. Green mirid bug,6. Green mirid bug,False,56,58,0.86013,False,False,False
6. Green mirid bug/green_mirid_bug_00978.jpg,7. Healthy leaf/healthy_00811.jpg,6. Green mirid bug,7. Healthy leaf,True,62,40,0.86498,False,False,False
6. Green mirid bug/green_mirid_bug_00980.jpg,7. Healthy leaf/healthy_00076.jpg,6. Green mirid bug,7. Healthy leaf,True,64,128,0.8596,False,False,False
6. Green mirid bug/green_mirid_bug_00987.jpg,6. Green mirid bug/green_mirid_bug_01011.jpg,6. Green mirid bug,6. Green mirid bug,False,64,52,0.84141,False,False,False
6. Green mirid bug/green_mirid_bug_00990.jpg,7. Healthy leaf/healthy_00811.jpg,6. Green mirid bug,7. Healthy leaf,True,62,48,0.86218,False,False,False
6. Green mirid bug/green_mirid_bug_00998.jpg,7. Healthy leaf/healthy_00559.jpg,6. Green mirid bug,7. Healthy leaf,True,64,90,0.80837,False,False,False
6. Green mirid bug/green_mirid_bug_01000.jpg,7. Healthy leaf/healthy_00502.jpg,6. Green mirid bug,7. Healthy leaf,True,54,132,0.84771,False,False,False
6. Green mirid bug/green_mirid_bug_01005.jpg,6. Green mirid bug/green_mirid_bug_01059.jpg,6. Green mirid bug,6. Green mirid bug,False,64,60,0.8588,False,False,False
6. Green mirid bug/green_mirid_bug_01006.jpg,6. Green mirid bug/green_mirid_bug_01007.jpg,6. Green mirid bug,6. Green mirid bug,False,52,43,0.86573,False,False,False
6. Green mirid bug/green_mirid_bug_01007.jpg,6. Green mirid bug/green_mirid_bug_01158.jpg,6. Green mirid bug,6. Green mirid bug,False,64,56,0.86677,False,False,False
6. Green mirid bug/green_mirid_bug_01007.jpg,7. Healthy leaf/healthy_00847.jpg,6. Green mirid bug,7. Healthy leaf,True,62,59,0.82977,False,False,False
6. Green mirid bug/green_mirid_bug_01008.jpg,6. Green mirid bug/green_mirid_bug_01010.jpg,6. Green mirid bug,6. Green mirid bug,False,58,38,0.83217,False,False,False
6. Green mirid bug/green_mirid_bug_01008.jpg,6. Green mirid bug/green_mirid_bug_01011.jpg,6. Green mirid bug,6. Green mirid bug,False,54,40,0.8298,False,False,False
6. Green mirid bug/green_mirid_bug_01010.jpg,6. Green mirid bug/green_mirid_bug_01011.jpg,6. Green mirid bug,6. Green mirid bug,False,30,32,0.85398,False,False,False
6. Green mirid bug/green_mirid_bug_01012.jpg,6. Green mirid bug/green_mirid_bug_01013.jpg,6. Green mirid bug,6. Green mirid bug,False,50,39,0.88698,False,False,False
6. Green mirid bug/green_mirid_bug_01017.jpg,6. Green mirid bug/green_mirid_bug_01187.jpg,6. Green mirid bug,6. Green mirid bug,False,64,48,0.85433,False,False,False
6. Green mirid bug/green_mirid_bug_01018.jpg,7. Healthy leaf/healthy_00606.jpg,6. Green mirid bug,7. Healthy leaf,True,64,72,0.84185,False,False,False
6. Green mirid bug/green_mirid_bug_01019.jpg,7. Healthy leaf/healthy_00371.jpg,6. Green mirid bug,7. Healthy leaf,True,54,98,0.76834,False,False,False
6. Green mirid bug/green_mirid_bug_01048.jpg,6. Green mirid bug/green_mirid_bug_01049.jpg,6. Green mirid bug,6. Green mirid bug,False,30,24,0.87045,False,False,False
6. Green mirid bug/green_mirid_bug_01054.jpg,6. Green mirid bug/green_mirid_bug_01059.jpg,6. Green mirid bug,6. Green mirid bug,False,62,56,0.83455,False,False,False
6. Green mirid bug/green_mirid_bug_01054.jpg,6. Green mirid bug/green_mirid_bug_01100.jpg,6. Green mirid bug,6. Green mirid bug,False,62,59,0.83465,False,False,False
6. Green mirid bug/green_mirid_bug_01055.jpg,6. Green mirid bug/green_mirid_bug_01166.jpg,6. Green mirid bug,6. Green mirid bug,False,64,56,0.83171,False,False,False
6. Green mirid bug/green_mirid_bug_01055.jpg,7. Healthy leaf/healthy_00845.jpg,6. Green mirid bug,7. Healthy leaf,True,62,65,0.80598,False,False,False
6. Green mirid bug/green_mirid_bug_01072.jpg,6. Green mirid bug/green_mirid_bug_01073.jpg,6. Green mirid bug,6. Green mirid bug,False,10,23,0.95227,False,True,True
6. Green mirid bug/green_mirid_bug_01079.jpg,7. Healthy leaf/healthy_00467.jpg,6. Green mirid bug,7. Healthy leaf,True,54,116,0.76559,False,False,False
6. Green mirid bug/green_mirid_bug_01079.jpg,7. Healthy leaf/healthy_00507.jpg,6. Green mirid bug,7. Healthy leaf,True,62,117,0.7761,False,False,False
6. Green mirid bug/green_mirid_bug_01116.jpg,6. Green mirid bug/green_mirid_bug_01117.jpg,6. Green mirid bug,6. Green mirid bug,False,60,38,0.89928,False,False,False
6. Green mirid bug/green_mirid_bug_01117.jpg,7. Healthy leaf/healthy_00775.jpg,6. Green mirid bug,7. Healthy leaf,True,64,36,0.90098,False,True,False
6. Green mirid bug/green_mirid_bug_01130.jpg,6. Green mirid bug/green_mirid_bug_01253.jpg,6. Green mirid bug,6. Green mirid bug,False,54,79,0.87125,False,False,False
6. Green mirid bug/green_mirid_bug_01132.jpg,7. Healthy leaf/healthy_00819.jpg,6. Green mirid bug,7. Healthy leaf,True,60,60,0.86416,False,False,False
6. Green mirid bug/green_mirid_bug_01133.jpg,7. Healthy leaf/healthy_00822.jpg,6. Green mirid bug,7. Healthy leaf,True,62,67,0.84422,False,False,False
6. Green mirid bug/green_mirid_bug_01136.jpg,7. Healthy leaf/healthy_00012.jpg,6. Green mirid bug,7. Healthy leaf,True,64,115,0.8153,False,False,False
6. Green mirid bug/green_mirid_bug_01136.jpg,7. Healthy leaf/healthy_00125.jpg,6. Green mirid bug,7. Healthy leaf,True,60,127,0.84191,False,False,False
6. Green mirid bug/green_mirid_bug_01136.jpg,7. Healthy leaf/healthy_00349.jpg,6. Green mirid bug,7. Healthy leaf,True,64,105,0.81998,False,False,False
6. Green mirid bug/green_mirid_bug_01137.jpg,7. Healthy leaf/healthy_00812.jpg,6. Green mirid bug,7. Healthy leaf,True,56,56,0.87062,False,False,False
6. Green mirid bug/green_mirid_bug_01137.jpg,7. Healthy leaf/healthy_00822.jpg,6. Green mirid bug,7. Healthy leaf,True,64,51,0.86106,False,False,False
6. Green mirid bug/green_mirid_bug_01138.jpg,7. Healthy leaf/healthy_00080.jpg,6. Green mirid bug,7. Healthy leaf,True,62,110,0.86308,False,False,False
6. Green mirid bug/green_mirid_bug_01138.jpg,7. Healthy leaf/healthy_00272.jpg,6. Green mirid bug,7. Healthy leaf,True,62,94,0.88406,False,False,False
6. Green mirid bug/green_mirid_bug_01138.jpg,7. Healthy leaf/healthy_00278.jpg,6. Green mirid bug,7. Healthy leaf,True,64,91,0.88414,False,False,False
6. Green mirid bug/green_mirid_bug_01140.jpg,6. Green mirid bug/green_mirid_bug_01187.jpg,6. Green mirid bug,6. Green mirid bug,False,56,42,0.86772,False,False,False
6. Green mirid bug/green_mirid_bug_01140.jpg,7. Healthy leaf/healthy_00399.jpg,6. Green mirid bug,7. Healthy leaf,True,64,54,0.88048,False,False,False
6. Green mirid bug/green_mirid_bug_01145.jpg,6. Green mirid bug/green_mirid_bug_01146.jpg,6. Green mirid bug,6. Green mirid bug,False,64,71,0.86961,False,False,False
6. Green mirid bug/green_mirid_bug_01146.jpg,7. Healthy leaf/healthy_00782.jpg,6. Green mirid bug,7. Healthy leaf,True,60,50,0.89176,False,False,False
6. Green mirid bug/green_mirid_bug_01160.jpg,6. Green mirid bug/green_mirid_bug_01176.jpg,6. Green mirid bug,6. Green mirid bug,False,62,38,0.87111,False,False,False
6. Green mirid bug/green_mirid_bug_01164.jpg,7. Healthy leaf/healthy_00889.jpg,6. Green mirid bug,7. Healthy leaf,True,64,43,0.77551,False,False,False
6. Green mirid bug/green_mirid_bug_01172.jpg,7. Healthy leaf/healthy_00822.jpg,6. Green mirid bug,7. Healthy leaf,True,52,45,0.85309,False,False,False
6. Green mirid bug/green_mirid_bug_01180.jpg,7. Healthy leaf/healthy_00929.jpg,6. Green mirid bug,7. Healthy leaf,True,60,41,0.88083,False,False,False
6. Green mirid bug/green_mirid_bug_01185.jpg,6. Green mirid bug/green_mirid_bug_01232.jpg,6. Green mirid bug,6. Green mirid bug,False,56,66,0.89555,False,False,False
6. Green mirid bug/green_mirid_bug_01186.jpg,7. Healthy leaf/healthy_00929.jpg,6. Green mirid bug,7. Healthy leaf,True,46,40,0.8816,False,False,False
6. Green mirid bug/green_mirid_bug_01190.jpg,7. Healthy leaf/healthy_00186.jpg,6. Green mirid bug,7. Healthy leaf,True,58,60,0.81009,False,False,False
6. Green mirid bug/green_mirid_bug_01198.jpg,7. Healthy leaf/healthy_00057.jpg,6. Green mirid bug,7. Healthy leaf,True,62,114,0.84276,False,False,False
6. Green mirid bug/green_mirid_bug_01198.jpg,7. Healthy leaf/healthy_00459.jpg,6. Green mirid bug,7. Healthy leaf,True,62,92,0.8571,False,False,False
6. Green mirid bug/green_mirid_bug_01201.jpg,7. Healthy leaf/healthy_00539.jpg,6. Green mirid bug,7. Healthy leaf,True,62,86,0.79107,False,False,False
6. Green mirid bug/green_mirid_bug_01217.jpg,7. Healthy leaf/healthy_00349.jpg,6. Green mirid bug,7. Healthy leaf,True,64,119,0.82052,False,False,False
6. Green mirid bug/green_mirid_bug_01217.jpg,7. Healthy leaf/healthy_00773.jpg,6. Green mirid bug,7. Healthy leaf,True,62,80,0.87412,False,False,False
6. Green mirid bug/green_mirid_bug_01232.jpg,7. Healthy leaf/healthy_00534.jpg,6. Green mirid bug,7. Healthy leaf,True,58,98,0.84806,False,False,False
6. Green mirid bug/green_mirid_bug_01243.jpg,7. Healthy leaf/healthy_00457.jpg,6. Green mirid bug,7. Healthy leaf,True,62,127,0.85695,False,False,False
6. Green mirid bug/green_mirid_bug_01244.jpg,7. Healthy leaf/healthy_00707.jpg,6. Green mirid bug,7. Healthy leaf,True,64,123,0.79522,False,False,False
6. Green mirid bug/green_mirid_bug_01266.jpg,7. Healthy leaf/healthy_00484.jpg,6. Green mirid bug,7. Healthy leaf,True,64,113,0.85247,False,False,False
6. Green mirid bug/green_mirid_bug_01273.jpg,7. Healthy leaf/healthy_00803.jpg,6. Green mirid bug,7. Healthy leaf,True,54,75,0.85995,False,False,False
6. Green mirid bug/green_mirid_bug_01275.jpg,7. Healthy leaf/healthy_00251.jpg,6. Green mirid bug,7. Healthy leaf,True,62,132,0.87891,False,False,False
6. Green mirid bug/green_mirid_bug_01277.jpg,7. Healthy leaf/healthy_00927.jpg,6. Green mirid bug,7. Healthy leaf,True,58,88,0.91075,False,False,False
7. Healthy leaf/healthy_00009.jpg,7. Healthy leaf/healthy_00164.jpg,7. Healthy leaf,7. Healthy leaf,False,64,93,0.83067,False,False,False
7. Healthy leaf/healthy_00009.jpg,7. Healthy leaf/healthy_00650.jpg,7. Healthy leaf,7. Healthy leaf,False,64,107,0.87174,False,False,False
7. Healthy leaf/healthy_00013.jpg,7. Healthy leaf/healthy_00659.jpg,7. Healthy leaf,7. Healthy leaf,False,62,102,0.8559,False,False,False
7. Healthy leaf/healthy_00020.jpg,7. Healthy leaf/healthy_00459.jpg,7. Healthy leaf,7. Healthy leaf,False,64,107,0.84841,False,False,False
7. Healthy leaf/healthy_00020.jpg,7. Healthy leaf/healthy_00692.jpg,7. Healthy leaf,7. Healthy leaf,False,64,96,0.83402,False,False,False
7. Healthy leaf/healthy_00022.jpg,7. Healthy leaf/healthy_00023.jpg,7. Healthy leaf,7. Healthy leaf,False,64,109,0.83559,False,False,False
7. Healthy leaf/healthy_00022.jpg,7. Healthy leaf/healthy_00108.jpg,7. Healthy leaf,7. Healthy leaf,False,62,93,0.80815,False,False,False
7. Healthy leaf/healthy_00026.jpg,7. Healthy leaf/healthy_00128.jpg,7. Healthy leaf,7. Healthy leaf,False,64,84,0.87168,False,False,False
7. Healthy leaf/healthy_00045.jpg,7. Healthy leaf/healthy_00258.jpg,7. Healthy leaf,7. Healthy leaf,False,62,89,0.89461,False,False,False
7. Healthy leaf/healthy_00054.jpg,7. Healthy leaf/healthy_00133.jpg,7. Healthy leaf,7. Healthy leaf,False,64,93,0.85398,False,False,False
7. Healthy leaf/healthy_00054.jpg,7. Healthy leaf/healthy_00144.jpg,7. Healthy leaf,7. Healthy leaf,False,60,83,0.861,False,False,False
7. Healthy leaf/healthy_00054.jpg,7. Healthy leaf/healthy_00389.jpg,7. Healthy leaf,7. Healthy leaf,False,56,108,0.75379,False,False,False
7. Healthy leaf/healthy_00054.jpg,7. Healthy leaf/healthy_00729.jpg,7. Healthy leaf,7. Healthy leaf,False,58,116,0.85729,False,False,False
7. Healthy leaf/healthy_00064.jpg,7. Healthy leaf/healthy_00082.jpg,7. Healthy leaf,7. Healthy leaf,False,52,85,0.87955,False,False,False
7. Healthy leaf/healthy_00067.jpg,7. Healthy leaf/healthy_00145.jpg,7. Healthy leaf,7. Healthy leaf,False,62,90,0.87208,False,False,False
7. Healthy leaf/healthy_00068.jpg,7. Healthy leaf/healthy_00129.jpg,7. Healthy leaf,7. Healthy leaf,False,64,94,0.87638,False,False,False
7. Healthy leaf/healthy_00070.jpg,7. Healthy leaf/healthy_00121.jpg,7. Healthy leaf,7. Healthy leaf,False,60,68,0.85694,False,False,False
7. Healthy leaf/healthy_00073.jpg,7. Healthy leaf/healthy_00251.jpg,7. Healthy leaf,7. Healthy leaf,False,54,86,0.86275,False,False,False
7. Healthy leaf/healthy_00080.jpg,7. Healthy leaf/healthy_00251.jpg,7. Healthy leaf,7. Healthy leaf,False,56,73,0.88739,False,False,False
7. Healthy leaf/healthy_00080.jpg,7. Healthy leaf/healthy_00272.jpg,7. Healthy leaf,7. Healthy leaf,False,56,80,0.897,False,False,False
7. Healthy leaf/healthy_00082.jpg,7. Healthy leaf/healthy_00729.jpg,7. Healthy leaf,7. Healthy leaf,False,62,106,0.83634,False,False,False
7. Healthy leaf/healthy_00088.jpg,7. Healthy leaf/healthy_00930.jpg,7. Healthy leaf,7. Healthy leaf,False,62,135,0.86492,False,False,False
7. Healthy leaf/healthy_00090.jpg,7. Healthy leaf/healthy_00091.jpg,7. Healthy leaf,7. Healthy leaf,False,64,40,0.89349,False,False,False
7. Healthy leaf/healthy_00103.jpg,7. Healthy leaf/healthy_00121.jpg,7. Healthy leaf,7. Healthy leaf,False,62,69,0.85989,False,False,False
7. Healthy leaf/healthy_00121.jpg,7. Healthy leaf/healthy_00137.jpg,7. Healthy leaf,7. Healthy leaf,False,56,104,0.8116,False,False,False
7. Healthy leaf/healthy_00121.jpg,7. Healthy leaf/healthy_00164.jpg,7. Healthy leaf,7. Healthy leaf,False,54,78,0.85077,False,False,False
7. Healthy leaf/healthy_00128.jpg,7. Healthy leaf/healthy_00211.jpg,7. Healthy leaf,7. Healthy leaf,False,64,94,0.86294,False,False,False
7. Healthy leaf/healthy_00129.jpg,7. Healthy leaf/healthy_00211.jpg,7. Healthy leaf,7. Healthy leaf,False,56,106,0.8728,False,False,False
7. Healthy leaf/healthy_00129.jpg,7. Healthy leaf/healthy_00272.jpg,7. Healthy leaf,7. Healthy leaf,False,58,100,0.88824,False,False,False
7. Healthy leaf/healthy_00130.jpg,7. Healthy leaf/healthy_00211.jpg,7. Healthy leaf,7. Healthy leaf,False,62,96,0.87266,False,False,False
7. Healthy leaf/healthy_00131.jpg,7. Healthy leaf/healthy_00450.jpg,7. Healthy leaf,7. Healthy leaf,False,62,105,0.80574,False,False,False
7. Healthy leaf/healthy_00132.jpg,7. Healthy leaf/healthy_00780.jpg,7. Healthy leaf,7. Healthy leaf,False,62,134,0.87822,False,False,False
7. Healthy leaf/healthy_00133.jpg,7. Healthy leaf/healthy_00145.jpg,7. Healthy leaf,7. Healthy leaf,False,64,60,0.87321,False,False,False
7. Healthy leaf/healthy_00133.jpg,7. Healthy leaf/healthy_00759.jpg,7. Healthy leaf,7. Healthy leaf,False,54,126,0.85013,False,False,False
7. Healthy leaf/healthy_00135.jpg,7. Healthy leaf/healthy_00137.jpg,7. Healthy leaf,7. Healthy leaf,False,64,67,0.82854,False,False,False
7. Healthy leaf/healthy_00153.jpg,7. Healthy leaf/healthy_00211.jpg,7. Healthy leaf,7. Healthy leaf,False,56,97,0.85437,False,False,False
7. Healthy leaf/healthy_00159.jpg,7. Healthy leaf/healthy_00930.jpg,7. Healthy leaf,7. Healthy leaf,False,64,138,0.85126,False,False,False
7. Healthy leaf/healthy_00163.jpg,7. Healthy leaf/healthy_00211.jpg,7. Healthy leaf,7. Healthy leaf,False,62,87,0.86174,False,False,False
7. Healthy leaf/healthy_00164.jpg,7. Healthy leaf/healthy_00249.jpg,7. Healthy leaf,7. Healthy leaf,False,58,99,0.84826,False,False,False
7. Healthy leaf/healthy_00164.jpg,7. Healthy leaf/healthy_00389.jpg,7. Healthy leaf,7. Healthy leaf,False,64,108,0.75113,False,False,False
7. Healthy leaf/healthy_00175.jpg,7. Healthy leaf/healthy_00857.jpg,7. Healthy leaf,7. Healthy leaf,False,60,124,0.84828,False,False,False
7. Healthy leaf/healthy_00178.jpg,7. Healthy leaf/healthy_00211.jpg,7. Healthy leaf,7. Healthy leaf,False,60,117,0.85882,False,False,False
7. Healthy leaf/healthy_00183.jpg,7. Healthy leaf/healthy_00746.jpg,7. Healthy leaf,7. Healthy leaf,False,52,117,0.87651,False,False,False
7. Healthy leaf/healthy_00199.jpg,7. Healthy leaf/healthy_00201.jpg,7. Healthy leaf,7. Healthy leaf,False,56,45,0.92733,False,True,False
7. Healthy leaf/healthy_00201.jpg,7. Healthy leaf/healthy_00210.jpg,7. Healthy leaf,7. Healthy leaf,False,58,60,0.93491,False,False,False
7. Healthy leaf/healthy_00202.jpg,7. Healthy leaf/healthy_00601.jpg,7. Healthy leaf,7. Healthy leaf,False,60,88,0.89169,False,False,False
7. Healthy leaf/healthy_00205.jpg,7. Healthy leaf/healthy_00215.jpg,7. Healthy leaf,7. Healthy leaf,False,60,52,0.94476,False,False,False
7. Healthy leaf/healthy_00215.jpg,7. Healthy leaf/healthy_00252.jpg,7. Healthy leaf,7. Healthy leaf,False,64,63,0.93474,False,False,False
7. Healthy leaf/healthy_00219.jpg,7. Healthy leaf/healthy_00236.jpg,7. Healthy leaf,7. Healthy leaf,False,60,68,0.91693,False,False,False
7. Healthy leaf/healthy_00228.jpg,7. Healthy leaf/healthy_00256.jpg,7. Healthy leaf,7. Healthy leaf,False,64,78,0.85551,False,False,False
7. Healthy leaf/healthy_00230.jpg,7. Healthy leaf/healthy_00243.jpg,7. Healthy leaf,7. Healthy leaf,False,64,77,0.85931,False,False,False
7. Healthy leaf/healthy_00232.jpg,7. Healthy leaf/healthy_00234.jpg,7. Healthy leaf,7. Healthy leaf,False,62,43,0.81546,False,False,False
7. Healthy leaf/healthy_00233.jpg,7. Healthy leaf/healthy_00341.jpg,7. Healthy leaf,7. Healthy leaf,False,62,95,0.76307,False,False,False
7. Healthy leaf/healthy_00234.jpg,7. Healthy leaf/healthy_00615.jpg,7. Healthy leaf,7. Healthy leaf,False,64,77,0.76561,False,False,False
7. Healthy leaf/healthy_00239.jpg,7. Healthy leaf/healthy_00270.jpg,7. Healthy leaf,7. Healthy leaf,False,54,50,0.88324,False,False,False
7. Healthy leaf/healthy_00239.jpg,7. Healthy leaf/healthy_00728.jpg,7. Healthy leaf,7. Healthy leaf,False,60,84,0.84878,False,False,False
7. Healthy leaf/healthy_00239.jpg,7. Healthy leaf/healthy_00807.jpg,7. Healthy leaf,7. Healthy leaf,False,62,113,0.82571,False,False,False
7. Healthy leaf/healthy_00245.jpg,7. Healthy leaf/healthy_00264.jpg,7. Healthy leaf,7. Healthy leaf,False,52,73,0.93464,False,False,False
7. Healthy leaf/healthy_00247.jpg,7. Healthy leaf/healthy_00281.jpg,7. Healthy leaf,7. Healthy leaf,False,56,57,0.92402,False,False,False
7. Healthy leaf/healthy_00248.jpg,7. Healthy leaf/healthy_00270.jpg,7. Healthy leaf,7. Healthy leaf,False,62,54,0.85736,False,False,False
7. Healthy leaf/healthy_00251.jpg,7. Healthy leaf/healthy_00272.jpg,7. Healthy leaf,7. Healthy leaf,False,64,61,0.91616,False,False,False
7. Healthy leaf/healthy_00252.jpg,7. Healthy leaf/healthy_00277.jpg,7. Healthy leaf,7. Healthy leaf,False,60,59,0.93411,False,False,False
7. Healthy leaf/healthy_00252.jpg,7. Healthy leaf/healthy_00278.jpg,7. Healthy leaf,7. Healthy leaf,False,62,56,0.92645,False,False,False
7. Healthy leaf/healthy_00264.jpg,7. Healthy leaf/healthy_00798.jpg,7. Healthy leaf,7. Healthy leaf,False,58,124,0.9198,False,False,False
7. Healthy leaf/healthy_00272.jpg,7. Healthy leaf/healthy_00773.jpg,7. Healthy leaf,7. Healthy leaf,False,60,90,0.91501,False,False,False
7. Healthy leaf/healthy_00274.jpg,7. Healthy leaf/healthy_00275.jpg,7. Healthy leaf,7. Healthy leaf,False,62,29,0.89126,False,False,False
7. Healthy leaf/healthy_00276.jpg,7. Healthy leaf/healthy_00277.jpg,7. Healthy leaf,7. Healthy leaf,False,50,26,0.93963,False,True,False
7. Healthy leaf/healthy_00276.jpg,7. Healthy leaf/healthy_00280.jpg,7. Healthy leaf,7. Healthy leaf,False,56,65,0.92161,False,False,False
7. Healthy leaf/healthy_00277.jpg,7. Healthy leaf/healthy_00278.jpg,7. Healthy leaf,7. Healthy leaf,False,60,75,0.92071,False,False,False
7. Healthy leaf/healthy_00277.jpg,7. Healthy leaf/healthy_00279.jpg,7. Healthy leaf,7. Healthy leaf,False,54,57,0.94853,False,False,False
7. Healthy leaf/healthy_00277.jpg,7. Healthy leaf/healthy_00280.jpg,7. Healthy leaf,7. Healthy leaf,False,60,61,0.92663,False,False,False
7. Healthy leaf/healthy_00278.jpg,7. Healthy leaf/healthy_00773.jpg,7. Healthy leaf,7. Healthy leaf,False,62,83,0.91827,False,False,False
7. Healthy leaf/healthy_00286.jpg,7. Healthy leaf/healthy_00489.jpg,7. Healthy leaf,7. Healthy leaf,False,56,86,0.80301,False,False,False
7. Healthy leaf/healthy_00293.jpg,7. Healthy leaf/healthy_00294.jpg,7. Healthy leaf,7. Healthy leaf,False,18,16,0.91397,False,True,True
7. Healthy leaf/healthy_00306.jpg,7. Healthy leaf/healthy_00775.jpg,7. Healthy leaf,7. Healthy leaf,False,64,59,0.8699,False,False,False
7. Healthy leaf/healthy_00308.jpg,7. Healthy leaf/healthy_00309.jpg,7. Healthy leaf,7. Healthy leaf,False,60,37,0.80541,False,False,False
7. Healthy leaf/healthy_00326.jpg,7. Healthy leaf/healthy_00383.jpg,7. Healthy leaf,7. Healthy leaf,False,64,79,0.62172,False,False,False
7. Healthy leaf/healthy_00331.jpg,7. Healthy leaf/healthy_00332.jpg,7. Healthy leaf,7. Healthy leaf,False,54,58,0.81567,False,False,False
7. Healthy leaf/healthy_00333.jpg,7. Healthy leaf/healthy_00744.jpg,7. Healthy leaf,7. Healthy leaf,False,52,56,0.83637,False,False,False
7. Healthy leaf/healthy_00339.jpg,7. Healthy leaf/healthy_00825.jpg,7. Healthy leaf,7. Healthy leaf,False,50,84,0.7818,False,False,False
7. Healthy leaf/healthy_00345.jpg,7. Healthy leaf/healthy_00346.jpg,7. Healthy leaf,7. Healthy leaf,False,34,45,0.80359,False,False,False
7. Healthy leaf/healthy_00349.jpg,7. Healthy leaf/healthy_00803.jpg,7. Healthy leaf,7. Healthy leaf,False,56,106,0.83003,False,False,False
7. Healthy leaf/healthy_00349.jpg,7. Healthy leaf/healthy_00829.jpg,7. Healthy leaf,7. Healthy leaf,False,50,93,0.83352,False,False,False
7. Healthy leaf/healthy_00349.jpg,7. Healthy leaf/healthy_00837.jpg,7. Healthy leaf,7. Healthy leaf,False,62,102,0.82756,False,False,False
7. Healthy leaf/healthy_00350.jpg,7. Healthy leaf/healthy_00351.jpg,7. Healthy leaf,7. Healthy leaf,False,50,32,0.91075,False,True,False
7. Healthy leaf/healthy_00362.jpg,7. Healthy leaf/healthy_00457.jpg,7. Healthy leaf,7. Healthy leaf,False,58,80,0.87347,False,False,False
7. Healthy leaf/healthy_00376.jpg,7. Healthy leaf/healthy_00747.jpg,7. Healthy leaf,7. Healthy leaf,False,64,59,0.68376,False,False,False
7. Healthy leaf/healthy_00383.jpg,7. Healthy leaf/healthy_00456.jpg,7. Healthy leaf,7. Healthy leaf,False,62,94,0.64334,False,False,False
7. Healthy leaf/healthy_00387.jpg,7. Healthy leaf/healthy_00399.jpg,7. Healthy leaf,7. Healthy leaf,False,58,53,0.65233,False,False,False
7. Healthy leaf/healthy_00387.jpg,7. Healthy leaf/healthy_00783.jpg,7. Healthy leaf,7. Healthy leaf,False,60,57,0.64077,False,False,False
7. Healthy leaf/healthy_00387.jpg,7. Healthy leaf/healthy_00896.jpg,7. Healthy leaf,7. Healthy leaf,False,64,62,0.63443,False,False,False
7. Healthy leaf/healthy_00389.jpg,7. Healthy leaf/healthy_00752.jpg,7. Healthy leaf,7. Healthy leaf,False,54,95,0.7314,False,False,False
7. Healthy leaf/healthy_00390.jpg,7. Healthy leaf/healthy_00858.jpg,7. Healthy leaf,7. Healthy leaf,False,62,94,0.7079,False,False,False
7. Healthy leaf/healthy_00404.jpg,7. Healthy leaf/healthy_00482.jpg,7. Healthy leaf,7. Healthy leaf,False,64,78,0.83093,False,False,False
7. Healthy leaf/healthy_00423.jpg,7. Healthy leaf/healthy_00470.jpg,7. Healthy leaf,7. Healthy leaf,False,64,83,0.76841,False,False,False
7. Healthy leaf/healthy_00438.jpg,7. Healthy leaf/healthy_00470.jpg,7. Healthy leaf,7. Healthy leaf,False,52,65,0.78806,False,False,False
7. Healthy leaf/healthy_00446.jpg,7. Healthy leaf/healthy_00455.jpg,7. Healthy leaf,7. Healthy leaf,False,58,66,0.7917,False,False,False
7. Healthy leaf/healthy_00453.jpg,7. Healthy leaf/healthy_00600.jpg,7. Healthy leaf,7. Healthy leaf,False,64,78,0.79353,False,False,False
7. Healthy leaf/healthy_00459.jpg,7. Healthy leaf/healthy_00692.jpg,7. Healthy leaf,7. Healthy leaf,False,64,117,0.84983,False,False,False
7. Healthy leaf/healthy_00459.jpg,7. Healthy leaf/healthy_00715.jpg,7. Healthy leaf,7. Healthy leaf,False,60,70,0.88116,False,False,False
7. Healthy leaf/healthy_00467.jpg,7. Healthy leaf/healthy_00507.jpg,7. Healthy leaf,7. Healthy leaf,False,58,71,0.79741,False,False,False
7. Healthy leaf/healthy_00470.jpg,7. Healthy leaf/healthy_00495.jpg,7. Healthy leaf,7. Healthy leaf,False,58,77,0.77611,False,False,False
7. Healthy leaf/healthy_00482.jpg,7. Healthy leaf/healthy_00596.jpg,7. Healthy leaf,7. Healthy leaf,False,64,90,0.80226,False,False,False
7. Healthy leaf/healthy_00483.jpg,7. Healthy leaf/healthy_00513.jpg,7. Healthy leaf,7. Healthy leaf,False,64,68,0.85986,False,False,False
7. Healthy leaf/healthy_00490.jpg,7. Healthy leaf/healthy_00720.jpg,7. Healthy leaf,7. Healthy leaf,False,58,75,0.86371,False,False,False
7. Healthy leaf/healthy_00493.jpg,7. Healthy leaf/healthy_00497.jpg,7. Healthy leaf,7. Healthy leaf,False,58,83,0.77927,False,False,False
7. Healthy leaf/healthy_00506.jpg,7. Healthy leaf/healthy_00660.jpg,7. Healthy leaf,7. Healthy leaf,False,62,78,0.86033,False,False,False
7. Healthy leaf/healthy_00506.jpg,7. Healthy leaf/healthy_00720.jpg,7. Healthy leaf,7. Healthy leaf,False,64,76,0.86487,False,False,False
7. Healthy leaf/healthy_00508.jpg,7. Healthy leaf/healthy_00766.jpg,7. Healthy leaf,7. Healthy leaf,False,58,97,0.87207,False,False,False
7. Healthy leaf/healthy_00519.jpg,7. Healthy leaf/healthy_00741.jpg,7. Healthy leaf,7. Healthy leaf,False,58,109,0.80793,False,False,False
7. Healthy leaf/healthy_00525.jpg,7. Healthy leaf/healthy_00526.jpg,7. Healthy leaf,7. Healthy leaf,False,60,66,0.71122,False,False,False
7. Healthy leaf/healthy_00537.jpg,7. Healthy leaf/healthy_00918.jpg,7. Healthy leaf,7. Healthy leaf,False,60,83,0.88667,False,False,False
7. Healthy leaf/healthy_00541.jpg,7. Healthy leaf/healthy_00803.jpg,7. Healthy leaf,7. Healthy leaf,False,60,119,0.82959,False,False,False
7. Healthy leaf/healthy_00559.jpg,7. Healthy leaf/healthy_00579.jpg,7. Healthy leaf,7. Healthy leaf,False,62,92,0.80078,False,False,False
7. Healthy leaf/healthy_00584.jpg,7. Healthy leaf/healthy_00920.jpg,7. Healthy leaf,7. Healthy leaf,False,64,99,0.84941,False,False,False
7. Healthy leaf/healthy_00591.jpg,7. Healthy leaf/healthy_00695.jpg,7. Healthy leaf,7. Healthy leaf,False,64,108,0.87167,False,False,False
7. Healthy leaf/healthy_00693.jpg,7. Healthy leaf/healthy_00781.jpg,7. Healthy leaf,7. Healthy leaf,False,62,129,0.82918,False,False,False
7. Healthy leaf/healthy_00738.jpg,7. Healthy leaf/healthy_00789.jpg,7. Healthy leaf,7. Healthy leaf,False,64,108,0.84431,False,False,False
7. Healthy leaf/healthy_00749.jpg,7. Healthy leaf/healthy_00750.jpg,7. Healthy leaf,7. Healthy leaf,False,64,44,0.87147,False,False,False
7. Healthy leaf/healthy_00749.jpg,7. Healthy leaf/healthy_00794.jpg,7. Healthy leaf,7. Healthy leaf,False,40,62,0.85879,False,False,False
7. Healthy leaf/healthy_00750.jpg,7. Healthy leaf/healthy_00794.jpg,7. Healthy leaf,7. Healthy leaf,False,58,66,0.87065,False,False,False
7. Healthy leaf/healthy_00751.jpg,7. Healthy leaf/healthy_00752.jpg,7. Healthy leaf,7. Healthy leaf,False,54,44,0.85524,False,False,False
7. Healthy leaf/healthy_00752.jpg,7. Healthy leaf/healthy_00795.jpg,7. Healthy leaf,7. Healthy leaf,False,62,60,0.8534,False,False,False
7. Healthy leaf/healthy_00752.jpg,7. Healthy leaf/healthy_00797.jpg,7. Healthy leaf,7. Healthy leaf,False,56,70,0.85887,False,False,False
7. Healthy leaf/healthy_00759.jpg,7. Healthy leaf/healthy_00796.jpg,7. Healthy leaf,7. Healthy leaf,False,60,78,0.854,False,False,False
7. Healthy leaf/healthy_00759.jpg,7. Healthy leaf/healthy_00809.jpg,7. Healthy leaf,7. Healthy leaf,False,54,65,0.86258,False,False,False
7. Healthy leaf/healthy_00761.jpg,7. Healthy leaf/healthy_00762.jpg,7. Healthy leaf,7. Healthy leaf,False,58,31,0.87851,False,False,False
7. Healthy leaf/healthy_00764.jpg,7. Healthy leaf/healthy_00811.jpg,7. Healthy leaf,7. Healthy leaf,False,64,57,0.85639,False,False,False
7. Healthy leaf/healthy_00775.jpg,7. Healthy leaf/healthy_00800.jpg,7. Healthy leaf,7. Healthy leaf,False,58,48,0.90436,False,True,False
7. Healthy leaf/healthy_00779.jpg,7. Healthy leaf/healthy_00850.jpg,7. Healthy leaf,7. Healthy leaf,False,64,87,0.72981,False,False,False
7. Healthy leaf/healthy_00780.jpg,7. Healthy leaf/healthy_00930.jpg,7. Healthy leaf,7. Healthy leaf,False,64,75,0.892,False,False,False
7. Healthy leaf/healthy_00782.jpg,7. Healthy leaf/healthy_00933.jpg,7. Healthy leaf,7. Healthy leaf,False,54,76,0.89163,False,False,False
7. Healthy leaf/healthy_00783.jpg,7. Healthy leaf/healthy_00784.jpg,7. Healthy leaf,7. Healthy leaf,False,56,22,0.91592,False,True,False
7. Healthy leaf/healthy_00783.jpg,7. Healthy leaf/healthy_00896.jpg,7. Healthy leaf,7. Healthy leaf,False,60,35,0.89428,False,False,False
7. Healthy leaf/healthy_00790.jpg,7. Healthy leaf/healthy_00791.jpg,7. Healthy leaf,7. Healthy leaf,False,64,38,0.87648,False,False,False
7. Healthy leaf/healthy_00792.jpg,7. Healthy leaf/healthy_00793.jpg,7. Healthy leaf,7. Healthy leaf,False,38,42,0.89498,False,False,False
7. Healthy leaf/healthy_00795.jpg,7. Healthy leaf/healthy_00796.jpg,7. Healthy leaf,7. Healthy leaf,False,64,60,0.85045,False,False,False
7. Healthy leaf/healthy_00799.jpg,7. Healthy leaf/healthy_00911.jpg,7. Healthy leaf,7. Healthy leaf,False,56,94,0.87355,False,False,False
7. Healthy leaf/healthy_00800.jpg,7. Healthy leaf/healthy_00801.jpg,7. Healthy leaf,7. Healthy leaf,False,42,26,0.91477,False,True,False
7. Healthy leaf/healthy_00800.jpg,7. Healthy leaf/healthy_00896.jpg,7. Healthy leaf,7. Healthy leaf,False,62,56,0.8915,False,False,False
7. Healthy leaf/healthy_00802.jpg,7. Healthy leaf/healthy_00803.jpg,7. Healthy leaf,7. Healthy leaf,False,44,52,0.87153,False,False,False
7. Healthy leaf/healthy_00812.jpg,7. Healthy leaf/healthy_00822.jpg,7. Healthy leaf,7. Healthy leaf,False,64,67,0.85691,False,False,False
7. Healthy leaf/healthy_00816.jpg,7. Healthy leaf/healthy_00883.jpg,7. Healthy leaf,7. Healthy leaf,False,60,90,0.78671,False,False,False
7. Healthy leaf/healthy_00817.jpg,7. Healthy leaf/healthy_00818.jpg,7. Healthy leaf,7. Healthy leaf,False,58,31,0.85649,False,False,False
7. Healthy leaf/healthy_00823.jpg,7. Healthy leaf/healthy_00894.jpg,7. Healthy leaf,7. Healthy leaf,False,60,64,0.88035,False,False,False
7. Healthy leaf/healthy_00833.jpg,7. Healthy leaf/healthy_00834.jpg,7. Healthy leaf,7. Healthy leaf,False,60,55,0.84404,False,False,False
7. Healthy leaf/healthy_00837.jpg,7. Healthy leaf/healthy_00841.jpg,7. Healthy leaf,7. Healthy leaf,False,54,67,0.8706,False,False,False
7. Healthy leaf/healthy_00837.jpg,7. Healthy leaf/healthy_00857.jpg,7. Healthy leaf,7. Healthy leaf,False,52,59,0.86457,False,False,False
7. Healthy leaf/healthy_00839.jpg,7. Healthy leaf/healthy_00840.jpg,7. Healthy leaf,7. Healthy leaf,False,64,52,0.87986,False,False,False
7. Healthy leaf/healthy_00841.jpg,7. Healthy leaf/healthy_00857.jpg,7. Healthy leaf,7. Healthy leaf,False,60,70,0.87473,False,False,False
7. Healthy leaf/healthy_00845.jpg,7. Healthy leaf/healthy_00846.jpg,7. Healthy leaf,7. Healthy leaf,False,62,47,0.83891,False,False,False
7. Healthy leaf/healthy_00846.jpg,7. Healthy leaf/healthy_00847.jpg,7. Healthy leaf,7. Healthy leaf,False,62,49,0.84324,False,False,False
7. Healthy leaf/healthy_00847.jpg,7. Healthy leaf/healthy_00848.jpg,7. Healthy leaf,7. Healthy leaf,False,54,46,0.85445,False,False,False
7. Healthy leaf/healthy_00916.jpg,7. Healthy leaf/healthy_00918.jpg,7. Healthy leaf,7. Healthy leaf,False,62,73,0.90283,False,False,False
7. Healthy leaf/healthy_00928.jpg,7. Healthy leaf/healthy_00933.jpg,7. Healthy leaf,7. Healthy leaf,False,64,70,0.86312,False,False,False
7. Healthy leaf/healthy_00930.jpg,7. Healthy leaf/healthy_00935.jpg,7. Healthy leaf,7. Healthy leaf,False,64,63,0.88778,False,False,False
